fold,model,feature,training_correlation,absolute_training_correlation,minimum_absolute_correlation,meets_correlation_threshold,subperiod_sign_agreement,sign_stable,stability_required,orientation_supported,orientation_sign,transformation,orientation_training_observations,orientation_source,training_subperiod_1_correlation,training_subperiod_2_correlation,training_subperiod_3_correlation
0,Choquet 1-additive,average_equity_correlation_60d,0.0017594818090326562,0.0017594818090326562,0.2,False,0.3333333333333333,False,False,False,1.0,unchanged (below absolute correlation threshold),996,training only (frozen before validation refit),-0.40995283583641706,-0.16771803855583942,0.17897227535456153
0,Choquet 1-additive,baa_credit_spread_pct,-0.052594355945456056,0.052594355945456056,0.2,False,0.6666666666666666,False,False,False,1.0,unchanged (below absolute correlation threshold),996,training only (frozen before validation refit),-0.11171421606396148,-0.1827306392449176,0.16173829120473773
0,Choquet 1-additive,drawdown_severity,0.04559904249736501,0.04559904249736501,0.2,False,0.3333333333333333,False,False,False,1.0,unchanged (below absolute correlation threshold),996,training only (frozen before validation refit),-0.3480237246949134,-0.38746752368209,0.27522796903465846
0,Choquet 1-additive,lagged_portfolio_loss_1d,-0.04545793399274124,0.04545793399274124,0.2,False,1.0,True,False,False,1.0,unchanged (below absolute correlation threshold),996,training only (frozen before validation refit),-0.0933484439108108,-0.012317126719243955,-0.02657592428492995
0,Choquet 1-additive,liquidity_stress_20d,0.07719950936378243,0.07719950936378243,0.2,False,0.3333333333333333,False,False,False,1.0,unchanged (below absolute correlation threshold),996,training only (frozen before validation refit),-0.13231515485813555,-0.1901894843846829,0.3929679297760185
0,Choquet 1-additive,market_loss_1d,-0.06541834997862572,0.06541834997862572,0.2,False,1.0,True,False,False,1.0,unchanged (below absolute correlation threshold),996,training only (frozen before validation refit),-0.10481577188424485,-0.07643540994893741,-0.03186349103295124
0,Choquet 1-additive,negative_momentum_21d,0.050508699569823276,0.050508699569823276,0.2,False,0.3333333333333333,False,False,False,1.0,unchanged (below absolute correlation threshold),996,training only (frozen before validation refit),-0.011938572547039079,-0.34177482840525086,0.17289323271878407
0,Choquet 1-additive,realized_volatility_20d,0.09524863055844084,0.09524863055844084,0.2,False,0.3333333333333333,False,False,False,1.0,unchanged (below absolute correlation threshold),996,training only (frozen before validation refit),-0.23898699406039617,-0.2879120147164726,0.32721923512460094
0,Choquet 1-additive,term_spread_10y_2y_pct,-0.09583353890234766,0.09583353890234766,0.2,False,0.6666666666666666,False,False,False,1.0,unchanged (below absolute correlation threshold),996,training only (frozen before validation refit),0.11602786685207027,-0.12940420114540374,-0.3247935777702441
0,Choquet 1-additive,vix,-0.03223430526847602,0.03223430526847602,0.2,False,0.6666666666666666,False,False,False,1.0,unchanged (below absolute correlation threshold),996,training only (frozen before validation refit),-0.33453007442584254,-0.35176420559885896,0.21360790302961044
0,Choquet 1-additive scaled-q,average_equity_correlation_60d,0.0017594818090326562,0.0017594818090326562,0.2,False,0.3333333333333333,False,False,False,1.0,unchanged (below absolute correlation threshold),996,training only (frozen before validation refit),-0.40995283583641706,-0.16771803855583942,0.17897227535456153
0,Choquet 1-additive scaled-q,baa_credit_spread_pct,-0.052594355945456056,0.052594355945456056,0.2,False,0.6666666666666666,False,False,False,1.0,unchanged (below absolute correlation threshold),996,training only (frozen before validation refit),-0.11171421606396148,-0.1827306392449176,0.16173829120473773
0,Choquet 1-additive scaled-q,drawdown_severity,0.04559904249736501,0.04559904249736501,0.2,False,0.3333333333333333,False,False,False,1.0,unchanged (below absolute correlation threshold),996,training only (frozen before validation refit),-0.3480237246949134,-0.38746752368209,0.27522796903465846
0,Choquet 1-additive scaled-q,lagged_portfolio_loss_1d,-0.04545793399274124,0.04545793399274124,0.2,False,1.0,True,False,False,1.0,unchanged (below absolute correlation threshold),996,training only (frozen before validation refit),-0.0933484439108108,-0.012317126719243955,-0.02657592428492995
0,Choquet 1-additive scaled-q,liquidity_stress_20d,0.07719950936378243,0.07719950936378243,0.2,False,0.3333333333333333,False,False,False,1.0,unchanged (below absolute correlation threshold),996,training only (frozen before validation refit),-0.13231515485813555,-0.1901894843846829,0.3929679297760185
0,Choquet 1-additive scaled-q,market_loss_1d,-0.06541834997862572,0.06541834997862572,0.2,False,1.0,True,False,False,1.0,unchanged (below absolute correlation threshold),996,training only (frozen before validation refit),-0.10481577188424485,-0.07643540994893741,-0.03186349103295124
0,Choquet 1-additive scaled-q,negative_momentum_21d,0.050508699569823276,0.050508699569823276,0.2,False,0.3333333333333333,False,False,False,1.0,unchanged (below absolute correlation threshold),996,training only (frozen before validation refit),-0.011938572547039079,-0.34177482840525086,0.17289323271878407
0,Choquet 1-additive scaled-q,realized_volatility_20d,0.09524863055844084,0.09524863055844084,0.2,False,0.3333333333333333,False,False,False,1.0,unchanged (below absolute correlation threshold),996,training only (frozen before validation refit),-0.23898699406039617,-0.2879120147164726,0.32721923512460094
0,Choquet 1-additive scaled-q,term_spread_10y_2y_pct,-0.09583353890234766,0.09583353890234766,0.2,False,0.6666666666666666,False,False,False,1.0,unchanged (below absolute correlation threshold),996,training only (frozen before validation refit),0.11602786685207027,-0.12940420114540374,-0.3247935777702441
0,Choquet 1-additive scaled-q,vix,-0.03223430526847602,0.03223430526847602,0.2,False,0.6666666666666666,False,False,False,1.0,unchanged (below absolute correlation threshold),996,training only (frozen before validation refit),-0.33453007442584254,-0.35176420559885896,0.21360790302961044
0,Choquet 2-additive,average_equity_correlation_60d,0.0017594818090326562,0.0017594818090326562,0.2,False,0.3333333333333333,False,False,False,1.0,unchanged (below absolute correlation threshold),996,training only (frozen before validation refit),-0.40995283583641706,-0.16771803855583942,0.17897227535456153
0,Choquet 2-additive,baa_credit_spread_pct,-0.052594355945456056,0.052594355945456056,0.2,False,0.6666666666666666,False,False,False,1.0,unchanged (below absolute correlation threshold),996,training only (frozen before validation refit),-0.11171421606396148,-0.1827306392449176,0.16173829120473773
0,Choquet 2-additive,drawdown_severity,0.04559904249736501,0.04559904249736501,0.2,False,0.3333333333333333,False,False,False,1.0,unchanged (below absolute correlation threshold),996,training only (frozen before validation refit),-0.3480237246949134,-0.38746752368209,0.27522796903465846
0,Choquet 2-additive,lagged_portfolio_loss_1d,-0.04545793399274124,0.04545793399274124,0.2,False,1.0,True,False,False,1.0,unchanged (below absolute correlation threshold),996,training only (frozen before validation refit),-0.0933484439108108,-0.012317126719243955,-0.02657592428492995
0,Choquet 2-additive,liquidity_stress_20d,0.07719950936378243,0.07719950936378243,0.2,False,0.3333333333333333,False,False,False,1.0,unchanged (below absolute correlation threshold),996,training only (frozen before validation refit),-0.13231515485813555,-0.1901894843846829,0.3929679297760185
0,Choquet 2-additive,market_loss_1d,-0.06541834997862572,0.06541834997862572,0.2,False,1.0,True,False,False,1.0,unchanged (below absolute correlation threshold),996,training only (frozen before validation refit),-0.10481577188424485,-0.07643540994893741,-0.03186349103295124
0,Choquet 2-additive,negative_momentum_21d,0.050508699569823276,0.050508699569823276,0.2,False,0.3333333333333333,False,False,False,1.0,unchanged (below absolute correlation threshold),996,training only (frozen before validation refit),-0.011938572547039079,-0.34177482840525086,0.17289323271878407
0,Choquet 2-additive,realized_volatility_20d,0.09524863055844084,0.09524863055844084,0.2,False,0.3333333333333333,False,False,False,1.0,unchanged (below absolute correlation threshold),996,training only (frozen before validation refit),-0.23898699406039617,-0.2879120147164726,0.32721923512460094
0,Choquet 2-additive,term_spread_10y_2y_pct,-0.09583353890234766,0.09583353890234766,0.2,False,0.6666666666666666,False,False,False,1.0,unchanged (below absolute correlation threshold),996,training only (frozen before validation refit),0.11602786685207027,-0.12940420114540374,-0.3247935777702441
0,Choquet 2-additive,vix,-0.03223430526847602,0.03223430526847602,0.2,False,0.6666666666666666,False,False,False,1.0,unchanged (below absolute correlation threshold),996,training only (frozen before validation refit),-0.33453007442584254,-0.35176420559885896,0.21360790302961044
0,Choquet 2-additive L1,average_equity_correlation_60d,0.0017594818090326562,0.0017594818090326562,0.2,False,0.3333333333333333,False,False,False,1.0,unchanged (below absolute correlation threshold),996,training only (frozen before validation refit),-0.40995283583641706,-0.16771803855583942,0.17897227535456153
0,Choquet 2-additive L1,baa_credit_spread_pct,-0.052594355945456056,0.052594355945456056,0.2,False,0.6666666666666666,False,False,False,1.0,unchanged (below absolute correlation threshold),996,training only (frozen before validation refit),-0.11171421606396148,-0.1827306392449176,0.16173829120473773
0,Choquet 2-additive L1,drawdown_severity,0.04559904249736501,0.04559904249736501,0.2,False,0.3333333333333333,False,False,False,1.0,unchanged (below absolute correlation threshold),996,training only (frozen before validation refit),-0.3480237246949134,-0.38746752368209,0.27522796903465846
0,Choquet 2-additive L1,lagged_portfolio_loss_1d,-0.04545793399274124,0.04545793399274124,0.2,False,1.0,True,False,False,1.0,unchanged (below absolute correlation threshold),996,training only (frozen before validation refit),-0.0933484439108108,-0.012317126719243955,-0.02657592428492995
0,Choquet 2-additive L1,liquidity_stress_20d,0.07719950936378243,0.07719950936378243,0.2,False,0.3333333333333333,False,False,False,1.0,unchanged (below absolute correlation threshold),996,training only (frozen before validation refit),-0.13231515485813555,-0.1901894843846829,0.3929679297760185
0,Choquet 2-additive L1,market_loss_1d,-0.06541834997862572,0.06541834997862572,0.2,False,1.0,True,False,False,1.0,unchanged (below absolute correlation threshold),996,training only (frozen before validation refit),-0.10481577188424485,-0.07643540994893741,-0.03186349103295124
0,Choquet 2-additive L1,negative_momentum_21d,0.050508699569823276,0.050508699569823276,0.2,False,0.3333333333333333,False,False,False,1.0,unchanged (below absolute correlation threshold),996,training only (frozen before validation refit),-0.011938572547039079,-0.34177482840525086,0.17289323271878407
0,Choquet 2-additive L1,realized_volatility_20d,0.09524863055844084,0.09524863055844084,0.2,False,0.3333333333333333,False,False,False,1.0,unchanged (below absolute correlation threshold),996,training only (frozen before validation refit),-0.23898699406039617,-0.2879120147164726,0.32721923512460094
0,Choquet 2-additive L1,term_spread_10y_2y_pct,-0.09583353890234766,0.09583353890234766,0.2,False,0.6666666666666666,False,False,False,1.0,unchanged (below absolute correlation threshold),996,training only (frozen before validation refit),0.11602786685207027,-0.12940420114540374,-0.3247935777702441
0,Choquet 2-additive L1,vix,-0.03223430526847602,0.03223430526847602,0.2,False,0.6666666666666666,False,False,False,1.0,unchanged (below absolute correlation threshold),996,training only (frozen before validation refit),-0.33453007442584254,-0.35176420559885896,0.21360790302961044
0,Choquet 2-additive scaled-q,average_equity_correlation_60d,0.0017594818090326562,0.0017594818090326562,0.2,False,0.3333333333333333,False,False,False,1.0,unchanged (below absolute correlation threshold),996,training only (frozen before validation refit),-0.40995283583641706,-0.16771803855583942,0.17897227535456153
0,Choquet 2-additive scaled-q,baa_credit_spread_pct,-0.052594355945456056,0.052594355945456056,0.2,False,0.6666666666666666,False,False,False,1.0,unchanged (below absolute correlation threshold),996,training only (frozen before validation refit),-0.11171421606396148,-0.1827306392449176,0.16173829120473773
0,Choquet 2-additive scaled-q,drawdown_severity,0.04559904249736501,0.04559904249736501,0.2,False,0.3333333333333333,False,False,False,1.0,unchanged (below absolute correlation threshold),996,training only (frozen before validation refit),-0.3480237246949134,-0.38746752368209,0.27522796903465846
0,Choquet 2-additive scaled-q,lagged_portfolio_loss_1d,-0.04545793399274124,0.04545793399274124,0.2,False,1.0,True,False,False,1.0,unchanged (below absolute correlation threshold),996,training only (frozen before validation refit),-0.0933484439108108,-0.012317126719243955,-0.02657592428492995
0,Choquet 2-additive scaled-q,liquidity_stress_20d,0.07719950936378243,0.07719950936378243,0.2,False,0.3333333333333333,False,False,False,1.0,unchanged (below absolute correlation threshold),996,training only (frozen before validation refit),-0.13231515485813555,-0.1901894843846829,0.3929679297760185
0,Choquet 2-additive scaled-q,market_loss_1d,-0.06541834997862572,0.06541834997862572,0.2,False,1.0,True,False,False,1.0,unchanged (below absolute correlation threshold),996,training only (frozen before validation refit),-0.10481577188424485,-0.07643540994893741,-0.03186349103295124
0,Choquet 2-additive scaled-q,negative_momentum_21d,0.050508699569823276,0.050508699569823276,0.2,False,0.3333333333333333,False,False,False,1.0,unchanged (below absolute correlation threshold),996,training only (frozen before validation refit),-0.011938572547039079,-0.34177482840525086,0.17289323271878407
0,Choquet 2-additive scaled-q,realized_volatility_20d,0.09524863055844084,0.09524863055844084,0.2,False,0.3333333333333333,False,False,False,1.0,unchanged (below absolute correlation threshold),996,training only (frozen before validation refit),-0.23898699406039617,-0.2879120147164726,0.32721923512460094
0,Choquet 2-additive scaled-q,term_spread_10y_2y_pct,-0.09583353890234766,0.09583353890234766,0.2,False,0.6666666666666666,False,False,False,1.0,unchanged (below absolute correlation threshold),996,training only (frozen before validation refit),0.11602786685207027,-0.12940420114540374,-0.3247935777702441
0,Choquet 2-additive scaled-q,vix,-0.03223430526847602,0.03223430526847602,0.2,False,0.6666666666666666,False,False,False,1.0,unchanged (below absolute correlation threshold),996,training only (frozen before validation refit),-0.33453007442584254,-0.35176420559885896,0.21360790302961044
0,Choquet 2-additive scaled-q L1,average_equity_correlation_60d,0.0017594818090326562,0.0017594818090326562,0.2,False,0.3333333333333333,False,False,False,1.0,unchanged (below absolute correlation threshold),996,training only (frozen before validation refit),-0.40995283583641706,-0.16771803855583942,0.17897227535456153
0,Choquet 2-additive scaled-q L1,baa_credit_spread_pct,-0.052594355945456056,0.052594355945456056,0.2,False,0.6666666666666666,False,False,False,1.0,unchanged (below absolute correlation threshold),996,training only (frozen before validation refit),-0.11171421606396148,-0.1827306392449176,0.16173829120473773
0,Choquet 2-additive scaled-q L1,drawdown_severity,0.04559904249736501,0.04559904249736501,0.2,False,0.3333333333333333,False,False,False,1.0,unchanged (below absolute correlation threshold),996,training only (frozen before validation refit),-0.3480237246949134,-0.38746752368209,0.27522796903465846
0,Choquet 2-additive scaled-q L1,lagged_portfolio_loss_1d,-0.04545793399274124,0.04545793399274124,0.2,False,1.0,True,False,False,1.0,unchanged (below absolute correlation threshold),996,training only (frozen before validation refit),-0.0933484439108108,-0.012317126719243955,-0.02657592428492995
0,Choquet 2-additive scaled-q L1,liquidity_stress_20d,0.07719950936378243,0.07719950936378243,0.2,False,0.3333333333333333,False,False,False,1.0,unchanged (below absolute correlation threshold),996,training only (frozen before validation refit),-0.13231515485813555,-0.1901894843846829,0.3929679297760185
0,Choquet 2-additive scaled-q L1,market_loss_1d,-0.06541834997862572,0.06541834997862572,0.2,False,1.0,True,False,False,1.0,unchanged (below absolute correlation threshold),996,training only (frozen before validation refit),-0.10481577188424485,-0.07643540994893741,-0.03186349103295124
0,Choquet 2-additive scaled-q L1,negative_momentum_21d,0.050508699569823276,0.050508699569823276,0.2,False,0.3333333333333333,False,False,False,1.0,unchanged (below absolute correlation threshold),996,training only (frozen before validation refit),-0.011938572547039079,-0.34177482840525086,0.17289323271878407
0,Choquet 2-additive scaled-q L1,realized_volatility_20d,0.09524863055844084,0.09524863055844084,0.2,False,0.3333333333333333,False,False,False,1.0,unchanged (below absolute correlation threshold),996,training only (frozen before validation refit),-0.23898699406039617,-0.2879120147164726,0.32721923512460094
0,Choquet 2-additive scaled-q L1,term_spread_10y_2y_pct,-0.09583353890234766,0.09583353890234766,0.2,False,0.6666666666666666,False,False,False,1.0,unchanged (below absolute correlation threshold),996,training only (frozen before validation refit),0.11602786685207027,-0.12940420114540374,-0.3247935777702441
0,Choquet 2-additive scaled-q L1,vix,-0.03223430526847602,0.03223430526847602,0.2,False,0.6666666666666666,False,False,False,1.0,unchanged (below absolute correlation threshold),996,training only (frozen before validation refit),-0.33453007442584254,-0.35176420559885896,0.21360790302961044
0,Fuzzy Choquet neural network,average_equity_correlation_60d,0.0017594818090326562,0.0017594818090326562,0.2,False,0.3333333333333333,False,False,False,1.0,unchanged (below absolute correlation threshold),996,training only (frozen before validation refit),-0.40995283583641706,-0.16771803855583942,0.17897227535456153
0,Fuzzy Choquet neural network,baa_credit_spread_pct,-0.052594355945456056,0.052594355945456056,0.2,False,0.6666666666666666,False,False,False,1.0,unchanged (below absolute correlation threshold),996,training only (frozen before validation refit),-0.11171421606396148,-0.1827306392449176,0.16173829120473773
0,Fuzzy Choquet neural network,drawdown_severity,0.04559904249736501,0.04559904249736501,0.2,False,0.3333333333333333,False,False,False,1.0,unchanged (below absolute correlation threshold),996,training only (frozen before validation refit),-0.3480237246949134,-0.38746752368209,0.27522796903465846
0,Fuzzy Choquet neural network,lagged_portfolio_loss_1d,-0.04545793399274124,0.04545793399274124,0.2,False,1.0,True,False,False,1.0,unchanged (below absolute correlation threshold),996,training only (frozen before validation refit),-0.0933484439108108,-0.012317126719243955,-0.02657592428492995
0,Fuzzy Choquet neural network,liquidity_stress_20d,0.07719950936378243,0.07719950936378243,0.2,False,0.3333333333333333,False,False,False,1.0,unchanged (below absolute correlation threshold),996,training only (frozen before validation refit),-0.13231515485813555,-0.1901894843846829,0.3929679297760185
0,Fuzzy Choquet neural network,market_loss_1d,-0.06541834997862572,0.06541834997862572,0.2,False,1.0,True,False,False,1.0,unchanged (below absolute correlation threshold),996,training only (frozen before validation refit),-0.10481577188424485,-0.07643540994893741,-0.03186349103295124
0,Fuzzy Choquet neural network,negative_momentum_21d,0.050508699569823276,0.050508699569823276,0.2,False,0.3333333333333333,False,False,False,1.0,unchanged (below absolute correlation threshold),996,training only (frozen before validation refit),-0.011938572547039079,-0.34177482840525086,0.17289323271878407
0,Fuzzy Choquet neural network,realized_volatility_20d,0.09524863055844084,0.09524863055844084,0.2,False,0.3333333333333333,False,False,False,1.0,unchanged (below absolute correlation threshold),996,training only (frozen before validation refit),-0.23898699406039617,-0.2879120147164726,0.32721923512460094
0,Fuzzy Choquet neural network,term_spread_10y_2y_pct,-0.09583353890234766,0.09583353890234766,0.2,False,0.6666666666666666,False,False,False,1.0,unchanged (below absolute correlation threshold),996,training only (frozen before validation refit),0.11602786685207027,-0.12940420114540374,-0.3247935777702441
0,Fuzzy Choquet neural network,vix,-0.03223430526847602,0.03223430526847602,0.2,False,0.6666666666666666,False,False,False,1.0,unchanged (below absolute correlation threshold),996,training only (frozen before validation refit),-0.33453007442584254,-0.35176420559885896,0.21360790302961044
0,Monotone linear,average_equity_correlation_60d,0.0017594818090326562,0.0017594818090326562,0.2,False,0.3333333333333333,False,False,False,1.0,unchanged (below absolute correlation threshold),996,training only (frozen before validation refit),-0.40995283583641706,-0.16771803855583942,0.17897227535456153
0,Monotone linear,baa_credit_spread_pct,-0.052594355945456056,0.052594355945456056,0.2,False,0.6666666666666666,False,False,False,1.0,unchanged (below absolute correlation threshold),996,training only (frozen before validation refit),-0.11171421606396148,-0.1827306392449176,0.16173829120473773
0,Monotone linear,drawdown_severity,0.04559904249736501,0.04559904249736501,0.2,False,0.3333333333333333,False,False,False,1.0,unchanged (below absolute correlation threshold),996,training only (frozen before validation refit),-0.3480237246949134,-0.38746752368209,0.27522796903465846
0,Monotone linear,lagged_portfolio_loss_1d,-0.04545793399274124,0.04545793399274124,0.2,False,1.0,True,False,False,1.0,unchanged (below absolute correlation threshold),996,training only (frozen before validation refit),-0.0933484439108108,-0.012317126719243955,-0.02657592428492995
0,Monotone linear,liquidity_stress_20d,0.07719950936378243,0.07719950936378243,0.2,False,0.3333333333333333,False,False,False,1.0,unchanged (below absolute correlation threshold),996,training only (frozen before validation refit),-0.13231515485813555,-0.1901894843846829,0.3929679297760185
0,Monotone linear,market_loss_1d,-0.06541834997862572,0.06541834997862572,0.2,False,1.0,True,False,False,1.0,unchanged (below absolute correlation threshold),996,training only (frozen before validation refit),-0.10481577188424485,-0.07643540994893741,-0.03186349103295124
0,Monotone linear,negative_momentum_21d,0.050508699569823276,0.050508699569823276,0.2,False,0.3333333333333333,False,False,False,1.0,unchanged (below absolute correlation threshold),996,training only (frozen before validation refit),-0.011938572547039079,-0.34177482840525086,0.17289323271878407
0,Monotone linear,realized_volatility_20d,0.09524863055844084,0.09524863055844084,0.2,False,0.3333333333333333,False,False,False,1.0,unchanged (below absolute correlation threshold),996,training only (frozen before validation refit),-0.23898699406039617,-0.2879120147164726,0.32721923512460094
0,Monotone linear,term_spread_10y_2y_pct,-0.09583353890234766,0.09583353890234766,0.2,False,0.6666666666666666,False,False,False,1.0,unchanged (below absolute correlation threshold),996,training only (frozen before validation refit),0.11602786685207027,-0.12940420114540374,-0.3247935777702441
0,Monotone linear,vix,-0.03223430526847602,0.03223430526847602,0.2,False,0.6666666666666666,False,False,False,1.0,unchanged (below absolute correlation threshold),996,training only (frozen before validation refit),-0.33453007442584254,-0.35176420559885896,0.21360790302961044
0,OLS oriented,average_equity_correlation_60d,0.0017594818090326562,0.0017594818090326562,0.2,False,0.3333333333333333,False,False,False,1.0,unchanged (below absolute correlation threshold),996,training only (frozen before validation refit),-0.40995283583641706,-0.16771803855583942,0.17897227535456153
0,OLS oriented,baa_credit_spread_pct,-0.052594355945456056,0.052594355945456056,0.2,False,0.6666666666666666,False,False,False,1.0,unchanged (below absolute correlation threshold),996,training only (frozen before validation refit),-0.11171421606396148,-0.1827306392449176,0.16173829120473773
0,OLS oriented,drawdown_severity,0.04559904249736501,0.04559904249736501,0.2,False,0.3333333333333333,False,False,False,1.0,unchanged (below absolute correlation threshold),996,training only (frozen before validation refit),-0.3480237246949134,-0.38746752368209,0.27522796903465846
0,OLS oriented,lagged_portfolio_loss_1d,-0.04545793399274124,0.04545793399274124,0.2,False,1.0,True,False,False,1.0,unchanged (below absolute correlation threshold),996,training only (frozen before validation refit),-0.0933484439108108,-0.012317126719243955,-0.02657592428492995
0,OLS oriented,liquidity_stress_20d,0.07719950936378243,0.07719950936378243,0.2,False,0.3333333333333333,False,False,False,1.0,unchanged (below absolute correlation threshold),996,training only (frozen before validation refit),-0.13231515485813555,-0.1901894843846829,0.3929679297760185
0,OLS oriented,market_loss_1d,-0.06541834997862572,0.06541834997862572,0.2,False,1.0,True,False,False,1.0,unchanged (below absolute correlation threshold),996,training only (frozen before validation refit),-0.10481577188424485,-0.07643540994893741,-0.03186349103295124
0,OLS oriented,negative_momentum_21d,0.050508699569823276,0.050508699569823276,0.2,False,0.3333333333333333,False,False,False,1.0,unchanged (below absolute correlation threshold),996,training only (frozen before validation refit),-0.011938572547039079,-0.34177482840525086,0.17289323271878407
0,OLS oriented,realized_volatility_20d,0.09524863055844084,0.09524863055844084,0.2,False,0.3333333333333333,False,False,False,1.0,unchanged (below absolute correlation threshold),996,training only (frozen before validation refit),-0.23898699406039617,-0.2879120147164726,0.32721923512460094
0,OLS oriented,term_spread_10y_2y_pct,-0.09583353890234766,0.09583353890234766,0.2,False,0.6666666666666666,False,False,False,1.0,unchanged (below absolute correlation threshold),996,training only (frozen before validation refit),0.11602786685207027,-0.12940420114540374,-0.3247935777702441
0,OLS oriented,vix,-0.03223430526847602,0.03223430526847602,0.2,False,0.6666666666666666,False,False,False,1.0,unchanged (below absolute correlation threshold),996,training only (frozen before validation refit),-0.33453007442584254,-0.35176420559885896,0.21360790302961044
1,Choquet 1-additive,average_equity_correlation_60d,-0.010725009515134176,0.010725009515134176,0.2,False,0.6666666666666666,False,False,False,1.0,unchanged (below absolute correlation threshold),996,training only (frozen before validation refit),-0.11433135065109959,0.1363555740303873,-0.19542631522286533
1,Choquet 1-additive,baa_credit_spread_pct,-0.1153883718897314,0.1153883718897314,0.2,False,1.0,True,False,False,1.0,unchanged (below absolute correlation threshold),996,training only (frozen before validation refit),-0.08749519364335576,-0.1478735236133277,-0.3436127253785674
1,Choquet 1-additive,drawdown_severity,-0.03261184103909938,0.03261184103909938,0.2,False,1.0,True,False,False,1.0,unchanged (below absolute correlation threshold),996,training only (frozen before validation refit),-0.19308430538383664,-0.05971532307017991,-0.13659698090454628
1,Choquet 1-additive,lagged_portfolio_loss_1d,-0.02496104910667217,0.02496104910667217,0.2,False,0.6666666666666666,False,False,False,1.0,unchanged (below absolute correlation threshold),996,training only (frozen before validation refit),0.016729986417919975,-0.06423319517257463,-0.035919089213219894
1,Choquet 1-additive,liquidity_stress_20d,0.0063107550012292775,0.0063107550012292775,0.2,False,0.3333333333333333,False,False,False,1.0,unchanged (below absolute correlation threshold),996,training only (frozen before validation refit),-0.061592606055154805,0.006287235624930307,-0.20084910944189277
1,Choquet 1-additive,market_loss_1d,-0.05144330121925592,0.05144330121925592,0.2,False,1.0,True,False,False,1.0,unchanged (below absolute correlation threshold),996,training only (frozen before validation refit),-0.06545306417054733,-0.08904959667152502,-0.032296124852969114
1,Choquet 1-additive,negative_momentum_21d,-0.014234762159575351,0.014234762159575351,0.2,False,0.6666666666666666,False,False,False,1.0,unchanged (below absolute correlation threshold),996,training only (frozen before validation refit),-0.04817542112812984,-0.20634745482137187,0.03137421439705449
1,Choquet 1-additive,realized_volatility_20d,0.057776694057221474,0.057776694057221474,0.2,False,0.6666666666666666,False,False,False,1.0,unchanged (below absolute correlation threshold),996,training only (frozen before validation refit),-0.16239584950601046,0.11123923606479004,0.04285124055911531
1,Choquet 1-additive,term_spread_10y_2y_pct,-0.10204294905139479,0.10204294905139479,0.2,False,0.3333333333333333,False,False,False,1.0,unchanged (below absolute correlation threshold),996,training only (frozen before validation refit),0.04868480202153604,-0.03114645484135171,0.18173138546507572
1,Choquet 1-additive,vix,-0.034945546525000336,0.034945546525000336,0.2,False,0.6666666666666666,False,False,False,1.0,unchanged (below absolute correlation threshold),996,training only (frozen before validation refit),-0.21178313930039247,0.012521065960385326,-0.06515115520141711
1,Choquet 1-additive scaled-q,average_equity_correlation_60d,-0.010725009515134176,0.010725009515134176,0.2,False,0.6666666666666666,False,False,False,1.0,unchanged (below absolute correlation threshold),996,training only (frozen before validation refit),-0.11433135065109959,0.1363555740303873,-0.19542631522286533
1,Choquet 1-additive scaled-q,baa_credit_spread_pct,-0.1153883718897314,0.1153883718897314,0.2,False,1.0,True,False,False,1.0,unchanged (below absolute correlation threshold),996,training only (frozen before validation refit),-0.08749519364335576,-0.1478735236133277,-0.3436127253785674
1,Choquet 1-additive scaled-q,drawdown_severity,-0.03261184103909938,0.03261184103909938,0.2,False,1.0,True,False,False,1.0,unchanged (below absolute correlation threshold),996,training only (frozen before validation refit),-0.19308430538383664,-0.05971532307017991,-0.13659698090454628
1,Choquet 1-additive scaled-q,lagged_portfolio_loss_1d,-0.02496104910667217,0.02496104910667217,0.2,False,0.6666666666666666,False,False,False,1.0,unchanged (below absolute correlation threshold),996,training only (frozen before validation refit),0.016729986417919975,-0.06423319517257463,-0.035919089213219894
1,Choquet 1-additive scaled-q,liquidity_stress_20d,0.0063107550012292775,0.0063107550012292775,0.2,False,0.3333333333333333,False,False,False,1.0,unchanged (below absolute correlation threshold),996,training only (frozen before validation refit),-0.061592606055154805,0.006287235624930307,-0.20084910944189277
1,Choquet 1-additive scaled-q,market_loss_1d,-0.05144330121925592,0.05144330121925592,0.2,False,1.0,True,False,False,1.0,unchanged (below absolute correlation threshold),996,training only (frozen before validation refit),-0.06545306417054733,-0.08904959667152502,-0.032296124852969114
1,Choquet 1-additive scaled-q,negative_momentum_21d,-0.014234762159575351,0.014234762159575351,0.2,False,0.6666666666666666,False,False,False,1.0,unchanged (below absolute correlation threshold),996,training only (frozen before validation refit),-0.04817542112812984,-0.20634745482137187,0.03137421439705449
1,Choquet 1-additive scaled-q,realized_volatility_20d,0.057776694057221474,0.057776694057221474,0.2,False,0.6666666666666666,False,False,False,1.0,unchanged (below absolute correlation threshold),996,training only (frozen before validation refit),-0.16239584950601046,0.11123923606479004,0.04285124055911531
1,Choquet 1-additive scaled-q,term_spread_10y_2y_pct,-0.10204294905139479,0.10204294905139479,0.2,False,0.3333333333333333,False,False,False,1.0,unchanged (below absolute correlation threshold),996,training only (frozen before validation refit),0.04868480202153604,-0.03114645484135171,0.18173138546507572
1,Choquet 1-additive scaled-q,vix,-0.034945546525000336,0.034945546525000336,0.2,False,0.6666666666666666,False,False,False,1.0,unchanged (below absolute correlation threshold),996,training only (frozen before validation refit),-0.21178313930039247,0.012521065960385326,-0.06515115520141711
1,Choquet 2-additive,average_equity_correlation_60d,-0.010725009515134176,0.010725009515134176,0.2,False,0.6666666666666666,False,False,False,1.0,unchanged (below absolute correlation threshold),996,training only (frozen before validation refit),-0.11433135065109959,0.1363555740303873,-0.19542631522286533
1,Choquet 2-additive,baa_credit_spread_pct,-0.1153883718897314,0.1153883718897314,0.2,False,1.0,True,False,False,1.0,unchanged (below absolute correlation threshold),996,training only (frozen before validation refit),-0.08749519364335576,-0.1478735236133277,-0.3436127253785674
1,Choquet 2-additive,drawdown_severity,-0.03261184103909938,0.03261184103909938,0.2,False,1.0,True,False,False,1.0,unchanged (below absolute correlation threshold),996,training only (frozen before validation refit),-0.19308430538383664,-0.05971532307017991,-0.13659698090454628
1,Choquet 2-additive,lagged_portfolio_loss_1d,-0.02496104910667217,0.02496104910667217,0.2,False,0.6666666666666666,False,False,False,1.0,unchanged (below absolute correlation threshold),996,training only (frozen before validation refit),0.016729986417919975,-0.06423319517257463,-0.035919089213219894
1,Choquet 2-additive,liquidity_stress_20d,0.0063107550012292775,0.0063107550012292775,0.2,False,0.3333333333333333,False,False,False,1.0,unchanged (below absolute correlation threshold),996,training only (frozen before validation refit),-0.061592606055154805,0.006287235624930307,-0.20084910944189277
1,Choquet 2-additive,market_loss_1d,-0.05144330121925592,0.05144330121925592,0.2,False,1.0,True,False,False,1.0,unchanged (below absolute correlation threshold),996,training only (frozen before validation refit),-0.06545306417054733,-0.08904959667152502,-0.032296124852969114
1,Choquet 2-additive,negative_momentum_21d,-0.014234762159575351,0.014234762159575351,0.2,False,0.6666666666666666,False,False,False,1.0,unchanged (below absolute correlation threshold),996,training only (frozen before validation refit),-0.04817542112812984,-0.20634745482137187,0.03137421439705449
1,Choquet 2-additive,realized_volatility_20d,0.057776694057221474,0.057776694057221474,0.2,False,0.6666666666666666,False,False,False,1.0,unchanged (below absolute correlation threshold),996,training only (frozen before validation refit),-0.16239584950601046,0.11123923606479004,0.04285124055911531
1,Choquet 2-additive,term_spread_10y_2y_pct,-0.10204294905139479,0.10204294905139479,0.2,False,0.3333333333333333,False,False,False,1.0,unchanged (below absolute correlation threshold),996,training only (frozen before validation refit),0.04868480202153604,-0.03114645484135171,0.18173138546507572
1,Choquet 2-additive,vix,-0.034945546525000336,0.034945546525000336,0.2,False,0.6666666666666666,False,False,False,1.0,unchanged (below absolute correlation threshold),996,training only (frozen before validation refit),-0.21178313930039247,0.012521065960385326,-0.06515115520141711
1,Choquet 2-additive L1,average_equity_correlation_60d,-0.010725009515134176,0.010725009515134176,0.2,False,0.6666666666666666,False,False,False,1.0,unchanged (below absolute correlation threshold),996,training only (frozen before validation refit),-0.11433135065109959,0.1363555740303873,-0.19542631522286533
1,Choquet 2-additive L1,baa_credit_spread_pct,-0.1153883718897314,0.1153883718897314,0.2,False,1.0,True,False,False,1.0,unchanged (below absolute correlation threshold),996,training only (frozen before validation refit),-0.08749519364335576,-0.1478735236133277,-0.3436127253785674
1,Choquet 2-additive L1,drawdown_severity,-0.03261184103909938,0.03261184103909938,0.2,False,1.0,True,False,False,1.0,unchanged (below absolute correlation threshold),996,training only (frozen before validation refit),-0.19308430538383664,-0.05971532307017991,-0.13659698090454628
1,Choquet 2-additive L1,lagged_portfolio_loss_1d,-0.02496104910667217,0.02496104910667217,0.2,False,0.6666666666666666,False,False,False,1.0,unchanged (below absolute correlation threshold),996,training only (frozen before validation refit),0.016729986417919975,-0.06423319517257463,-0.035919089213219894
1,Choquet 2-additive L1,liquidity_stress_20d,0.0063107550012292775,0.0063107550012292775,0.2,False,0.3333333333333333,False,False,False,1.0,unchanged (below absolute correlation threshold),996,training only (frozen before validation refit),-0.061592606055154805,0.006287235624930307,-0.20084910944189277
1,Choquet 2-additive L1,market_loss_1d,-0.05144330121925592,0.05144330121925592,0.2,False,1.0,True,False,False,1.0,unchanged (below absolute correlation threshold),996,training only (frozen before validation refit),-0.06545306417054733,-0.08904959667152502,-0.032296124852969114
1,Choquet 2-additive L1,negative_momentum_21d,-0.014234762159575351,0.014234762159575351,0.2,False,0.6666666666666666,False,False,False,1.0,unchanged (below absolute correlation threshold),996,training only (frozen before validation refit),-0.04817542112812984,-0.20634745482137187,0.03137421439705449
1,Choquet 2-additive L1,realized_volatility_20d,0.057776694057221474,0.057776694057221474,0.2,False,0.6666666666666666,False,False,False,1.0,unchanged (below absolute correlation threshold),996,training only (frozen before validation refit),-0.16239584950601046,0.11123923606479004,0.04285124055911531
1,Choquet 2-additive L1,term_spread_10y_2y_pct,-0.10204294905139479,0.10204294905139479,0.2,False,0.3333333333333333,False,False,False,1.0,unchanged (below absolute correlation threshold),996,training only (frozen before validation refit),0.04868480202153604,-0.03114645484135171,0.18173138546507572
1,Choquet 2-additive L1,vix,-0.034945546525000336,0.034945546525000336,0.2,False,0.6666666666666666,False,False,False,1.0,unchanged (below absolute correlation threshold),996,training only (frozen before validation refit),-0.21178313930039247,0.012521065960385326,-0.06515115520141711
1,Choquet 2-additive scaled-q,average_equity_correlation_60d,-0.010725009515134176,0.010725009515134176,0.2,False,0.6666666666666666,False,False,False,1.0,unchanged (below absolute correlation threshold),996,training only (frozen before validation refit),-0.11433135065109959,0.1363555740303873,-0.19542631522286533
1,Choquet 2-additive scaled-q,baa_credit_spread_pct,-0.1153883718897314,0.1153883718897314,0.2,False,1.0,True,False,False,1.0,unchanged (below absolute correlation threshold),996,training only (frozen before validation refit),-0.08749519364335576,-0.1478735236133277,-0.3436127253785674
1,Choquet 2-additive scaled-q,drawdown_severity,-0.03261184103909938,0.03261184103909938,0.2,False,1.0,True,False,False,1.0,unchanged (below absolute correlation threshold),996,training only (frozen before validation refit),-0.19308430538383664,-0.05971532307017991,-0.13659698090454628
1,Choquet 2-additive scaled-q,lagged_portfolio_loss_1d,-0.02496104910667217,0.02496104910667217,0.2,False,0.6666666666666666,False,False,False,1.0,unchanged (below absolute correlation threshold),996,training only (frozen before validation refit),0.016729986417919975,-0.06423319517257463,-0.035919089213219894
1,Choquet 2-additive scaled-q,liquidity_stress_20d,0.0063107550012292775,0.0063107550012292775,0.2,False,0.3333333333333333,False,False,False,1.0,unchanged (below absolute correlation threshold),996,training only (frozen before validation refit),-0.061592606055154805,0.006287235624930307,-0.20084910944189277
1,Choquet 2-additive scaled-q,market_loss_1d,-0.05144330121925592,0.05144330121925592,0.2,False,1.0,True,False,False,1.0,unchanged (below absolute correlation threshold),996,training only (frozen before validation refit),-0.06545306417054733,-0.08904959667152502,-0.032296124852969114
1,Choquet 2-additive scaled-q,negative_momentum_21d,-0.014234762159575351,0.014234762159575351,0.2,False,0.6666666666666666,False,False,False,1.0,unchanged (below absolute correlation threshold),996,training only (frozen before validation refit),-0.04817542112812984,-0.20634745482137187,0.03137421439705449
1,Choquet 2-additive scaled-q,realized_volatility_20d,0.057776694057221474,0.057776694057221474,0.2,False,0.6666666666666666,False,False,False,1.0,unchanged (below absolute correlation threshold),996,training only (frozen before validation refit),-0.16239584950601046,0.11123923606479004,0.04285124055911531
1,Choquet 2-additive scaled-q,term_spread_10y_2y_pct,-0.10204294905139479,0.10204294905139479,0.2,False,0.3333333333333333,False,False,False,1.0,unchanged (below absolute correlation threshold),996,training only (frozen before validation refit),0.04868480202153604,-0.03114645484135171,0.18173138546507572
1,Choquet 2-additive scaled-q,vix,-0.034945546525000336,0.034945546525000336,0.2,False,0.6666666666666666,False,False,False,1.0,unchanged (below absolute correlation threshold),996,training only (frozen before validation refit),-0.21178313930039247,0.012521065960385326,-0.06515115520141711
1,Choquet 2-additive scaled-q L1,average_equity_correlation_60d,-0.010725009515134176,0.010725009515134176,0.2,False,0.6666666666666666,False,False,False,1.0,unchanged (below absolute correlation threshold),996,training only (frozen before validation refit),-0.11433135065109959,0.1363555740303873,-0.19542631522286533
1,Choquet 2-additive scaled-q L1,baa_credit_spread_pct,-0.1153883718897314,0.1153883718897314,0.2,False,1.0,True,False,False,1.0,unchanged (below absolute correlation threshold),996,training only (frozen before validation refit),-0.08749519364335576,-0.1478735236133277,-0.3436127253785674
1,Choquet 2-additive scaled-q L1,drawdown_severity,-0.03261184103909938,0.03261184103909938,0.2,False,1.0,True,False,False,1.0,unchanged (below absolute correlation threshold),996,training only (frozen before validation refit),-0.19308430538383664,-0.05971532307017991,-0.13659698090454628
1,Choquet 2-additive scaled-q L1,lagged_portfolio_loss_1d,-0.02496104910667217,0.02496104910667217,0.2,False,0.6666666666666666,False,False,False,1.0,unchanged (below absolute correlation threshold),996,training only (frozen before validation refit),0.016729986417919975,-0.06423319517257463,-0.035919089213219894
1,Choquet 2-additive scaled-q L1,liquidity_stress_20d,0.0063107550012292775,0.0063107550012292775,0.2,False,0.3333333333333333,False,False,False,1.0,unchanged (below absolute correlation threshold),996,training only (frozen before validation refit),-0.061592606055154805,0.006287235624930307,-0.20084910944189277
1,Choquet 2-additive scaled-q L1,market_loss_1d,-0.05144330121925592,0.05144330121925592,0.2,False,1.0,True,False,False,1.0,unchanged (below absolute correlation threshold),996,training only (frozen before validation refit),-0.06545306417054733,-0.08904959667152502,-0.032296124852969114
1,Choquet 2-additive scaled-q L1,negative_momentum_21d,-0.014234762159575351,0.014234762159575351,0.2,False,0.6666666666666666,False,False,False,1.0,unchanged (below absolute correlation threshold),996,training only (frozen before validation refit),-0.04817542112812984,-0.20634745482137187,0.03137421439705449
1,Choquet 2-additive scaled-q L1,realized_volatility_20d,0.057776694057221474,0.057776694057221474,0.2,False,0.6666666666666666,False,False,False,1.0,unchanged (below absolute correlation threshold),996,training only (frozen before validation refit),-0.16239584950601046,0.11123923606479004,0.04285124055911531
1,Choquet 2-additive scaled-q L1,term_spread_10y_2y_pct,-0.10204294905139479,0.10204294905139479,0.2,False,0.3333333333333333,False,False,False,1.0,unchanged (below absolute correlation threshold),996,training only (frozen before validation refit),0.04868480202153604,-0.03114645484135171,0.18173138546507572
1,Choquet 2-additive scaled-q L1,vix,-0.034945546525000336,0.034945546525000336,0.2,False,0.6666666666666666,False,False,False,1.0,unchanged (below absolute correlation threshold),996,training only (frozen before validation refit),-0.21178313930039247,0.012521065960385326,-0.06515115520141711
1,Fuzzy Choquet neural network,average_equity_correlation_60d,-0.010725009515134176,0.010725009515134176,0.2,False,0.6666666666666666,False,False,False,1.0,unchanged (below absolute correlation threshold),996,training only (frozen before validation refit),-0.11433135065109959,0.1363555740303873,-0.19542631522286533
1,Fuzzy Choquet neural network,baa_credit_spread_pct,-0.1153883718897314,0.1153883718897314,0.2,False,1.0,True,False,False,1.0,unchanged (below absolute correlation threshold),996,training only (frozen before validation refit),-0.08749519364335576,-0.1478735236133277,-0.3436127253785674
1,Fuzzy Choquet neural network,drawdown_severity,-0.03261184103909938,0.03261184103909938,0.2,False,1.0,True,False,False,1.0,unchanged (below absolute correlation threshold),996,training only (frozen before validation refit),-0.19308430538383664,-0.05971532307017991,-0.13659698090454628
1,Fuzzy Choquet neural network,lagged_portfolio_loss_1d,-0.02496104910667217,0.02496104910667217,0.2,False,0.6666666666666666,False,False,False,1.0,unchanged (below absolute correlation threshold),996,training only (frozen before validation refit),0.016729986417919975,-0.06423319517257463,-0.035919089213219894
1,Fuzzy Choquet neural network,liquidity_stress_20d,0.0063107550012292775,0.0063107550012292775,0.2,False,0.3333333333333333,False,False,False,1.0,unchanged (below absolute correlation threshold),996,training only (frozen before validation refit),-0.061592606055154805,0.006287235624930307,-0.20084910944189277
1,Fuzzy Choquet neural network,market_loss_1d,-0.05144330121925592,0.05144330121925592,0.2,False,1.0,True,False,False,1.0,unchanged (below absolute correlation threshold),996,training only (frozen before validation refit),-0.06545306417054733,-0.08904959667152502,-0.032296124852969114
1,Fuzzy Choquet neural network,negative_momentum_21d,-0.014234762159575351,0.014234762159575351,0.2,False,0.6666666666666666,False,False,False,1.0,unchanged (below absolute correlation threshold),996,training only (frozen before validation refit),-0.04817542112812984,-0.20634745482137187,0.03137421439705449
1,Fuzzy Choquet neural network,realized_volatility_20d,0.057776694057221474,0.057776694057221474,0.2,False,0.6666666666666666,False,False,False,1.0,unchanged (below absolute correlation threshold),996,training only (frozen before validation refit),-0.16239584950601046,0.11123923606479004,0.04285124055911531
1,Fuzzy Choquet neural network,term_spread_10y_2y_pct,-0.10204294905139479,0.10204294905139479,0.2,False,0.3333333333333333,False,False,False,1.0,unchanged (below absolute correlation threshold),996,training only (frozen before validation refit),0.04868480202153604,-0.03114645484135171,0.18173138546507572
1,Fuzzy Choquet neural network,vix,-0.034945546525000336,0.034945546525000336,0.2,False,0.6666666666666666,False,False,False,1.0,unchanged (below absolute correlation threshold),996,training only (frozen before validation refit),-0.21178313930039247,0.012521065960385326,-0.06515115520141711
1,Monotone linear,average_equity_correlation_60d,-0.010725009515134176,0.010725009515134176,0.2,False,0.6666666666666666,False,False,False,1.0,unchanged (below absolute correlation threshold),996,training only (frozen before validation refit),-0.11433135065109959,0.1363555740303873,-0.19542631522286533
1,Monotone linear,baa_credit_spread_pct,-0.1153883718897314,0.1153883718897314,0.2,False,1.0,True,False,False,1.0,unchanged (below absolute correlation threshold),996,training only (frozen before validation refit),-0.08749519364335576,-0.1478735236133277,-0.3436127253785674
1,Monotone linear,drawdown_severity,-0.03261184103909938,0.03261184103909938,0.2,False,1.0,True,False,False,1.0,unchanged (below absolute correlation threshold),996,training only (frozen before validation refit),-0.19308430538383664,-0.05971532307017991,-0.13659698090454628
1,Monotone linear,lagged_portfolio_loss_1d,-0.02496104910667217,0.02496104910667217,0.2,False,0.6666666666666666,False,False,False,1.0,unchanged (below absolute correlation threshold),996,training only (frozen before validation refit),0.016729986417919975,-0.06423319517257463,-0.035919089213219894
1,Monotone linear,liquidity_stress_20d,0.0063107550012292775,0.0063107550012292775,0.2,False,0.3333333333333333,False,False,False,1.0,unchanged (below absolute correlation threshold),996,training only (frozen before validation refit),-0.061592606055154805,0.006287235624930307,-0.20084910944189277
1,Monotone linear,market_loss_1d,-0.05144330121925592,0.05144330121925592,0.2,False,1.0,True,False,False,1.0,unchanged (below absolute correlation threshold),996,training only (frozen before validation refit),-0.06545306417054733,-0.08904959667152502,-0.032296124852969114
1,Monotone linear,negative_momentum_21d,-0.014234762159575351,0.014234762159575351,0.2,False,0.6666666666666666,False,False,False,1.0,unchanged (below absolute correlation threshold),996,training only (frozen before validation refit),-0.04817542112812984,-0.20634745482137187,0.03137421439705449
1,Monotone linear,realized_volatility_20d,0.057776694057221474,0.057776694057221474,0.2,False,0.6666666666666666,False,False,False,1.0,unchanged (below absolute correlation threshold),996,training only (frozen before validation refit),-0.16239584950601046,0.11123923606479004,0.04285124055911531
1,Monotone linear,term_spread_10y_2y_pct,-0.10204294905139479,0.10204294905139479,0.2,False,0.3333333333333333,False,False,False,1.0,unchanged (below absolute correlation threshold),996,training only (frozen before validation refit),0.04868480202153604,-0.03114645484135171,0.18173138546507572
1,Monotone linear,vix,-0.034945546525000336,0.034945546525000336,0.2,False,0.6666666666666666,False,False,False,1.0,unchanged (below absolute correlation threshold),996,training only (frozen before validation refit),-0.21178313930039247,0.012521065960385326,-0.06515115520141711
1,OLS oriented,average_equity_correlation_60d,-0.010725009515134176,0.010725009515134176,0.2,False,0.6666666666666666,False,False,False,1.0,unchanged (below absolute correlation threshold),996,training only (frozen before validation refit),-0.11433135065109959,0.1363555740303873,-0.19542631522286533
1,OLS oriented,baa_credit_spread_pct,-0.1153883718897314,0.1153883718897314,0.2,False,1.0,True,False,False,1.0,unchanged (below absolute correlation threshold),996,training only (frozen before validation refit),-0.08749519364335576,-0.1478735236133277,-0.3436127253785674
1,OLS oriented,drawdown_severity,-0.03261184103909938,0.03261184103909938,0.2,False,1.0,True,False,False,1.0,unchanged (below absolute correlation threshold),996,training only (frozen before validation refit),-0.19308430538383664,-0.05971532307017991,-0.13659698090454628
1,OLS oriented,lagged_portfolio_loss_1d,-0.02496104910667217,0.02496104910667217,0.2,False,0.6666666666666666,False,False,False,1.0,unchanged (below absolute correlation threshold),996,training only (frozen before validation refit),0.016729986417919975,-0.06423319517257463,-0.035919089213219894
1,OLS oriented,liquidity_stress_20d,0.0063107550012292775,0.0063107550012292775,0.2,False,0.3333333333333333,False,False,False,1.0,unchanged (below absolute correlation threshold),996,training only (frozen before validation refit),-0.061592606055154805,0.006287235624930307,-0.20084910944189277
1,OLS oriented,market_loss_1d,-0.05144330121925592,0.05144330121925592,0.2,False,1.0,True,False,False,1.0,unchanged (below absolute correlation threshold),996,training only (frozen before validation refit),-0.06545306417054733,-0.08904959667152502,-0.032296124852969114
1,OLS oriented,negative_momentum_21d,-0.014234762159575351,0.014234762159575351,0.2,False,0.6666666666666666,False,False,False,1.0,unchanged (below absolute correlation threshold),996,training only (frozen before validation refit),-0.04817542112812984,-0.20634745482137187,0.03137421439705449
1,OLS oriented,realized_volatility_20d,0.057776694057221474,0.057776694057221474,0.2,False,0.6666666666666666,False,False,False,1.0,unchanged (below absolute correlation threshold),996,training only (frozen before validation refit),-0.16239584950601046,0.11123923606479004,0.04285124055911531
1,OLS oriented,term_spread_10y_2y_pct,-0.10204294905139479,0.10204294905139479,0.2,False,0.3333333333333333,False,False,False,1.0,unchanged (below absolute correlation threshold),996,training only (frozen before validation refit),0.04868480202153604,-0.03114645484135171,0.18173138546507572
1,OLS oriented,vix,-0.034945546525000336,0.034945546525000336,0.2,False,0.6666666666666666,False,False,False,1.0,unchanged (below absolute correlation threshold),996,training only (frozen before validation refit),-0.21178313930039247,0.012521065960385326,-0.06515115520141711
2,Choquet 1-additive,average_equity_correlation_60d,-0.07875419060188626,0.07875419060188626,0.2,False,0.6666666666666666,False,False,False,1.0,unchanged (below absolute correlation threshold),997,training only (frozen before validation refit),0.09388311324143293,-0.08740559289877384,-0.1783973013123079
2,Choquet 1-additive,baa_credit_spread_pct,-0.22818822230530364,0.22818822230530364,0.2,True,1.0,True,False,True,-1.0,multiplied by -1,997,training only (frozen before validation refit),-0.12383480799644177,-0.15475022958993248,-0.30752946888946353
2,Choquet 1-additive,drawdown_severity,-0.12889206370639006,0.12889206370639006,0.2,False,1.0,True,False,False,1.0,unchanged (below absolute correlation threshold),997,training only (frozen before validation refit),-0.029998688037199375,-0.16575281918956225,-0.2094157260864658
2,Choquet 1-additive,lagged_portfolio_loss_1d,0.02592686179122168,0.02592686179122168,0.2,False,0.3333333333333333,False,False,False,1.0,unchanged (below absolute correlation threshold),997,training only (frozen before validation refit),-0.06475881513300334,-0.02588521826332825,0.06475398524255922
2,Choquet 1-additive,liquidity_stress_20d,-0.11189153401269891,0.11189153401269891,0.2,False,0.6666666666666666,False,False,False,1.0,unchanged (below absolute correlation threshold),997,training only (frozen before validation refit),0.06472116840554368,-0.02893198692155175,-0.2668234419873053
2,Choquet 1-additive,market_loss_1d,-0.03923610788731985,0.03923610788731985,0.2,False,1.0,True,False,False,1.0,unchanged (below absolute correlation threshold),997,training only (frozen before validation refit),-0.09826530765062345,-0.028492385174824872,-0.03617582996334514
2,Choquet 1-additive,negative_momentum_21d,-0.0967523377176706,0.0967523377176706,0.2,False,0.6666666666666666,False,False,False,1.0,unchanged (below absolute correlation threshold),997,training only (frozen before validation refit),-0.22063187282144256,0.043654456732683464,-0.16616879671039356
2,Choquet 1-additive,realized_volatility_20d,-0.13458043863738223,0.13458043863738223,0.2,False,0.3333333333333333,False,False,False,1.0,unchanged (below absolute correlation threshold),997,training only (frozen before validation refit),0.0898814146733456,0.0632954931162543,-0.219996394461438
2,Choquet 1-additive,term_spread_10y_2y_pct,-0.11226556193857638,0.11226556193857638,0.2,False,1.0,True,False,False,1.0,unchanged (below absolute correlation threshold),997,training only (frozen before validation refit),-0.06653055756057359,-0.02245810392257158,-0.15048055763621354
2,Choquet 1-additive,vix,-0.11807949064430916,0.11807949064430916,0.2,False,0.6666666666666666,False,False,False,1.0,unchanged (below absolute correlation threshold),997,training only (frozen before validation refit),0.029226696149770272,-0.04317104963194821,-0.1647584113599782
2,Choquet 1-additive scaled-q,average_equity_correlation_60d,-0.07875419060188626,0.07875419060188626,0.2,False,0.6666666666666666,False,False,False,1.0,unchanged (below absolute correlation threshold),997,training only (frozen before validation refit),0.09388311324143293,-0.08740559289877384,-0.1783973013123079
2,Choquet 1-additive scaled-q,baa_credit_spread_pct,-0.22818822230530364,0.22818822230530364,0.2,True,1.0,True,False,True,-1.0,multiplied by -1,997,training only (frozen before validation refit),-0.12383480799644177,-0.15475022958993248,-0.30752946888946353
2,Choquet 1-additive scaled-q,drawdown_severity,-0.12889206370639006,0.12889206370639006,0.2,False,1.0,True,False,False,1.0,unchanged (below absolute correlation threshold),997,training only (frozen before validation refit),-0.029998688037199375,-0.16575281918956225,-0.2094157260864658
2,Choquet 1-additive scaled-q,lagged_portfolio_loss_1d,0.02592686179122168,0.02592686179122168,0.2,False,0.3333333333333333,False,False,False,1.0,unchanged (below absolute correlation threshold),997,training only (frozen before validation refit),-0.06475881513300334,-0.02588521826332825,0.06475398524255922
2,Choquet 1-additive scaled-q,liquidity_stress_20d,-0.11189153401269891,0.11189153401269891,0.2,False,0.6666666666666666,False,False,False,1.0,unchanged (below absolute correlation threshold),997,training only (frozen before validation refit),0.06472116840554368,-0.02893198692155175,-0.2668234419873053
2,Choquet 1-additive scaled-q,market_loss_1d,-0.03923610788731985,0.03923610788731985,0.2,False,1.0,True,False,False,1.0,unchanged (below absolute correlation threshold),997,training only (frozen before validation refit),-0.09826530765062345,-0.028492385174824872,-0.03617582996334514
2,Choquet 1-additive scaled-q,negative_momentum_21d,-0.0967523377176706,0.0967523377176706,0.2,False,0.6666666666666666,False,False,False,1.0,unchanged (below absolute correlation threshold),997,training only (frozen before validation refit),-0.22063187282144256,0.043654456732683464,-0.16616879671039356
2,Choquet 1-additive scaled-q,realized_volatility_20d,-0.13458043863738223,0.13458043863738223,0.2,False,0.3333333333333333,False,False,False,1.0,unchanged (below absolute correlation threshold),997,training only (frozen before validation refit),0.0898814146733456,0.0632954931162543,-0.219996394461438
2,Choquet 1-additive scaled-q,term_spread_10y_2y_pct,-0.11226556193857638,0.11226556193857638,0.2,False,1.0,True,False,False,1.0,unchanged (below absolute correlation threshold),997,training only (frozen before validation refit),-0.06653055756057359,-0.02245810392257158,-0.15048055763621354
2,Choquet 1-additive scaled-q,vix,-0.11807949064430916,0.11807949064430916,0.2,False,0.6666666666666666,False,False,False,1.0,unchanged (below absolute correlation threshold),997,training only (frozen before validation refit),0.029226696149770272,-0.04317104963194821,-0.1647584113599782
2,Choquet 2-additive,average_equity_correlation_60d,-0.07875419060188626,0.07875419060188626,0.2,False,0.6666666666666666,False,False,False,1.0,unchanged (below absolute correlation threshold),997,training only (frozen before validation refit),0.09388311324143293,-0.08740559289877384,-0.1783973013123079
2,Choquet 2-additive,baa_credit_spread_pct,-0.22818822230530364,0.22818822230530364,0.2,True,1.0,True,False,True,-1.0,multiplied by -1,997,training only (frozen before validation refit),-0.12383480799644177,-0.15475022958993248,-0.30752946888946353
2,Choquet 2-additive,drawdown_severity,-0.12889206370639006,0.12889206370639006,0.2,False,1.0,True,False,False,1.0,unchanged (below absolute correlation threshold),997,training only (frozen before validation refit),-0.029998688037199375,-0.16575281918956225,-0.2094157260864658
2,Choquet 2-additive,lagged_portfolio_loss_1d,0.02592686179122168,0.02592686179122168,0.2,False,0.3333333333333333,False,False,False,1.0,unchanged (below absolute correlation threshold),997,training only (frozen before validation refit),-0.06475881513300334,-0.02588521826332825,0.06475398524255922
2,Choquet 2-additive,liquidity_stress_20d,-0.11189153401269891,0.11189153401269891,0.2,False,0.6666666666666666,False,False,False,1.0,unchanged (below absolute correlation threshold),997,training only (frozen before validation refit),0.06472116840554368,-0.02893198692155175,-0.2668234419873053
2,Choquet 2-additive,market_loss_1d,-0.03923610788731985,0.03923610788731985,0.2,False,1.0,True,False,False,1.0,unchanged (below absolute correlation threshold),997,training only (frozen before validation refit),-0.09826530765062345,-0.028492385174824872,-0.03617582996334514
2,Choquet 2-additive,negative_momentum_21d,-0.0967523377176706,0.0967523377176706,0.2,False,0.6666666666666666,False,False,False,1.0,unchanged (below absolute correlation threshold),997,training only (frozen before validation refit),-0.22063187282144256,0.043654456732683464,-0.16616879671039356
2,Choquet 2-additive,realized_volatility_20d,-0.13458043863738223,0.13458043863738223,0.2,False,0.3333333333333333,False,False,False,1.0,unchanged (below absolute correlation threshold),997,training only (frozen before validation refit),0.0898814146733456,0.0632954931162543,-0.219996394461438
2,Choquet 2-additive,term_spread_10y_2y_pct,-0.11226556193857638,0.11226556193857638,0.2,False,1.0,True,False,False,1.0,unchanged (below absolute correlation threshold),997,training only (frozen before validation refit),-0.06653055756057359,-0.02245810392257158,-0.15048055763621354
2,Choquet 2-additive,vix,-0.11807949064430916,0.11807949064430916,0.2,False,0.6666666666666666,False,False,False,1.0,unchanged (below absolute correlation threshold),997,training only (frozen before validation refit),0.029226696149770272,-0.04317104963194821,-0.1647584113599782
2,Choquet 2-additive L1,average_equity_correlation_60d,-0.07875419060188626,0.07875419060188626,0.2,False,0.6666666666666666,False,False,False,1.0,unchanged (below absolute correlation threshold),997,training only (frozen before validation refit),0.09388311324143293,-0.08740559289877384,-0.1783973013123079
2,Choquet 2-additive L1,baa_credit_spread_pct,-0.22818822230530364,0.22818822230530364,0.2,True,1.0,True,False,True,-1.0,multiplied by -1,997,training only (frozen before validation refit),-0.12383480799644177,-0.15475022958993248,-0.30752946888946353
2,Choquet 2-additive L1,drawdown_severity,-0.12889206370639006,0.12889206370639006,0.2,False,1.0,True,False,False,1.0,unchanged (below absolute correlation threshold),997,training only (frozen before validation refit),-0.029998688037199375,-0.16575281918956225,-0.2094157260864658
2,Choquet 2-additive L1,lagged_portfolio_loss_1d,0.02592686179122168,0.02592686179122168,0.2,False,0.3333333333333333,False,False,False,1.0,unchanged (below absolute correlation threshold),997,training only (frozen before validation refit),-0.06475881513300334,-0.02588521826332825,0.06475398524255922
2,Choquet 2-additive L1,liquidity_stress_20d,-0.11189153401269891,0.11189153401269891,0.2,False,0.6666666666666666,False,False,False,1.0,unchanged (below absolute correlation threshold),997,training only (frozen before validation refit),0.06472116840554368,-0.02893198692155175,-0.2668234419873053
2,Choquet 2-additive L1,market_loss_1d,-0.03923610788731985,0.03923610788731985,0.2,False,1.0,True,False,False,1.0,unchanged (below absolute correlation threshold),997,training only (frozen before validation refit),-0.09826530765062345,-0.028492385174824872,-0.03617582996334514
2,Choquet 2-additive L1,negative_momentum_21d,-0.0967523377176706,0.0967523377176706,0.2,False,0.6666666666666666,False,False,False,1.0,unchanged (below absolute correlation threshold),997,training only (frozen before validation refit),-0.22063187282144256,0.043654456732683464,-0.16616879671039356
2,Choquet 2-additive L1,realized_volatility_20d,-0.13458043863738223,0.13458043863738223,0.2,False,0.3333333333333333,False,False,False,1.0,unchanged (below absolute correlation threshold),997,training only (frozen before validation refit),0.0898814146733456,0.0632954931162543,-0.219996394461438
2,Choquet 2-additive L1,term_spread_10y_2y_pct,-0.11226556193857638,0.11226556193857638,0.2,False,1.0,True,False,False,1.0,unchanged (below absolute correlation threshold),997,training only (frozen before validation refit),-0.06653055756057359,-0.02245810392257158,-0.15048055763621354
2,Choquet 2-additive L1,vix,-0.11807949064430916,0.11807949064430916,0.2,False,0.6666666666666666,False,False,False,1.0,unchanged (below absolute correlation threshold),997,training only (frozen before validation refit),0.029226696149770272,-0.04317104963194821,-0.1647584113599782
2,Choquet 2-additive scaled-q,average_equity_correlation_60d,-0.07875419060188626,0.07875419060188626,0.2,False,0.6666666666666666,False,False,False,1.0,unchanged (below absolute correlation threshold),997,training only (frozen before validation refit),0.09388311324143293,-0.08740559289877384,-0.1783973013123079
2,Choquet 2-additive scaled-q,baa_credit_spread_pct,-0.22818822230530364,0.22818822230530364,0.2,True,1.0,True,False,True,-1.0,multiplied by -1,997,training only (frozen before validation refit),-0.12383480799644177,-0.15475022958993248,-0.30752946888946353
2,Choquet 2-additive scaled-q,drawdown_severity,-0.12889206370639006,0.12889206370639006,0.2,False,1.0,True,False,False,1.0,unchanged (below absolute correlation threshold),997,training only (frozen before validation refit),-0.029998688037199375,-0.16575281918956225,-0.2094157260864658
2,Choquet 2-additive scaled-q,lagged_portfolio_loss_1d,0.02592686179122168,0.02592686179122168,0.2,False,0.3333333333333333,False,False,False,1.0,unchanged (below absolute correlation threshold),997,training only (frozen before validation refit),-0.06475881513300334,-0.02588521826332825,0.06475398524255922
2,Choquet 2-additive scaled-q,liquidity_stress_20d,-0.11189153401269891,0.11189153401269891,0.2,False,0.6666666666666666,False,False,False,1.0,unchanged (below absolute correlation threshold),997,training only (frozen before validation refit),0.06472116840554368,-0.02893198692155175,-0.2668234419873053
2,Choquet 2-additive scaled-q,market_loss_1d,-0.03923610788731985,0.03923610788731985,0.2,False,1.0,True,False,False,1.0,unchanged (below absolute correlation threshold),997,training only (frozen before validation refit),-0.09826530765062345,-0.028492385174824872,-0.03617582996334514
2,Choquet 2-additive scaled-q,negative_momentum_21d,-0.0967523377176706,0.0967523377176706,0.2,False,0.6666666666666666,False,False,False,1.0,unchanged (below absolute correlation threshold),997,training only (frozen before validation refit),-0.22063187282144256,0.043654456732683464,-0.16616879671039356
2,Choquet 2-additive scaled-q,realized_volatility_20d,-0.13458043863738223,0.13458043863738223,0.2,False,0.3333333333333333,False,False,False,1.0,unchanged (below absolute correlation threshold),997,training only (frozen before validation refit),0.0898814146733456,0.0632954931162543,-0.219996394461438
2,Choquet 2-additive scaled-q,term_spread_10y_2y_pct,-0.11226556193857638,0.11226556193857638,0.2,False,1.0,True,False,False,1.0,unchanged (below absolute correlation threshold),997,training only (frozen before validation refit),-0.06653055756057359,-0.02245810392257158,-0.15048055763621354
2,Choquet 2-additive scaled-q,vix,-0.11807949064430916,0.11807949064430916,0.2,False,0.6666666666666666,False,False,False,1.0,unchanged (below absolute correlation threshold),997,training only (frozen before validation refit),0.029226696149770272,-0.04317104963194821,-0.1647584113599782
2,Choquet 2-additive scaled-q L1,average_equity_correlation_60d,-0.07875419060188626,0.07875419060188626,0.2,False,0.6666666666666666,False,False,False,1.0,unchanged (below absolute correlation threshold),997,training only (frozen before validation refit),0.09388311324143293,-0.08740559289877384,-0.1783973013123079
2,Choquet 2-additive scaled-q L1,baa_credit_spread_pct,-0.22818822230530364,0.22818822230530364,0.2,True,1.0,True,False,True,-1.0,multiplied by -1,997,training only (frozen before validation refit),-0.12383480799644177,-0.15475022958993248,-0.30752946888946353
2,Choquet 2-additive scaled-q L1,drawdown_severity,-0.12889206370639006,0.12889206370639006,0.2,False,1.0,True,False,False,1.0,unchanged (below absolute correlation threshold),997,training only (frozen before validation refit),-0.029998688037199375,-0.16575281918956225,-0.2094157260864658
2,Choquet 2-additive scaled-q L1,lagged_portfolio_loss_1d,0.02592686179122168,0.02592686179122168,0.2,False,0.3333333333333333,False,False,False,1.0,unchanged (below absolute correlation threshold),997,training only (frozen before validation refit),-0.06475881513300334,-0.02588521826332825,0.06475398524255922
2,Choquet 2-additive scaled-q L1,liquidity_stress_20d,-0.11189153401269891,0.11189153401269891,0.2,False,0.6666666666666666,False,False,False,1.0,unchanged (below absolute correlation threshold),997,training only (frozen before validation refit),0.06472116840554368,-0.02893198692155175,-0.2668234419873053
2,Choquet 2-additive scaled-q L1,market_loss_1d,-0.03923610788731985,0.03923610788731985,0.2,False,1.0,True,False,False,1.0,unchanged (below absolute correlation threshold),997,training only (frozen before validation refit),-0.09826530765062345,-0.028492385174824872,-0.03617582996334514
2,Choquet 2-additive scaled-q L1,negative_momentum_21d,-0.0967523377176706,0.0967523377176706,0.2,False,0.6666666666666666,False,False,False,1.0,unchanged (below absolute correlation threshold),997,training only (frozen before validation refit),-0.22063187282144256,0.043654456732683464,-0.16616879671039356
2,Choquet 2-additive scaled-q L1,realized_volatility_20d,-0.13458043863738223,0.13458043863738223,0.2,False,0.3333333333333333,False,False,False,1.0,unchanged (below absolute correlation threshold),997,training only (frozen before validation refit),0.0898814146733456,0.0632954931162543,-0.219996394461438
2,Choquet 2-additive scaled-q L1,term_spread_10y_2y_pct,-0.11226556193857638,0.11226556193857638,0.2,False,1.0,True,False,False,1.0,unchanged (below absolute correlation threshold),997,training only (frozen before validation refit),-0.06653055756057359,-0.02245810392257158,-0.15048055763621354
2,Choquet 2-additive scaled-q L1,vix,-0.11807949064430916,0.11807949064430916,0.2,False,0.6666666666666666,False,False,False,1.0,unchanged (below absolute correlation threshold),997,training only (frozen before validation refit),0.029226696149770272,-0.04317104963194821,-0.1647584113599782
2,Fuzzy Choquet neural network,average_equity_correlation_60d,-0.07875419060188626,0.07875419060188626,0.2,False,0.6666666666666666,False,False,False,1.0,unchanged (below absolute correlation threshold),997,training only (frozen before validation refit),0.09388311324143293,-0.08740559289877384,-0.1783973013123079
2,Fuzzy Choquet neural network,baa_credit_spread_pct,-0.22818822230530364,0.22818822230530364,0.2,True,1.0,True,False,True,-1.0,multiplied by -1,997,training only (frozen before validation refit),-0.12383480799644177,-0.15475022958993248,-0.30752946888946353
2,Fuzzy Choquet neural network,drawdown_severity,-0.12889206370639006,0.12889206370639006,0.2,False,1.0,True,False,False,1.0,unchanged (below absolute correlation threshold),997,training only (frozen before validation refit),-0.029998688037199375,-0.16575281918956225,-0.2094157260864658
2,Fuzzy Choquet neural network,lagged_portfolio_loss_1d,0.02592686179122168,0.02592686179122168,0.2,False,0.3333333333333333,False,False,False,1.0,unchanged (below absolute correlation threshold),997,training only (frozen before validation refit),-0.06475881513300334,-0.02588521826332825,0.06475398524255922
2,Fuzzy Choquet neural network,liquidity_stress_20d,-0.11189153401269891,0.11189153401269891,0.2,False,0.6666666666666666,False,False,False,1.0,unchanged (below absolute correlation threshold),997,training only (frozen before validation refit),0.06472116840554368,-0.02893198692155175,-0.2668234419873053
2,Fuzzy Choquet neural network,market_loss_1d,-0.03923610788731985,0.03923610788731985,0.2,False,1.0,True,False,False,1.0,unchanged (below absolute correlation threshold),997,training only (frozen before validation refit),-0.09826530765062345,-0.028492385174824872,-0.03617582996334514
2,Fuzzy Choquet neural network,negative_momentum_21d,-0.0967523377176706,0.0967523377176706,0.2,False,0.6666666666666666,False,False,False,1.0,unchanged (below absolute correlation threshold),997,training only (frozen before validation refit),-0.22063187282144256,0.043654456732683464,-0.16616879671039356
2,Fuzzy Choquet neural network,realized_volatility_20d,-0.13458043863738223,0.13458043863738223,0.2,False,0.3333333333333333,False,False,False,1.0,unchanged (below absolute correlation threshold),997,training only (frozen before validation refit),0.0898814146733456,0.0632954931162543,-0.219996394461438
2,Fuzzy Choquet neural network,term_spread_10y_2y_pct,-0.11226556193857638,0.11226556193857638,0.2,False,1.0,True,False,False,1.0,unchanged (below absolute correlation threshold),997,training only (frozen before validation refit),-0.06653055756057359,-0.02245810392257158,-0.15048055763621354
2,Fuzzy Choquet neural network,vix,-0.11807949064430916,0.11807949064430916,0.2,False,0.6666666666666666,False,False,False,1.0,unchanged (below absolute correlation threshold),997,training only (frozen before validation refit),0.029226696149770272,-0.04317104963194821,-0.1647584113599782
2,Monotone linear,average_equity_correlation_60d,-0.07875419060188626,0.07875419060188626,0.2,False,0.6666666666666666,False,False,False,1.0,unchanged (below absolute correlation threshold),997,training only (frozen before validation refit),0.09388311324143293,-0.08740559289877384,-0.1783973013123079
2,Monotone linear,baa_credit_spread_pct,-0.22818822230530364,0.22818822230530364,0.2,True,1.0,True,False,True,-1.0,multiplied by -1,997,training only (frozen before validation refit),-0.12383480799644177,-0.15475022958993248,-0.30752946888946353
2,Monotone linear,drawdown_severity,-0.12889206370639006,0.12889206370639006,0.2,False,1.0,True,False,False,1.0,unchanged (below absolute correlation threshold),997,training only (frozen before validation refit),-0.029998688037199375,-0.16575281918956225,-0.2094157260864658
2,Monotone linear,lagged_portfolio_loss_1d,0.02592686179122168,0.02592686179122168,0.2,False,0.3333333333333333,False,False,False,1.0,unchanged (below absolute correlation threshold),997,training only (frozen before validation refit),-0.06475881513300334,-0.02588521826332825,0.06475398524255922
2,Monotone linear,liquidity_stress_20d,-0.11189153401269891,0.11189153401269891,0.2,False,0.6666666666666666,False,False,False,1.0,unchanged (below absolute correlation threshold),997,training only (frozen before validation refit),0.06472116840554368,-0.02893198692155175,-0.2668234419873053
2,Monotone linear,market_loss_1d,-0.03923610788731985,0.03923610788731985,0.2,False,1.0,True,False,False,1.0,unchanged (below absolute correlation threshold),997,training only (frozen before validation refit),-0.09826530765062345,-0.028492385174824872,-0.03617582996334514
2,Monotone linear,negative_momentum_21d,-0.0967523377176706,0.0967523377176706,0.2,False,0.6666666666666666,False,False,False,1.0,unchanged (below absolute correlation threshold),997,training only (frozen before validation refit),-0.22063187282144256,0.043654456732683464,-0.16616879671039356
2,Monotone linear,realized_volatility_20d,-0.13458043863738223,0.13458043863738223,0.2,False,0.3333333333333333,False,False,False,1.0,unchanged (below absolute correlation threshold),997,training only (frozen before validation refit),0.0898814146733456,0.0632954931162543,-0.219996394461438
2,Monotone linear,term_spread_10y_2y_pct,-0.11226556193857638,0.11226556193857638,0.2,False,1.0,True,False,False,1.0,unchanged (below absolute correlation threshold),997,training only (frozen before validation refit),-0.06653055756057359,-0.02245810392257158,-0.15048055763621354
2,Monotone linear,vix,-0.11807949064430916,0.11807949064430916,0.2,False,0.6666666666666666,False,False,False,1.0,unchanged (below absolute correlation threshold),997,training only (frozen before validation refit),0.029226696149770272,-0.04317104963194821,-0.1647584113599782
2,OLS oriented,average_equity_correlation_60d,-0.07875419060188626,0.07875419060188626,0.2,False,0.6666666666666666,False,False,False,1.0,unchanged (below absolute correlation threshold),997,training only (frozen before validation refit),0.09388311324143293,-0.08740559289877384,-0.1783973013123079
2,OLS oriented,baa_credit_spread_pct,-0.22818822230530364,0.22818822230530364,0.2,True,1.0,True,False,True,-1.0,multiplied by -1,997,training only (frozen before validation refit),-0.12383480799644177,-0.15475022958993248,-0.30752946888946353
2,OLS oriented,drawdown_severity,-0.12889206370639006,0.12889206370639006,0.2,False,1.0,True,False,False,1.0,unchanged (below absolute correlation threshold),997,training only (frozen before validation refit),-0.029998688037199375,-0.16575281918956225,-0.2094157260864658
2,OLS oriented,lagged_portfolio_loss_1d,0.02592686179122168,0.02592686179122168,0.2,False,0.3333333333333333,False,False,False,1.0,unchanged (below absolute correlation threshold),997,training only (frozen before validation refit),-0.06475881513300334,-0.02588521826332825,0.06475398524255922
2,OLS oriented,liquidity_stress_20d,-0.11189153401269891,0.11189153401269891,0.2,False,0.6666666666666666,False,False,False,1.0,unchanged (below absolute correlation threshold),997,training only (frozen before validation refit),0.06472116840554368,-0.02893198692155175,-0.2668234419873053
2,OLS oriented,market_loss_1d,-0.03923610788731985,0.03923610788731985,0.2,False,1.0,True,False,False,1.0,unchanged (below absolute correlation threshold),997,training only (frozen before validation refit),-0.09826530765062345,-0.028492385174824872,-0.03617582996334514
2,OLS oriented,negative_momentum_21d,-0.0967523377176706,0.0967523377176706,0.2,False,0.6666666666666666,False,False,False,1.0,unchanged (below absolute correlation threshold),997,training only (frozen before validation refit),-0.22063187282144256,0.043654456732683464,-0.16616879671039356
2,OLS oriented,realized_volatility_20d,-0.13458043863738223,0.13458043863738223,0.2,False,0.3333333333333333,False,False,False,1.0,unchanged (below absolute correlation threshold),997,training only (frozen before validation refit),0.0898814146733456,0.0632954931162543,-0.219996394461438
2,OLS oriented,term_spread_10y_2y_pct,-0.11226556193857638,0.11226556193857638,0.2,False,1.0,True,False,False,1.0,unchanged (below absolute correlation threshold),997,training only (frozen before validation refit),-0.06653055756057359,-0.02245810392257158,-0.15048055763621354
2,OLS oriented,vix,-0.11807949064430916,0.11807949064430916,0.2,False,0.6666666666666666,False,False,False,1.0,unchanged (below absolute correlation threshold),997,training only (frozen before validation refit),0.029226696149770272,-0.04317104963194821,-0.1647584113599782
3,Choquet 1-additive,average_equity_correlation_60d,-0.1170561055548677,0.1170561055548677,0.2,False,1.0,True,False,False,1.0,unchanged (below absolute correlation threshold),998,training only (frozen before validation refit),-0.06503941080801408,-0.1897408646668976,-0.13317130482989809
3,Choquet 1-additive,baa_credit_spread_pct,-0.21504485832005893,0.21504485832005893,0.2,True,0.6666666666666666,False,False,True,-1.0,multiplied by -1,998,training only (frozen before validation refit),-0.09168905121767225,-0.3546973663166238,0.0923643192453661
3,Choquet 1-additive,drawdown_severity,-0.14324759395868963,0.14324759395868963,0.2,False,1.0,True,False,False,1.0,unchanged (below absolute correlation threshold),998,training only (frozen before validation refit),-0.1351632721053589,-0.19590120221875995,-0.2684519355292454
3,Choquet 1-additive,lagged_portfolio_loss_1d,0.01997308542256331,0.01997308542256331,0.2,False,0.3333333333333333,False,False,False,1.0,unchanged (below absolute correlation threshold),998,training only (frozen before validation refit),-0.05151675584349491,0.0670152413080482,-0.019166018657862622
3,Choquet 1-additive,liquidity_stress_20d,-0.17239805998832036,0.17239805998832036,0.2,False,0.3333333333333333,False,False,False,1.0,unchanged (below absolute correlation threshold),998,training only (frozen before validation refit),0.03381849740015502,-0.28963168027029057,0.005731821744600822
3,Choquet 1-additive,market_loss_1d,-0.03712852547198916,0.03712852547198916,0.2,False,1.0,True,False,False,1.0,unchanged (below absolute correlation threshold),998,training only (frozen before validation refit),-0.0447287001507063,-0.02987297107395535,-0.060379523992803316
3,Choquet 1-additive,negative_momentum_21d,-0.10971620395907089,0.10971620395907089,0.2,False,0.6666666666666666,False,False,False,1.0,unchanged (below absolute correlation threshold),998,training only (frozen before validation refit),0.02221333474711784,-0.11989435423265994,-0.397687074857488
3,Choquet 1-additive,realized_volatility_20d,-0.15824515008791554,0.15824515008791554,0.2,False,0.6666666666666666,False,False,False,1.0,unchanged (below absolute correlation threshold),998,training only (frozen before validation refit),0.09125544891391767,-0.23707240234861662,-0.169820860091273
3,Choquet 1-additive,term_spread_10y_2y_pct,-0.1081289022379171,0.1081289022379171,0.2,False,1.0,True,False,False,1.0,unchanged (below absolute correlation threshold),998,training only (frozen before validation refit),-0.010099680308504288,-0.24135445905027786,-0.1653176687569501
3,Choquet 1-additive,vix,-0.16840362561657965,0.16840362561657965,0.2,False,1.0,True,False,False,1.0,unchanged (below absolute correlation threshold),998,training only (frozen before validation refit),-0.052575104555470244,-0.18382048835682063,-0.12605801049103346
3,Choquet 1-additive scaled-q,average_equity_correlation_60d,-0.1170561055548677,0.1170561055548677,0.2,False,1.0,True,False,False,1.0,unchanged (below absolute correlation threshold),998,training only (frozen before validation refit),-0.06503941080801408,-0.1897408646668976,-0.13317130482989809
3,Choquet 1-additive scaled-q,baa_credit_spread_pct,-0.21504485832005893,0.21504485832005893,0.2,True,0.6666666666666666,False,False,True,-1.0,multiplied by -1,998,training only (frozen before validation refit),-0.09168905121767225,-0.3546973663166238,0.0923643192453661
3,Choquet 1-additive scaled-q,drawdown_severity,-0.14324759395868963,0.14324759395868963,0.2,False,1.0,True,False,False,1.0,unchanged (below absolute correlation threshold),998,training only (frozen before validation refit),-0.1351632721053589,-0.19590120221875995,-0.2684519355292454
3,Choquet 1-additive scaled-q,lagged_portfolio_loss_1d,0.01997308542256331,0.01997308542256331,0.2,False,0.3333333333333333,False,False,False,1.0,unchanged (below absolute correlation threshold),998,training only (frozen before validation refit),-0.05151675584349491,0.0670152413080482,-0.019166018657862622
3,Choquet 1-additive scaled-q,liquidity_stress_20d,-0.17239805998832036,0.17239805998832036,0.2,False,0.3333333333333333,False,False,False,1.0,unchanged (below absolute correlation threshold),998,training only (frozen before validation refit),0.03381849740015502,-0.28963168027029057,0.005731821744600822
3,Choquet 1-additive scaled-q,market_loss_1d,-0.03712852547198916,0.03712852547198916,0.2,False,1.0,True,False,False,1.0,unchanged (below absolute correlation threshold),998,training only (frozen before validation refit),-0.0447287001507063,-0.02987297107395535,-0.060379523992803316
3,Choquet 1-additive scaled-q,negative_momentum_21d,-0.10971620395907089,0.10971620395907089,0.2,False,0.6666666666666666,False,False,False,1.0,unchanged (below absolute correlation threshold),998,training only (frozen before validation refit),0.02221333474711784,-0.11989435423265994,-0.397687074857488
3,Choquet 1-additive scaled-q,realized_volatility_20d,-0.15824515008791554,0.15824515008791554,0.2,False,0.6666666666666666,False,False,False,1.0,unchanged (below absolute correlation threshold),998,training only (frozen before validation refit),0.09125544891391767,-0.23707240234861662,-0.169820860091273
3,Choquet 1-additive scaled-q,term_spread_10y_2y_pct,-0.1081289022379171,0.1081289022379171,0.2,False,1.0,True,False,False,1.0,unchanged (below absolute correlation threshold),998,training only (frozen before validation refit),-0.010099680308504288,-0.24135445905027786,-0.1653176687569501
3,Choquet 1-additive scaled-q,vix,-0.16840362561657965,0.16840362561657965,0.2,False,1.0,True,False,False,1.0,unchanged (below absolute correlation threshold),998,training only (frozen before validation refit),-0.052575104555470244,-0.18382048835682063,-0.12605801049103346
3,Choquet 2-additive,average_equity_correlation_60d,-0.1170561055548677,0.1170561055548677,0.2,False,1.0,True,False,False,1.0,unchanged (below absolute correlation threshold),998,training only (frozen before validation refit),-0.06503941080801408,-0.1897408646668976,-0.13317130482989809
3,Choquet 2-additive,baa_credit_spread_pct,-0.21504485832005893,0.21504485832005893,0.2,True,0.6666666666666666,False,False,True,-1.0,multiplied by -1,998,training only (frozen before validation refit),-0.09168905121767225,-0.3546973663166238,0.0923643192453661
3,Choquet 2-additive,drawdown_severity,-0.14324759395868963,0.14324759395868963,0.2,False,1.0,True,False,False,1.0,unchanged (below absolute correlation threshold),998,training only (frozen before validation refit),-0.1351632721053589,-0.19590120221875995,-0.2684519355292454
3,Choquet 2-additive,lagged_portfolio_loss_1d,0.01997308542256331,0.01997308542256331,0.2,False,0.3333333333333333,False,False,False,1.0,unchanged (below absolute correlation threshold),998,training only (frozen before validation refit),-0.05151675584349491,0.0670152413080482,-0.019166018657862622
3,Choquet 2-additive,liquidity_stress_20d,-0.17239805998832036,0.17239805998832036,0.2,False,0.3333333333333333,False,False,False,1.0,unchanged (below absolute correlation threshold),998,training only (frozen before validation refit),0.03381849740015502,-0.28963168027029057,0.005731821744600822
3,Choquet 2-additive,market_loss_1d,-0.03712852547198916,0.03712852547198916,0.2,False,1.0,True,False,False,1.0,unchanged (below absolute correlation threshold),998,training only (frozen before validation refit),-0.0447287001507063,-0.02987297107395535,-0.060379523992803316
3,Choquet 2-additive,negative_momentum_21d,-0.10971620395907089,0.10971620395907089,0.2,False,0.6666666666666666,False,False,False,1.0,unchanged (below absolute correlation threshold),998,training only (frozen before validation refit),0.02221333474711784,-0.11989435423265994,-0.397687074857488
3,Choquet 2-additive,realized_volatility_20d,-0.15824515008791554,0.15824515008791554,0.2,False,0.6666666666666666,False,False,False,1.0,unchanged (below absolute correlation threshold),998,training only (frozen before validation refit),0.09125544891391767,-0.23707240234861662,-0.169820860091273
3,Choquet 2-additive,term_spread_10y_2y_pct,-0.1081289022379171,0.1081289022379171,0.2,False,1.0,True,False,False,1.0,unchanged (below absolute correlation threshold),998,training only (frozen before validation refit),-0.010099680308504288,-0.24135445905027786,-0.1653176687569501
3,Choquet 2-additive,vix,-0.16840362561657965,0.16840362561657965,0.2,False,1.0,True,False,False,1.0,unchanged (below absolute correlation threshold),998,training only (frozen before validation refit),-0.052575104555470244,-0.18382048835682063,-0.12605801049103346
3,Choquet 2-additive L1,average_equity_correlation_60d,-0.1170561055548677,0.1170561055548677,0.2,False,1.0,True,False,False,1.0,unchanged (below absolute correlation threshold),998,training only (frozen before validation refit),-0.06503941080801408,-0.1897408646668976,-0.13317130482989809
3,Choquet 2-additive L1,baa_credit_spread_pct,-0.21504485832005893,0.21504485832005893,0.2,True,0.6666666666666666,False,False,True,-1.0,multiplied by -1,998,training only (frozen before validation refit),-0.09168905121767225,-0.3546973663166238,0.0923643192453661
3,Choquet 2-additive L1,drawdown_severity,-0.14324759395868963,0.14324759395868963,0.2,False,1.0,True,False,False,1.0,unchanged (below absolute correlation threshold),998,training only (frozen before validation refit),-0.1351632721053589,-0.19590120221875995,-0.2684519355292454
3,Choquet 2-additive L1,lagged_portfolio_loss_1d,0.01997308542256331,0.01997308542256331,0.2,False,0.3333333333333333,False,False,False,1.0,unchanged (below absolute correlation threshold),998,training only (frozen before validation refit),-0.05151675584349491,0.0670152413080482,-0.019166018657862622
3,Choquet 2-additive L1,liquidity_stress_20d,-0.17239805998832036,0.17239805998832036,0.2,False,0.3333333333333333,False,False,False,1.0,unchanged (below absolute correlation threshold),998,training only (frozen before validation refit),0.03381849740015502,-0.28963168027029057,0.005731821744600822
3,Choquet 2-additive L1,market_loss_1d,-0.03712852547198916,0.03712852547198916,0.2,False,1.0,True,False,False,1.0,unchanged (below absolute correlation threshold),998,training only (frozen before validation refit),-0.0447287001507063,-0.02987297107395535,-0.060379523992803316
3,Choquet 2-additive L1,negative_momentum_21d,-0.10971620395907089,0.10971620395907089,0.2,False,0.6666666666666666,False,False,False,1.0,unchanged (below absolute correlation threshold),998,training only (frozen before validation refit),0.02221333474711784,-0.11989435423265994,-0.397687074857488
3,Choquet 2-additive L1,realized_volatility_20d,-0.15824515008791554,0.15824515008791554,0.2,False,0.6666666666666666,False,False,False,1.0,unchanged (below absolute correlation threshold),998,training only (frozen before validation refit),0.09125544891391767,-0.23707240234861662,-0.169820860091273
3,Choquet 2-additive L1,term_spread_10y_2y_pct,-0.1081289022379171,0.1081289022379171,0.2,False,1.0,True,False,False,1.0,unchanged (below absolute correlation threshold),998,training only (frozen before validation refit),-0.010099680308504288,-0.24135445905027786,-0.1653176687569501
3,Choquet 2-additive L1,vix,-0.16840362561657965,0.16840362561657965,0.2,False,1.0,True,False,False,1.0,unchanged (below absolute correlation threshold),998,training only (frozen before validation refit),-0.052575104555470244,-0.18382048835682063,-0.12605801049103346
3,Choquet 2-additive scaled-q,average_equity_correlation_60d,-0.1170561055548677,0.1170561055548677,0.2,False,1.0,True,False,False,1.0,unchanged (below absolute correlation threshold),998,training only (frozen before validation refit),-0.06503941080801408,-0.1897408646668976,-0.13317130482989809
3,Choquet 2-additive scaled-q,baa_credit_spread_pct,-0.21504485832005893,0.21504485832005893,0.2,True,0.6666666666666666,False,False,True,-1.0,multiplied by -1,998,training only (frozen before validation refit),-0.09168905121767225,-0.3546973663166238,0.0923643192453661
3,Choquet 2-additive scaled-q,drawdown_severity,-0.14324759395868963,0.14324759395868963,0.2,False,1.0,True,False,False,1.0,unchanged (below absolute correlation threshold),998,training only (frozen before validation refit),-0.1351632721053589,-0.19590120221875995,-0.2684519355292454
3,Choquet 2-additive scaled-q,lagged_portfolio_loss_1d,0.01997308542256331,0.01997308542256331,0.2,False,0.3333333333333333,False,False,False,1.0,unchanged (below absolute correlation threshold),998,training only (frozen before validation refit),-0.05151675584349491,0.0670152413080482,-0.019166018657862622
3,Choquet 2-additive scaled-q,liquidity_stress_20d,-0.17239805998832036,0.17239805998832036,0.2,False,0.3333333333333333,False,False,False,1.0,unchanged (below absolute correlation threshold),998,training only (frozen before validation refit),0.03381849740015502,-0.28963168027029057,0.005731821744600822
3,Choquet 2-additive scaled-q,market_loss_1d,-0.03712852547198916,0.03712852547198916,0.2,False,1.0,True,False,False,1.0,unchanged (below absolute correlation threshold),998,training only (frozen before validation refit),-0.0447287001507063,-0.02987297107395535,-0.060379523992803316
3,Choquet 2-additive scaled-q,negative_momentum_21d,-0.10971620395907089,0.10971620395907089,0.2,False,0.6666666666666666,False,False,False,1.0,unchanged (below absolute correlation threshold),998,training only (frozen before validation refit),0.02221333474711784,-0.11989435423265994,-0.397687074857488
3,Choquet 2-additive scaled-q,realized_volatility_20d,-0.15824515008791554,0.15824515008791554,0.2,False,0.6666666666666666,False,False,False,1.0,unchanged (below absolute correlation threshold),998,training only (frozen before validation refit),0.09125544891391767,-0.23707240234861662,-0.169820860091273
3,Choquet 2-additive scaled-q,term_spread_10y_2y_pct,-0.1081289022379171,0.1081289022379171,0.2,False,1.0,True,False,False,1.0,unchanged (below absolute correlation threshold),998,training only (frozen before validation refit),-0.010099680308504288,-0.24135445905027786,-0.1653176687569501
3,Choquet 2-additive scaled-q,vix,-0.16840362561657965,0.16840362561657965,0.2,False,1.0,True,False,False,1.0,unchanged (below absolute correlation threshold),998,training only (frozen before validation refit),-0.052575104555470244,-0.18382048835682063,-0.12605801049103346
3,Choquet 2-additive scaled-q L1,average_equity_correlation_60d,-0.1170561055548677,0.1170561055548677,0.2,False,1.0,True,False,False,1.0,unchanged (below absolute correlation threshold),998,training only (frozen before validation refit),-0.06503941080801408,-0.1897408646668976,-0.13317130482989809
3,Choquet 2-additive scaled-q L1,baa_credit_spread_pct,-0.21504485832005893,0.21504485832005893,0.2,True,0.6666666666666666,False,False,True,-1.0,multiplied by -1,998,training only (frozen before validation refit),-0.09168905121767225,-0.3546973663166238,0.0923643192453661
3,Choquet 2-additive scaled-q L1,drawdown_severity,-0.14324759395868963,0.14324759395868963,0.2,False,1.0,True,False,False,1.0,unchanged (below absolute correlation threshold),998,training only (frozen before validation refit),-0.1351632721053589,-0.19590120221875995,-0.2684519355292454
3,Choquet 2-additive scaled-q L1,lagged_portfolio_loss_1d,0.01997308542256331,0.01997308542256331,0.2,False,0.3333333333333333,False,False,False,1.0,unchanged (below absolute correlation threshold),998,training only (frozen before validation refit),-0.05151675584349491,0.0670152413080482,-0.019166018657862622
3,Choquet 2-additive scaled-q L1,liquidity_stress_20d,-0.17239805998832036,0.17239805998832036,0.2,False,0.3333333333333333,False,False,False,1.0,unchanged (below absolute correlation threshold),998,training only (frozen before validation refit),0.03381849740015502,-0.28963168027029057,0.005731821744600822
3,Choquet 2-additive scaled-q L1,market_loss_1d,-0.03712852547198916,0.03712852547198916,0.2,False,1.0,True,False,False,1.0,unchanged (below absolute correlation threshold),998,training only (frozen before validation refit),-0.0447287001507063,-0.02987297107395535,-0.060379523992803316
3,Choquet 2-additive scaled-q L1,negative_momentum_21d,-0.10971620395907089,0.10971620395907089,0.2,False,0.6666666666666666,False,False,False,1.0,unchanged (below absolute correlation threshold),998,training only (frozen before validation refit),0.02221333474711784,-0.11989435423265994,-0.397687074857488
3,Choquet 2-additive scaled-q L1,realized_volatility_20d,-0.15824515008791554,0.15824515008791554,0.2,False,0.6666666666666666,False,False,False,1.0,unchanged (below absolute correlation threshold),998,training only (frozen before validation refit),0.09125544891391767,-0.23707240234861662,-0.169820860091273
3,Choquet 2-additive scaled-q L1,term_spread_10y_2y_pct,-0.1081289022379171,0.1081289022379171,0.2,False,1.0,True,False,False,1.0,unchanged (below absolute correlation threshold),998,training only (frozen before validation refit),-0.010099680308504288,-0.24135445905027786,-0.1653176687569501
3,Choquet 2-additive scaled-q L1,vix,-0.16840362561657965,0.16840362561657965,0.2,False,1.0,True,False,False,1.0,unchanged (below absolute correlation threshold),998,training only (frozen before validation refit),-0.052575104555470244,-0.18382048835682063,-0.12605801049103346
3,Fuzzy Choquet neural network,average_equity_correlation_60d,-0.1170561055548677,0.1170561055548677,0.2,False,1.0,True,False,False,1.0,unchanged (below absolute correlation threshold),998,training only (frozen before validation refit),-0.06503941080801408,-0.1897408646668976,-0.13317130482989809
3,Fuzzy Choquet neural network,baa_credit_spread_pct,-0.21504485832005893,0.21504485832005893,0.2,True,0.6666666666666666,False,False,True,-1.0,multiplied by -1,998,training only (frozen before validation refit),-0.09168905121767225,-0.3546973663166238,0.0923643192453661
3,Fuzzy Choquet neural network,drawdown_severity,-0.14324759395868963,0.14324759395868963,0.2,False,1.0,True,False,False,1.0,unchanged (below absolute correlation threshold),998,training only (frozen before validation refit),-0.1351632721053589,-0.19590120221875995,-0.2684519355292454
3,Fuzzy Choquet neural network,lagged_portfolio_loss_1d,0.01997308542256331,0.01997308542256331,0.2,False,0.3333333333333333,False,False,False,1.0,unchanged (below absolute correlation threshold),998,training only (frozen before validation refit),-0.05151675584349491,0.0670152413080482,-0.019166018657862622
3,Fuzzy Choquet neural network,liquidity_stress_20d,-0.17239805998832036,0.17239805998832036,0.2,False,0.3333333333333333,False,False,False,1.0,unchanged (below absolute correlation threshold),998,training only (frozen before validation refit),0.03381849740015502,-0.28963168027029057,0.005731821744600822
3,Fuzzy Choquet neural network,market_loss_1d,-0.03712852547198916,0.03712852547198916,0.2,False,1.0,True,False,False,1.0,unchanged (below absolute correlation threshold),998,training only (frozen before validation refit),-0.0447287001507063,-0.02987297107395535,-0.060379523992803316
3,Fuzzy Choquet neural network,negative_momentum_21d,-0.10971620395907089,0.10971620395907089,0.2,False,0.6666666666666666,False,False,False,1.0,unchanged (below absolute correlation threshold),998,training only (frozen before validation refit),0.02221333474711784,-0.11989435423265994,-0.397687074857488
3,Fuzzy Choquet neural network,realized_volatility_20d,-0.15824515008791554,0.15824515008791554,0.2,False,0.6666666666666666,False,False,False,1.0,unchanged (below absolute correlation threshold),998,training only (frozen before validation refit),0.09125544891391767,-0.23707240234861662,-0.169820860091273
3,Fuzzy Choquet neural network,term_spread_10y_2y_pct,-0.1081289022379171,0.1081289022379171,0.2,False,1.0,True,False,False,1.0,unchanged (below absolute correlation threshold),998,training only (frozen before validation refit),-0.010099680308504288,-0.24135445905027786,-0.1653176687569501
3,Fuzzy Choquet neural network,vix,-0.16840362561657965,0.16840362561657965,0.2,False,1.0,True,False,False,1.0,unchanged (below absolute correlation threshold),998,training only (frozen before validation refit),-0.052575104555470244,-0.18382048835682063,-0.12605801049103346
3,Monotone linear,average_equity_correlation_60d,-0.1170561055548677,0.1170561055548677,0.2,False,1.0,True,False,False,1.0,unchanged (below absolute correlation threshold),998,training only (frozen before validation refit),-0.06503941080801408,-0.1897408646668976,-0.13317130482989809
3,Monotone linear,baa_credit_spread_pct,-0.21504485832005893,0.21504485832005893,0.2,True,0.6666666666666666,False,False,True,-1.0,multiplied by -1,998,training only (frozen before validation refit),-0.09168905121767225,-0.3546973663166238,0.0923643192453661
3,Monotone linear,drawdown_severity,-0.14324759395868963,0.14324759395868963,0.2,False,1.0,True,False,False,1.0,unchanged (below absolute correlation threshold),998,training only (frozen before validation refit),-0.1351632721053589,-0.19590120221875995,-0.2684519355292454
3,Monotone linear,lagged_portfolio_loss_1d,0.01997308542256331,0.01997308542256331,0.2,False,0.3333333333333333,False,False,False,1.0,unchanged (below absolute correlation threshold),998,training only (frozen before validation refit),-0.05151675584349491,0.0670152413080482,-0.019166018657862622
3,Monotone linear,liquidity_stress_20d,-0.17239805998832036,0.17239805998832036,0.2,False,0.3333333333333333,False,False,False,1.0,unchanged (below absolute correlation threshold),998,training only (frozen before validation refit),0.03381849740015502,-0.28963168027029057,0.005731821744600822
3,Monotone linear,market_loss_1d,-0.03712852547198916,0.03712852547198916,0.2,False,1.0,True,False,False,1.0,unchanged (below absolute correlation threshold),998,training only (frozen before validation refit),-0.0447287001507063,-0.02987297107395535,-0.060379523992803316
3,Monotone linear,negative_momentum_21d,-0.10971620395907089,0.10971620395907089,0.2,False,0.6666666666666666,False,False,False,1.0,unchanged (below absolute correlation threshold),998,training only (frozen before validation refit),0.02221333474711784,-0.11989435423265994,-0.397687074857488
3,Monotone linear,realized_volatility_20d,-0.15824515008791554,0.15824515008791554,0.2,False,0.6666666666666666,False,False,False,1.0,unchanged (below absolute correlation threshold),998,training only (frozen before validation refit),0.09125544891391767,-0.23707240234861662,-0.169820860091273
3,Monotone linear,term_spread_10y_2y_pct,-0.1081289022379171,0.1081289022379171,0.2,False,1.0,True,False,False,1.0,unchanged (below absolute correlation threshold),998,training only (frozen before validation refit),-0.010099680308504288,-0.24135445905027786,-0.1653176687569501
3,Monotone linear,vix,-0.16840362561657965,0.16840362561657965,0.2,False,1.0,True,False,False,1.0,unchanged (below absolute correlation threshold),998,training only (frozen before validation refit),-0.052575104555470244,-0.18382048835682063,-0.12605801049103346
3,OLS oriented,average_equity_correlation_60d,-0.1170561055548677,0.1170561055548677,0.2,False,1.0,True,False,False,1.0,unchanged (below absolute correlation threshold),998,training only (frozen before validation refit),-0.06503941080801408,-0.1897408646668976,-0.13317130482989809
3,OLS oriented,baa_credit_spread_pct,-0.21504485832005893,0.21504485832005893,0.2,True,0.6666666666666666,False,False,True,-1.0,multiplied by -1,998,training only (frozen before validation refit),-0.09168905121767225,-0.3546973663166238,0.0923643192453661
3,OLS oriented,drawdown_severity,-0.14324759395868963,0.14324759395868963,0.2,False,1.0,True,False,False,1.0,unchanged (below absolute correlation threshold),998,training only (frozen before validation refit),-0.1351632721053589,-0.19590120221875995,-0.2684519355292454
3,OLS oriented,lagged_portfolio_loss_1d,0.01997308542256331,0.01997308542256331,0.2,False,0.3333333333333333,False,False,False,1.0,unchanged (below absolute correlation threshold),998,training only (frozen before validation refit),-0.05151675584349491,0.0670152413080482,-0.019166018657862622
3,OLS oriented,liquidity_stress_20d,-0.17239805998832036,0.17239805998832036,0.2,False,0.3333333333333333,False,False,False,1.0,unchanged (below absolute correlation threshold),998,training only (frozen before validation refit),0.03381849740015502,-0.28963168027029057,0.005731821744600822
3,OLS oriented,market_loss_1d,-0.03712852547198916,0.03712852547198916,0.2,False,1.0,True,False,False,1.0,unchanged (below absolute correlation threshold),998,training only (frozen before validation refit),-0.0447287001507063,-0.02987297107395535,-0.060379523992803316
3,OLS oriented,negative_momentum_21d,-0.10971620395907089,0.10971620395907089,0.2,False,0.6666666666666666,False,False,False,1.0,unchanged (below absolute correlation threshold),998,training only (frozen before validation refit),0.02221333474711784,-0.11989435423265994,-0.397687074857488
3,OLS oriented,realized_volatility_20d,-0.15824515008791554,0.15824515008791554,0.2,False,0.6666666666666666,False,False,False,1.0,unchanged (below absolute correlation threshold),998,training only (frozen before validation refit),0.09125544891391767,-0.23707240234861662,-0.169820860091273
3,OLS oriented,term_spread_10y_2y_pct,-0.1081289022379171,0.1081289022379171,0.2,False,1.0,True,False,False,1.0,unchanged (below absolute correlation threshold),998,training only (frozen before validation refit),-0.010099680308504288,-0.24135445905027786,-0.1653176687569501
3,OLS oriented,vix,-0.16840362561657965,0.16840362561657965,0.2,False,1.0,True,False,False,1.0,unchanged (below absolute correlation threshold),998,training only (frozen before validation refit),-0.052575104555470244,-0.18382048835682063,-0.12605801049103346
4,Choquet 1-additive,average_equity_correlation_60d,-0.13631178950287118,0.13631178950287118,0.2,False,1.0,True,False,False,1.0,unchanged (below absolute correlation threshold),998,training only (frozen before validation refit),-0.18778708308729367,-0.18194945038841048,-0.12221164414020076
4,Choquet 1-additive,baa_credit_spread_pct,-0.25649973495180656,0.25649973495180656,0.2,True,1.0,True,False,True,-1.0,multiplied by -1,998,training only (frozen before validation refit),-0.31610332659051077,-0.1385073798873134,-0.15214692622038978
4,Choquet 1-additive,drawdown_severity,-0.14435596515430682,0.14435596515430682,0.2,False,1.0,True,False,False,1.0,unchanged (below absolute correlation threshold),998,training only (frozen before validation refit),-0.2554075971973245,-0.30713234698424335,-0.17863194664086135
4,Choquet 1-additive,lagged_portfolio_loss_1d,0.01068506353098313,0.01068506353098313,0.2,False,0.3333333333333333,False,False,False,1.0,unchanged (below absolute correlation threshold),998,training only (frozen before validation refit),0.06254367082683608,-0.043715298474025055,-0.043884013771332976
4,Choquet 1-additive,liquidity_stress_20d,-0.20072069889514618,0.20072069889514618,0.2,True,1.0,True,False,True,-1.0,multiplied by -1,998,training only (frozen before validation refit),-0.24126648734007267,-0.14842660541784725,-0.12022385198625843
4,Choquet 1-additive,market_loss_1d,-0.03630663497855429,0.03630663497855429,0.2,False,1.0,True,False,False,1.0,unchanged (below absolute correlation threshold),998,training only (frozen before validation refit),-0.021868748204526067,-0.10903383307103592,-0.045870245617090445
4,Choquet 1-additive,negative_momentum_21d,-0.13035307971892587,0.13035307971892587,0.2,False,1.0,True,False,False,1.0,unchanged (below absolute correlation threshold),998,training only (frozen before validation refit),-0.17741165500562117,-0.32187448041462,-0.11240798779772436
4,Choquet 1-additive,realized_volatility_20d,-0.14718321635590156,0.14718321635590156,0.2,False,1.0,True,False,False,1.0,unchanged (below absolute correlation threshold),998,training only (frozen before validation refit),-0.24142140738843657,-0.18205007825180375,-0.004623529011413367
4,Choquet 1-additive,term_spread_10y_2y_pct,-0.10801323710977977,0.10801323710977977,0.2,False,0.6666666666666666,False,False,False,1.0,unchanged (below absolute correlation threshold),998,training only (frozen before validation refit),-0.1605160312666679,0.05704301640550396,-0.07590326179744836
4,Choquet 1-additive,vix,-0.14240403709628718,0.14240403709628718,0.2,False,1.0,True,False,False,1.0,unchanged (below absolute correlation threshold),998,training only (frozen before validation refit),-0.13805920674077218,-0.22967313884121754,-0.18772547294864853
4,Choquet 1-additive scaled-q,average_equity_correlation_60d,-0.13631178950287118,0.13631178950287118,0.2,False,1.0,True,False,False,1.0,unchanged (below absolute correlation threshold),998,training only (frozen before validation refit),-0.18778708308729367,-0.18194945038841048,-0.12221164414020076
4,Choquet 1-additive scaled-q,baa_credit_spread_pct,-0.25649973495180656,0.25649973495180656,0.2,True,1.0,True,False,True,-1.0,multiplied by -1,998,training only (frozen before validation refit),-0.31610332659051077,-0.1385073798873134,-0.15214692622038978
4,Choquet 1-additive scaled-q,drawdown_severity,-0.14435596515430682,0.14435596515430682,0.2,False,1.0,True,False,False,1.0,unchanged (below absolute correlation threshold),998,training only (frozen before validation refit),-0.2554075971973245,-0.30713234698424335,-0.17863194664086135
4,Choquet 1-additive scaled-q,lagged_portfolio_loss_1d,0.01068506353098313,0.01068506353098313,0.2,False,0.3333333333333333,False,False,False,1.0,unchanged (below absolute correlation threshold),998,training only (frozen before validation refit),0.06254367082683608,-0.043715298474025055,-0.043884013771332976
4,Choquet 1-additive scaled-q,liquidity_stress_20d,-0.20072069889514618,0.20072069889514618,0.2,True,1.0,True,False,True,-1.0,multiplied by -1,998,training only (frozen before validation refit),-0.24126648734007267,-0.14842660541784725,-0.12022385198625843
4,Choquet 1-additive scaled-q,market_loss_1d,-0.03630663497855429,0.03630663497855429,0.2,False,1.0,True,False,False,1.0,unchanged (below absolute correlation threshold),998,training only (frozen before validation refit),-0.021868748204526067,-0.10903383307103592,-0.045870245617090445
4,Choquet 1-additive scaled-q,negative_momentum_21d,-0.13035307971892587,0.13035307971892587,0.2,False,1.0,True,False,False,1.0,unchanged (below absolute correlation threshold),998,training only (frozen before validation refit),-0.17741165500562117,-0.32187448041462,-0.11240798779772436
4,Choquet 1-additive scaled-q,realized_volatility_20d,-0.14718321635590156,0.14718321635590156,0.2,False,1.0,True,False,False,1.0,unchanged (below absolute correlation threshold),998,training only (frozen before validation refit),-0.24142140738843657,-0.18205007825180375,-0.004623529011413367
4,Choquet 1-additive scaled-q,term_spread_10y_2y_pct,-0.10801323710977977,0.10801323710977977,0.2,False,0.6666666666666666,False,False,False,1.0,unchanged (below absolute correlation threshold),998,training only (frozen before validation refit),-0.1605160312666679,0.05704301640550396,-0.07590326179744836
4,Choquet 1-additive scaled-q,vix,-0.14240403709628718,0.14240403709628718,0.2,False,1.0,True,False,False,1.0,unchanged (below absolute correlation threshold),998,training only (frozen before validation refit),-0.13805920674077218,-0.22967313884121754,-0.18772547294864853
4,Choquet 2-additive,average_equity_correlation_60d,-0.13631178950287118,0.13631178950287118,0.2,False,1.0,True,False,False,1.0,unchanged (below absolute correlation threshold),998,training only (frozen before validation refit),-0.18778708308729367,-0.18194945038841048,-0.12221164414020076
4,Choquet 2-additive,baa_credit_spread_pct,-0.25649973495180656,0.25649973495180656,0.2,True,1.0,True,False,True,-1.0,multiplied by -1,998,training only (frozen before validation refit),-0.31610332659051077,-0.1385073798873134,-0.15214692622038978
4,Choquet 2-additive,drawdown_severity,-0.14435596515430682,0.14435596515430682,0.2,False,1.0,True,False,False,1.0,unchanged (below absolute correlation threshold),998,training only (frozen before validation refit),-0.2554075971973245,-0.30713234698424335,-0.17863194664086135
4,Choquet 2-additive,lagged_portfolio_loss_1d,0.01068506353098313,0.01068506353098313,0.2,False,0.3333333333333333,False,False,False,1.0,unchanged (below absolute correlation threshold),998,training only (frozen before validation refit),0.06254367082683608,-0.043715298474025055,-0.043884013771332976
4,Choquet 2-additive,liquidity_stress_20d,-0.20072069889514618,0.20072069889514618,0.2,True,1.0,True,False,True,-1.0,multiplied by -1,998,training only (frozen before validation refit),-0.24126648734007267,-0.14842660541784725,-0.12022385198625843
4,Choquet 2-additive,market_loss_1d,-0.03630663497855429,0.03630663497855429,0.2,False,1.0,True,False,False,1.0,unchanged (below absolute correlation threshold),998,training only (frozen before validation refit),-0.021868748204526067,-0.10903383307103592,-0.045870245617090445
4,Choquet 2-additive,negative_momentum_21d,-0.13035307971892587,0.13035307971892587,0.2,False,1.0,True,False,False,1.0,unchanged (below absolute correlation threshold),998,training only (frozen before validation refit),-0.17741165500562117,-0.32187448041462,-0.11240798779772436
4,Choquet 2-additive,realized_volatility_20d,-0.14718321635590156,0.14718321635590156,0.2,False,1.0,True,False,False,1.0,unchanged (below absolute correlation threshold),998,training only (frozen before validation refit),-0.24142140738843657,-0.18205007825180375,-0.004623529011413367
4,Choquet 2-additive,term_spread_10y_2y_pct,-0.10801323710977977,0.10801323710977977,0.2,False,0.6666666666666666,False,False,False,1.0,unchanged (below absolute correlation threshold),998,training only (frozen before validation refit),-0.1605160312666679,0.05704301640550396,-0.07590326179744836
4,Choquet 2-additive,vix,-0.14240403709628718,0.14240403709628718,0.2,False,1.0,True,False,False,1.0,unchanged (below absolute correlation threshold),998,training only (frozen before validation refit),-0.13805920674077218,-0.22967313884121754,-0.18772547294864853
4,Choquet 2-additive L1,average_equity_correlation_60d,-0.13631178950287118,0.13631178950287118,0.2,False,1.0,True,False,False,1.0,unchanged (below absolute correlation threshold),998,training only (frozen before validation refit),-0.18778708308729367,-0.18194945038841048,-0.12221164414020076
4,Choquet 2-additive L1,baa_credit_spread_pct,-0.25649973495180656,0.25649973495180656,0.2,True,1.0,True,False,True,-1.0,multiplied by -1,998,training only (frozen before validation refit),-0.31610332659051077,-0.1385073798873134,-0.15214692622038978
4,Choquet 2-additive L1,drawdown_severity,-0.14435596515430682,0.14435596515430682,0.2,False,1.0,True,False,False,1.0,unchanged (below absolute correlation threshold),998,training only (frozen before validation refit),-0.2554075971973245,-0.30713234698424335,-0.17863194664086135
4,Choquet 2-additive L1,lagged_portfolio_loss_1d,0.01068506353098313,0.01068506353098313,0.2,False,0.3333333333333333,False,False,False,1.0,unchanged (below absolute correlation threshold),998,training only (frozen before validation refit),0.06254367082683608,-0.043715298474025055,-0.043884013771332976
4,Choquet 2-additive L1,liquidity_stress_20d,-0.20072069889514618,0.20072069889514618,0.2,True,1.0,True,False,True,-1.0,multiplied by -1,998,training only (frozen before validation refit),-0.24126648734007267,-0.14842660541784725,-0.12022385198625843
4,Choquet 2-additive L1,market_loss_1d,-0.03630663497855429,0.03630663497855429,0.2,False,1.0,True,False,False,1.0,unchanged (below absolute correlation threshold),998,training only (frozen before validation refit),-0.021868748204526067,-0.10903383307103592,-0.045870245617090445
4,Choquet 2-additive L1,negative_momentum_21d,-0.13035307971892587,0.13035307971892587,0.2,False,1.0,True,False,False,1.0,unchanged (below absolute correlation threshold),998,training only (frozen before validation refit),-0.17741165500562117,-0.32187448041462,-0.11240798779772436
4,Choquet 2-additive L1,realized_volatility_20d,-0.14718321635590156,0.14718321635590156,0.2,False,1.0,True,False,False,1.0,unchanged (below absolute correlation threshold),998,training only (frozen before validation refit),-0.24142140738843657,-0.18205007825180375,-0.004623529011413367
4,Choquet 2-additive L1,term_spread_10y_2y_pct,-0.10801323710977977,0.10801323710977977,0.2,False,0.6666666666666666,False,False,False,1.0,unchanged (below absolute correlation threshold),998,training only (frozen before validation refit),-0.1605160312666679,0.05704301640550396,-0.07590326179744836
4,Choquet 2-additive L1,vix,-0.14240403709628718,0.14240403709628718,0.2,False,1.0,True,False,False,1.0,unchanged (below absolute correlation threshold),998,training only (frozen before validation refit),-0.13805920674077218,-0.22967313884121754,-0.18772547294864853
4,Choquet 2-additive scaled-q,average_equity_correlation_60d,-0.13631178950287118,0.13631178950287118,0.2,False,1.0,True,False,False,1.0,unchanged (below absolute correlation threshold),998,training only (frozen before validation refit),-0.18778708308729367,-0.18194945038841048,-0.12221164414020076
4,Choquet 2-additive scaled-q,baa_credit_spread_pct,-0.25649973495180656,0.25649973495180656,0.2,True,1.0,True,False,True,-1.0,multiplied by -1,998,training only (frozen before validation refit),-0.31610332659051077,-0.1385073798873134,-0.15214692622038978
4,Choquet 2-additive scaled-q,drawdown_severity,-0.14435596515430682,0.14435596515430682,0.2,False,1.0,True,False,False,1.0,unchanged (below absolute correlation threshold),998,training only (frozen before validation refit),-0.2554075971973245,-0.30713234698424335,-0.17863194664086135
4,Choquet 2-additive scaled-q,lagged_portfolio_loss_1d,0.01068506353098313,0.01068506353098313,0.2,False,0.3333333333333333,False,False,False,1.0,unchanged (below absolute correlation threshold),998,training only (frozen before validation refit),0.06254367082683608,-0.043715298474025055,-0.043884013771332976
4,Choquet 2-additive scaled-q,liquidity_stress_20d,-0.20072069889514618,0.20072069889514618,0.2,True,1.0,True,False,True,-1.0,multiplied by -1,998,training only (frozen before validation refit),-0.24126648734007267,-0.14842660541784725,-0.12022385198625843
4,Choquet 2-additive scaled-q,market_loss_1d,-0.03630663497855429,0.03630663497855429,0.2,False,1.0,True,False,False,1.0,unchanged (below absolute correlation threshold),998,training only (frozen before validation refit),-0.021868748204526067,-0.10903383307103592,-0.045870245617090445
4,Choquet 2-additive scaled-q,negative_momentum_21d,-0.13035307971892587,0.13035307971892587,0.2,False,1.0,True,False,False,1.0,unchanged (below absolute correlation threshold),998,training only (frozen before validation refit),-0.17741165500562117,-0.32187448041462,-0.11240798779772436
4,Choquet 2-additive scaled-q,realized_volatility_20d,-0.14718321635590156,0.14718321635590156,0.2,False,1.0,True,False,False,1.0,unchanged (below absolute correlation threshold),998,training only (frozen before validation refit),-0.24142140738843657,-0.18205007825180375,-0.004623529011413367
4,Choquet 2-additive scaled-q,term_spread_10y_2y_pct,-0.10801323710977977,0.10801323710977977,0.2,False,0.6666666666666666,False,False,False,1.0,unchanged (below absolute correlation threshold),998,training only (frozen before validation refit),-0.1605160312666679,0.05704301640550396,-0.07590326179744836
4,Choquet 2-additive scaled-q,vix,-0.14240403709628718,0.14240403709628718,0.2,False,1.0,True,False,False,1.0,unchanged (below absolute correlation threshold),998,training only (frozen before validation refit),-0.13805920674077218,-0.22967313884121754,-0.18772547294864853
4,Choquet 2-additive scaled-q L1,average_equity_correlation_60d,-0.13631178950287118,0.13631178950287118,0.2,False,1.0,True,False,False,1.0,unchanged (below absolute correlation threshold),998,training only (frozen before validation refit),-0.18778708308729367,-0.18194945038841048,-0.12221164414020076
4,Choquet 2-additive scaled-q L1,baa_credit_spread_pct,-0.25649973495180656,0.25649973495180656,0.2,True,1.0,True,False,True,-1.0,multiplied by -1,998,training only (frozen before validation refit),-0.31610332659051077,-0.1385073798873134,-0.15214692622038978
4,Choquet 2-additive scaled-q L1,drawdown_severity,-0.14435596515430682,0.14435596515430682,0.2,False,1.0,True,False,False,1.0,unchanged (below absolute correlation threshold),998,training only (frozen before validation refit),-0.2554075971973245,-0.30713234698424335,-0.17863194664086135
4,Choquet 2-additive scaled-q L1,lagged_portfolio_loss_1d,0.01068506353098313,0.01068506353098313,0.2,False,0.3333333333333333,False,False,False,1.0,unchanged (below absolute correlation threshold),998,training only (frozen before validation refit),0.06254367082683608,-0.043715298474025055,-0.043884013771332976
4,Choquet 2-additive scaled-q L1,liquidity_stress_20d,-0.20072069889514618,0.20072069889514618,0.2,True,1.0,True,False,True,-1.0,multiplied by -1,998,training only (frozen before validation refit),-0.24126648734007267,-0.14842660541784725,-0.12022385198625843
4,Choquet 2-additive scaled-q L1,market_loss_1d,-0.03630663497855429,0.03630663497855429,0.2,False,1.0,True,False,False,1.0,unchanged (below absolute correlation threshold),998,training only (frozen before validation refit),-0.021868748204526067,-0.10903383307103592,-0.045870245617090445
4,Choquet 2-additive scaled-q L1,negative_momentum_21d,-0.13035307971892587,0.13035307971892587,0.2,False,1.0,True,False,False,1.0,unchanged (below absolute correlation threshold),998,training only (frozen before validation refit),-0.17741165500562117,-0.32187448041462,-0.11240798779772436
4,Choquet 2-additive scaled-q L1,realized_volatility_20d,-0.14718321635590156,0.14718321635590156,0.2,False,1.0,True,False,False,1.0,unchanged (below absolute correlation threshold),998,training only (frozen before validation refit),-0.24142140738843657,-0.18205007825180375,-0.004623529011413367
4,Choquet 2-additive scaled-q L1,term_spread_10y_2y_pct,-0.10801323710977977,0.10801323710977977,0.2,False,0.6666666666666666,False,False,False,1.0,unchanged (below absolute correlation threshold),998,training only (frozen before validation refit),-0.1605160312666679,0.05704301640550396,-0.07590326179744836
4,Choquet 2-additive scaled-q L1,vix,-0.14240403709628718,0.14240403709628718,0.2,False,1.0,True,False,False,1.0,unchanged (below absolute correlation threshold),998,training only (frozen before validation refit),-0.13805920674077218,-0.22967313884121754,-0.18772547294864853
4,Fuzzy Choquet neural network,average_equity_correlation_60d,-0.13631178950287118,0.13631178950287118,0.2,False,1.0,True,False,False,1.0,unchanged (below absolute correlation threshold),998,training only (frozen before validation refit),-0.18778708308729367,-0.18194945038841048,-0.12221164414020076
4,Fuzzy Choquet neural network,baa_credit_spread_pct,-0.25649973495180656,0.25649973495180656,0.2,True,1.0,True,False,True,-1.0,multiplied by -1,998,training only (frozen before validation refit),-0.31610332659051077,-0.1385073798873134,-0.15214692622038978
4,Fuzzy Choquet neural network,drawdown_severity,-0.14435596515430682,0.14435596515430682,0.2,False,1.0,True,False,False,1.0,unchanged (below absolute correlation threshold),998,training only (frozen before validation refit),-0.2554075971973245,-0.30713234698424335,-0.17863194664086135
4,Fuzzy Choquet neural network,lagged_portfolio_loss_1d,0.01068506353098313,0.01068506353098313,0.2,False,0.3333333333333333,False,False,False,1.0,unchanged (below absolute correlation threshold),998,training only (frozen before validation refit),0.06254367082683608,-0.043715298474025055,-0.043884013771332976
4,Fuzzy Choquet neural network,liquidity_stress_20d,-0.20072069889514618,0.20072069889514618,0.2,True,1.0,True,False,True,-1.0,multiplied by -1,998,training only (frozen before validation refit),-0.24126648734007267,-0.14842660541784725,-0.12022385198625843
4,Fuzzy Choquet neural network,market_loss_1d,-0.03630663497855429,0.03630663497855429,0.2,False,1.0,True,False,False,1.0,unchanged (below absolute correlation threshold),998,training only (frozen before validation refit),-0.021868748204526067,-0.10903383307103592,-0.045870245617090445
4,Fuzzy Choquet neural network,negative_momentum_21d,-0.13035307971892587,0.13035307971892587,0.2,False,1.0,True,False,False,1.0,unchanged (below absolute correlation threshold),998,training only (frozen before validation refit),-0.17741165500562117,-0.32187448041462,-0.11240798779772436
4,Fuzzy Choquet neural network,realized_volatility_20d,-0.14718321635590156,0.14718321635590156,0.2,False,1.0,True,False,False,1.0,unchanged (below absolute correlation threshold),998,training only (frozen before validation refit),-0.24142140738843657,-0.18205007825180375,-0.004623529011413367
4,Fuzzy Choquet neural network,term_spread_10y_2y_pct,-0.10801323710977977,0.10801323710977977,0.2,False,0.6666666666666666,False,False,False,1.0,unchanged (below absolute correlation threshold),998,training only (frozen before validation refit),-0.1605160312666679,0.05704301640550396,-0.07590326179744836
4,Fuzzy Choquet neural network,vix,-0.14240403709628718,0.14240403709628718,0.2,False,1.0,True,False,False,1.0,unchanged (below absolute correlation threshold),998,training only (frozen before validation refit),-0.13805920674077218,-0.22967313884121754,-0.18772547294864853
4,Monotone linear,average_equity_correlation_60d,-0.13631178950287118,0.13631178950287118,0.2,False,1.0,True,False,False,1.0,unchanged (below absolute correlation threshold),998,training only (frozen before validation refit),-0.18778708308729367,-0.18194945038841048,-0.12221164414020076
4,Monotone linear,baa_credit_spread_pct,-0.25649973495180656,0.25649973495180656,0.2,True,1.0,True,False,True,-1.0,multiplied by -1,998,training only (frozen before validation refit),-0.31610332659051077,-0.1385073798873134,-0.15214692622038978
4,Monotone linear,drawdown_severity,-0.14435596515430682,0.14435596515430682,0.2,False,1.0,True,False,False,1.0,unchanged (below absolute correlation threshold),998,training only (frozen before validation refit),-0.2554075971973245,-0.30713234698424335,-0.17863194664086135
4,Monotone linear,lagged_portfolio_loss_1d,0.01068506353098313,0.01068506353098313,0.2,False,0.3333333333333333,False,False,False,1.0,unchanged (below absolute correlation threshold),998,training only (frozen before validation refit),0.06254367082683608,-0.043715298474025055,-0.043884013771332976
4,Monotone linear,liquidity_stress_20d,-0.20072069889514618,0.20072069889514618,0.2,True,1.0,True,False,True,-1.0,multiplied by -1,998,training only (frozen before validation refit),-0.24126648734007267,-0.14842660541784725,-0.12022385198625843
4,Monotone linear,market_loss_1d,-0.03630663497855429,0.03630663497855429,0.2,False,1.0,True,False,False,1.0,unchanged (below absolute correlation threshold),998,training only (frozen before validation refit),-0.021868748204526067,-0.10903383307103592,-0.045870245617090445
4,Monotone linear,negative_momentum_21d,-0.13035307971892587,0.13035307971892587,0.2,False,1.0,True,False,False,1.0,unchanged (below absolute correlation threshold),998,training only (frozen before validation refit),-0.17741165500562117,-0.32187448041462,-0.11240798779772436
4,Monotone linear,realized_volatility_20d,-0.14718321635590156,0.14718321635590156,0.2,False,1.0,True,False,False,1.0,unchanged (below absolute correlation threshold),998,training only (frozen before validation refit),-0.24142140738843657,-0.18205007825180375,-0.004623529011413367
4,Monotone linear,term_spread_10y_2y_pct,-0.10801323710977977,0.10801323710977977,0.2,False,0.6666666666666666,False,False,False,1.0,unchanged (below absolute correlation threshold),998,training only (frozen before validation refit),-0.1605160312666679,0.05704301640550396,-0.07590326179744836
4,Monotone linear,vix,-0.14240403709628718,0.14240403709628718,0.2,False,1.0,True,False,False,1.0,unchanged (below absolute correlation threshold),998,training only (frozen before validation refit),-0.13805920674077218,-0.22967313884121754,-0.18772547294864853
4,OLS oriented,average_equity_correlation_60d,-0.13631178950287118,0.13631178950287118,0.2,False,1.0,True,False,False,1.0,unchanged (below absolute correlation threshold),998,training only (frozen before validation refit),-0.18778708308729367,-0.18194945038841048,-0.12221164414020076
4,OLS oriented,baa_credit_spread_pct,-0.25649973495180656,0.25649973495180656,0.2,True,1.0,True,False,True,-1.0,multiplied by -1,998,training only (frozen before validation refit),-0.31610332659051077,-0.1385073798873134,-0.15214692622038978
4,OLS oriented,drawdown_severity,-0.14435596515430682,0.14435596515430682,0.2,False,1.0,True,False,False,1.0,unchanged (below absolute correlation threshold),998,training only (frozen before validation refit),-0.2554075971973245,-0.30713234698424335,-0.17863194664086135
4,OLS oriented,lagged_portfolio_loss_1d,0.01068506353098313,0.01068506353098313,0.2,False,0.3333333333333333,False,False,False,1.0,unchanged (below absolute correlation threshold),998,training only (frozen before validation refit),0.06254367082683608,-0.043715298474025055,-0.043884013771332976
4,OLS oriented,liquidity_stress_20d,-0.20072069889514618,0.20072069889514618,0.2,True,1.0,True,False,True,-1.0,multiplied by -1,998,training only (frozen before validation refit),-0.24126648734007267,-0.14842660541784725,-0.12022385198625843
4,OLS oriented,market_loss_1d,-0.03630663497855429,0.03630663497855429,0.2,False,1.0,True,False,False,1.0,unchanged (below absolute correlation threshold),998,training only (frozen before validation refit),-0.021868748204526067,-0.10903383307103592,-0.045870245617090445
4,OLS oriented,negative_momentum_21d,-0.13035307971892587,0.13035307971892587,0.2,False,1.0,True,False,False,1.0,unchanged (below absolute correlation threshold),998,training only (frozen before validation refit),-0.17741165500562117,-0.32187448041462,-0.11240798779772436
4,OLS oriented,realized_volatility_20d,-0.14718321635590156,0.14718321635590156,0.2,False,1.0,True,False,False,1.0,unchanged (below absolute correlation threshold),998,training only (frozen before validation refit),-0.24142140738843657,-0.18205007825180375,-0.004623529011413367
4,OLS oriented,term_spread_10y_2y_pct,-0.10801323710977977,0.10801323710977977,0.2,False,0.6666666666666666,False,False,False,1.0,unchanged (below absolute correlation threshold),998,training only (frozen before validation refit),-0.1605160312666679,0.05704301640550396,-0.07590326179744836
4,OLS oriented,vix,-0.14240403709628718,0.14240403709628718,0.2,False,1.0,True,False,False,1.0,unchanged (below absolute correlation threshold),998,training only (frozen before validation refit),-0.13805920674077218,-0.22967313884121754,-0.18772547294864853
5,Choquet 1-additive,average_equity_correlation_60d,-0.0951454473697967,0.0951454473697967,0.2,False,0.6666666666666666,False,False,False,1.0,unchanged (below absolute correlation threshold),996,training only (frozen before validation refit),-0.1446031769934848,-0.09279186075030349,0.038920917795069065
5,Choquet 1-additive,baa_credit_spread_pct,-0.227892891169083,0.227892891169083,0.2,True,1.0,True,False,True,-1.0,multiplied by -1,996,training only (frozen before validation refit),-0.32176624546498883,-0.14597177658255459,-0.12815029990501675
5,Choquet 1-additive,drawdown_severity,-0.13616227770337902,0.13616227770337902,0.2,False,1.0,True,False,False,1.0,unchanged (below absolute correlation threshold),996,training only (frozen before validation refit),-0.22073167076443798,-0.12908124801649257,-0.026254572274735155
5,Choquet 1-additive,lagged_portfolio_loss_1d,0.016762829687828617,0.016762829687828617,0.2,False,0.3333333333333333,False,False,False,1.0,unchanged (below absolute correlation threshold),996,training only (frozen before validation refit),0.06031968662728857,-0.034376172064900026,-0.02877376864692288
5,Choquet 1-additive,liquidity_stress_20d,-0.16989637470800587,0.16989637470800587,0.2,False,1.0,True,False,False,1.0,unchanged (below absolute correlation threshold),996,training only (frozen before validation refit),-0.25589951286733403,-0.04447551300947159,-0.0015171047564000882
5,Choquet 1-additive,market_loss_1d,-0.03360941867122646,0.03360941867122646,0.2,False,1.0,True,False,False,1.0,unchanged (below absolute correlation threshold),996,training only (frozen before validation refit),-0.036946699707146084,-0.036380438111419056,-0.033253425852722646
5,Choquet 1-additive,negative_momentum_21d,-0.11978168227558135,0.11978168227558135,0.2,False,1.0,True,False,False,1.0,unchanged (below absolute correlation threshold),996,training only (frozen before validation refit),-0.1605614575738791,-0.12980986832260172,-0.04698676573443382
5,Choquet 1-additive,realized_volatility_20d,-0.1368515081329954,0.1368515081329954,0.2,False,0.3333333333333333,False,False,False,1.0,unchanged (below absolute correlation threshold),996,training only (frozen before validation refit),-0.24285546793239626,0.09617200667329198,0.07859533354564581
5,Choquet 1-additive,term_spread_10y_2y_pct,-0.052609192200022616,0.052609192200022616,0.2,False,1.0,True,False,False,1.0,unchanged (below absolute correlation threshold),996,training only (frozen before validation refit),-0.15457630649759738,-0.13173642735034238,-0.05184516938320566
5,Choquet 1-additive,vix,-0.15972684145653873,0.15972684145653873,0.2,False,1.0,True,False,False,1.0,unchanged (below absolute correlation threshold),996,training only (frozen before validation refit),-0.22140442623440515,-0.08175486057936136,-0.05070748385934438
5,Choquet 1-additive scaled-q,average_equity_correlation_60d,-0.0951454473697967,0.0951454473697967,0.2,False,0.6666666666666666,False,False,False,1.0,unchanged (below absolute correlation threshold),996,training only (frozen before validation refit),-0.1446031769934848,-0.09279186075030349,0.038920917795069065
5,Choquet 1-additive scaled-q,baa_credit_spread_pct,-0.227892891169083,0.227892891169083,0.2,True,1.0,True,False,True,-1.0,multiplied by -1,996,training only (frozen before validation refit),-0.32176624546498883,-0.14597177658255459,-0.12815029990501675
5,Choquet 1-additive scaled-q,drawdown_severity,-0.13616227770337902,0.13616227770337902,0.2,False,1.0,True,False,False,1.0,unchanged (below absolute correlation threshold),996,training only (frozen before validation refit),-0.22073167076443798,-0.12908124801649257,-0.026254572274735155
5,Choquet 1-additive scaled-q,lagged_portfolio_loss_1d,0.016762829687828617,0.016762829687828617,0.2,False,0.3333333333333333,False,False,False,1.0,unchanged (below absolute correlation threshold),996,training only (frozen before validation refit),0.06031968662728857,-0.034376172064900026,-0.02877376864692288
5,Choquet 1-additive scaled-q,liquidity_stress_20d,-0.16989637470800587,0.16989637470800587,0.2,False,1.0,True,False,False,1.0,unchanged (below absolute correlation threshold),996,training only (frozen before validation refit),-0.25589951286733403,-0.04447551300947159,-0.0015171047564000882
5,Choquet 1-additive scaled-q,market_loss_1d,-0.03360941867122646,0.03360941867122646,0.2,False,1.0,True,False,False,1.0,unchanged (below absolute correlation threshold),996,training only (frozen before validation refit),-0.036946699707146084,-0.036380438111419056,-0.033253425852722646
5,Choquet 1-additive scaled-q,negative_momentum_21d,-0.11978168227558135,0.11978168227558135,0.2,False,1.0,True,False,False,1.0,unchanged (below absolute correlation threshold),996,training only (frozen before validation refit),-0.1605614575738791,-0.12980986832260172,-0.04698676573443382
5,Choquet 1-additive scaled-q,realized_volatility_20d,-0.1368515081329954,0.1368515081329954,0.2,False,0.3333333333333333,False,False,False,1.0,unchanged (below absolute correlation threshold),996,training only (frozen before validation refit),-0.24285546793239626,0.09617200667329198,0.07859533354564581
5,Choquet 1-additive scaled-q,term_spread_10y_2y_pct,-0.052609192200022616,0.052609192200022616,0.2,False,1.0,True,False,False,1.0,unchanged (below absolute correlation threshold),996,training only (frozen before validation refit),-0.15457630649759738,-0.13173642735034238,-0.05184516938320566
5,Choquet 1-additive scaled-q,vix,-0.15972684145653873,0.15972684145653873,0.2,False,1.0,True,False,False,1.0,unchanged (below absolute correlation threshold),996,training only (frozen before validation refit),-0.22140442623440515,-0.08175486057936136,-0.05070748385934438
5,Choquet 2-additive,average_equity_correlation_60d,-0.0951454473697967,0.0951454473697967,0.2,False,0.6666666666666666,False,False,False,1.0,unchanged (below absolute correlation threshold),996,training only (frozen before validation refit),-0.1446031769934848,-0.09279186075030349,0.038920917795069065
5,Choquet 2-additive,baa_credit_spread_pct,-0.227892891169083,0.227892891169083,0.2,True,1.0,True,False,True,-1.0,multiplied by -1,996,training only (frozen before validation refit),-0.32176624546498883,-0.14597177658255459,-0.12815029990501675
5,Choquet 2-additive,drawdown_severity,-0.13616227770337902,0.13616227770337902,0.2,False,1.0,True,False,False,1.0,unchanged (below absolute correlation threshold),996,training only (frozen before validation refit),-0.22073167076443798,-0.12908124801649257,-0.026254572274735155
5,Choquet 2-additive,lagged_portfolio_loss_1d,0.016762829687828617,0.016762829687828617,0.2,False,0.3333333333333333,False,False,False,1.0,unchanged (below absolute correlation threshold),996,training only (frozen before validation refit),0.06031968662728857,-0.034376172064900026,-0.02877376864692288
5,Choquet 2-additive,liquidity_stress_20d,-0.16989637470800587,0.16989637470800587,0.2,False,1.0,True,False,False,1.0,unchanged (below absolute correlation threshold),996,training only (frozen before validation refit),-0.25589951286733403,-0.04447551300947159,-0.0015171047564000882
5,Choquet 2-additive,market_loss_1d,-0.03360941867122646,0.03360941867122646,0.2,False,1.0,True,False,False,1.0,unchanged (below absolute correlation threshold),996,training only (frozen before validation refit),-0.036946699707146084,-0.036380438111419056,-0.033253425852722646
5,Choquet 2-additive,negative_momentum_21d,-0.11978168227558135,0.11978168227558135,0.2,False,1.0,True,False,False,1.0,unchanged (below absolute correlation threshold),996,training only (frozen before validation refit),-0.1605614575738791,-0.12980986832260172,-0.04698676573443382
5,Choquet 2-additive,realized_volatility_20d,-0.1368515081329954,0.1368515081329954,0.2,False,0.3333333333333333,False,False,False,1.0,unchanged (below absolute correlation threshold),996,training only (frozen before validation refit),-0.24285546793239626,0.09617200667329198,0.07859533354564581
5,Choquet 2-additive,term_spread_10y_2y_pct,-0.052609192200022616,0.052609192200022616,0.2,False,1.0,True,False,False,1.0,unchanged (below absolute correlation threshold),996,training only (frozen before validation refit),-0.15457630649759738,-0.13173642735034238,-0.05184516938320566
5,Choquet 2-additive,vix,-0.15972684145653873,0.15972684145653873,0.2,False,1.0,True,False,False,1.0,unchanged (below absolute correlation threshold),996,training only (frozen before validation refit),-0.22140442623440515,-0.08175486057936136,-0.05070748385934438
5,Choquet 2-additive L1,average_equity_correlation_60d,-0.0951454473697967,0.0951454473697967,0.2,False,0.6666666666666666,False,False,False,1.0,unchanged (below absolute correlation threshold),996,training only (frozen before validation refit),-0.1446031769934848,-0.09279186075030349,0.038920917795069065
5,Choquet 2-additive L1,baa_credit_spread_pct,-0.227892891169083,0.227892891169083,0.2,True,1.0,True,False,True,-1.0,multiplied by -1,996,training only (frozen before validation refit),-0.32176624546498883,-0.14597177658255459,-0.12815029990501675
5,Choquet 2-additive L1,drawdown_severity,-0.13616227770337902,0.13616227770337902,0.2,False,1.0,True,False,False,1.0,unchanged (below absolute correlation threshold),996,training only (frozen before validation refit),-0.22073167076443798,-0.12908124801649257,-0.026254572274735155
5,Choquet 2-additive L1,lagged_portfolio_loss_1d,0.016762829687828617,0.016762829687828617,0.2,False,0.3333333333333333,False,False,False,1.0,unchanged (below absolute correlation threshold),996,training only (frozen before validation refit),0.06031968662728857,-0.034376172064900026,-0.02877376864692288
5,Choquet 2-additive L1,liquidity_stress_20d,-0.16989637470800587,0.16989637470800587,0.2,False,1.0,True,False,False,1.0,unchanged (below absolute correlation threshold),996,training only (frozen before validation refit),-0.25589951286733403,-0.04447551300947159,-0.0015171047564000882
5,Choquet 2-additive L1,market_loss_1d,-0.03360941867122646,0.03360941867122646,0.2,False,1.0,True,False,False,1.0,unchanged (below absolute correlation threshold),996,training only (frozen before validation refit),-0.036946699707146084,-0.036380438111419056,-0.033253425852722646
5,Choquet 2-additive L1,negative_momentum_21d,-0.11978168227558135,0.11978168227558135,0.2,False,1.0,True,False,False,1.0,unchanged (below absolute correlation threshold),996,training only (frozen before validation refit),-0.1605614575738791,-0.12980986832260172,-0.04698676573443382
5,Choquet 2-additive L1,realized_volatility_20d,-0.1368515081329954,0.1368515081329954,0.2,False,0.3333333333333333,False,False,False,1.0,unchanged (below absolute correlation threshold),996,training only (frozen before validation refit),-0.24285546793239626,0.09617200667329198,0.07859533354564581
5,Choquet 2-additive L1,term_spread_10y_2y_pct,-0.052609192200022616,0.052609192200022616,0.2,False,1.0,True,False,False,1.0,unchanged (below absolute correlation threshold),996,training only (frozen before validation refit),-0.15457630649759738,-0.13173642735034238,-0.05184516938320566
5,Choquet 2-additive L1,vix,-0.15972684145653873,0.15972684145653873,0.2,False,1.0,True,False,False,1.0,unchanged (below absolute correlation threshold),996,training only (frozen before validation refit),-0.22140442623440515,-0.08175486057936136,-0.05070748385934438
5,Choquet 2-additive scaled-q,average_equity_correlation_60d,-0.0951454473697967,0.0951454473697967,0.2,False,0.6666666666666666,False,False,False,1.0,unchanged (below absolute correlation threshold),996,training only (frozen before validation refit),-0.1446031769934848,-0.09279186075030349,0.038920917795069065
5,Choquet 2-additive scaled-q,baa_credit_spread_pct,-0.227892891169083,0.227892891169083,0.2,True,1.0,True,False,True,-1.0,multiplied by -1,996,training only (frozen before validation refit),-0.32176624546498883,-0.14597177658255459,-0.12815029990501675
5,Choquet 2-additive scaled-q,drawdown_severity,-0.13616227770337902,0.13616227770337902,0.2,False,1.0,True,False,False,1.0,unchanged (below absolute correlation threshold),996,training only (frozen before validation refit),-0.22073167076443798,-0.12908124801649257,-0.026254572274735155
5,Choquet 2-additive scaled-q,lagged_portfolio_loss_1d,0.016762829687828617,0.016762829687828617,0.2,False,0.3333333333333333,False,False,False,1.0,unchanged (below absolute correlation threshold),996,training only (frozen before validation refit),0.06031968662728857,-0.034376172064900026,-0.02877376864692288
5,Choquet 2-additive scaled-q,liquidity_stress_20d,-0.16989637470800587,0.16989637470800587,0.2,False,1.0,True,False,False,1.0,unchanged (below absolute correlation threshold),996,training only (frozen before validation refit),-0.25589951286733403,-0.04447551300947159,-0.0015171047564000882
5,Choquet 2-additive scaled-q,market_loss_1d,-0.03360941867122646,0.03360941867122646,0.2,False,1.0,True,False,False,1.0,unchanged (below absolute correlation threshold),996,training only (frozen before validation refit),-0.036946699707146084,-0.036380438111419056,-0.033253425852722646
5,Choquet 2-additive scaled-q,negative_momentum_21d,-0.11978168227558135,0.11978168227558135,0.2,False,1.0,True,False,False,1.0,unchanged (below absolute correlation threshold),996,training only (frozen before validation refit),-0.1605614575738791,-0.12980986832260172,-0.04698676573443382
5,Choquet 2-additive scaled-q,realized_volatility_20d,-0.1368515081329954,0.1368515081329954,0.2,False,0.3333333333333333,False,False,False,1.0,unchanged (below absolute correlation threshold),996,training only (frozen before validation refit),-0.24285546793239626,0.09617200667329198,0.07859533354564581
5,Choquet 2-additive scaled-q,term_spread_10y_2y_pct,-0.052609192200022616,0.052609192200022616,0.2,False,1.0,True,False,False,1.0,unchanged (below absolute correlation threshold),996,training only (frozen before validation refit),-0.15457630649759738,-0.13173642735034238,-0.05184516938320566
5,Choquet 2-additive scaled-q,vix,-0.15972684145653873,0.15972684145653873,0.2,False,1.0,True,False,False,1.0,unchanged (below absolute correlation threshold),996,training only (frozen before validation refit),-0.22140442623440515,-0.08175486057936136,-0.05070748385934438
5,Choquet 2-additive scaled-q L1,average_equity_correlation_60d,-0.0951454473697967,0.0951454473697967,0.2,False,0.6666666666666666,False,False,False,1.0,unchanged (below absolute correlation threshold),996,training only (frozen before validation refit),-0.1446031769934848,-0.09279186075030349,0.038920917795069065
5,Choquet 2-additive scaled-q L1,baa_credit_spread_pct,-0.227892891169083,0.227892891169083,0.2,True,1.0,True,False,True,-1.0,multiplied by -1,996,training only (frozen before validation refit),-0.32176624546498883,-0.14597177658255459,-0.12815029990501675
5,Choquet 2-additive scaled-q L1,drawdown_severity,-0.13616227770337902,0.13616227770337902,0.2,False,1.0,True,False,False,1.0,unchanged (below absolute correlation threshold),996,training only (frozen before validation refit),-0.22073167076443798,-0.12908124801649257,-0.026254572274735155
5,Choquet 2-additive scaled-q L1,lagged_portfolio_loss_1d,0.016762829687828617,0.016762829687828617,0.2,False,0.3333333333333333,False,False,False,1.0,unchanged (below absolute correlation threshold),996,training only (frozen before validation refit),0.06031968662728857,-0.034376172064900026,-0.02877376864692288
5,Choquet 2-additive scaled-q L1,liquidity_stress_20d,-0.16989637470800587,0.16989637470800587,0.2,False,1.0,True,False,False,1.0,unchanged (below absolute correlation threshold),996,training only (frozen before validation refit),-0.25589951286733403,-0.04447551300947159,-0.0015171047564000882
5,Choquet 2-additive scaled-q L1,market_loss_1d,-0.03360941867122646,0.03360941867122646,0.2,False,1.0,True,False,False,1.0,unchanged (below absolute correlation threshold),996,training only (frozen before validation refit),-0.036946699707146084,-0.036380438111419056,-0.033253425852722646
5,Choquet 2-additive scaled-q L1,negative_momentum_21d,-0.11978168227558135,0.11978168227558135,0.2,False,1.0,True,False,False,1.0,unchanged (below absolute correlation threshold),996,training only (frozen before validation refit),-0.1605614575738791,-0.12980986832260172,-0.04698676573443382
5,Choquet 2-additive scaled-q L1,realized_volatility_20d,-0.1368515081329954,0.1368515081329954,0.2,False,0.3333333333333333,False,False,False,1.0,unchanged (below absolute correlation threshold),996,training only (frozen before validation refit),-0.24285546793239626,0.09617200667329198,0.07859533354564581
5,Choquet 2-additive scaled-q L1,term_spread_10y_2y_pct,-0.052609192200022616,0.052609192200022616,0.2,False,1.0,True,False,False,1.0,unchanged (below absolute correlation threshold),996,training only (frozen before validation refit),-0.15457630649759738,-0.13173642735034238,-0.05184516938320566
5,Choquet 2-additive scaled-q L1,vix,-0.15972684145653873,0.15972684145653873,0.2,False,1.0,True,False,False,1.0,unchanged (below absolute correlation threshold),996,training only (frozen before validation refit),-0.22140442623440515,-0.08175486057936136,-0.05070748385934438
5,Fuzzy Choquet neural network,average_equity_correlation_60d,-0.0951454473697967,0.0951454473697967,0.2,False,0.6666666666666666,False,False,False,1.0,unchanged (below absolute correlation threshold),996,training only (frozen before validation refit),-0.1446031769934848,-0.09279186075030349,0.038920917795069065
5,Fuzzy Choquet neural network,baa_credit_spread_pct,-0.227892891169083,0.227892891169083,0.2,True,1.0,True,False,True,-1.0,multiplied by -1,996,training only (frozen before validation refit),-0.32176624546498883,-0.14597177658255459,-0.12815029990501675
5,Fuzzy Choquet neural network,drawdown_severity,-0.13616227770337902,0.13616227770337902,0.2,False,1.0,True,False,False,1.0,unchanged (below absolute correlation threshold),996,training only (frozen before validation refit),-0.22073167076443798,-0.12908124801649257,-0.026254572274735155
5,Fuzzy Choquet neural network,lagged_portfolio_loss_1d,0.016762829687828617,0.016762829687828617,0.2,False,0.3333333333333333,False,False,False,1.0,unchanged (below absolute correlation threshold),996,training only (frozen before validation refit),0.06031968662728857,-0.034376172064900026,-0.02877376864692288
5,Fuzzy Choquet neural network,liquidity_stress_20d,-0.16989637470800587,0.16989637470800587,0.2,False,1.0,True,False,False,1.0,unchanged (below absolute correlation threshold),996,training only (frozen before validation refit),-0.25589951286733403,-0.04447551300947159,-0.0015171047564000882
5,Fuzzy Choquet neural network,market_loss_1d,-0.03360941867122646,0.03360941867122646,0.2,False,1.0,True,False,False,1.0,unchanged (below absolute correlation threshold),996,training only (frozen before validation refit),-0.036946699707146084,-0.036380438111419056,-0.033253425852722646
5,Fuzzy Choquet neural network,negative_momentum_21d,-0.11978168227558135,0.11978168227558135,0.2,False,1.0,True,False,False,1.0,unchanged (below absolute correlation threshold),996,training only (frozen before validation refit),-0.1605614575738791,-0.12980986832260172,-0.04698676573443382
5,Fuzzy Choquet neural network,realized_volatility_20d,-0.1368515081329954,0.1368515081329954,0.2,False,0.3333333333333333,False,False,False,1.0,unchanged (below absolute correlation threshold),996,training only (frozen before validation refit),-0.24285546793239626,0.09617200667329198,0.07859533354564581
5,Fuzzy Choquet neural network,term_spread_10y_2y_pct,-0.052609192200022616,0.052609192200022616,0.2,False,1.0,True,False,False,1.0,unchanged (below absolute correlation threshold),996,training only (frozen before validation refit),-0.15457630649759738,-0.13173642735034238,-0.05184516938320566
5,Fuzzy Choquet neural network,vix,-0.15972684145653873,0.15972684145653873,0.2,False,1.0,True,False,False,1.0,unchanged (below absolute correlation threshold),996,training only (frozen before validation refit),-0.22140442623440515,-0.08175486057936136,-0.05070748385934438
5,Monotone linear,average_equity_correlation_60d,-0.0951454473697967,0.0951454473697967,0.2,False,0.6666666666666666,False,False,False,1.0,unchanged (below absolute correlation threshold),996,training only (frozen before validation refit),-0.1446031769934848,-0.09279186075030349,0.038920917795069065
5,Monotone linear,baa_credit_spread_pct,-0.227892891169083,0.227892891169083,0.2,True,1.0,True,False,True,-1.0,multiplied by -1,996,training only (frozen before validation refit),-0.32176624546498883,-0.14597177658255459,-0.12815029990501675
5,Monotone linear,drawdown_severity,-0.13616227770337902,0.13616227770337902,0.2,False,1.0,True,False,False,1.0,unchanged (below absolute correlation threshold),996,training only (frozen before validation refit),-0.22073167076443798,-0.12908124801649257,-0.026254572274735155
5,Monotone linear,lagged_portfolio_loss_1d,0.016762829687828617,0.016762829687828617,0.2,False,0.3333333333333333,False,False,False,1.0,unchanged (below absolute correlation threshold),996,training only (frozen before validation refit),0.06031968662728857,-0.034376172064900026,-0.02877376864692288
5,Monotone linear,liquidity_stress_20d,-0.16989637470800587,0.16989637470800587,0.2,False,1.0,True,False,False,1.0,unchanged (below absolute correlation threshold),996,training only (frozen before validation refit),-0.25589951286733403,-0.04447551300947159,-0.0015171047564000882
5,Monotone linear,market_loss_1d,-0.03360941867122646,0.03360941867122646,0.2,False,1.0,True,False,False,1.0,unchanged (below absolute correlation threshold),996,training only (frozen before validation refit),-0.036946699707146084,-0.036380438111419056,-0.033253425852722646
5,Monotone linear,negative_momentum_21d,-0.11978168227558135,0.11978168227558135,0.2,False,1.0,True,False,False,1.0,unchanged (below absolute correlation threshold),996,training only (frozen before validation refit),-0.1605614575738791,-0.12980986832260172,-0.04698676573443382
5,Monotone linear,realized_volatility_20d,-0.1368515081329954,0.1368515081329954,0.2,False,0.3333333333333333,False,False,False,1.0,unchanged (below absolute correlation threshold),996,training only (frozen before validation refit),-0.24285546793239626,0.09617200667329198,0.07859533354564581
5,Monotone linear,term_spread_10y_2y_pct,-0.052609192200022616,0.052609192200022616,0.2,False,1.0,True,False,False,1.0,unchanged (below absolute correlation threshold),996,training only (frozen before validation refit),-0.15457630649759738,-0.13173642735034238,-0.05184516938320566
5,Monotone linear,vix,-0.15972684145653873,0.15972684145653873,0.2,False,1.0,True,False,False,1.0,unchanged (below absolute correlation threshold),996,training only (frozen before validation refit),-0.22140442623440515,-0.08175486057936136,-0.05070748385934438
5,OLS oriented,average_equity_correlation_60d,-0.0951454473697967,0.0951454473697967,0.2,False,0.6666666666666666,False,False,False,1.0,unchanged (below absolute correlation threshold),996,training only (frozen before validation refit),-0.1446031769934848,-0.09279186075030349,0.038920917795069065
5,OLS oriented,baa_credit_spread_pct,-0.227892891169083,0.227892891169083,0.2,True,1.0,True,False,True,-1.0,multiplied by -1,996,training only (frozen before validation refit),-0.32176624546498883,-0.14597177658255459,-0.12815029990501675
5,OLS oriented,drawdown_severity,-0.13616227770337902,0.13616227770337902,0.2,False,1.0,True,False,False,1.0,unchanged (below absolute correlation threshold),996,training only (frozen before validation refit),-0.22073167076443798,-0.12908124801649257,-0.026254572274735155
5,OLS oriented,lagged_portfolio_loss_1d,0.016762829687828617,0.016762829687828617,0.2,False,0.3333333333333333,False,False,False,1.0,unchanged (below absolute correlation threshold),996,training only (frozen before validation refit),0.06031968662728857,-0.034376172064900026,-0.02877376864692288
5,OLS oriented,liquidity_stress_20d,-0.16989637470800587,0.16989637470800587,0.2,False,1.0,True,False,False,1.0,unchanged (below absolute correlation threshold),996,training only (frozen before validation refit),-0.25589951286733403,-0.04447551300947159,-0.0015171047564000882
5,OLS oriented,market_loss_1d,-0.03360941867122646,0.03360941867122646,0.2,False,1.0,True,False,False,1.0,unchanged (below absolute correlation threshold),996,training only (frozen before validation refit),-0.036946699707146084,-0.036380438111419056,-0.033253425852722646
5,OLS oriented,negative_momentum_21d,-0.11978168227558135,0.11978168227558135,0.2,False,1.0,True,False,False,1.0,unchanged (below absolute correlation threshold),996,training only (frozen before validation refit),-0.1605614575738791,-0.12980986832260172,-0.04698676573443382
5,OLS oriented,realized_volatility_20d,-0.1368515081329954,0.1368515081329954,0.2,False,0.3333333333333333,False,False,False,1.0,unchanged (below absolute correlation threshold),996,training only (frozen before validation refit),-0.24285546793239626,0.09617200667329198,0.07859533354564581
5,OLS oriented,term_spread_10y_2y_pct,-0.052609192200022616,0.052609192200022616,0.2,False,1.0,True,False,False,1.0,unchanged (below absolute correlation threshold),996,training only (frozen before validation refit),-0.15457630649759738,-0.13173642735034238,-0.05184516938320566
5,OLS oriented,vix,-0.15972684145653873,0.15972684145653873,0.2,False,1.0,True,False,False,1.0,unchanged (below absolute correlation threshold),996,training only (frozen before validation refit),-0.22140442623440515,-0.08175486057936136,-0.05070748385934438
6,Choquet 1-additive,average_equity_correlation_60d,0.040494593617042815,0.040494593617042815,0.2,False,0.3333333333333333,False,False,False,1.0,unchanged (below absolute correlation threshold),995,training only (frozen before validation refit),-0.07337540450528827,0.03797514712644403,-0.21653531296809192
6,Choquet 1-additive,baa_credit_spread_pct,-0.02435388431062674,0.02435388431062674,0.2,False,1.0,True,False,False,1.0,unchanged (below absolute correlation threshold),995,training only (frozen before validation refit),-0.17511466106810022,-0.15342301593938965,-0.03949178837615369
6,Choquet 1-additive,drawdown_severity,-0.04522880222121382,0.04522880222121382,0.2,False,1.0,True,False,False,1.0,unchanged (below absolute correlation threshold),995,training only (frozen before validation refit),-0.13282770410606612,-0.08217288510005726,-0.2631612455433929
6,Choquet 1-additive,lagged_portfolio_loss_1d,-0.035926761248172845,0.035926761248172845,0.2,False,1.0,True,False,False,1.0,unchanged (below absolute correlation threshold),995,training only (frozen before validation refit),-0.014214655616570303,-0.049942437153442855,-0.04705803014657694
6,Choquet 1-additive,liquidity_stress_20d,0.016089157440934226,0.016089157440934226,0.2,False,0.3333333333333333,False,False,False,1.0,unchanged (below absolute correlation threshold),995,training only (frozen before validation refit),-0.07422113655022555,-0.01515106914872653,0.031428180746988645
6,Choquet 1-additive,market_loss_1d,-0.03533729044019507,0.03533729044019507,0.2,False,1.0,True,False,False,1.0,unchanged (below absolute correlation threshold),995,training only (frozen before validation refit),-0.007706604914119129,-0.053923852707162136,-0.047311239045442086
6,Choquet 1-additive,negative_momentum_21d,-0.09103891126701079,0.09103891126701079,0.2,False,1.0,True,False,False,1.0,unchanged (below absolute correlation threshold),995,training only (frozen before validation refit),-0.2460282979667845,-0.009500976187530139,-0.1758311988921958
6,Choquet 1-additive,realized_volatility_20d,0.10417771253784153,0.10417771253784153,0.2,False,0.6666666666666666,False,False,False,1.0,unchanged (below absolute correlation threshold),995,training only (frozen before validation refit),0.06619439459451508,0.14832417966798694,-0.11808535827633589
6,Choquet 1-additive,term_spread_10y_2y_pct,-0.0007462077402023551,0.0007462077402023551,0.2,False,0.6666666666666666,False,False,False,1.0,unchanged (below absolute correlation threshold),995,training only (frozen before validation refit),-0.3045781116227537,0.17353377295246353,-0.09575054610357972
6,Choquet 1-additive,vix,-0.033330489690083925,0.033330489690083925,0.2,False,0.6666666666666666,False,False,False,1.0,unchanged (below absolute correlation threshold),995,training only (frozen before validation refit),-0.1498165965506128,0.02152125969639421,-0.28441541050594027
6,Choquet 1-additive scaled-q,average_equity_correlation_60d,0.040494593617042815,0.040494593617042815,0.2,False,0.3333333333333333,False,False,False,1.0,unchanged (below absolute correlation threshold),995,training only (frozen before validation refit),-0.07337540450528827,0.03797514712644403,-0.21653531296809192
6,Choquet 1-additive scaled-q,baa_credit_spread_pct,-0.02435388431062674,0.02435388431062674,0.2,False,1.0,True,False,False,1.0,unchanged (below absolute correlation threshold),995,training only (frozen before validation refit),-0.17511466106810022,-0.15342301593938965,-0.03949178837615369
6,Choquet 1-additive scaled-q,drawdown_severity,-0.04522880222121382,0.04522880222121382,0.2,False,1.0,True,False,False,1.0,unchanged (below absolute correlation threshold),995,training only (frozen before validation refit),-0.13282770410606612,-0.08217288510005726,-0.2631612455433929
6,Choquet 1-additive scaled-q,lagged_portfolio_loss_1d,-0.035926761248172845,0.035926761248172845,0.2,False,1.0,True,False,False,1.0,unchanged (below absolute correlation threshold),995,training only (frozen before validation refit),-0.014214655616570303,-0.049942437153442855,-0.04705803014657694
6,Choquet 1-additive scaled-q,liquidity_stress_20d,0.016089157440934226,0.016089157440934226,0.2,False,0.3333333333333333,False,False,False,1.0,unchanged (below absolute correlation threshold),995,training only (frozen before validation refit),-0.07422113655022555,-0.01515106914872653,0.031428180746988645
6,Choquet 1-additive scaled-q,market_loss_1d,-0.03533729044019507,0.03533729044019507,0.2,False,1.0,True,False,False,1.0,unchanged (below absolute correlation threshold),995,training only (frozen before validation refit),-0.007706604914119129,-0.053923852707162136,-0.047311239045442086
6,Choquet 1-additive scaled-q,negative_momentum_21d,-0.09103891126701079,0.09103891126701079,0.2,False,1.0,True,False,False,1.0,unchanged (below absolute correlation threshold),995,training only (frozen before validation refit),-0.2460282979667845,-0.009500976187530139,-0.1758311988921958
6,Choquet 1-additive scaled-q,realized_volatility_20d,0.10417771253784153,0.10417771253784153,0.2,False,0.6666666666666666,False,False,False,1.0,unchanged (below absolute correlation threshold),995,training only (frozen before validation refit),0.06619439459451508,0.14832417966798694,-0.11808535827633589
6,Choquet 1-additive scaled-q,term_spread_10y_2y_pct,-0.0007462077402023551,0.0007462077402023551,0.2,False,0.6666666666666666,False,False,False,1.0,unchanged (below absolute correlation threshold),995,training only (frozen before validation refit),-0.3045781116227537,0.17353377295246353,-0.09575054610357972
6,Choquet 1-additive scaled-q,vix,-0.033330489690083925,0.033330489690083925,0.2,False,0.6666666666666666,False,False,False,1.0,unchanged (below absolute correlation threshold),995,training only (frozen before validation refit),-0.1498165965506128,0.02152125969639421,-0.28441541050594027
6,Choquet 2-additive,average_equity_correlation_60d,0.040494593617042815,0.040494593617042815,0.2,False,0.3333333333333333,False,False,False,1.0,unchanged (below absolute correlation threshold),995,training only (frozen before validation refit),-0.07337540450528827,0.03797514712644403,-0.21653531296809192
6,Choquet 2-additive,baa_credit_spread_pct,-0.02435388431062674,0.02435388431062674,0.2,False,1.0,True,False,False,1.0,unchanged (below absolute correlation threshold),995,training only (frozen before validation refit),-0.17511466106810022,-0.15342301593938965,-0.03949178837615369
6,Choquet 2-additive,drawdown_severity,-0.04522880222121382,0.04522880222121382,0.2,False,1.0,True,False,False,1.0,unchanged (below absolute correlation threshold),995,training only (frozen before validation refit),-0.13282770410606612,-0.08217288510005726,-0.2631612455433929
6,Choquet 2-additive,lagged_portfolio_loss_1d,-0.035926761248172845,0.035926761248172845,0.2,False,1.0,True,False,False,1.0,unchanged (below absolute correlation threshold),995,training only (frozen before validation refit),-0.014214655616570303,-0.049942437153442855,-0.04705803014657694
6,Choquet 2-additive,liquidity_stress_20d,0.016089157440934226,0.016089157440934226,0.2,False,0.3333333333333333,False,False,False,1.0,unchanged (below absolute correlation threshold),995,training only (frozen before validation refit),-0.07422113655022555,-0.01515106914872653,0.031428180746988645
6,Choquet 2-additive,market_loss_1d,-0.03533729044019507,0.03533729044019507,0.2,False,1.0,True,False,False,1.0,unchanged (below absolute correlation threshold),995,training only (frozen before validation refit),-0.007706604914119129,-0.053923852707162136,-0.047311239045442086
6,Choquet 2-additive,negative_momentum_21d,-0.09103891126701079,0.09103891126701079,0.2,False,1.0,True,False,False,1.0,unchanged (below absolute correlation threshold),995,training only (frozen before validation refit),-0.2460282979667845,-0.009500976187530139,-0.1758311988921958
6,Choquet 2-additive,realized_volatility_20d,0.10417771253784153,0.10417771253784153,0.2,False,0.6666666666666666,False,False,False,1.0,unchanged (below absolute correlation threshold),995,training only (frozen before validation refit),0.06619439459451508,0.14832417966798694,-0.11808535827633589
6,Choquet 2-additive,term_spread_10y_2y_pct,-0.0007462077402023551,0.0007462077402023551,0.2,False,0.6666666666666666,False,False,False,1.0,unchanged (below absolute correlation threshold),995,training only (frozen before validation refit),-0.3045781116227537,0.17353377295246353,-0.09575054610357972
6,Choquet 2-additive,vix,-0.033330489690083925,0.033330489690083925,0.2,False,0.6666666666666666,False,False,False,1.0,unchanged (below absolute correlation threshold),995,training only (frozen before validation refit),-0.1498165965506128,0.02152125969639421,-0.28441541050594027
6,Choquet 2-additive L1,average_equity_correlation_60d,0.040494593617042815,0.040494593617042815,0.2,False,0.3333333333333333,False,False,False,1.0,unchanged (below absolute correlation threshold),995,training only (frozen before validation refit),-0.07337540450528827,0.03797514712644403,-0.21653531296809192
6,Choquet 2-additive L1,baa_credit_spread_pct,-0.02435388431062674,0.02435388431062674,0.2,False,1.0,True,False,False,1.0,unchanged (below absolute correlation threshold),995,training only (frozen before validation refit),-0.17511466106810022,-0.15342301593938965,-0.03949178837615369
6,Choquet 2-additive L1,drawdown_severity,-0.04522880222121382,0.04522880222121382,0.2,False,1.0,True,False,False,1.0,unchanged (below absolute correlation threshold),995,training only (frozen before validation refit),-0.13282770410606612,-0.08217288510005726,-0.2631612455433929
6,Choquet 2-additive L1,lagged_portfolio_loss_1d,-0.035926761248172845,0.035926761248172845,0.2,False,1.0,True,False,False,1.0,unchanged (below absolute correlation threshold),995,training only (frozen before validation refit),-0.014214655616570303,-0.049942437153442855,-0.04705803014657694
6,Choquet 2-additive L1,liquidity_stress_20d,0.016089157440934226,0.016089157440934226,0.2,False,0.3333333333333333,False,False,False,1.0,unchanged (below absolute correlation threshold),995,training only (frozen before validation refit),-0.07422113655022555,-0.01515106914872653,0.031428180746988645
6,Choquet 2-additive L1,market_loss_1d,-0.03533729044019507,0.03533729044019507,0.2,False,1.0,True,False,False,1.0,unchanged (below absolute correlation threshold),995,training only (frozen before validation refit),-0.007706604914119129,-0.053923852707162136,-0.047311239045442086
6,Choquet 2-additive L1,negative_momentum_21d,-0.09103891126701079,0.09103891126701079,0.2,False,1.0,True,False,False,1.0,unchanged (below absolute correlation threshold),995,training only (frozen before validation refit),-0.2460282979667845,-0.009500976187530139,-0.1758311988921958
6,Choquet 2-additive L1,realized_volatility_20d,0.10417771253784153,0.10417771253784153,0.2,False,0.6666666666666666,False,False,False,1.0,unchanged (below absolute correlation threshold),995,training only (frozen before validation refit),0.06619439459451508,0.14832417966798694,-0.11808535827633589
6,Choquet 2-additive L1,term_spread_10y_2y_pct,-0.0007462077402023551,0.0007462077402023551,0.2,False,0.6666666666666666,False,False,False,1.0,unchanged (below absolute correlation threshold),995,training only (frozen before validation refit),-0.3045781116227537,0.17353377295246353,-0.09575054610357972
6,Choquet 2-additive L1,vix,-0.033330489690083925,0.033330489690083925,0.2,False,0.6666666666666666,False,False,False,1.0,unchanged (below absolute correlation threshold),995,training only (frozen before validation refit),-0.1498165965506128,0.02152125969639421,-0.28441541050594027
6,Choquet 2-additive scaled-q,average_equity_correlation_60d,0.040494593617042815,0.040494593617042815,0.2,False,0.3333333333333333,False,False,False,1.0,unchanged (below absolute correlation threshold),995,training only (frozen before validation refit),-0.07337540450528827,0.03797514712644403,-0.21653531296809192
6,Choquet 2-additive scaled-q,baa_credit_spread_pct,-0.02435388431062674,0.02435388431062674,0.2,False,1.0,True,False,False,1.0,unchanged (below absolute correlation threshold),995,training only (frozen before validation refit),-0.17511466106810022,-0.15342301593938965,-0.03949178837615369
6,Choquet 2-additive scaled-q,drawdown_severity,-0.04522880222121382,0.04522880222121382,0.2,False,1.0,True,False,False,1.0,unchanged (below absolute correlation threshold),995,training only (frozen before validation refit),-0.13282770410606612,-0.08217288510005726,-0.2631612455433929
6,Choquet 2-additive scaled-q,lagged_portfolio_loss_1d,-0.035926761248172845,0.035926761248172845,0.2,False,1.0,True,False,False,1.0,unchanged (below absolute correlation threshold),995,training only (frozen before validation refit),-0.014214655616570303,-0.049942437153442855,-0.04705803014657694
6,Choquet 2-additive scaled-q,liquidity_stress_20d,0.016089157440934226,0.016089157440934226,0.2,False,0.3333333333333333,False,False,False,1.0,unchanged (below absolute correlation threshold),995,training only (frozen before validation refit),-0.07422113655022555,-0.01515106914872653,0.031428180746988645
6,Choquet 2-additive scaled-q,market_loss_1d,-0.03533729044019507,0.03533729044019507,0.2,False,1.0,True,False,False,1.0,unchanged (below absolute correlation threshold),995,training only (frozen before validation refit),-0.007706604914119129,-0.053923852707162136,-0.047311239045442086
6,Choquet 2-additive scaled-q,negative_momentum_21d,-0.09103891126701079,0.09103891126701079,0.2,False,1.0,True,False,False,1.0,unchanged (below absolute correlation threshold),995,training only (frozen before validation refit),-0.2460282979667845,-0.009500976187530139,-0.1758311988921958
6,Choquet 2-additive scaled-q,realized_volatility_20d,0.10417771253784153,0.10417771253784153,0.2,False,0.6666666666666666,False,False,False,1.0,unchanged (below absolute correlation threshold),995,training only (frozen before validation refit),0.06619439459451508,0.14832417966798694,-0.11808535827633589
6,Choquet 2-additive scaled-q,term_spread_10y_2y_pct,-0.0007462077402023551,0.0007462077402023551,0.2,False,0.6666666666666666,False,False,False,1.0,unchanged (below absolute correlation threshold),995,training only (frozen before validation refit),-0.3045781116227537,0.17353377295246353,-0.09575054610357972
6,Choquet 2-additive scaled-q,vix,-0.033330489690083925,0.033330489690083925,0.2,False,0.6666666666666666,False,False,False,1.0,unchanged (below absolute correlation threshold),995,training only (frozen before validation refit),-0.1498165965506128,0.02152125969639421,-0.28441541050594027
6,Choquet 2-additive scaled-q L1,average_equity_correlation_60d,0.040494593617042815,0.040494593617042815,0.2,False,0.3333333333333333,False,False,False,1.0,unchanged (below absolute correlation threshold),995,training only (frozen before validation refit),-0.07337540450528827,0.03797514712644403,-0.21653531296809192
6,Choquet 2-additive scaled-q L1,baa_credit_spread_pct,-0.02435388431062674,0.02435388431062674,0.2,False,1.0,True,False,False,1.0,unchanged (below absolute correlation threshold),995,training only (frozen before validation refit),-0.17511466106810022,-0.15342301593938965,-0.03949178837615369
6,Choquet 2-additive scaled-q L1,drawdown_severity,-0.04522880222121382,0.04522880222121382,0.2,False,1.0,True,False,False,1.0,unchanged (below absolute correlation threshold),995,training only (frozen before validation refit),-0.13282770410606612,-0.08217288510005726,-0.2631612455433929
6,Choquet 2-additive scaled-q L1,lagged_portfolio_loss_1d,-0.035926761248172845,0.035926761248172845,0.2,False,1.0,True,False,False,1.0,unchanged (below absolute correlation threshold),995,training only (frozen before validation refit),-0.014214655616570303,-0.049942437153442855,-0.04705803014657694
6,Choquet 2-additive scaled-q L1,liquidity_stress_20d,0.016089157440934226,0.016089157440934226,0.2,False,0.3333333333333333,False,False,False,1.0,unchanged (below absolute correlation threshold),995,training only (frozen before validation refit),-0.07422113655022555,-0.01515106914872653,0.031428180746988645
6,Choquet 2-additive scaled-q L1,market_loss_1d,-0.03533729044019507,0.03533729044019507,0.2,False,1.0,True,False,False,1.0,unchanged (below absolute correlation threshold),995,training only (frozen before validation refit),-0.007706604914119129,-0.053923852707162136,-0.047311239045442086
6,Choquet 2-additive scaled-q L1,negative_momentum_21d,-0.09103891126701079,0.09103891126701079,0.2,False,1.0,True,False,False,1.0,unchanged (below absolute correlation threshold),995,training only (frozen before validation refit),-0.2460282979667845,-0.009500976187530139,-0.1758311988921958
6,Choquet 2-additive scaled-q L1,realized_volatility_20d,0.10417771253784153,0.10417771253784153,0.2,False,0.6666666666666666,False,False,False,1.0,unchanged (below absolute correlation threshold),995,training only (frozen before validation refit),0.06619439459451508,0.14832417966798694,-0.11808535827633589
6,Choquet 2-additive scaled-q L1,term_spread_10y_2y_pct,-0.0007462077402023551,0.0007462077402023551,0.2,False,0.6666666666666666,False,False,False,1.0,unchanged (below absolute correlation threshold),995,training only (frozen before validation refit),-0.3045781116227537,0.17353377295246353,-0.09575054610357972
6,Choquet 2-additive scaled-q L1,vix,-0.033330489690083925,0.033330489690083925,0.2,False,0.6666666666666666,False,False,False,1.0,unchanged (below absolute correlation threshold),995,training only (frozen before validation refit),-0.1498165965506128,0.02152125969639421,-0.28441541050594027
6,Fuzzy Choquet neural network,average_equity_correlation_60d,0.040494593617042815,0.040494593617042815,0.2,False,0.3333333333333333,False,False,False,1.0,unchanged (below absolute correlation threshold),995,training only (frozen before validation refit),-0.07337540450528827,0.03797514712644403,-0.21653531296809192
6,Fuzzy Choquet neural network,baa_credit_spread_pct,-0.02435388431062674,0.02435388431062674,0.2,False,1.0,True,False,False,1.0,unchanged (below absolute correlation threshold),995,training only (frozen before validation refit),-0.17511466106810022,-0.15342301593938965,-0.03949178837615369
6,Fuzzy Choquet neural network,drawdown_severity,-0.04522880222121382,0.04522880222121382,0.2,False,1.0,True,False,False,1.0,unchanged (below absolute correlation threshold),995,training only (frozen before validation refit),-0.13282770410606612,-0.08217288510005726,-0.2631612455433929
6,Fuzzy Choquet neural network,lagged_portfolio_loss_1d,-0.035926761248172845,0.035926761248172845,0.2,False,1.0,True,False,False,1.0,unchanged (below absolute correlation threshold),995,training only (frozen before validation refit),-0.014214655616570303,-0.049942437153442855,-0.04705803014657694
6,Fuzzy Choquet neural network,liquidity_stress_20d,0.016089157440934226,0.016089157440934226,0.2,False,0.3333333333333333,False,False,False,1.0,unchanged (below absolute correlation threshold),995,training only (frozen before validation refit),-0.07422113655022555,-0.01515106914872653,0.031428180746988645
6,Fuzzy Choquet neural network,market_loss_1d,-0.03533729044019507,0.03533729044019507,0.2,False,1.0,True,False,False,1.0,unchanged (below absolute correlation threshold),995,training only (frozen before validation refit),-0.007706604914119129,-0.053923852707162136,-0.047311239045442086
6,Fuzzy Choquet neural network,negative_momentum_21d,-0.09103891126701079,0.09103891126701079,0.2,False,1.0,True,False,False,1.0,unchanged (below absolute correlation threshold),995,training only (frozen before validation refit),-0.2460282979667845,-0.009500976187530139,-0.1758311988921958
6,Fuzzy Choquet neural network,realized_volatility_20d,0.10417771253784153,0.10417771253784153,0.2,False,0.6666666666666666,False,False,False,1.0,unchanged (below absolute correlation threshold),995,training only (frozen before validation refit),0.06619439459451508,0.14832417966798694,-0.11808535827633589
6,Fuzzy Choquet neural network,term_spread_10y_2y_pct,-0.0007462077402023551,0.0007462077402023551,0.2,False,0.6666666666666666,False,False,False,1.0,unchanged (below absolute correlation threshold),995,training only (frozen before validation refit),-0.3045781116227537,0.17353377295246353,-0.09575054610357972
6,Fuzzy Choquet neural network,vix,-0.033330489690083925,0.033330489690083925,0.2,False,0.6666666666666666,False,False,False,1.0,unchanged (below absolute correlation threshold),995,training only (frozen before validation refit),-0.1498165965506128,0.02152125969639421,-0.28441541050594027
6,Monotone linear,average_equity_correlation_60d,0.040494593617042815,0.040494593617042815,0.2,False,0.3333333333333333,False,False,False,1.0,unchanged (below absolute correlation threshold),995,training only (frozen before validation refit),-0.07337540450528827,0.03797514712644403,-0.21653531296809192
6,Monotone linear,baa_credit_spread_pct,-0.02435388431062674,0.02435388431062674,0.2,False,1.0,True,False,False,1.0,unchanged (below absolute correlation threshold),995,training only (frozen before validation refit),-0.17511466106810022,-0.15342301593938965,-0.03949178837615369
6,Monotone linear,drawdown_severity,-0.04522880222121382,0.04522880222121382,0.2,False,1.0,True,False,False,1.0,unchanged (below absolute correlation threshold),995,training only (frozen before validation refit),-0.13282770410606612,-0.08217288510005726,-0.2631612455433929
6,Monotone linear,lagged_portfolio_loss_1d,-0.035926761248172845,0.035926761248172845,0.2,False,1.0,True,False,False,1.0,unchanged (below absolute correlation threshold),995,training only (frozen before validation refit),-0.014214655616570303,-0.049942437153442855,-0.04705803014657694
6,Monotone linear,liquidity_stress_20d,0.016089157440934226,0.016089157440934226,0.2,False,0.3333333333333333,False,False,False,1.0,unchanged (below absolute correlation threshold),995,training only (frozen before validation refit),-0.07422113655022555,-0.01515106914872653,0.031428180746988645
6,Monotone linear,market_loss_1d,-0.03533729044019507,0.03533729044019507,0.2,False,1.0,True,False,False,1.0,unchanged (below absolute correlation threshold),995,training only (frozen before validation refit),-0.007706604914119129,-0.053923852707162136,-0.047311239045442086
6,Monotone linear,negative_momentum_21d,-0.09103891126701079,0.09103891126701079,0.2,False,1.0,True,False,False,1.0,unchanged (below absolute correlation threshold),995,training only (frozen before validation refit),-0.2460282979667845,-0.009500976187530139,-0.1758311988921958
6,Monotone linear,realized_volatility_20d,0.10417771253784153,0.10417771253784153,0.2,False,0.6666666666666666,False,False,False,1.0,unchanged (below absolute correlation threshold),995,training only (frozen before validation refit),0.06619439459451508,0.14832417966798694,-0.11808535827633589
6,Monotone linear,term_spread_10y_2y_pct,-0.0007462077402023551,0.0007462077402023551,0.2,False,0.6666666666666666,False,False,False,1.0,unchanged (below absolute correlation threshold),995,training only (frozen before validation refit),-0.3045781116227537,0.17353377295246353,-0.09575054610357972
6,Monotone linear,vix,-0.033330489690083925,0.033330489690083925,0.2,False,0.6666666666666666,False,False,False,1.0,unchanged (below absolute correlation threshold),995,training only (frozen before validation refit),-0.1498165965506128,0.02152125969639421,-0.28441541050594027
6,OLS oriented,average_equity_correlation_60d,0.040494593617042815,0.040494593617042815,0.2,False,0.3333333333333333,False,False,False,1.0,unchanged (below absolute correlation threshold),995,training only (frozen before validation refit),-0.07337540450528827,0.03797514712644403,-0.21653531296809192
6,OLS oriented,baa_credit_spread_pct,-0.02435388431062674,0.02435388431062674,0.2,False,1.0,True,False,False,1.0,unchanged (below absolute correlation threshold),995,training only (frozen before validation refit),-0.17511466106810022,-0.15342301593938965,-0.03949178837615369
6,OLS oriented,drawdown_severity,-0.04522880222121382,0.04522880222121382,0.2,False,1.0,True,False,False,1.0,unchanged (below absolute correlation threshold),995,training only (frozen before validation refit),-0.13282770410606612,-0.08217288510005726,-0.2631612455433929
6,OLS oriented,lagged_portfolio_loss_1d,-0.035926761248172845,0.035926761248172845,0.2,False,1.0,True,False,False,1.0,unchanged (below absolute correlation threshold),995,training only (frozen before validation refit),-0.014214655616570303,-0.049942437153442855,-0.04705803014657694
6,OLS oriented,liquidity_stress_20d,0.016089157440934226,0.016089157440934226,0.2,False,0.3333333333333333,False,False,False,1.0,unchanged (below absolute correlation threshold),995,training only (frozen before validation refit),-0.07422113655022555,-0.01515106914872653,0.031428180746988645
6,OLS oriented,market_loss_1d,-0.03533729044019507,0.03533729044019507,0.2,False,1.0,True,False,False,1.0,unchanged (below absolute correlation threshold),995,training only (frozen before validation refit),-0.007706604914119129,-0.053923852707162136,-0.047311239045442086
6,OLS oriented,negative_momentum_21d,-0.09103891126701079,0.09103891126701079,0.2,False,1.0,True,False,False,1.0,unchanged (below absolute correlation threshold),995,training only (frozen before validation refit),-0.2460282979667845,-0.009500976187530139,-0.1758311988921958
6,OLS oriented,realized_volatility_20d,0.10417771253784153,0.10417771253784153,0.2,False,0.6666666666666666,False,False,False,1.0,unchanged (below absolute correlation threshold),995,training only (frozen before validation refit),0.06619439459451508,0.14832417966798694,-0.11808535827633589
6,OLS oriented,term_spread_10y_2y_pct,-0.0007462077402023551,0.0007462077402023551,0.2,False,0.6666666666666666,False,False,False,1.0,unchanged (below absolute correlation threshold),995,training only (frozen before validation refit),-0.3045781116227537,0.17353377295246353,-0.09575054610357972
6,OLS oriented,vix,-0.033330489690083925,0.033330489690083925,0.2,False,0.6666666666666666,False,False,False,1.0,unchanged (below absolute correlation threshold),995,training only (frozen before validation refit),-0.1498165965506128,0.02152125969639421,-0.28441541050594027
