fold,model,feature,training_correlation,absolute_training_correlation,minimum_absolute_correlation,meets_correlation_threshold,subperiod_sign_agreement,sign_stable,stability_required,orientation_supported,orientation_sign,transformation,orientation_training_observations,orientation_source,training_subperiod_1_correlation,training_subperiod_2_correlation,training_subperiod_3_correlation
0,Choquet 1-additive,average_equity_correlation_60d,0.006474128268645016,0.006474128268645016,0.2,False,0.3333333333333333,False,False,False,1.0,unchanged (below absolute correlation threshold),1001,training only (frozen before validation refit),-0.2704150046838022,-0.10957580354969922,0.13226611435001634
0,Choquet 1-additive,baa_credit_spread_pct,-0.03532054722895035,0.03532054722895035,0.2,False,0.6666666666666666,False,False,False,1.0,unchanged (below absolute correlation threshold),1001,training only (frozen before validation refit),-0.07388774969710826,-0.12615145738077913,0.12298287530581295
0,Choquet 1-additive,drawdown_severity,0.015449677183988627,0.015449677183988627,0.2,False,0.3333333333333333,False,False,False,1.0,unchanged (below absolute correlation threshold),1001,training only (frozen before validation refit),-0.2834842751191962,-0.2654783082952833,0.16679243174892905
0,Choquet 1-additive,lagged_portfolio_loss_1d,-0.0444428708936548,0.0444428708936548,0.2,False,0.3333333333333333,False,False,False,1.0,unchanged (below absolute correlation threshold),1001,training only (frozen before validation refit),-0.133731470797622,0.002975779121579696,0.011027388766734248
0,Choquet 1-additive,liquidity_stress_20d,0.046785961556271696,0.046785961556271696,0.2,False,0.3333333333333333,False,False,False,1.0,unchanged (below absolute correlation threshold),1001,training only (frozen before validation refit),-0.08232489586331836,-0.18558503477999547,0.25358533004129713
0,Choquet 1-additive,market_loss_1d,-0.04801088462781497,0.04801088462781497,0.2,False,0.6666666666666666,False,False,False,1.0,unchanged (below absolute correlation threshold),1001,training only (frozen before validation refit),-0.11015749044461648,-0.07789420292499705,0.0164207806084822
0,Choquet 1-additive,negative_momentum_21d,0.024495220956678256,0.024495220956678256,0.2,False,0.3333333333333333,False,False,False,1.0,unchanged (below absolute correlation threshold),1001,training only (frozen before validation refit),-0.010826651801291345,-0.2254890935632364,0.08926977284508357
0,Choquet 1-additive,realized_volatility_20d,0.05359073022851714,0.05359073022851714,0.2,False,0.3333333333333333,False,False,False,1.0,unchanged (below absolute correlation threshold),1001,training only (frozen before validation refit),-0.14725816515035944,-0.26029951935195245,0.20235446407142682
0,Choquet 1-additive,term_spread_10y_2y_pct,-0.06709451117665535,0.06709451117665535,0.2,False,0.6666666666666666,False,False,False,1.0,unchanged (below absolute correlation threshold),1001,training only (frozen before validation refit),0.09025210517248103,-0.11001069803093964,-0.22828835545973364
0,Choquet 1-additive,vix,-0.061158732729188016,0.061158732729188016,0.2,False,0.6666666666666666,False,False,False,1.0,unchanged (below absolute correlation threshold),1001,training only (frozen before validation refit),-0.29102048891877036,-0.254971526689602,0.11035922923669496
0,Choquet 1-additive scaled-q,average_equity_correlation_60d,0.006474128268645016,0.006474128268645016,0.2,False,0.3333333333333333,False,False,False,1.0,unchanged (below absolute correlation threshold),1001,training only (frozen before validation refit),-0.2704150046838022,-0.10957580354969922,0.13226611435001634
0,Choquet 1-additive scaled-q,baa_credit_spread_pct,-0.03532054722895035,0.03532054722895035,0.2,False,0.6666666666666666,False,False,False,1.0,unchanged (below absolute correlation threshold),1001,training only (frozen before validation refit),-0.07388774969710826,-0.12615145738077913,0.12298287530581295
0,Choquet 1-additive scaled-q,drawdown_severity,0.015449677183988627,0.015449677183988627,0.2,False,0.3333333333333333,False,False,False,1.0,unchanged (below absolute correlation threshold),1001,training only (frozen before validation refit),-0.2834842751191962,-0.2654783082952833,0.16679243174892905
0,Choquet 1-additive scaled-q,lagged_portfolio_loss_1d,-0.0444428708936548,0.0444428708936548,0.2,False,0.3333333333333333,False,False,False,1.0,unchanged (below absolute correlation threshold),1001,training only (frozen before validation refit),-0.133731470797622,0.002975779121579696,0.011027388766734248
0,Choquet 1-additive scaled-q,liquidity_stress_20d,0.046785961556271696,0.046785961556271696,0.2,False,0.3333333333333333,False,False,False,1.0,unchanged (below absolute correlation threshold),1001,training only (frozen before validation refit),-0.08232489586331836,-0.18558503477999547,0.25358533004129713
0,Choquet 1-additive scaled-q,market_loss_1d,-0.04801088462781497,0.04801088462781497,0.2,False,0.6666666666666666,False,False,False,1.0,unchanged (below absolute correlation threshold),1001,training only (frozen before validation refit),-0.11015749044461648,-0.07789420292499705,0.0164207806084822
0,Choquet 1-additive scaled-q,negative_momentum_21d,0.024495220956678256,0.024495220956678256,0.2,False,0.3333333333333333,False,False,False,1.0,unchanged (below absolute correlation threshold),1001,training only (frozen before validation refit),-0.010826651801291345,-0.2254890935632364,0.08926977284508357
0,Choquet 1-additive scaled-q,realized_volatility_20d,0.05359073022851714,0.05359073022851714,0.2,False,0.3333333333333333,False,False,False,1.0,unchanged (below absolute correlation threshold),1001,training only (frozen before validation refit),-0.14725816515035944,-0.26029951935195245,0.20235446407142682
0,Choquet 1-additive scaled-q,term_spread_10y_2y_pct,-0.06709451117665535,0.06709451117665535,0.2,False,0.6666666666666666,False,False,False,1.0,unchanged (below absolute correlation threshold),1001,training only (frozen before validation refit),0.09025210517248103,-0.11001069803093964,-0.22828835545973364
0,Choquet 1-additive scaled-q,vix,-0.061158732729188016,0.061158732729188016,0.2,False,0.6666666666666666,False,False,False,1.0,unchanged (below absolute correlation threshold),1001,training only (frozen before validation refit),-0.29102048891877036,-0.254971526689602,0.11035922923669496
0,Choquet 2-additive,average_equity_correlation_60d,0.006474128268645016,0.006474128268645016,0.2,False,0.3333333333333333,False,False,False,1.0,unchanged (below absolute correlation threshold),1001,training only (frozen before validation refit),-0.2704150046838022,-0.10957580354969922,0.13226611435001634
0,Choquet 2-additive,baa_credit_spread_pct,-0.03532054722895035,0.03532054722895035,0.2,False,0.6666666666666666,False,False,False,1.0,unchanged (below absolute correlation threshold),1001,training only (frozen before validation refit),-0.07388774969710826,-0.12615145738077913,0.12298287530581295
0,Choquet 2-additive,drawdown_severity,0.015449677183988627,0.015449677183988627,0.2,False,0.3333333333333333,False,False,False,1.0,unchanged (below absolute correlation threshold),1001,training only (frozen before validation refit),-0.2834842751191962,-0.2654783082952833,0.16679243174892905
0,Choquet 2-additive,lagged_portfolio_loss_1d,-0.0444428708936548,0.0444428708936548,0.2,False,0.3333333333333333,False,False,False,1.0,unchanged (below absolute correlation threshold),1001,training only (frozen before validation refit),-0.133731470797622,0.002975779121579696,0.011027388766734248
0,Choquet 2-additive,liquidity_stress_20d,0.046785961556271696,0.046785961556271696,0.2,False,0.3333333333333333,False,False,False,1.0,unchanged (below absolute correlation threshold),1001,training only (frozen before validation refit),-0.08232489586331836,-0.18558503477999547,0.25358533004129713
0,Choquet 2-additive,market_loss_1d,-0.04801088462781497,0.04801088462781497,0.2,False,0.6666666666666666,False,False,False,1.0,unchanged (below absolute correlation threshold),1001,training only (frozen before validation refit),-0.11015749044461648,-0.07789420292499705,0.0164207806084822
0,Choquet 2-additive,negative_momentum_21d,0.024495220956678256,0.024495220956678256,0.2,False,0.3333333333333333,False,False,False,1.0,unchanged (below absolute correlation threshold),1001,training only (frozen before validation refit),-0.010826651801291345,-0.2254890935632364,0.08926977284508357
0,Choquet 2-additive,realized_volatility_20d,0.05359073022851714,0.05359073022851714,0.2,False,0.3333333333333333,False,False,False,1.0,unchanged (below absolute correlation threshold),1001,training only (frozen before validation refit),-0.14725816515035944,-0.26029951935195245,0.20235446407142682
0,Choquet 2-additive,term_spread_10y_2y_pct,-0.06709451117665535,0.06709451117665535,0.2,False,0.6666666666666666,False,False,False,1.0,unchanged (below absolute correlation threshold),1001,training only (frozen before validation refit),0.09025210517248103,-0.11001069803093964,-0.22828835545973364
0,Choquet 2-additive,vix,-0.061158732729188016,0.061158732729188016,0.2,False,0.6666666666666666,False,False,False,1.0,unchanged (below absolute correlation threshold),1001,training only (frozen before validation refit),-0.29102048891877036,-0.254971526689602,0.11035922923669496
0,Choquet 2-additive L1,average_equity_correlation_60d,0.006474128268645016,0.006474128268645016,0.2,False,0.3333333333333333,False,False,False,1.0,unchanged (below absolute correlation threshold),1001,training only (frozen before validation refit),-0.2704150046838022,-0.10957580354969922,0.13226611435001634
0,Choquet 2-additive L1,baa_credit_spread_pct,-0.03532054722895035,0.03532054722895035,0.2,False,0.6666666666666666,False,False,False,1.0,unchanged (below absolute correlation threshold),1001,training only (frozen before validation refit),-0.07388774969710826,-0.12615145738077913,0.12298287530581295
0,Choquet 2-additive L1,drawdown_severity,0.015449677183988627,0.015449677183988627,0.2,False,0.3333333333333333,False,False,False,1.0,unchanged (below absolute correlation threshold),1001,training only (frozen before validation refit),-0.2834842751191962,-0.2654783082952833,0.16679243174892905
0,Choquet 2-additive L1,lagged_portfolio_loss_1d,-0.0444428708936548,0.0444428708936548,0.2,False,0.3333333333333333,False,False,False,1.0,unchanged (below absolute correlation threshold),1001,training only (frozen before validation refit),-0.133731470797622,0.002975779121579696,0.011027388766734248
0,Choquet 2-additive L1,liquidity_stress_20d,0.046785961556271696,0.046785961556271696,0.2,False,0.3333333333333333,False,False,False,1.0,unchanged (below absolute correlation threshold),1001,training only (frozen before validation refit),-0.08232489586331836,-0.18558503477999547,0.25358533004129713
0,Choquet 2-additive L1,market_loss_1d,-0.04801088462781497,0.04801088462781497,0.2,False,0.6666666666666666,False,False,False,1.0,unchanged (below absolute correlation threshold),1001,training only (frozen before validation refit),-0.11015749044461648,-0.07789420292499705,0.0164207806084822
0,Choquet 2-additive L1,negative_momentum_21d,0.024495220956678256,0.024495220956678256,0.2,False,0.3333333333333333,False,False,False,1.0,unchanged (below absolute correlation threshold),1001,training only (frozen before validation refit),-0.010826651801291345,-0.2254890935632364,0.08926977284508357
0,Choquet 2-additive L1,realized_volatility_20d,0.05359073022851714,0.05359073022851714,0.2,False,0.3333333333333333,False,False,False,1.0,unchanged (below absolute correlation threshold),1001,training only (frozen before validation refit),-0.14725816515035944,-0.26029951935195245,0.20235446407142682
0,Choquet 2-additive L1,term_spread_10y_2y_pct,-0.06709451117665535,0.06709451117665535,0.2,False,0.6666666666666666,False,False,False,1.0,unchanged (below absolute correlation threshold),1001,training only (frozen before validation refit),0.09025210517248103,-0.11001069803093964,-0.22828835545973364
0,Choquet 2-additive L1,vix,-0.061158732729188016,0.061158732729188016,0.2,False,0.6666666666666666,False,False,False,1.0,unchanged (below absolute correlation threshold),1001,training only (frozen before validation refit),-0.29102048891877036,-0.254971526689602,0.11035922923669496
0,Choquet 2-additive scaled-q,average_equity_correlation_60d,0.006474128268645016,0.006474128268645016,0.2,False,0.3333333333333333,False,False,False,1.0,unchanged (below absolute correlation threshold),1001,training only (frozen before validation refit),-0.2704150046838022,-0.10957580354969922,0.13226611435001634
0,Choquet 2-additive scaled-q,baa_credit_spread_pct,-0.03532054722895035,0.03532054722895035,0.2,False,0.6666666666666666,False,False,False,1.0,unchanged (below absolute correlation threshold),1001,training only (frozen before validation refit),-0.07388774969710826,-0.12615145738077913,0.12298287530581295
0,Choquet 2-additive scaled-q,drawdown_severity,0.015449677183988627,0.015449677183988627,0.2,False,0.3333333333333333,False,False,False,1.0,unchanged (below absolute correlation threshold),1001,training only (frozen before validation refit),-0.2834842751191962,-0.2654783082952833,0.16679243174892905
0,Choquet 2-additive scaled-q,lagged_portfolio_loss_1d,-0.0444428708936548,0.0444428708936548,0.2,False,0.3333333333333333,False,False,False,1.0,unchanged (below absolute correlation threshold),1001,training only (frozen before validation refit),-0.133731470797622,0.002975779121579696,0.011027388766734248
0,Choquet 2-additive scaled-q,liquidity_stress_20d,0.046785961556271696,0.046785961556271696,0.2,False,0.3333333333333333,False,False,False,1.0,unchanged (below absolute correlation threshold),1001,training only (frozen before validation refit),-0.08232489586331836,-0.18558503477999547,0.25358533004129713
0,Choquet 2-additive scaled-q,market_loss_1d,-0.04801088462781497,0.04801088462781497,0.2,False,0.6666666666666666,False,False,False,1.0,unchanged (below absolute correlation threshold),1001,training only (frozen before validation refit),-0.11015749044461648,-0.07789420292499705,0.0164207806084822
0,Choquet 2-additive scaled-q,negative_momentum_21d,0.024495220956678256,0.024495220956678256,0.2,False,0.3333333333333333,False,False,False,1.0,unchanged (below absolute correlation threshold),1001,training only (frozen before validation refit),-0.010826651801291345,-0.2254890935632364,0.08926977284508357
0,Choquet 2-additive scaled-q,realized_volatility_20d,0.05359073022851714,0.05359073022851714,0.2,False,0.3333333333333333,False,False,False,1.0,unchanged (below absolute correlation threshold),1001,training only (frozen before validation refit),-0.14725816515035944,-0.26029951935195245,0.20235446407142682
0,Choquet 2-additive scaled-q,term_spread_10y_2y_pct,-0.06709451117665535,0.06709451117665535,0.2,False,0.6666666666666666,False,False,False,1.0,unchanged (below absolute correlation threshold),1001,training only (frozen before validation refit),0.09025210517248103,-0.11001069803093964,-0.22828835545973364
0,Choquet 2-additive scaled-q,vix,-0.061158732729188016,0.061158732729188016,0.2,False,0.6666666666666666,False,False,False,1.0,unchanged (below absolute correlation threshold),1001,training only (frozen before validation refit),-0.29102048891877036,-0.254971526689602,0.11035922923669496
0,Choquet 2-additive scaled-q L1,average_equity_correlation_60d,0.006474128268645016,0.006474128268645016,0.2,False,0.3333333333333333,False,False,False,1.0,unchanged (below absolute correlation threshold),1001,training only (frozen before validation refit),-0.2704150046838022,-0.10957580354969922,0.13226611435001634
0,Choquet 2-additive scaled-q L1,baa_credit_spread_pct,-0.03532054722895035,0.03532054722895035,0.2,False,0.6666666666666666,False,False,False,1.0,unchanged (below absolute correlation threshold),1001,training only (frozen before validation refit),-0.07388774969710826,-0.12615145738077913,0.12298287530581295
0,Choquet 2-additive scaled-q L1,drawdown_severity,0.015449677183988627,0.015449677183988627,0.2,False,0.3333333333333333,False,False,False,1.0,unchanged (below absolute correlation threshold),1001,training only (frozen before validation refit),-0.2834842751191962,-0.2654783082952833,0.16679243174892905
0,Choquet 2-additive scaled-q L1,lagged_portfolio_loss_1d,-0.0444428708936548,0.0444428708936548,0.2,False,0.3333333333333333,False,False,False,1.0,unchanged (below absolute correlation threshold),1001,training only (frozen before validation refit),-0.133731470797622,0.002975779121579696,0.011027388766734248
0,Choquet 2-additive scaled-q L1,liquidity_stress_20d,0.046785961556271696,0.046785961556271696,0.2,False,0.3333333333333333,False,False,False,1.0,unchanged (below absolute correlation threshold),1001,training only (frozen before validation refit),-0.08232489586331836,-0.18558503477999547,0.25358533004129713
0,Choquet 2-additive scaled-q L1,market_loss_1d,-0.04801088462781497,0.04801088462781497,0.2,False,0.6666666666666666,False,False,False,1.0,unchanged (below absolute correlation threshold),1001,training only (frozen before validation refit),-0.11015749044461648,-0.07789420292499705,0.0164207806084822
0,Choquet 2-additive scaled-q L1,negative_momentum_21d,0.024495220956678256,0.024495220956678256,0.2,False,0.3333333333333333,False,False,False,1.0,unchanged (below absolute correlation threshold),1001,training only (frozen before validation refit),-0.010826651801291345,-0.2254890935632364,0.08926977284508357
0,Choquet 2-additive scaled-q L1,realized_volatility_20d,0.05359073022851714,0.05359073022851714,0.2,False,0.3333333333333333,False,False,False,1.0,unchanged (below absolute correlation threshold),1001,training only (frozen before validation refit),-0.14725816515035944,-0.26029951935195245,0.20235446407142682
0,Choquet 2-additive scaled-q L1,term_spread_10y_2y_pct,-0.06709451117665535,0.06709451117665535,0.2,False,0.6666666666666666,False,False,False,1.0,unchanged (below absolute correlation threshold),1001,training only (frozen before validation refit),0.09025210517248103,-0.11001069803093964,-0.22828835545973364
0,Choquet 2-additive scaled-q L1,vix,-0.061158732729188016,0.061158732729188016,0.2,False,0.6666666666666666,False,False,False,1.0,unchanged (below absolute correlation threshold),1001,training only (frozen before validation refit),-0.29102048891877036,-0.254971526689602,0.11035922923669496
0,Fuzzy Choquet neural network,average_equity_correlation_60d,0.006474128268645016,0.006474128268645016,0.2,False,0.3333333333333333,False,False,False,1.0,unchanged (below absolute correlation threshold),1001,training only (frozen before validation refit),-0.2704150046838022,-0.10957580354969922,0.13226611435001634
0,Fuzzy Choquet neural network,baa_credit_spread_pct,-0.03532054722895035,0.03532054722895035,0.2,False,0.6666666666666666,False,False,False,1.0,unchanged (below absolute correlation threshold),1001,training only (frozen before validation refit),-0.07388774969710826,-0.12615145738077913,0.12298287530581295
0,Fuzzy Choquet neural network,drawdown_severity,0.015449677183988627,0.015449677183988627,0.2,False,0.3333333333333333,False,False,False,1.0,unchanged (below absolute correlation threshold),1001,training only (frozen before validation refit),-0.2834842751191962,-0.2654783082952833,0.16679243174892905
0,Fuzzy Choquet neural network,lagged_portfolio_loss_1d,-0.0444428708936548,0.0444428708936548,0.2,False,0.3333333333333333,False,False,False,1.0,unchanged (below absolute correlation threshold),1001,training only (frozen before validation refit),-0.133731470797622,0.002975779121579696,0.011027388766734248
0,Fuzzy Choquet neural network,liquidity_stress_20d,0.046785961556271696,0.046785961556271696,0.2,False,0.3333333333333333,False,False,False,1.0,unchanged (below absolute correlation threshold),1001,training only (frozen before validation refit),-0.08232489586331836,-0.18558503477999547,0.25358533004129713
0,Fuzzy Choquet neural network,market_loss_1d,-0.04801088462781497,0.04801088462781497,0.2,False,0.6666666666666666,False,False,False,1.0,unchanged (below absolute correlation threshold),1001,training only (frozen before validation refit),-0.11015749044461648,-0.07789420292499705,0.0164207806084822
0,Fuzzy Choquet neural network,negative_momentum_21d,0.024495220956678256,0.024495220956678256,0.2,False,0.3333333333333333,False,False,False,1.0,unchanged (below absolute correlation threshold),1001,training only (frozen before validation refit),-0.010826651801291345,-0.2254890935632364,0.08926977284508357
0,Fuzzy Choquet neural network,realized_volatility_20d,0.05359073022851714,0.05359073022851714,0.2,False,0.3333333333333333,False,False,False,1.0,unchanged (below absolute correlation threshold),1001,training only (frozen before validation refit),-0.14725816515035944,-0.26029951935195245,0.20235446407142682
0,Fuzzy Choquet neural network,term_spread_10y_2y_pct,-0.06709451117665535,0.06709451117665535,0.2,False,0.6666666666666666,False,False,False,1.0,unchanged (below absolute correlation threshold),1001,training only (frozen before validation refit),0.09025210517248103,-0.11001069803093964,-0.22828835545973364
0,Fuzzy Choquet neural network,vix,-0.061158732729188016,0.061158732729188016,0.2,False,0.6666666666666666,False,False,False,1.0,unchanged (below absolute correlation threshold),1001,training only (frozen before validation refit),-0.29102048891877036,-0.254971526689602,0.11035922923669496
0,Monotone linear,average_equity_correlation_60d,0.006474128268645016,0.006474128268645016,0.2,False,0.3333333333333333,False,False,False,1.0,unchanged (below absolute correlation threshold),1001,training only (frozen before validation refit),-0.2704150046838022,-0.10957580354969922,0.13226611435001634
0,Monotone linear,baa_credit_spread_pct,-0.03532054722895035,0.03532054722895035,0.2,False,0.6666666666666666,False,False,False,1.0,unchanged (below absolute correlation threshold),1001,training only (frozen before validation refit),-0.07388774969710826,-0.12615145738077913,0.12298287530581295
0,Monotone linear,drawdown_severity,0.015449677183988627,0.015449677183988627,0.2,False,0.3333333333333333,False,False,False,1.0,unchanged (below absolute correlation threshold),1001,training only (frozen before validation refit),-0.2834842751191962,-0.2654783082952833,0.16679243174892905
0,Monotone linear,lagged_portfolio_loss_1d,-0.0444428708936548,0.0444428708936548,0.2,False,0.3333333333333333,False,False,False,1.0,unchanged (below absolute correlation threshold),1001,training only (frozen before validation refit),-0.133731470797622,0.002975779121579696,0.011027388766734248
0,Monotone linear,liquidity_stress_20d,0.046785961556271696,0.046785961556271696,0.2,False,0.3333333333333333,False,False,False,1.0,unchanged (below absolute correlation threshold),1001,training only (frozen before validation refit),-0.08232489586331836,-0.18558503477999547,0.25358533004129713
0,Monotone linear,market_loss_1d,-0.04801088462781497,0.04801088462781497,0.2,False,0.6666666666666666,False,False,False,1.0,unchanged (below absolute correlation threshold),1001,training only (frozen before validation refit),-0.11015749044461648,-0.07789420292499705,0.0164207806084822
0,Monotone linear,negative_momentum_21d,0.024495220956678256,0.024495220956678256,0.2,False,0.3333333333333333,False,False,False,1.0,unchanged (below absolute correlation threshold),1001,training only (frozen before validation refit),-0.010826651801291345,-0.2254890935632364,0.08926977284508357
0,Monotone linear,realized_volatility_20d,0.05359073022851714,0.05359073022851714,0.2,False,0.3333333333333333,False,False,False,1.0,unchanged (below absolute correlation threshold),1001,training only (frozen before validation refit),-0.14725816515035944,-0.26029951935195245,0.20235446407142682
0,Monotone linear,term_spread_10y_2y_pct,-0.06709451117665535,0.06709451117665535,0.2,False,0.6666666666666666,False,False,False,1.0,unchanged (below absolute correlation threshold),1001,training only (frozen before validation refit),0.09025210517248103,-0.11001069803093964,-0.22828835545973364
0,Monotone linear,vix,-0.061158732729188016,0.061158732729188016,0.2,False,0.6666666666666666,False,False,False,1.0,unchanged (below absolute correlation threshold),1001,training only (frozen before validation refit),-0.29102048891877036,-0.254971526689602,0.11035922923669496
0,OLS oriented,average_equity_correlation_60d,0.006474128268645016,0.006474128268645016,0.2,False,0.3333333333333333,False,False,False,1.0,unchanged (below absolute correlation threshold),1001,training only (frozen before validation refit),-0.2704150046838022,-0.10957580354969922,0.13226611435001634
0,OLS oriented,baa_credit_spread_pct,-0.03532054722895035,0.03532054722895035,0.2,False,0.6666666666666666,False,False,False,1.0,unchanged (below absolute correlation threshold),1001,training only (frozen before validation refit),-0.07388774969710826,-0.12615145738077913,0.12298287530581295
0,OLS oriented,drawdown_severity,0.015449677183988627,0.015449677183988627,0.2,False,0.3333333333333333,False,False,False,1.0,unchanged (below absolute correlation threshold),1001,training only (frozen before validation refit),-0.2834842751191962,-0.2654783082952833,0.16679243174892905
0,OLS oriented,lagged_portfolio_loss_1d,-0.0444428708936548,0.0444428708936548,0.2,False,0.3333333333333333,False,False,False,1.0,unchanged (below absolute correlation threshold),1001,training only (frozen before validation refit),-0.133731470797622,0.002975779121579696,0.011027388766734248
0,OLS oriented,liquidity_stress_20d,0.046785961556271696,0.046785961556271696,0.2,False,0.3333333333333333,False,False,False,1.0,unchanged (below absolute correlation threshold),1001,training only (frozen before validation refit),-0.08232489586331836,-0.18558503477999547,0.25358533004129713
0,OLS oriented,market_loss_1d,-0.04801088462781497,0.04801088462781497,0.2,False,0.6666666666666666,False,False,False,1.0,unchanged (below absolute correlation threshold),1001,training only (frozen before validation refit),-0.11015749044461648,-0.07789420292499705,0.0164207806084822
0,OLS oriented,negative_momentum_21d,0.024495220956678256,0.024495220956678256,0.2,False,0.3333333333333333,False,False,False,1.0,unchanged (below absolute correlation threshold),1001,training only (frozen before validation refit),-0.010826651801291345,-0.2254890935632364,0.08926977284508357
0,OLS oriented,realized_volatility_20d,0.05359073022851714,0.05359073022851714,0.2,False,0.3333333333333333,False,False,False,1.0,unchanged (below absolute correlation threshold),1001,training only (frozen before validation refit),-0.14725816515035944,-0.26029951935195245,0.20235446407142682
0,OLS oriented,term_spread_10y_2y_pct,-0.06709451117665535,0.06709451117665535,0.2,False,0.6666666666666666,False,False,False,1.0,unchanged (below absolute correlation threshold),1001,training only (frozen before validation refit),0.09025210517248103,-0.11001069803093964,-0.22828835545973364
0,OLS oriented,vix,-0.061158732729188016,0.061158732729188016,0.2,False,0.6666666666666666,False,False,False,1.0,unchanged (below absolute correlation threshold),1001,training only (frozen before validation refit),-0.29102048891877036,-0.254971526689602,0.11035922923669496
1,Choquet 1-additive,average_equity_correlation_60d,0.0005287998377884224,0.0005287998377884224,0.2,False,0.3333333333333333,False,False,False,1.0,unchanged (below absolute correlation threshold),1001,training only (frozen before validation refit),-0.06548632531432885,0.08675105217289183,-0.11673160334317756
1,Choquet 1-additive,baa_credit_spread_pct,-0.06947700014636915,0.06947700014636915,0.2,False,1.0,True,False,False,1.0,unchanged (below absolute correlation threshold),1001,training only (frozen before validation refit),-0.03905160693332024,-0.11133171575773085,-0.25431699674617836
1,Choquet 1-additive,drawdown_severity,-0.03312109937060317,0.03312109937060317,0.2,False,1.0,True,False,False,1.0,unchanged (below absolute correlation threshold),1001,training only (frozen before validation refit),-0.11476405062993225,-0.058107278291118024,-0.11133862434168158
1,Choquet 1-additive,lagged_portfolio_loss_1d,-0.0006729796369668813,0.0006729796369668813,0.2,False,0.6666666666666666,False,False,False,1.0,unchanged (below absolute correlation threshold),1001,training only (frozen before validation refit),0.039008184067742785,-0.03215328035087408,-0.009441636683790831
1,Choquet 1-additive,liquidity_stress_20d,0.0017769640605354176,0.0017769640605354176,0.2,False,0.0,False,False,False,1.0,unchanged (below absolute correlation threshold),1001,training only (frozen before validation refit),-0.027302168186349264,-0.022534004712634805,-0.15227297139739515
1,Choquet 1-additive,market_loss_1d,-0.03040503598572715,0.03040503598572715,0.2,False,1.0,True,False,False,1.0,unchanged (below absolute correlation threshold),1001,training only (frozen before validation refit),-0.04075495912945437,-0.04652118274935053,-0.019619403755043195
1,Choquet 1-additive,negative_momentum_21d,-0.02029378570119347,0.02029378570119347,0.2,False,0.6666666666666666,False,False,False,1.0,unchanged (below absolute correlation threshold),1001,training only (frozen before validation refit),0.013863542137940237,-0.15344225835847444,-0.014155470827553071
1,Choquet 1-additive,realized_volatility_20d,0.02508611289807883,0.02508611289807883,0.2,False,0.6666666666666666,False,False,False,1.0,unchanged (below absolute correlation threshold),1001,training only (frozen before validation refit),-0.104212229087206,0.040449840204846155,0.017774815659008406
1,Choquet 1-additive,term_spread_10y_2y_pct,-0.06328845813231913,0.06328845813231913,0.2,False,0.3333333333333333,False,False,False,1.0,unchanged (below absolute correlation threshold),1001,training only (frozen before validation refit),0.05747217686863375,-0.02394445557812663,0.09792397332869741
1,Choquet 1-additive,vix,-0.04174413986584881,0.04174413986584881,0.2,False,1.0,True,False,False,1.0,unchanged (below absolute correlation threshold),1001,training only (frozen before validation refit),-0.15269041316026993,-0.03291998740731496,-0.05633466694185526
1,Choquet 1-additive scaled-q,average_equity_correlation_60d,0.0005287998377884224,0.0005287998377884224,0.2,False,0.3333333333333333,False,False,False,1.0,unchanged (below absolute correlation threshold),1001,training only (frozen before validation refit),-0.06548632531432885,0.08675105217289183,-0.11673160334317756
1,Choquet 1-additive scaled-q,baa_credit_spread_pct,-0.06947700014636915,0.06947700014636915,0.2,False,1.0,True,False,False,1.0,unchanged (below absolute correlation threshold),1001,training only (frozen before validation refit),-0.03905160693332024,-0.11133171575773085,-0.25431699674617836
1,Choquet 1-additive scaled-q,drawdown_severity,-0.03312109937060317,0.03312109937060317,0.2,False,1.0,True,False,False,1.0,unchanged (below absolute correlation threshold),1001,training only (frozen before validation refit),-0.11476405062993225,-0.058107278291118024,-0.11133862434168158
1,Choquet 1-additive scaled-q,lagged_portfolio_loss_1d,-0.0006729796369668813,0.0006729796369668813,0.2,False,0.6666666666666666,False,False,False,1.0,unchanged (below absolute correlation threshold),1001,training only (frozen before validation refit),0.039008184067742785,-0.03215328035087408,-0.009441636683790831
1,Choquet 1-additive scaled-q,liquidity_stress_20d,0.0017769640605354176,0.0017769640605354176,0.2,False,0.0,False,False,False,1.0,unchanged (below absolute correlation threshold),1001,training only (frozen before validation refit),-0.027302168186349264,-0.022534004712634805,-0.15227297139739515
1,Choquet 1-additive scaled-q,market_loss_1d,-0.03040503598572715,0.03040503598572715,0.2,False,1.0,True,False,False,1.0,unchanged (below absolute correlation threshold),1001,training only (frozen before validation refit),-0.04075495912945437,-0.04652118274935053,-0.019619403755043195
1,Choquet 1-additive scaled-q,negative_momentum_21d,-0.02029378570119347,0.02029378570119347,0.2,False,0.6666666666666666,False,False,False,1.0,unchanged (below absolute correlation threshold),1001,training only (frozen before validation refit),0.013863542137940237,-0.15344225835847444,-0.014155470827553071
1,Choquet 1-additive scaled-q,realized_volatility_20d,0.02508611289807883,0.02508611289807883,0.2,False,0.6666666666666666,False,False,False,1.0,unchanged (below absolute correlation threshold),1001,training only (frozen before validation refit),-0.104212229087206,0.040449840204846155,0.017774815659008406
1,Choquet 1-additive scaled-q,term_spread_10y_2y_pct,-0.06328845813231913,0.06328845813231913,0.2,False,0.3333333333333333,False,False,False,1.0,unchanged (below absolute correlation threshold),1001,training only (frozen before validation refit),0.05747217686863375,-0.02394445557812663,0.09792397332869741
1,Choquet 1-additive scaled-q,vix,-0.04174413986584881,0.04174413986584881,0.2,False,1.0,True,False,False,1.0,unchanged (below absolute correlation threshold),1001,training only (frozen before validation refit),-0.15269041316026993,-0.03291998740731496,-0.05633466694185526
1,Choquet 2-additive,average_equity_correlation_60d,0.0005287998377884224,0.0005287998377884224,0.2,False,0.3333333333333333,False,False,False,1.0,unchanged (below absolute correlation threshold),1001,training only (frozen before validation refit),-0.06548632531432885,0.08675105217289183,-0.11673160334317756
1,Choquet 2-additive,baa_credit_spread_pct,-0.06947700014636915,0.06947700014636915,0.2,False,1.0,True,False,False,1.0,unchanged (below absolute correlation threshold),1001,training only (frozen before validation refit),-0.03905160693332024,-0.11133171575773085,-0.25431699674617836
1,Choquet 2-additive,drawdown_severity,-0.03312109937060317,0.03312109937060317,0.2,False,1.0,True,False,False,1.0,unchanged (below absolute correlation threshold),1001,training only (frozen before validation refit),-0.11476405062993225,-0.058107278291118024,-0.11133862434168158
1,Choquet 2-additive,lagged_portfolio_loss_1d,-0.0006729796369668813,0.0006729796369668813,0.2,False,0.6666666666666666,False,False,False,1.0,unchanged (below absolute correlation threshold),1001,training only (frozen before validation refit),0.039008184067742785,-0.03215328035087408,-0.009441636683790831
1,Choquet 2-additive,liquidity_stress_20d,0.0017769640605354176,0.0017769640605354176,0.2,False,0.0,False,False,False,1.0,unchanged (below absolute correlation threshold),1001,training only (frozen before validation refit),-0.027302168186349264,-0.022534004712634805,-0.15227297139739515
1,Choquet 2-additive,market_loss_1d,-0.03040503598572715,0.03040503598572715,0.2,False,1.0,True,False,False,1.0,unchanged (below absolute correlation threshold),1001,training only (frozen before validation refit),-0.04075495912945437,-0.04652118274935053,-0.019619403755043195
1,Choquet 2-additive,negative_momentum_21d,-0.02029378570119347,0.02029378570119347,0.2,False,0.6666666666666666,False,False,False,1.0,unchanged (below absolute correlation threshold),1001,training only (frozen before validation refit),0.013863542137940237,-0.15344225835847444,-0.014155470827553071
1,Choquet 2-additive,realized_volatility_20d,0.02508611289807883,0.02508611289807883,0.2,False,0.6666666666666666,False,False,False,1.0,unchanged (below absolute correlation threshold),1001,training only (frozen before validation refit),-0.104212229087206,0.040449840204846155,0.017774815659008406
1,Choquet 2-additive,term_spread_10y_2y_pct,-0.06328845813231913,0.06328845813231913,0.2,False,0.3333333333333333,False,False,False,1.0,unchanged (below absolute correlation threshold),1001,training only (frozen before validation refit),0.05747217686863375,-0.02394445557812663,0.09792397332869741
1,Choquet 2-additive,vix,-0.04174413986584881,0.04174413986584881,0.2,False,1.0,True,False,False,1.0,unchanged (below absolute correlation threshold),1001,training only (frozen before validation refit),-0.15269041316026993,-0.03291998740731496,-0.05633466694185526
1,Choquet 2-additive L1,average_equity_correlation_60d,0.0005287998377884224,0.0005287998377884224,0.2,False,0.3333333333333333,False,False,False,1.0,unchanged (below absolute correlation threshold),1001,training only (frozen before validation refit),-0.06548632531432885,0.08675105217289183,-0.11673160334317756
1,Choquet 2-additive L1,baa_credit_spread_pct,-0.06947700014636915,0.06947700014636915,0.2,False,1.0,True,False,False,1.0,unchanged (below absolute correlation threshold),1001,training only (frozen before validation refit),-0.03905160693332024,-0.11133171575773085,-0.25431699674617836
1,Choquet 2-additive L1,drawdown_severity,-0.03312109937060317,0.03312109937060317,0.2,False,1.0,True,False,False,1.0,unchanged (below absolute correlation threshold),1001,training only (frozen before validation refit),-0.11476405062993225,-0.058107278291118024,-0.11133862434168158
1,Choquet 2-additive L1,lagged_portfolio_loss_1d,-0.0006729796369668813,0.0006729796369668813,0.2,False,0.6666666666666666,False,False,False,1.0,unchanged (below absolute correlation threshold),1001,training only (frozen before validation refit),0.039008184067742785,-0.03215328035087408,-0.009441636683790831
1,Choquet 2-additive L1,liquidity_stress_20d,0.0017769640605354176,0.0017769640605354176,0.2,False,0.0,False,False,False,1.0,unchanged (below absolute correlation threshold),1001,training only (frozen before validation refit),-0.027302168186349264,-0.022534004712634805,-0.15227297139739515
1,Choquet 2-additive L1,market_loss_1d,-0.03040503598572715,0.03040503598572715,0.2,False,1.0,True,False,False,1.0,unchanged (below absolute correlation threshold),1001,training only (frozen before validation refit),-0.04075495912945437,-0.04652118274935053,-0.019619403755043195
1,Choquet 2-additive L1,negative_momentum_21d,-0.02029378570119347,0.02029378570119347,0.2,False,0.6666666666666666,False,False,False,1.0,unchanged (below absolute correlation threshold),1001,training only (frozen before validation refit),0.013863542137940237,-0.15344225835847444,-0.014155470827553071
1,Choquet 2-additive L1,realized_volatility_20d,0.02508611289807883,0.02508611289807883,0.2,False,0.6666666666666666,False,False,False,1.0,unchanged (below absolute correlation threshold),1001,training only (frozen before validation refit),-0.104212229087206,0.040449840204846155,0.017774815659008406
1,Choquet 2-additive L1,term_spread_10y_2y_pct,-0.06328845813231913,0.06328845813231913,0.2,False,0.3333333333333333,False,False,False,1.0,unchanged (below absolute correlation threshold),1001,training only (frozen before validation refit),0.05747217686863375,-0.02394445557812663,0.09792397332869741
1,Choquet 2-additive L1,vix,-0.04174413986584881,0.04174413986584881,0.2,False,1.0,True,False,False,1.0,unchanged (below absolute correlation threshold),1001,training only (frozen before validation refit),-0.15269041316026993,-0.03291998740731496,-0.05633466694185526
1,Choquet 2-additive scaled-q,average_equity_correlation_60d,0.0005287998377884224,0.0005287998377884224,0.2,False,0.3333333333333333,False,False,False,1.0,unchanged (below absolute correlation threshold),1001,training only (frozen before validation refit),-0.06548632531432885,0.08675105217289183,-0.11673160334317756
1,Choquet 2-additive scaled-q,baa_credit_spread_pct,-0.06947700014636915,0.06947700014636915,0.2,False,1.0,True,False,False,1.0,unchanged (below absolute correlation threshold),1001,training only (frozen before validation refit),-0.03905160693332024,-0.11133171575773085,-0.25431699674617836
1,Choquet 2-additive scaled-q,drawdown_severity,-0.03312109937060317,0.03312109937060317,0.2,False,1.0,True,False,False,1.0,unchanged (below absolute correlation threshold),1001,training only (frozen before validation refit),-0.11476405062993225,-0.058107278291118024,-0.11133862434168158
1,Choquet 2-additive scaled-q,lagged_portfolio_loss_1d,-0.0006729796369668813,0.0006729796369668813,0.2,False,0.6666666666666666,False,False,False,1.0,unchanged (below absolute correlation threshold),1001,training only (frozen before validation refit),0.039008184067742785,-0.03215328035087408,-0.009441636683790831
1,Choquet 2-additive scaled-q,liquidity_stress_20d,0.0017769640605354176,0.0017769640605354176,0.2,False,0.0,False,False,False,1.0,unchanged (below absolute correlation threshold),1001,training only (frozen before validation refit),-0.027302168186349264,-0.022534004712634805,-0.15227297139739515
1,Choquet 2-additive scaled-q,market_loss_1d,-0.03040503598572715,0.03040503598572715,0.2,False,1.0,True,False,False,1.0,unchanged (below absolute correlation threshold),1001,training only (frozen before validation refit),-0.04075495912945437,-0.04652118274935053,-0.019619403755043195
1,Choquet 2-additive scaled-q,negative_momentum_21d,-0.02029378570119347,0.02029378570119347,0.2,False,0.6666666666666666,False,False,False,1.0,unchanged (below absolute correlation threshold),1001,training only (frozen before validation refit),0.013863542137940237,-0.15344225835847444,-0.014155470827553071
1,Choquet 2-additive scaled-q,realized_volatility_20d,0.02508611289807883,0.02508611289807883,0.2,False,0.6666666666666666,False,False,False,1.0,unchanged (below absolute correlation threshold),1001,training only (frozen before validation refit),-0.104212229087206,0.040449840204846155,0.017774815659008406
1,Choquet 2-additive scaled-q,term_spread_10y_2y_pct,-0.06328845813231913,0.06328845813231913,0.2,False,0.3333333333333333,False,False,False,1.0,unchanged (below absolute correlation threshold),1001,training only (frozen before validation refit),0.05747217686863375,-0.02394445557812663,0.09792397332869741
1,Choquet 2-additive scaled-q,vix,-0.04174413986584881,0.04174413986584881,0.2,False,1.0,True,False,False,1.0,unchanged (below absolute correlation threshold),1001,training only (frozen before validation refit),-0.15269041316026993,-0.03291998740731496,-0.05633466694185526
1,Choquet 2-additive scaled-q L1,average_equity_correlation_60d,0.0005287998377884224,0.0005287998377884224,0.2,False,0.3333333333333333,False,False,False,1.0,unchanged (below absolute correlation threshold),1001,training only (frozen before validation refit),-0.06548632531432885,0.08675105217289183,-0.11673160334317756
1,Choquet 2-additive scaled-q L1,baa_credit_spread_pct,-0.06947700014636915,0.06947700014636915,0.2,False,1.0,True,False,False,1.0,unchanged (below absolute correlation threshold),1001,training only (frozen before validation refit),-0.03905160693332024,-0.11133171575773085,-0.25431699674617836
1,Choquet 2-additive scaled-q L1,drawdown_severity,-0.03312109937060317,0.03312109937060317,0.2,False,1.0,True,False,False,1.0,unchanged (below absolute correlation threshold),1001,training only (frozen before validation refit),-0.11476405062993225,-0.058107278291118024,-0.11133862434168158
1,Choquet 2-additive scaled-q L1,lagged_portfolio_loss_1d,-0.0006729796369668813,0.0006729796369668813,0.2,False,0.6666666666666666,False,False,False,1.0,unchanged (below absolute correlation threshold),1001,training only (frozen before validation refit),0.039008184067742785,-0.03215328035087408,-0.009441636683790831
1,Choquet 2-additive scaled-q L1,liquidity_stress_20d,0.0017769640605354176,0.0017769640605354176,0.2,False,0.0,False,False,False,1.0,unchanged (below absolute correlation threshold),1001,training only (frozen before validation refit),-0.027302168186349264,-0.022534004712634805,-0.15227297139739515
1,Choquet 2-additive scaled-q L1,market_loss_1d,-0.03040503598572715,0.03040503598572715,0.2,False,1.0,True,False,False,1.0,unchanged (below absolute correlation threshold),1001,training only (frozen before validation refit),-0.04075495912945437,-0.04652118274935053,-0.019619403755043195
1,Choquet 2-additive scaled-q L1,negative_momentum_21d,-0.02029378570119347,0.02029378570119347,0.2,False,0.6666666666666666,False,False,False,1.0,unchanged (below absolute correlation threshold),1001,training only (frozen before validation refit),0.013863542137940237,-0.15344225835847444,-0.014155470827553071
1,Choquet 2-additive scaled-q L1,realized_volatility_20d,0.02508611289807883,0.02508611289807883,0.2,False,0.6666666666666666,False,False,False,1.0,unchanged (below absolute correlation threshold),1001,training only (frozen before validation refit),-0.104212229087206,0.040449840204846155,0.017774815659008406
1,Choquet 2-additive scaled-q L1,term_spread_10y_2y_pct,-0.06328845813231913,0.06328845813231913,0.2,False,0.3333333333333333,False,False,False,1.0,unchanged (below absolute correlation threshold),1001,training only (frozen before validation refit),0.05747217686863375,-0.02394445557812663,0.09792397332869741
1,Choquet 2-additive scaled-q L1,vix,-0.04174413986584881,0.04174413986584881,0.2,False,1.0,True,False,False,1.0,unchanged (below absolute correlation threshold),1001,training only (frozen before validation refit),-0.15269041316026993,-0.03291998740731496,-0.05633466694185526
1,Fuzzy Choquet neural network,average_equity_correlation_60d,0.0005287998377884224,0.0005287998377884224,0.2,False,0.3333333333333333,False,False,False,1.0,unchanged (below absolute correlation threshold),1001,training only (frozen before validation refit),-0.06548632531432885,0.08675105217289183,-0.11673160334317756
1,Fuzzy Choquet neural network,baa_credit_spread_pct,-0.06947700014636915,0.06947700014636915,0.2,False,1.0,True,False,False,1.0,unchanged (below absolute correlation threshold),1001,training only (frozen before validation refit),-0.03905160693332024,-0.11133171575773085,-0.25431699674617836
1,Fuzzy Choquet neural network,drawdown_severity,-0.03312109937060317,0.03312109937060317,0.2,False,1.0,True,False,False,1.0,unchanged (below absolute correlation threshold),1001,training only (frozen before validation refit),-0.11476405062993225,-0.058107278291118024,-0.11133862434168158
1,Fuzzy Choquet neural network,lagged_portfolio_loss_1d,-0.0006729796369668813,0.0006729796369668813,0.2,False,0.6666666666666666,False,False,False,1.0,unchanged (below absolute correlation threshold),1001,training only (frozen before validation refit),0.039008184067742785,-0.03215328035087408,-0.009441636683790831
1,Fuzzy Choquet neural network,liquidity_stress_20d,0.0017769640605354176,0.0017769640605354176,0.2,False,0.0,False,False,False,1.0,unchanged (below absolute correlation threshold),1001,training only (frozen before validation refit),-0.027302168186349264,-0.022534004712634805,-0.15227297139739515
1,Fuzzy Choquet neural network,market_loss_1d,-0.03040503598572715,0.03040503598572715,0.2,False,1.0,True,False,False,1.0,unchanged (below absolute correlation threshold),1001,training only (frozen before validation refit),-0.04075495912945437,-0.04652118274935053,-0.019619403755043195
1,Fuzzy Choquet neural network,negative_momentum_21d,-0.02029378570119347,0.02029378570119347,0.2,False,0.6666666666666666,False,False,False,1.0,unchanged (below absolute correlation threshold),1001,training only (frozen before validation refit),0.013863542137940237,-0.15344225835847444,-0.014155470827553071
1,Fuzzy Choquet neural network,realized_volatility_20d,0.02508611289807883,0.02508611289807883,0.2,False,0.6666666666666666,False,False,False,1.0,unchanged (below absolute correlation threshold),1001,training only (frozen before validation refit),-0.104212229087206,0.040449840204846155,0.017774815659008406
1,Fuzzy Choquet neural network,term_spread_10y_2y_pct,-0.06328845813231913,0.06328845813231913,0.2,False,0.3333333333333333,False,False,False,1.0,unchanged (below absolute correlation threshold),1001,training only (frozen before validation refit),0.05747217686863375,-0.02394445557812663,0.09792397332869741
1,Fuzzy Choquet neural network,vix,-0.04174413986584881,0.04174413986584881,0.2,False,1.0,True,False,False,1.0,unchanged (below absolute correlation threshold),1001,training only (frozen before validation refit),-0.15269041316026993,-0.03291998740731496,-0.05633466694185526
1,Monotone linear,average_equity_correlation_60d,0.0005287998377884224,0.0005287998377884224,0.2,False,0.3333333333333333,False,False,False,1.0,unchanged (below absolute correlation threshold),1001,training only (frozen before validation refit),-0.06548632531432885,0.08675105217289183,-0.11673160334317756
1,Monotone linear,baa_credit_spread_pct,-0.06947700014636915,0.06947700014636915,0.2,False,1.0,True,False,False,1.0,unchanged (below absolute correlation threshold),1001,training only (frozen before validation refit),-0.03905160693332024,-0.11133171575773085,-0.25431699674617836
1,Monotone linear,drawdown_severity,-0.03312109937060317,0.03312109937060317,0.2,False,1.0,True,False,False,1.0,unchanged (below absolute correlation threshold),1001,training only (frozen before validation refit),-0.11476405062993225,-0.058107278291118024,-0.11133862434168158
1,Monotone linear,lagged_portfolio_loss_1d,-0.0006729796369668813,0.0006729796369668813,0.2,False,0.6666666666666666,False,False,False,1.0,unchanged (below absolute correlation threshold),1001,training only (frozen before validation refit),0.039008184067742785,-0.03215328035087408,-0.009441636683790831
1,Monotone linear,liquidity_stress_20d,0.0017769640605354176,0.0017769640605354176,0.2,False,0.0,False,False,False,1.0,unchanged (below absolute correlation threshold),1001,training only (frozen before validation refit),-0.027302168186349264,-0.022534004712634805,-0.15227297139739515
1,Monotone linear,market_loss_1d,-0.03040503598572715,0.03040503598572715,0.2,False,1.0,True,False,False,1.0,unchanged (below absolute correlation threshold),1001,training only (frozen before validation refit),-0.04075495912945437,-0.04652118274935053,-0.019619403755043195
1,Monotone linear,negative_momentum_21d,-0.02029378570119347,0.02029378570119347,0.2,False,0.6666666666666666,False,False,False,1.0,unchanged (below absolute correlation threshold),1001,training only (frozen before validation refit),0.013863542137940237,-0.15344225835847444,-0.014155470827553071
1,Monotone linear,realized_volatility_20d,0.02508611289807883,0.02508611289807883,0.2,False,0.6666666666666666,False,False,False,1.0,unchanged (below absolute correlation threshold),1001,training only (frozen before validation refit),-0.104212229087206,0.040449840204846155,0.017774815659008406
1,Monotone linear,term_spread_10y_2y_pct,-0.06328845813231913,0.06328845813231913,0.2,False,0.3333333333333333,False,False,False,1.0,unchanged (below absolute correlation threshold),1001,training only (frozen before validation refit),0.05747217686863375,-0.02394445557812663,0.09792397332869741
1,Monotone linear,vix,-0.04174413986584881,0.04174413986584881,0.2,False,1.0,True,False,False,1.0,unchanged (below absolute correlation threshold),1001,training only (frozen before validation refit),-0.15269041316026993,-0.03291998740731496,-0.05633466694185526
1,OLS oriented,average_equity_correlation_60d,0.0005287998377884224,0.0005287998377884224,0.2,False,0.3333333333333333,False,False,False,1.0,unchanged (below absolute correlation threshold),1001,training only (frozen before validation refit),-0.06548632531432885,0.08675105217289183,-0.11673160334317756
1,OLS oriented,baa_credit_spread_pct,-0.06947700014636915,0.06947700014636915,0.2,False,1.0,True,False,False,1.0,unchanged (below absolute correlation threshold),1001,training only (frozen before validation refit),-0.03905160693332024,-0.11133171575773085,-0.25431699674617836
1,OLS oriented,drawdown_severity,-0.03312109937060317,0.03312109937060317,0.2,False,1.0,True,False,False,1.0,unchanged (below absolute correlation threshold),1001,training only (frozen before validation refit),-0.11476405062993225,-0.058107278291118024,-0.11133862434168158
1,OLS oriented,lagged_portfolio_loss_1d,-0.0006729796369668813,0.0006729796369668813,0.2,False,0.6666666666666666,False,False,False,1.0,unchanged (below absolute correlation threshold),1001,training only (frozen before validation refit),0.039008184067742785,-0.03215328035087408,-0.009441636683790831
1,OLS oriented,liquidity_stress_20d,0.0017769640605354176,0.0017769640605354176,0.2,False,0.0,False,False,False,1.0,unchanged (below absolute correlation threshold),1001,training only (frozen before validation refit),-0.027302168186349264,-0.022534004712634805,-0.15227297139739515
1,OLS oriented,market_loss_1d,-0.03040503598572715,0.03040503598572715,0.2,False,1.0,True,False,False,1.0,unchanged (below absolute correlation threshold),1001,training only (frozen before validation refit),-0.04075495912945437,-0.04652118274935053,-0.019619403755043195
1,OLS oriented,negative_momentum_21d,-0.02029378570119347,0.02029378570119347,0.2,False,0.6666666666666666,False,False,False,1.0,unchanged (below absolute correlation threshold),1001,training only (frozen before validation refit),0.013863542137940237,-0.15344225835847444,-0.014155470827553071
1,OLS oriented,realized_volatility_20d,0.02508611289807883,0.02508611289807883,0.2,False,0.6666666666666666,False,False,False,1.0,unchanged (below absolute correlation threshold),1001,training only (frozen before validation refit),-0.104212229087206,0.040449840204846155,0.017774815659008406
1,OLS oriented,term_spread_10y_2y_pct,-0.06328845813231913,0.06328845813231913,0.2,False,0.3333333333333333,False,False,False,1.0,unchanged (below absolute correlation threshold),1001,training only (frozen before validation refit),0.05747217686863375,-0.02394445557812663,0.09792397332869741
1,OLS oriented,vix,-0.04174413986584881,0.04174413986584881,0.2,False,1.0,True,False,False,1.0,unchanged (below absolute correlation threshold),1001,training only (frozen before validation refit),-0.15269041316026993,-0.03291998740731496,-0.05633466694185526
2,Choquet 1-additive,average_equity_correlation_60d,-0.04110666783561369,0.04110666783561369,0.2,False,0.6666666666666666,False,False,False,1.0,unchanged (below absolute correlation threshold),1002,training only (frozen before validation refit),0.057453070377599676,-0.03777679143448794,-0.10051006561560771
2,Choquet 1-additive,baa_credit_spread_pct,-0.15771981628731652,0.15771981628731652,0.2,False,1.0,True,False,False,1.0,unchanged (below absolute correlation threshold),1002,training only (frozen before validation refit),-0.08879836198824038,-0.11099443560694204,-0.2115790104140307
2,Choquet 1-additive,drawdown_severity,-0.09230904542828684,0.09230904542828684,0.2,False,1.0,True,False,False,1.0,unchanged (below absolute correlation threshold),1002,training only (frozen before validation refit),-0.04076797965233961,-0.12553420712811772,-0.1362920320261613
2,Choquet 1-additive,lagged_portfolio_loss_1d,0.007604460494017707,0.007604460494017707,0.2,False,0.3333333333333333,False,False,False,1.0,unchanged (below absolute correlation threshold),1002,training only (frozen before validation refit),-0.05123815362519404,-0.013448788188918178,0.02491683572910545
2,Choquet 1-additive,liquidity_stress_20d,-0.07877684416453613,0.07877684416453613,0.2,False,0.6666666666666666,False,False,False,1.0,unchanged (below absolute correlation threshold),1002,training only (frozen before validation refit),0.025368913398782254,-0.027594931396014183,-0.18161728270202523
2,Choquet 1-additive,market_loss_1d,-0.027782705625762336,0.027782705625762336,0.2,False,1.0,True,False,False,1.0,unchanged (below absolute correlation threshold),1002,training only (frozen before validation refit),-0.04762329245563436,-0.02530361769670346,-0.02729140378489103
2,Choquet 1-additive,negative_momentum_21d,-0.07026029095184826,0.07026029095184826,0.2,False,1.0,True,False,False,1.0,unchanged (below absolute correlation threshold),1002,training only (frozen before validation refit),-0.16875813104742726,-0.010152455010449486,-0.09850803389070627
2,Choquet 1-additive,realized_volatility_20d,-0.08130352456677396,0.08130352456677396,0.2,False,0.3333333333333333,False,False,False,1.0,unchanged (below absolute correlation threshold),1002,training only (frozen before validation refit),0.026139439362874047,0.036535034408340564,-0.1295870855437686
2,Choquet 1-additive,term_spread_10y_2y_pct,-0.07571857751077497,0.07571857751077497,0.2,False,1.0,True,False,False,1.0,unchanged (below absolute correlation threshold),1002,training only (frozen before validation refit),-0.06061645393743702,-0.020672103375067214,-0.09556577058009835
2,Choquet 1-additive,vix,-0.055266857656998465,0.055266857656998465,0.2,False,1.0,True,False,False,1.0,unchanged (below absolute correlation threshold),1002,training only (frozen before validation refit),-0.01658389411707047,-0.03972028592031249,-0.059149862193748105
2,Choquet 1-additive scaled-q,average_equity_correlation_60d,-0.04110666783561369,0.04110666783561369,0.2,False,0.6666666666666666,False,False,False,1.0,unchanged (below absolute correlation threshold),1002,training only (frozen before validation refit),0.057453070377599676,-0.03777679143448794,-0.10051006561560771
2,Choquet 1-additive scaled-q,baa_credit_spread_pct,-0.15771981628731652,0.15771981628731652,0.2,False,1.0,True,False,False,1.0,unchanged (below absolute correlation threshold),1002,training only (frozen before validation refit),-0.08879836198824038,-0.11099443560694204,-0.2115790104140307
2,Choquet 1-additive scaled-q,drawdown_severity,-0.09230904542828684,0.09230904542828684,0.2,False,1.0,True,False,False,1.0,unchanged (below absolute correlation threshold),1002,training only (frozen before validation refit),-0.04076797965233961,-0.12553420712811772,-0.1362920320261613
2,Choquet 1-additive scaled-q,lagged_portfolio_loss_1d,0.007604460494017707,0.007604460494017707,0.2,False,0.3333333333333333,False,False,False,1.0,unchanged (below absolute correlation threshold),1002,training only (frozen before validation refit),-0.05123815362519404,-0.013448788188918178,0.02491683572910545
2,Choquet 1-additive scaled-q,liquidity_stress_20d,-0.07877684416453613,0.07877684416453613,0.2,False,0.6666666666666666,False,False,False,1.0,unchanged (below absolute correlation threshold),1002,training only (frozen before validation refit),0.025368913398782254,-0.027594931396014183,-0.18161728270202523
2,Choquet 1-additive scaled-q,market_loss_1d,-0.027782705625762336,0.027782705625762336,0.2,False,1.0,True,False,False,1.0,unchanged (below absolute correlation threshold),1002,training only (frozen before validation refit),-0.04762329245563436,-0.02530361769670346,-0.02729140378489103
2,Choquet 1-additive scaled-q,negative_momentum_21d,-0.07026029095184826,0.07026029095184826,0.2,False,1.0,True,False,False,1.0,unchanged (below absolute correlation threshold),1002,training only (frozen before validation refit),-0.16875813104742726,-0.010152455010449486,-0.09850803389070627
2,Choquet 1-additive scaled-q,realized_volatility_20d,-0.08130352456677396,0.08130352456677396,0.2,False,0.3333333333333333,False,False,False,1.0,unchanged (below absolute correlation threshold),1002,training only (frozen before validation refit),0.026139439362874047,0.036535034408340564,-0.1295870855437686
2,Choquet 1-additive scaled-q,term_spread_10y_2y_pct,-0.07571857751077497,0.07571857751077497,0.2,False,1.0,True,False,False,1.0,unchanged (below absolute correlation threshold),1002,training only (frozen before validation refit),-0.06061645393743702,-0.020672103375067214,-0.09556577058009835
2,Choquet 1-additive scaled-q,vix,-0.055266857656998465,0.055266857656998465,0.2,False,1.0,True,False,False,1.0,unchanged (below absolute correlation threshold),1002,training only (frozen before validation refit),-0.01658389411707047,-0.03972028592031249,-0.059149862193748105
2,Choquet 2-additive,average_equity_correlation_60d,-0.04110666783561369,0.04110666783561369,0.2,False,0.6666666666666666,False,False,False,1.0,unchanged (below absolute correlation threshold),1002,training only (frozen before validation refit),0.057453070377599676,-0.03777679143448794,-0.10051006561560771
2,Choquet 2-additive,baa_credit_spread_pct,-0.15771981628731652,0.15771981628731652,0.2,False,1.0,True,False,False,1.0,unchanged (below absolute correlation threshold),1002,training only (frozen before validation refit),-0.08879836198824038,-0.11099443560694204,-0.2115790104140307
2,Choquet 2-additive,drawdown_severity,-0.09230904542828684,0.09230904542828684,0.2,False,1.0,True,False,False,1.0,unchanged (below absolute correlation threshold),1002,training only (frozen before validation refit),-0.04076797965233961,-0.12553420712811772,-0.1362920320261613
2,Choquet 2-additive,lagged_portfolio_loss_1d,0.007604460494017707,0.007604460494017707,0.2,False,0.3333333333333333,False,False,False,1.0,unchanged (below absolute correlation threshold),1002,training only (frozen before validation refit),-0.05123815362519404,-0.013448788188918178,0.02491683572910545
2,Choquet 2-additive,liquidity_stress_20d,-0.07877684416453613,0.07877684416453613,0.2,False,0.6666666666666666,False,False,False,1.0,unchanged (below absolute correlation threshold),1002,training only (frozen before validation refit),0.025368913398782254,-0.027594931396014183,-0.18161728270202523
2,Choquet 2-additive,market_loss_1d,-0.027782705625762336,0.027782705625762336,0.2,False,1.0,True,False,False,1.0,unchanged (below absolute correlation threshold),1002,training only (frozen before validation refit),-0.04762329245563436,-0.02530361769670346,-0.02729140378489103
2,Choquet 2-additive,negative_momentum_21d,-0.07026029095184826,0.07026029095184826,0.2,False,1.0,True,False,False,1.0,unchanged (below absolute correlation threshold),1002,training only (frozen before validation refit),-0.16875813104742726,-0.010152455010449486,-0.09850803389070627
2,Choquet 2-additive,realized_volatility_20d,-0.08130352456677396,0.08130352456677396,0.2,False,0.3333333333333333,False,False,False,1.0,unchanged (below absolute correlation threshold),1002,training only (frozen before validation refit),0.026139439362874047,0.036535034408340564,-0.1295870855437686
2,Choquet 2-additive,term_spread_10y_2y_pct,-0.07571857751077497,0.07571857751077497,0.2,False,1.0,True,False,False,1.0,unchanged (below absolute correlation threshold),1002,training only (frozen before validation refit),-0.06061645393743702,-0.020672103375067214,-0.09556577058009835
2,Choquet 2-additive,vix,-0.055266857656998465,0.055266857656998465,0.2,False,1.0,True,False,False,1.0,unchanged (below absolute correlation threshold),1002,training only (frozen before validation refit),-0.01658389411707047,-0.03972028592031249,-0.059149862193748105
2,Choquet 2-additive L1,average_equity_correlation_60d,-0.04110666783561369,0.04110666783561369,0.2,False,0.6666666666666666,False,False,False,1.0,unchanged (below absolute correlation threshold),1002,training only (frozen before validation refit),0.057453070377599676,-0.03777679143448794,-0.10051006561560771
2,Choquet 2-additive L1,baa_credit_spread_pct,-0.15771981628731652,0.15771981628731652,0.2,False,1.0,True,False,False,1.0,unchanged (below absolute correlation threshold),1002,training only (frozen before validation refit),-0.08879836198824038,-0.11099443560694204,-0.2115790104140307
2,Choquet 2-additive L1,drawdown_severity,-0.09230904542828684,0.09230904542828684,0.2,False,1.0,True,False,False,1.0,unchanged (below absolute correlation threshold),1002,training only (frozen before validation refit),-0.04076797965233961,-0.12553420712811772,-0.1362920320261613
2,Choquet 2-additive L1,lagged_portfolio_loss_1d,0.007604460494017707,0.007604460494017707,0.2,False,0.3333333333333333,False,False,False,1.0,unchanged (below absolute correlation threshold),1002,training only (frozen before validation refit),-0.05123815362519404,-0.013448788188918178,0.02491683572910545
2,Choquet 2-additive L1,liquidity_stress_20d,-0.07877684416453613,0.07877684416453613,0.2,False,0.6666666666666666,False,False,False,1.0,unchanged (below absolute correlation threshold),1002,training only (frozen before validation refit),0.025368913398782254,-0.027594931396014183,-0.18161728270202523
2,Choquet 2-additive L1,market_loss_1d,-0.027782705625762336,0.027782705625762336,0.2,False,1.0,True,False,False,1.0,unchanged (below absolute correlation threshold),1002,training only (frozen before validation refit),-0.04762329245563436,-0.02530361769670346,-0.02729140378489103
2,Choquet 2-additive L1,negative_momentum_21d,-0.07026029095184826,0.07026029095184826,0.2,False,1.0,True,False,False,1.0,unchanged (below absolute correlation threshold),1002,training only (frozen before validation refit),-0.16875813104742726,-0.010152455010449486,-0.09850803389070627
2,Choquet 2-additive L1,realized_volatility_20d,-0.08130352456677396,0.08130352456677396,0.2,False,0.3333333333333333,False,False,False,1.0,unchanged (below absolute correlation threshold),1002,training only (frozen before validation refit),0.026139439362874047,0.036535034408340564,-0.1295870855437686
2,Choquet 2-additive L1,term_spread_10y_2y_pct,-0.07571857751077497,0.07571857751077497,0.2,False,1.0,True,False,False,1.0,unchanged (below absolute correlation threshold),1002,training only (frozen before validation refit),-0.06061645393743702,-0.020672103375067214,-0.09556577058009835
2,Choquet 2-additive L1,vix,-0.055266857656998465,0.055266857656998465,0.2,False,1.0,True,False,False,1.0,unchanged (below absolute correlation threshold),1002,training only (frozen before validation refit),-0.01658389411707047,-0.03972028592031249,-0.059149862193748105
2,Choquet 2-additive scaled-q,average_equity_correlation_60d,-0.04110666783561369,0.04110666783561369,0.2,False,0.6666666666666666,False,False,False,1.0,unchanged (below absolute correlation threshold),1002,training only (frozen before validation refit),0.057453070377599676,-0.03777679143448794,-0.10051006561560771
2,Choquet 2-additive scaled-q,baa_credit_spread_pct,-0.15771981628731652,0.15771981628731652,0.2,False,1.0,True,False,False,1.0,unchanged (below absolute correlation threshold),1002,training only (frozen before validation refit),-0.08879836198824038,-0.11099443560694204,-0.2115790104140307
2,Choquet 2-additive scaled-q,drawdown_severity,-0.09230904542828684,0.09230904542828684,0.2,False,1.0,True,False,False,1.0,unchanged (below absolute correlation threshold),1002,training only (frozen before validation refit),-0.04076797965233961,-0.12553420712811772,-0.1362920320261613
2,Choquet 2-additive scaled-q,lagged_portfolio_loss_1d,0.007604460494017707,0.007604460494017707,0.2,False,0.3333333333333333,False,False,False,1.0,unchanged (below absolute correlation threshold),1002,training only (frozen before validation refit),-0.05123815362519404,-0.013448788188918178,0.02491683572910545
2,Choquet 2-additive scaled-q,liquidity_stress_20d,-0.07877684416453613,0.07877684416453613,0.2,False,0.6666666666666666,False,False,False,1.0,unchanged (below absolute correlation threshold),1002,training only (frozen before validation refit),0.025368913398782254,-0.027594931396014183,-0.18161728270202523
2,Choquet 2-additive scaled-q,market_loss_1d,-0.027782705625762336,0.027782705625762336,0.2,False,1.0,True,False,False,1.0,unchanged (below absolute correlation threshold),1002,training only (frozen before validation refit),-0.04762329245563436,-0.02530361769670346,-0.02729140378489103
2,Choquet 2-additive scaled-q,negative_momentum_21d,-0.07026029095184826,0.07026029095184826,0.2,False,1.0,True,False,False,1.0,unchanged (below absolute correlation threshold),1002,training only (frozen before validation refit),-0.16875813104742726,-0.010152455010449486,-0.09850803389070627
2,Choquet 2-additive scaled-q,realized_volatility_20d,-0.08130352456677396,0.08130352456677396,0.2,False,0.3333333333333333,False,False,False,1.0,unchanged (below absolute correlation threshold),1002,training only (frozen before validation refit),0.026139439362874047,0.036535034408340564,-0.1295870855437686
2,Choquet 2-additive scaled-q,term_spread_10y_2y_pct,-0.07571857751077497,0.07571857751077497,0.2,False,1.0,True,False,False,1.0,unchanged (below absolute correlation threshold),1002,training only (frozen before validation refit),-0.06061645393743702,-0.020672103375067214,-0.09556577058009835
2,Choquet 2-additive scaled-q,vix,-0.055266857656998465,0.055266857656998465,0.2,False,1.0,True,False,False,1.0,unchanged (below absolute correlation threshold),1002,training only (frozen before validation refit),-0.01658389411707047,-0.03972028592031249,-0.059149862193748105
2,Choquet 2-additive scaled-q L1,average_equity_correlation_60d,-0.04110666783561369,0.04110666783561369,0.2,False,0.6666666666666666,False,False,False,1.0,unchanged (below absolute correlation threshold),1002,training only (frozen before validation refit),0.057453070377599676,-0.03777679143448794,-0.10051006561560771
2,Choquet 2-additive scaled-q L1,baa_credit_spread_pct,-0.15771981628731652,0.15771981628731652,0.2,False,1.0,True,False,False,1.0,unchanged (below absolute correlation threshold),1002,training only (frozen before validation refit),-0.08879836198824038,-0.11099443560694204,-0.2115790104140307
2,Choquet 2-additive scaled-q L1,drawdown_severity,-0.09230904542828684,0.09230904542828684,0.2,False,1.0,True,False,False,1.0,unchanged (below absolute correlation threshold),1002,training only (frozen before validation refit),-0.04076797965233961,-0.12553420712811772,-0.1362920320261613
2,Choquet 2-additive scaled-q L1,lagged_portfolio_loss_1d,0.007604460494017707,0.007604460494017707,0.2,False,0.3333333333333333,False,False,False,1.0,unchanged (below absolute correlation threshold),1002,training only (frozen before validation refit),-0.05123815362519404,-0.013448788188918178,0.02491683572910545
2,Choquet 2-additive scaled-q L1,liquidity_stress_20d,-0.07877684416453613,0.07877684416453613,0.2,False,0.6666666666666666,False,False,False,1.0,unchanged (below absolute correlation threshold),1002,training only (frozen before validation refit),0.025368913398782254,-0.027594931396014183,-0.18161728270202523
2,Choquet 2-additive scaled-q L1,market_loss_1d,-0.027782705625762336,0.027782705625762336,0.2,False,1.0,True,False,False,1.0,unchanged (below absolute correlation threshold),1002,training only (frozen before validation refit),-0.04762329245563436,-0.02530361769670346,-0.02729140378489103
2,Choquet 2-additive scaled-q L1,negative_momentum_21d,-0.07026029095184826,0.07026029095184826,0.2,False,1.0,True,False,False,1.0,unchanged (below absolute correlation threshold),1002,training only (frozen before validation refit),-0.16875813104742726,-0.010152455010449486,-0.09850803389070627
2,Choquet 2-additive scaled-q L1,realized_volatility_20d,-0.08130352456677396,0.08130352456677396,0.2,False,0.3333333333333333,False,False,False,1.0,unchanged (below absolute correlation threshold),1002,training only (frozen before validation refit),0.026139439362874047,0.036535034408340564,-0.1295870855437686
2,Choquet 2-additive scaled-q L1,term_spread_10y_2y_pct,-0.07571857751077497,0.07571857751077497,0.2,False,1.0,True,False,False,1.0,unchanged (below absolute correlation threshold),1002,training only (frozen before validation refit),-0.06061645393743702,-0.020672103375067214,-0.09556577058009835
2,Choquet 2-additive scaled-q L1,vix,-0.055266857656998465,0.055266857656998465,0.2,False,1.0,True,False,False,1.0,unchanged (below absolute correlation threshold),1002,training only (frozen before validation refit),-0.01658389411707047,-0.03972028592031249,-0.059149862193748105
2,Fuzzy Choquet neural network,average_equity_correlation_60d,-0.04110666783561369,0.04110666783561369,0.2,False,0.6666666666666666,False,False,False,1.0,unchanged (below absolute correlation threshold),1002,training only (frozen before validation refit),0.057453070377599676,-0.03777679143448794,-0.10051006561560771
2,Fuzzy Choquet neural network,baa_credit_spread_pct,-0.15771981628731652,0.15771981628731652,0.2,False,1.0,True,False,False,1.0,unchanged (below absolute correlation threshold),1002,training only (frozen before validation refit),-0.08879836198824038,-0.11099443560694204,-0.2115790104140307
2,Fuzzy Choquet neural network,drawdown_severity,-0.09230904542828684,0.09230904542828684,0.2,False,1.0,True,False,False,1.0,unchanged (below absolute correlation threshold),1002,training only (frozen before validation refit),-0.04076797965233961,-0.12553420712811772,-0.1362920320261613
2,Fuzzy Choquet neural network,lagged_portfolio_loss_1d,0.007604460494017707,0.007604460494017707,0.2,False,0.3333333333333333,False,False,False,1.0,unchanged (below absolute correlation threshold),1002,training only (frozen before validation refit),-0.05123815362519404,-0.013448788188918178,0.02491683572910545
2,Fuzzy Choquet neural network,liquidity_stress_20d,-0.07877684416453613,0.07877684416453613,0.2,False,0.6666666666666666,False,False,False,1.0,unchanged (below absolute correlation threshold),1002,training only (frozen before validation refit),0.025368913398782254,-0.027594931396014183,-0.18161728270202523
2,Fuzzy Choquet neural network,market_loss_1d,-0.027782705625762336,0.027782705625762336,0.2,False,1.0,True,False,False,1.0,unchanged (below absolute correlation threshold),1002,training only (frozen before validation refit),-0.04762329245563436,-0.02530361769670346,-0.02729140378489103
2,Fuzzy Choquet neural network,negative_momentum_21d,-0.07026029095184826,0.07026029095184826,0.2,False,1.0,True,False,False,1.0,unchanged (below absolute correlation threshold),1002,training only (frozen before validation refit),-0.16875813104742726,-0.010152455010449486,-0.09850803389070627
2,Fuzzy Choquet neural network,realized_volatility_20d,-0.08130352456677396,0.08130352456677396,0.2,False,0.3333333333333333,False,False,False,1.0,unchanged (below absolute correlation threshold),1002,training only (frozen before validation refit),0.026139439362874047,0.036535034408340564,-0.1295870855437686
2,Fuzzy Choquet neural network,term_spread_10y_2y_pct,-0.07571857751077497,0.07571857751077497,0.2,False,1.0,True,False,False,1.0,unchanged (below absolute correlation threshold),1002,training only (frozen before validation refit),-0.06061645393743702,-0.020672103375067214,-0.09556577058009835
2,Fuzzy Choquet neural network,vix,-0.055266857656998465,0.055266857656998465,0.2,False,1.0,True,False,False,1.0,unchanged (below absolute correlation threshold),1002,training only (frozen before validation refit),-0.01658389411707047,-0.03972028592031249,-0.059149862193748105
2,Monotone linear,average_equity_correlation_60d,-0.04110666783561369,0.04110666783561369,0.2,False,0.6666666666666666,False,False,False,1.0,unchanged (below absolute correlation threshold),1002,training only (frozen before validation refit),0.057453070377599676,-0.03777679143448794,-0.10051006561560771
2,Monotone linear,baa_credit_spread_pct,-0.15771981628731652,0.15771981628731652,0.2,False,1.0,True,False,False,1.0,unchanged (below absolute correlation threshold),1002,training only (frozen before validation refit),-0.08879836198824038,-0.11099443560694204,-0.2115790104140307
2,Monotone linear,drawdown_severity,-0.09230904542828684,0.09230904542828684,0.2,False,1.0,True,False,False,1.0,unchanged (below absolute correlation threshold),1002,training only (frozen before validation refit),-0.04076797965233961,-0.12553420712811772,-0.1362920320261613
2,Monotone linear,lagged_portfolio_loss_1d,0.007604460494017707,0.007604460494017707,0.2,False,0.3333333333333333,False,False,False,1.0,unchanged (below absolute correlation threshold),1002,training only (frozen before validation refit),-0.05123815362519404,-0.013448788188918178,0.02491683572910545
2,Monotone linear,liquidity_stress_20d,-0.07877684416453613,0.07877684416453613,0.2,False,0.6666666666666666,False,False,False,1.0,unchanged (below absolute correlation threshold),1002,training only (frozen before validation refit),0.025368913398782254,-0.027594931396014183,-0.18161728270202523
2,Monotone linear,market_loss_1d,-0.027782705625762336,0.027782705625762336,0.2,False,1.0,True,False,False,1.0,unchanged (below absolute correlation threshold),1002,training only (frozen before validation refit),-0.04762329245563436,-0.02530361769670346,-0.02729140378489103
2,Monotone linear,negative_momentum_21d,-0.07026029095184826,0.07026029095184826,0.2,False,1.0,True,False,False,1.0,unchanged (below absolute correlation threshold),1002,training only (frozen before validation refit),-0.16875813104742726,-0.010152455010449486,-0.09850803389070627
2,Monotone linear,realized_volatility_20d,-0.08130352456677396,0.08130352456677396,0.2,False,0.3333333333333333,False,False,False,1.0,unchanged (below absolute correlation threshold),1002,training only (frozen before validation refit),0.026139439362874047,0.036535034408340564,-0.1295870855437686
2,Monotone linear,term_spread_10y_2y_pct,-0.07571857751077497,0.07571857751077497,0.2,False,1.0,True,False,False,1.0,unchanged (below absolute correlation threshold),1002,training only (frozen before validation refit),-0.06061645393743702,-0.020672103375067214,-0.09556577058009835
2,Monotone linear,vix,-0.055266857656998465,0.055266857656998465,0.2,False,1.0,True,False,False,1.0,unchanged (below absolute correlation threshold),1002,training only (frozen before validation refit),-0.01658389411707047,-0.03972028592031249,-0.059149862193748105
2,OLS oriented,average_equity_correlation_60d,-0.04110666783561369,0.04110666783561369,0.2,False,0.6666666666666666,False,False,False,1.0,unchanged (below absolute correlation threshold),1002,training only (frozen before validation refit),0.057453070377599676,-0.03777679143448794,-0.10051006561560771
2,OLS oriented,baa_credit_spread_pct,-0.15771981628731652,0.15771981628731652,0.2,False,1.0,True,False,False,1.0,unchanged (below absolute correlation threshold),1002,training only (frozen before validation refit),-0.08879836198824038,-0.11099443560694204,-0.2115790104140307
2,OLS oriented,drawdown_severity,-0.09230904542828684,0.09230904542828684,0.2,False,1.0,True,False,False,1.0,unchanged (below absolute correlation threshold),1002,training only (frozen before validation refit),-0.04076797965233961,-0.12553420712811772,-0.1362920320261613
2,OLS oriented,lagged_portfolio_loss_1d,0.007604460494017707,0.007604460494017707,0.2,False,0.3333333333333333,False,False,False,1.0,unchanged (below absolute correlation threshold),1002,training only (frozen before validation refit),-0.05123815362519404,-0.013448788188918178,0.02491683572910545
2,OLS oriented,liquidity_stress_20d,-0.07877684416453613,0.07877684416453613,0.2,False,0.6666666666666666,False,False,False,1.0,unchanged (below absolute correlation threshold),1002,training only (frozen before validation refit),0.025368913398782254,-0.027594931396014183,-0.18161728270202523
2,OLS oriented,market_loss_1d,-0.027782705625762336,0.027782705625762336,0.2,False,1.0,True,False,False,1.0,unchanged (below absolute correlation threshold),1002,training only (frozen before validation refit),-0.04762329245563436,-0.02530361769670346,-0.02729140378489103
2,OLS oriented,negative_momentum_21d,-0.07026029095184826,0.07026029095184826,0.2,False,1.0,True,False,False,1.0,unchanged (below absolute correlation threshold),1002,training only (frozen before validation refit),-0.16875813104742726,-0.010152455010449486,-0.09850803389070627
2,OLS oriented,realized_volatility_20d,-0.08130352456677396,0.08130352456677396,0.2,False,0.3333333333333333,False,False,False,1.0,unchanged (below absolute correlation threshold),1002,training only (frozen before validation refit),0.026139439362874047,0.036535034408340564,-0.1295870855437686
2,OLS oriented,term_spread_10y_2y_pct,-0.07571857751077497,0.07571857751077497,0.2,False,1.0,True,False,False,1.0,unchanged (below absolute correlation threshold),1002,training only (frozen before validation refit),-0.06061645393743702,-0.020672103375067214,-0.09556577058009835
2,OLS oriented,vix,-0.055266857656998465,0.055266857656998465,0.2,False,1.0,True,False,False,1.0,unchanged (below absolute correlation threshold),1002,training only (frozen before validation refit),-0.01658389411707047,-0.03972028592031249,-0.059149862193748105
3,Choquet 1-additive,average_equity_correlation_60d,-0.06342923314030684,0.06342923314030684,0.2,False,1.0,True,False,False,1.0,unchanged (below absolute correlation threshold),1003,training only (frozen before validation refit),-0.021328388643494827,-0.10304227152824681,-0.11298629191953635
3,Choquet 1-additive,baa_credit_spread_pct,-0.14438387144245712,0.14438387144245712,0.2,False,0.6666666666666666,False,False,False,1.0,unchanged (below absolute correlation threshold),1003,training only (frozen before validation refit),-0.06882050368487644,-0.2521897698978999,0.09182044581420064
3,Choquet 1-additive,drawdown_severity,-0.10371806562458112,0.10371806562458112,0.2,False,1.0,True,False,False,1.0,unchanged (below absolute correlation threshold),1003,training only (frozen before validation refit),-0.10168382118317068,-0.12536990268085965,-0.22360578039304435
3,Choquet 1-additive,lagged_portfolio_loss_1d,0.0003809080437672297,0.0003809080437672297,0.2,False,0.3333333333333333,False,False,False,1.0,unchanged (below absolute correlation threshold),1003,training only (frozen before validation refit),-0.0068351425870988,0.028726152395392102,-0.08440916830140294
3,Choquet 1-additive,liquidity_stress_20d,-0.11543781623571457,0.11543781623571457,0.2,False,0.3333333333333333,False,False,False,1.0,unchanged (below absolute correlation threshold),1003,training only (frozen before validation refit),0.011266681134765078,-0.19645071237417666,0.00813933426102979
3,Choquet 1-additive,market_loss_1d,-0.032972725865609905,0.032972725865609905,0.2,False,1.0,True,False,False,1.0,unchanged (below absolute correlation threshold),1003,training only (frozen before validation refit),-0.012233266597050565,-0.032498297621403424,-0.07087728811081109
3,Choquet 1-additive,negative_momentum_21d,-0.07749501501780123,0.07749501501780123,0.2,False,1.0,True,False,False,1.0,unchanged (below absolute correlation threshold),1003,training only (frozen before validation refit),-0.032161692328384006,-0.05270113969603882,-0.30213540911545533
3,Choquet 1-additive,realized_volatility_20d,-0.09535380110898967,0.09535380110898967,0.2,False,0.6666666666666666,False,False,False,1.0,unchanged (below absolute correlation threshold),1003,training only (frozen before validation refit),0.04738971650624305,-0.140624449954623,-0.11682930841217959
3,Choquet 1-additive,term_spread_10y_2y_pct,-0.07162670251133167,0.07162670251133167,0.2,False,1.0,True,False,False,1.0,unchanged (below absolute correlation threshold),1003,training only (frozen before validation refit),-0.009526533365287594,-0.16694692209571033,-0.11187962791474898
3,Choquet 1-additive,vix,-0.08841787591734006,0.08841787591734006,0.2,False,1.0,True,False,False,1.0,unchanged (below absolute correlation threshold),1003,training only (frozen before validation refit),-0.04315381967251106,-0.07551664635226006,-0.12287002202233063
3,Choquet 1-additive scaled-q,average_equity_correlation_60d,-0.06342923314030684,0.06342923314030684,0.2,False,1.0,True,False,False,1.0,unchanged (below absolute correlation threshold),1003,training only (frozen before validation refit),-0.021328388643494827,-0.10304227152824681,-0.11298629191953635
3,Choquet 1-additive scaled-q,baa_credit_spread_pct,-0.14438387144245712,0.14438387144245712,0.2,False,0.6666666666666666,False,False,False,1.0,unchanged (below absolute correlation threshold),1003,training only (frozen before validation refit),-0.06882050368487644,-0.2521897698978999,0.09182044581420064
3,Choquet 1-additive scaled-q,drawdown_severity,-0.10371806562458112,0.10371806562458112,0.2,False,1.0,True,False,False,1.0,unchanged (below absolute correlation threshold),1003,training only (frozen before validation refit),-0.10168382118317068,-0.12536990268085965,-0.22360578039304435
3,Choquet 1-additive scaled-q,lagged_portfolio_loss_1d,0.0003809080437672297,0.0003809080437672297,0.2,False,0.3333333333333333,False,False,False,1.0,unchanged (below absolute correlation threshold),1003,training only (frozen before validation refit),-0.0068351425870988,0.028726152395392102,-0.08440916830140294
3,Choquet 1-additive scaled-q,liquidity_stress_20d,-0.11543781623571457,0.11543781623571457,0.2,False,0.3333333333333333,False,False,False,1.0,unchanged (below absolute correlation threshold),1003,training only (frozen before validation refit),0.011266681134765078,-0.19645071237417666,0.00813933426102979
3,Choquet 1-additive scaled-q,market_loss_1d,-0.032972725865609905,0.032972725865609905,0.2,False,1.0,True,False,False,1.0,unchanged (below absolute correlation threshold),1003,training only (frozen before validation refit),-0.012233266597050565,-0.032498297621403424,-0.07087728811081109
3,Choquet 1-additive scaled-q,negative_momentum_21d,-0.07749501501780123,0.07749501501780123,0.2,False,1.0,True,False,False,1.0,unchanged (below absolute correlation threshold),1003,training only (frozen before validation refit),-0.032161692328384006,-0.05270113969603882,-0.30213540911545533
3,Choquet 1-additive scaled-q,realized_volatility_20d,-0.09535380110898967,0.09535380110898967,0.2,False,0.6666666666666666,False,False,False,1.0,unchanged (below absolute correlation threshold),1003,training only (frozen before validation refit),0.04738971650624305,-0.140624449954623,-0.11682930841217959
3,Choquet 1-additive scaled-q,term_spread_10y_2y_pct,-0.07162670251133167,0.07162670251133167,0.2,False,1.0,True,False,False,1.0,unchanged (below absolute correlation threshold),1003,training only (frozen before validation refit),-0.009526533365287594,-0.16694692209571033,-0.11187962791474898
3,Choquet 1-additive scaled-q,vix,-0.08841787591734006,0.08841787591734006,0.2,False,1.0,True,False,False,1.0,unchanged (below absolute correlation threshold),1003,training only (frozen before validation refit),-0.04315381967251106,-0.07551664635226006,-0.12287002202233063
3,Choquet 2-additive,average_equity_correlation_60d,-0.06342923314030684,0.06342923314030684,0.2,False,1.0,True,False,False,1.0,unchanged (below absolute correlation threshold),1003,training only (frozen before validation refit),-0.021328388643494827,-0.10304227152824681,-0.11298629191953635
3,Choquet 2-additive,baa_credit_spread_pct,-0.14438387144245712,0.14438387144245712,0.2,False,0.6666666666666666,False,False,False,1.0,unchanged (below absolute correlation threshold),1003,training only (frozen before validation refit),-0.06882050368487644,-0.2521897698978999,0.09182044581420064
3,Choquet 2-additive,drawdown_severity,-0.10371806562458112,0.10371806562458112,0.2,False,1.0,True,False,False,1.0,unchanged (below absolute correlation threshold),1003,training only (frozen before validation refit),-0.10168382118317068,-0.12536990268085965,-0.22360578039304435
3,Choquet 2-additive,lagged_portfolio_loss_1d,0.0003809080437672297,0.0003809080437672297,0.2,False,0.3333333333333333,False,False,False,1.0,unchanged (below absolute correlation threshold),1003,training only (frozen before validation refit),-0.0068351425870988,0.028726152395392102,-0.08440916830140294
3,Choquet 2-additive,liquidity_stress_20d,-0.11543781623571457,0.11543781623571457,0.2,False,0.3333333333333333,False,False,False,1.0,unchanged (below absolute correlation threshold),1003,training only (frozen before validation refit),0.011266681134765078,-0.19645071237417666,0.00813933426102979
3,Choquet 2-additive,market_loss_1d,-0.032972725865609905,0.032972725865609905,0.2,False,1.0,True,False,False,1.0,unchanged (below absolute correlation threshold),1003,training only (frozen before validation refit),-0.012233266597050565,-0.032498297621403424,-0.07087728811081109
3,Choquet 2-additive,negative_momentum_21d,-0.07749501501780123,0.07749501501780123,0.2,False,1.0,True,False,False,1.0,unchanged (below absolute correlation threshold),1003,training only (frozen before validation refit),-0.032161692328384006,-0.05270113969603882,-0.30213540911545533
3,Choquet 2-additive,realized_volatility_20d,-0.09535380110898967,0.09535380110898967,0.2,False,0.6666666666666666,False,False,False,1.0,unchanged (below absolute correlation threshold),1003,training only (frozen before validation refit),0.04738971650624305,-0.140624449954623,-0.11682930841217959
3,Choquet 2-additive,term_spread_10y_2y_pct,-0.07162670251133167,0.07162670251133167,0.2,False,1.0,True,False,False,1.0,unchanged (below absolute correlation threshold),1003,training only (frozen before validation refit),-0.009526533365287594,-0.16694692209571033,-0.11187962791474898
3,Choquet 2-additive,vix,-0.08841787591734006,0.08841787591734006,0.2,False,1.0,True,False,False,1.0,unchanged (below absolute correlation threshold),1003,training only (frozen before validation refit),-0.04315381967251106,-0.07551664635226006,-0.12287002202233063
3,Choquet 2-additive L1,average_equity_correlation_60d,-0.06342923314030684,0.06342923314030684,0.2,False,1.0,True,False,False,1.0,unchanged (below absolute correlation threshold),1003,training only (frozen before validation refit),-0.021328388643494827,-0.10304227152824681,-0.11298629191953635
3,Choquet 2-additive L1,baa_credit_spread_pct,-0.14438387144245712,0.14438387144245712,0.2,False,0.6666666666666666,False,False,False,1.0,unchanged (below absolute correlation threshold),1003,training only (frozen before validation refit),-0.06882050368487644,-0.2521897698978999,0.09182044581420064
3,Choquet 2-additive L1,drawdown_severity,-0.10371806562458112,0.10371806562458112,0.2,False,1.0,True,False,False,1.0,unchanged (below absolute correlation threshold),1003,training only (frozen before validation refit),-0.10168382118317068,-0.12536990268085965,-0.22360578039304435
3,Choquet 2-additive L1,lagged_portfolio_loss_1d,0.0003809080437672297,0.0003809080437672297,0.2,False,0.3333333333333333,False,False,False,1.0,unchanged (below absolute correlation threshold),1003,training only (frozen before validation refit),-0.0068351425870988,0.028726152395392102,-0.08440916830140294
3,Choquet 2-additive L1,liquidity_stress_20d,-0.11543781623571457,0.11543781623571457,0.2,False,0.3333333333333333,False,False,False,1.0,unchanged (below absolute correlation threshold),1003,training only (frozen before validation refit),0.011266681134765078,-0.19645071237417666,0.00813933426102979
3,Choquet 2-additive L1,market_loss_1d,-0.032972725865609905,0.032972725865609905,0.2,False,1.0,True,False,False,1.0,unchanged (below absolute correlation threshold),1003,training only (frozen before validation refit),-0.012233266597050565,-0.032498297621403424,-0.07087728811081109
3,Choquet 2-additive L1,negative_momentum_21d,-0.07749501501780123,0.07749501501780123,0.2,False,1.0,True,False,False,1.0,unchanged (below absolute correlation threshold),1003,training only (frozen before validation refit),-0.032161692328384006,-0.05270113969603882,-0.30213540911545533
3,Choquet 2-additive L1,realized_volatility_20d,-0.09535380110898967,0.09535380110898967,0.2,False,0.6666666666666666,False,False,False,1.0,unchanged (below absolute correlation threshold),1003,training only (frozen before validation refit),0.04738971650624305,-0.140624449954623,-0.11682930841217959
3,Choquet 2-additive L1,term_spread_10y_2y_pct,-0.07162670251133167,0.07162670251133167,0.2,False,1.0,True,False,False,1.0,unchanged (below absolute correlation threshold),1003,training only (frozen before validation refit),-0.009526533365287594,-0.16694692209571033,-0.11187962791474898
3,Choquet 2-additive L1,vix,-0.08841787591734006,0.08841787591734006,0.2,False,1.0,True,False,False,1.0,unchanged (below absolute correlation threshold),1003,training only (frozen before validation refit),-0.04315381967251106,-0.07551664635226006,-0.12287002202233063
3,Choquet 2-additive scaled-q,average_equity_correlation_60d,-0.06342923314030684,0.06342923314030684,0.2,False,1.0,True,False,False,1.0,unchanged (below absolute correlation threshold),1003,training only (frozen before validation refit),-0.021328388643494827,-0.10304227152824681,-0.11298629191953635
3,Choquet 2-additive scaled-q,baa_credit_spread_pct,-0.14438387144245712,0.14438387144245712,0.2,False,0.6666666666666666,False,False,False,1.0,unchanged (below absolute correlation threshold),1003,training only (frozen before validation refit),-0.06882050368487644,-0.2521897698978999,0.09182044581420064
3,Choquet 2-additive scaled-q,drawdown_severity,-0.10371806562458112,0.10371806562458112,0.2,False,1.0,True,False,False,1.0,unchanged (below absolute correlation threshold),1003,training only (frozen before validation refit),-0.10168382118317068,-0.12536990268085965,-0.22360578039304435
3,Choquet 2-additive scaled-q,lagged_portfolio_loss_1d,0.0003809080437672297,0.0003809080437672297,0.2,False,0.3333333333333333,False,False,False,1.0,unchanged (below absolute correlation threshold),1003,training only (frozen before validation refit),-0.0068351425870988,0.028726152395392102,-0.08440916830140294
3,Choquet 2-additive scaled-q,liquidity_stress_20d,-0.11543781623571457,0.11543781623571457,0.2,False,0.3333333333333333,False,False,False,1.0,unchanged (below absolute correlation threshold),1003,training only (frozen before validation refit),0.011266681134765078,-0.19645071237417666,0.00813933426102979
3,Choquet 2-additive scaled-q,market_loss_1d,-0.032972725865609905,0.032972725865609905,0.2,False,1.0,True,False,False,1.0,unchanged (below absolute correlation threshold),1003,training only (frozen before validation refit),-0.012233266597050565,-0.032498297621403424,-0.07087728811081109
3,Choquet 2-additive scaled-q,negative_momentum_21d,-0.07749501501780123,0.07749501501780123,0.2,False,1.0,True,False,False,1.0,unchanged (below absolute correlation threshold),1003,training only (frozen before validation refit),-0.032161692328384006,-0.05270113969603882,-0.30213540911545533
3,Choquet 2-additive scaled-q,realized_volatility_20d,-0.09535380110898967,0.09535380110898967,0.2,False,0.6666666666666666,False,False,False,1.0,unchanged (below absolute correlation threshold),1003,training only (frozen before validation refit),0.04738971650624305,-0.140624449954623,-0.11682930841217959
3,Choquet 2-additive scaled-q,term_spread_10y_2y_pct,-0.07162670251133167,0.07162670251133167,0.2,False,1.0,True,False,False,1.0,unchanged (below absolute correlation threshold),1003,training only (frozen before validation refit),-0.009526533365287594,-0.16694692209571033,-0.11187962791474898
3,Choquet 2-additive scaled-q,vix,-0.08841787591734006,0.08841787591734006,0.2,False,1.0,True,False,False,1.0,unchanged (below absolute correlation threshold),1003,training only (frozen before validation refit),-0.04315381967251106,-0.07551664635226006,-0.12287002202233063
3,Choquet 2-additive scaled-q L1,average_equity_correlation_60d,-0.06342923314030684,0.06342923314030684,0.2,False,1.0,True,False,False,1.0,unchanged (below absolute correlation threshold),1003,training only (frozen before validation refit),-0.021328388643494827,-0.10304227152824681,-0.11298629191953635
3,Choquet 2-additive scaled-q L1,baa_credit_spread_pct,-0.14438387144245712,0.14438387144245712,0.2,False,0.6666666666666666,False,False,False,1.0,unchanged (below absolute correlation threshold),1003,training only (frozen before validation refit),-0.06882050368487644,-0.2521897698978999,0.09182044581420064
3,Choquet 2-additive scaled-q L1,drawdown_severity,-0.10371806562458112,0.10371806562458112,0.2,False,1.0,True,False,False,1.0,unchanged (below absolute correlation threshold),1003,training only (frozen before validation refit),-0.10168382118317068,-0.12536990268085965,-0.22360578039304435
3,Choquet 2-additive scaled-q L1,lagged_portfolio_loss_1d,0.0003809080437672297,0.0003809080437672297,0.2,False,0.3333333333333333,False,False,False,1.0,unchanged (below absolute correlation threshold),1003,training only (frozen before validation refit),-0.0068351425870988,0.028726152395392102,-0.08440916830140294
3,Choquet 2-additive scaled-q L1,liquidity_stress_20d,-0.11543781623571457,0.11543781623571457,0.2,False,0.3333333333333333,False,False,False,1.0,unchanged (below absolute correlation threshold),1003,training only (frozen before validation refit),0.011266681134765078,-0.19645071237417666,0.00813933426102979
3,Choquet 2-additive scaled-q L1,market_loss_1d,-0.032972725865609905,0.032972725865609905,0.2,False,1.0,True,False,False,1.0,unchanged (below absolute correlation threshold),1003,training only (frozen before validation refit),-0.012233266597050565,-0.032498297621403424,-0.07087728811081109
3,Choquet 2-additive scaled-q L1,negative_momentum_21d,-0.07749501501780123,0.07749501501780123,0.2,False,1.0,True,False,False,1.0,unchanged (below absolute correlation threshold),1003,training only (frozen before validation refit),-0.032161692328384006,-0.05270113969603882,-0.30213540911545533
3,Choquet 2-additive scaled-q L1,realized_volatility_20d,-0.09535380110898967,0.09535380110898967,0.2,False,0.6666666666666666,False,False,False,1.0,unchanged (below absolute correlation threshold),1003,training only (frozen before validation refit),0.04738971650624305,-0.140624449954623,-0.11682930841217959
3,Choquet 2-additive scaled-q L1,term_spread_10y_2y_pct,-0.07162670251133167,0.07162670251133167,0.2,False,1.0,True,False,False,1.0,unchanged (below absolute correlation threshold),1003,training only (frozen before validation refit),-0.009526533365287594,-0.16694692209571033,-0.11187962791474898
3,Choquet 2-additive scaled-q L1,vix,-0.08841787591734006,0.08841787591734006,0.2,False,1.0,True,False,False,1.0,unchanged (below absolute correlation threshold),1003,training only (frozen before validation refit),-0.04315381967251106,-0.07551664635226006,-0.12287002202233063
3,Fuzzy Choquet neural network,average_equity_correlation_60d,-0.06342923314030684,0.06342923314030684,0.2,False,1.0,True,False,False,1.0,unchanged (below absolute correlation threshold),1003,training only (frozen before validation refit),-0.021328388643494827,-0.10304227152824681,-0.11298629191953635
3,Fuzzy Choquet neural network,baa_credit_spread_pct,-0.14438387144245712,0.14438387144245712,0.2,False,0.6666666666666666,False,False,False,1.0,unchanged (below absolute correlation threshold),1003,training only (frozen before validation refit),-0.06882050368487644,-0.2521897698978999,0.09182044581420064
3,Fuzzy Choquet neural network,drawdown_severity,-0.10371806562458112,0.10371806562458112,0.2,False,1.0,True,False,False,1.0,unchanged (below absolute correlation threshold),1003,training only (frozen before validation refit),-0.10168382118317068,-0.12536990268085965,-0.22360578039304435
3,Fuzzy Choquet neural network,lagged_portfolio_loss_1d,0.0003809080437672297,0.0003809080437672297,0.2,False,0.3333333333333333,False,False,False,1.0,unchanged (below absolute correlation threshold),1003,training only (frozen before validation refit),-0.0068351425870988,0.028726152395392102,-0.08440916830140294
3,Fuzzy Choquet neural network,liquidity_stress_20d,-0.11543781623571457,0.11543781623571457,0.2,False,0.3333333333333333,False,False,False,1.0,unchanged (below absolute correlation threshold),1003,training only (frozen before validation refit),0.011266681134765078,-0.19645071237417666,0.00813933426102979
3,Fuzzy Choquet neural network,market_loss_1d,-0.032972725865609905,0.032972725865609905,0.2,False,1.0,True,False,False,1.0,unchanged (below absolute correlation threshold),1003,training only (frozen before validation refit),-0.012233266597050565,-0.032498297621403424,-0.07087728811081109
3,Fuzzy Choquet neural network,negative_momentum_21d,-0.07749501501780123,0.07749501501780123,0.2,False,1.0,True,False,False,1.0,unchanged (below absolute correlation threshold),1003,training only (frozen before validation refit),-0.032161692328384006,-0.05270113969603882,-0.30213540911545533
3,Fuzzy Choquet neural network,realized_volatility_20d,-0.09535380110898967,0.09535380110898967,0.2,False,0.6666666666666666,False,False,False,1.0,unchanged (below absolute correlation threshold),1003,training only (frozen before validation refit),0.04738971650624305,-0.140624449954623,-0.11682930841217959
3,Fuzzy Choquet neural network,term_spread_10y_2y_pct,-0.07162670251133167,0.07162670251133167,0.2,False,1.0,True,False,False,1.0,unchanged (below absolute correlation threshold),1003,training only (frozen before validation refit),-0.009526533365287594,-0.16694692209571033,-0.11187962791474898
3,Fuzzy Choquet neural network,vix,-0.08841787591734006,0.08841787591734006,0.2,False,1.0,True,False,False,1.0,unchanged (below absolute correlation threshold),1003,training only (frozen before validation refit),-0.04315381967251106,-0.07551664635226006,-0.12287002202233063
3,Monotone linear,average_equity_correlation_60d,-0.06342923314030684,0.06342923314030684,0.2,False,1.0,True,False,False,1.0,unchanged (below absolute correlation threshold),1003,training only (frozen before validation refit),-0.021328388643494827,-0.10304227152824681,-0.11298629191953635
3,Monotone linear,baa_credit_spread_pct,-0.14438387144245712,0.14438387144245712,0.2,False,0.6666666666666666,False,False,False,1.0,unchanged (below absolute correlation threshold),1003,training only (frozen before validation refit),-0.06882050368487644,-0.2521897698978999,0.09182044581420064
3,Monotone linear,drawdown_severity,-0.10371806562458112,0.10371806562458112,0.2,False,1.0,True,False,False,1.0,unchanged (below absolute correlation threshold),1003,training only (frozen before validation refit),-0.10168382118317068,-0.12536990268085965,-0.22360578039304435
3,Monotone linear,lagged_portfolio_loss_1d,0.0003809080437672297,0.0003809080437672297,0.2,False,0.3333333333333333,False,False,False,1.0,unchanged (below absolute correlation threshold),1003,training only (frozen before validation refit),-0.0068351425870988,0.028726152395392102,-0.08440916830140294
3,Monotone linear,liquidity_stress_20d,-0.11543781623571457,0.11543781623571457,0.2,False,0.3333333333333333,False,False,False,1.0,unchanged (below absolute correlation threshold),1003,training only (frozen before validation refit),0.011266681134765078,-0.19645071237417666,0.00813933426102979
3,Monotone linear,market_loss_1d,-0.032972725865609905,0.032972725865609905,0.2,False,1.0,True,False,False,1.0,unchanged (below absolute correlation threshold),1003,training only (frozen before validation refit),-0.012233266597050565,-0.032498297621403424,-0.07087728811081109
3,Monotone linear,negative_momentum_21d,-0.07749501501780123,0.07749501501780123,0.2,False,1.0,True,False,False,1.0,unchanged (below absolute correlation threshold),1003,training only (frozen before validation refit),-0.032161692328384006,-0.05270113969603882,-0.30213540911545533
3,Monotone linear,realized_volatility_20d,-0.09535380110898967,0.09535380110898967,0.2,False,0.6666666666666666,False,False,False,1.0,unchanged (below absolute correlation threshold),1003,training only (frozen before validation refit),0.04738971650624305,-0.140624449954623,-0.11682930841217959
3,Monotone linear,term_spread_10y_2y_pct,-0.07162670251133167,0.07162670251133167,0.2,False,1.0,True,False,False,1.0,unchanged (below absolute correlation threshold),1003,training only (frozen before validation refit),-0.009526533365287594,-0.16694692209571033,-0.11187962791474898
3,Monotone linear,vix,-0.08841787591734006,0.08841787591734006,0.2,False,1.0,True,False,False,1.0,unchanged (below absolute correlation threshold),1003,training only (frozen before validation refit),-0.04315381967251106,-0.07551664635226006,-0.12287002202233063
3,OLS oriented,average_equity_correlation_60d,-0.06342923314030684,0.06342923314030684,0.2,False,1.0,True,False,False,1.0,unchanged (below absolute correlation threshold),1003,training only (frozen before validation refit),-0.021328388643494827,-0.10304227152824681,-0.11298629191953635
3,OLS oriented,baa_credit_spread_pct,-0.14438387144245712,0.14438387144245712,0.2,False,0.6666666666666666,False,False,False,1.0,unchanged (below absolute correlation threshold),1003,training only (frozen before validation refit),-0.06882050368487644,-0.2521897698978999,0.09182044581420064
3,OLS oriented,drawdown_severity,-0.10371806562458112,0.10371806562458112,0.2,False,1.0,True,False,False,1.0,unchanged (below absolute correlation threshold),1003,training only (frozen before validation refit),-0.10168382118317068,-0.12536990268085965,-0.22360578039304435
3,OLS oriented,lagged_portfolio_loss_1d,0.0003809080437672297,0.0003809080437672297,0.2,False,0.3333333333333333,False,False,False,1.0,unchanged (below absolute correlation threshold),1003,training only (frozen before validation refit),-0.0068351425870988,0.028726152395392102,-0.08440916830140294
3,OLS oriented,liquidity_stress_20d,-0.11543781623571457,0.11543781623571457,0.2,False,0.3333333333333333,False,False,False,1.0,unchanged (below absolute correlation threshold),1003,training only (frozen before validation refit),0.011266681134765078,-0.19645071237417666,0.00813933426102979
3,OLS oriented,market_loss_1d,-0.032972725865609905,0.032972725865609905,0.2,False,1.0,True,False,False,1.0,unchanged (below absolute correlation threshold),1003,training only (frozen before validation refit),-0.012233266597050565,-0.032498297621403424,-0.07087728811081109
3,OLS oriented,negative_momentum_21d,-0.07749501501780123,0.07749501501780123,0.2,False,1.0,True,False,False,1.0,unchanged (below absolute correlation threshold),1003,training only (frozen before validation refit),-0.032161692328384006,-0.05270113969603882,-0.30213540911545533
3,OLS oriented,realized_volatility_20d,-0.09535380110898967,0.09535380110898967,0.2,False,0.6666666666666666,False,False,False,1.0,unchanged (below absolute correlation threshold),1003,training only (frozen before validation refit),0.04738971650624305,-0.140624449954623,-0.11682930841217959
3,OLS oriented,term_spread_10y_2y_pct,-0.07162670251133167,0.07162670251133167,0.2,False,1.0,True,False,False,1.0,unchanged (below absolute correlation threshold),1003,training only (frozen before validation refit),-0.009526533365287594,-0.16694692209571033,-0.11187962791474898
3,OLS oriented,vix,-0.08841787591734006,0.08841787591734006,0.2,False,1.0,True,False,False,1.0,unchanged (below absolute correlation threshold),1003,training only (frozen before validation refit),-0.04315381967251106,-0.07551664635226006,-0.12287002202233063
4,Choquet 1-additive,average_equity_correlation_60d,-0.07872433682371133,0.07872433682371133,0.2,False,1.0,True,False,False,1.0,unchanged (below absolute correlation threshold),1003,training only (frozen before validation refit),-0.09302357462878391,-0.14881214894176995,-0.0735044283036376
4,Choquet 1-additive,baa_credit_spread_pct,-0.1778940262815621,0.1778940262815621,0.2,False,1.0,True,False,False,1.0,unchanged (below absolute correlation threshold),1003,training only (frozen before validation refit),-0.20948766575924163,-0.10563517056496163,-0.11286091842846492
4,Choquet 1-additive,drawdown_severity,-0.10724302594811183,0.10724302594811183,0.2,False,1.0,True,False,False,1.0,unchanged (below absolute correlation threshold),1003,training only (frozen before validation refit),-0.1813745272097938,-0.2502814186338375,-0.13595049289058683
4,Choquet 1-additive,lagged_portfolio_loss_1d,-0.014298428934511309,0.014298428934511309,0.2,False,0.6666666666666666,False,False,False,1.0,unchanged (below absolute correlation threshold),1003,training only (frozen before validation refit),0.030614304287809785,-0.08752375586898437,-0.052284485106250694
4,Choquet 1-additive,liquidity_stress_20d,-0.13370722589977588,0.13370722589977588,0.2,False,1.0,True,False,False,1.0,unchanged (below absolute correlation threshold),1003,training only (frozen before validation refit),-0.1565697396339222,-0.11623502358497122,-0.07453551242823289
4,Choquet 1-additive,market_loss_1d,-0.037071137189772375,0.037071137189772375,0.2,False,1.0,True,False,False,1.0,unchanged (below absolute correlation threshold),1003,training only (frozen before validation refit),-0.02384229485689757,-0.09243840488154191,-0.045402433796787274
4,Choquet 1-additive,negative_momentum_21d,-0.08598025105187014,0.08598025105187014,0.2,False,1.0,True,False,False,1.0,unchanged (below absolute correlation threshold),1003,training only (frozen before validation refit),-0.10668608515227095,-0.24844431506793135,-0.07621496395458305
4,Choquet 1-additive,realized_volatility_20d,-0.08694170148097692,0.08694170148097692,0.2,False,1.0,True,False,False,1.0,unchanged (below absolute correlation threshold),1003,training only (frozen before validation refit),-0.1470329706568386,-0.13541246422681105,-0.004629183266817955
4,Choquet 1-additive,term_spread_10y_2y_pct,-0.07294743304354445,0.07294743304354445,0.2,False,0.6666666666666666,False,False,False,1.0,unchanged (below absolute correlation threshold),1003,training only (frozen before validation refit),-0.09855203317005864,0.05669269737518941,-0.04819268429181666
4,Choquet 1-additive,vix,-0.070815709742617,0.070815709742617,0.2,False,1.0,True,False,False,1.0,unchanged (below absolute correlation threshold),1003,training only (frozen before validation refit),-0.03300744919966192,-0.19667717592323758,-0.14209389579172965
4,Choquet 1-additive scaled-q,average_equity_correlation_60d,-0.07872433682371133,0.07872433682371133,0.2,False,1.0,True,False,False,1.0,unchanged (below absolute correlation threshold),1003,training only (frozen before validation refit),-0.09302357462878391,-0.14881214894176995,-0.0735044283036376
4,Choquet 1-additive scaled-q,baa_credit_spread_pct,-0.1778940262815621,0.1778940262815621,0.2,False,1.0,True,False,False,1.0,unchanged (below absolute correlation threshold),1003,training only (frozen before validation refit),-0.20948766575924163,-0.10563517056496163,-0.11286091842846492
4,Choquet 1-additive scaled-q,drawdown_severity,-0.10724302594811183,0.10724302594811183,0.2,False,1.0,True,False,False,1.0,unchanged (below absolute correlation threshold),1003,training only (frozen before validation refit),-0.1813745272097938,-0.2502814186338375,-0.13595049289058683
4,Choquet 1-additive scaled-q,lagged_portfolio_loss_1d,-0.014298428934511309,0.014298428934511309,0.2,False,0.6666666666666666,False,False,False,1.0,unchanged (below absolute correlation threshold),1003,training only (frozen before validation refit),0.030614304287809785,-0.08752375586898437,-0.052284485106250694
4,Choquet 1-additive scaled-q,liquidity_stress_20d,-0.13370722589977588,0.13370722589977588,0.2,False,1.0,True,False,False,1.0,unchanged (below absolute correlation threshold),1003,training only (frozen before validation refit),-0.1565697396339222,-0.11623502358497122,-0.07453551242823289
4,Choquet 1-additive scaled-q,market_loss_1d,-0.037071137189772375,0.037071137189772375,0.2,False,1.0,True,False,False,1.0,unchanged (below absolute correlation threshold),1003,training only (frozen before validation refit),-0.02384229485689757,-0.09243840488154191,-0.045402433796787274
4,Choquet 1-additive scaled-q,negative_momentum_21d,-0.08598025105187014,0.08598025105187014,0.2,False,1.0,True,False,False,1.0,unchanged (below absolute correlation threshold),1003,training only (frozen before validation refit),-0.10668608515227095,-0.24844431506793135,-0.07621496395458305
4,Choquet 1-additive scaled-q,realized_volatility_20d,-0.08694170148097692,0.08694170148097692,0.2,False,1.0,True,False,False,1.0,unchanged (below absolute correlation threshold),1003,training only (frozen before validation refit),-0.1470329706568386,-0.13541246422681105,-0.004629183266817955
4,Choquet 1-additive scaled-q,term_spread_10y_2y_pct,-0.07294743304354445,0.07294743304354445,0.2,False,0.6666666666666666,False,False,False,1.0,unchanged (below absolute correlation threshold),1003,training only (frozen before validation refit),-0.09855203317005864,0.05669269737518941,-0.04819268429181666
4,Choquet 1-additive scaled-q,vix,-0.070815709742617,0.070815709742617,0.2,False,1.0,True,False,False,1.0,unchanged (below absolute correlation threshold),1003,training only (frozen before validation refit),-0.03300744919966192,-0.19667717592323758,-0.14209389579172965
4,Choquet 2-additive,average_equity_correlation_60d,-0.07872433682371133,0.07872433682371133,0.2,False,1.0,True,False,False,1.0,unchanged (below absolute correlation threshold),1003,training only (frozen before validation refit),-0.09302357462878391,-0.14881214894176995,-0.0735044283036376
4,Choquet 2-additive,baa_credit_spread_pct,-0.1778940262815621,0.1778940262815621,0.2,False,1.0,True,False,False,1.0,unchanged (below absolute correlation threshold),1003,training only (frozen before validation refit),-0.20948766575924163,-0.10563517056496163,-0.11286091842846492
4,Choquet 2-additive,drawdown_severity,-0.10724302594811183,0.10724302594811183,0.2,False,1.0,True,False,False,1.0,unchanged (below absolute correlation threshold),1003,training only (frozen before validation refit),-0.1813745272097938,-0.2502814186338375,-0.13595049289058683
4,Choquet 2-additive,lagged_portfolio_loss_1d,-0.014298428934511309,0.014298428934511309,0.2,False,0.6666666666666666,False,False,False,1.0,unchanged (below absolute correlation threshold),1003,training only (frozen before validation refit),0.030614304287809785,-0.08752375586898437,-0.052284485106250694
4,Choquet 2-additive,liquidity_stress_20d,-0.13370722589977588,0.13370722589977588,0.2,False,1.0,True,False,False,1.0,unchanged (below absolute correlation threshold),1003,training only (frozen before validation refit),-0.1565697396339222,-0.11623502358497122,-0.07453551242823289
4,Choquet 2-additive,market_loss_1d,-0.037071137189772375,0.037071137189772375,0.2,False,1.0,True,False,False,1.0,unchanged (below absolute correlation threshold),1003,training only (frozen before validation refit),-0.02384229485689757,-0.09243840488154191,-0.045402433796787274
4,Choquet 2-additive,negative_momentum_21d,-0.08598025105187014,0.08598025105187014,0.2,False,1.0,True,False,False,1.0,unchanged (below absolute correlation threshold),1003,training only (frozen before validation refit),-0.10668608515227095,-0.24844431506793135,-0.07621496395458305
4,Choquet 2-additive,realized_volatility_20d,-0.08694170148097692,0.08694170148097692,0.2,False,1.0,True,False,False,1.0,unchanged (below absolute correlation threshold),1003,training only (frozen before validation refit),-0.1470329706568386,-0.13541246422681105,-0.004629183266817955
4,Choquet 2-additive,term_spread_10y_2y_pct,-0.07294743304354445,0.07294743304354445,0.2,False,0.6666666666666666,False,False,False,1.0,unchanged (below absolute correlation threshold),1003,training only (frozen before validation refit),-0.09855203317005864,0.05669269737518941,-0.04819268429181666
4,Choquet 2-additive,vix,-0.070815709742617,0.070815709742617,0.2,False,1.0,True,False,False,1.0,unchanged (below absolute correlation threshold),1003,training only (frozen before validation refit),-0.03300744919966192,-0.19667717592323758,-0.14209389579172965
4,Choquet 2-additive L1,average_equity_correlation_60d,-0.07872433682371133,0.07872433682371133,0.2,False,1.0,True,False,False,1.0,unchanged (below absolute correlation threshold),1003,training only (frozen before validation refit),-0.09302357462878391,-0.14881214894176995,-0.0735044283036376
4,Choquet 2-additive L1,baa_credit_spread_pct,-0.1778940262815621,0.1778940262815621,0.2,False,1.0,True,False,False,1.0,unchanged (below absolute correlation threshold),1003,training only (frozen before validation refit),-0.20948766575924163,-0.10563517056496163,-0.11286091842846492
4,Choquet 2-additive L1,drawdown_severity,-0.10724302594811183,0.10724302594811183,0.2,False,1.0,True,False,False,1.0,unchanged (below absolute correlation threshold),1003,training only (frozen before validation refit),-0.1813745272097938,-0.2502814186338375,-0.13595049289058683
4,Choquet 2-additive L1,lagged_portfolio_loss_1d,-0.014298428934511309,0.014298428934511309,0.2,False,0.6666666666666666,False,False,False,1.0,unchanged (below absolute correlation threshold),1003,training only (frozen before validation refit),0.030614304287809785,-0.08752375586898437,-0.052284485106250694
4,Choquet 2-additive L1,liquidity_stress_20d,-0.13370722589977588,0.13370722589977588,0.2,False,1.0,True,False,False,1.0,unchanged (below absolute correlation threshold),1003,training only (frozen before validation refit),-0.1565697396339222,-0.11623502358497122,-0.07453551242823289
4,Choquet 2-additive L1,market_loss_1d,-0.037071137189772375,0.037071137189772375,0.2,False,1.0,True,False,False,1.0,unchanged (below absolute correlation threshold),1003,training only (frozen before validation refit),-0.02384229485689757,-0.09243840488154191,-0.045402433796787274
4,Choquet 2-additive L1,negative_momentum_21d,-0.08598025105187014,0.08598025105187014,0.2,False,1.0,True,False,False,1.0,unchanged (below absolute correlation threshold),1003,training only (frozen before validation refit),-0.10668608515227095,-0.24844431506793135,-0.07621496395458305
4,Choquet 2-additive L1,realized_volatility_20d,-0.08694170148097692,0.08694170148097692,0.2,False,1.0,True,False,False,1.0,unchanged (below absolute correlation threshold),1003,training only (frozen before validation refit),-0.1470329706568386,-0.13541246422681105,-0.004629183266817955
4,Choquet 2-additive L1,term_spread_10y_2y_pct,-0.07294743304354445,0.07294743304354445,0.2,False,0.6666666666666666,False,False,False,1.0,unchanged (below absolute correlation threshold),1003,training only (frozen before validation refit),-0.09855203317005864,0.05669269737518941,-0.04819268429181666
4,Choquet 2-additive L1,vix,-0.070815709742617,0.070815709742617,0.2,False,1.0,True,False,False,1.0,unchanged (below absolute correlation threshold),1003,training only (frozen before validation refit),-0.03300744919966192,-0.19667717592323758,-0.14209389579172965
4,Choquet 2-additive scaled-q,average_equity_correlation_60d,-0.07872433682371133,0.07872433682371133,0.2,False,1.0,True,False,False,1.0,unchanged (below absolute correlation threshold),1003,training only (frozen before validation refit),-0.09302357462878391,-0.14881214894176995,-0.0735044283036376
4,Choquet 2-additive scaled-q,baa_credit_spread_pct,-0.1778940262815621,0.1778940262815621,0.2,False,1.0,True,False,False,1.0,unchanged (below absolute correlation threshold),1003,training only (frozen before validation refit),-0.20948766575924163,-0.10563517056496163,-0.11286091842846492
4,Choquet 2-additive scaled-q,drawdown_severity,-0.10724302594811183,0.10724302594811183,0.2,False,1.0,True,False,False,1.0,unchanged (below absolute correlation threshold),1003,training only (frozen before validation refit),-0.1813745272097938,-0.2502814186338375,-0.13595049289058683
4,Choquet 2-additive scaled-q,lagged_portfolio_loss_1d,-0.014298428934511309,0.014298428934511309,0.2,False,0.6666666666666666,False,False,False,1.0,unchanged (below absolute correlation threshold),1003,training only (frozen before validation refit),0.030614304287809785,-0.08752375586898437,-0.052284485106250694
4,Choquet 2-additive scaled-q,liquidity_stress_20d,-0.13370722589977588,0.13370722589977588,0.2,False,1.0,True,False,False,1.0,unchanged (below absolute correlation threshold),1003,training only (frozen before validation refit),-0.1565697396339222,-0.11623502358497122,-0.07453551242823289
4,Choquet 2-additive scaled-q,market_loss_1d,-0.037071137189772375,0.037071137189772375,0.2,False,1.0,True,False,False,1.0,unchanged (below absolute correlation threshold),1003,training only (frozen before validation refit),-0.02384229485689757,-0.09243840488154191,-0.045402433796787274
4,Choquet 2-additive scaled-q,negative_momentum_21d,-0.08598025105187014,0.08598025105187014,0.2,False,1.0,True,False,False,1.0,unchanged (below absolute correlation threshold),1003,training only (frozen before validation refit),-0.10668608515227095,-0.24844431506793135,-0.07621496395458305
4,Choquet 2-additive scaled-q,realized_volatility_20d,-0.08694170148097692,0.08694170148097692,0.2,False,1.0,True,False,False,1.0,unchanged (below absolute correlation threshold),1003,training only (frozen before validation refit),-0.1470329706568386,-0.13541246422681105,-0.004629183266817955
4,Choquet 2-additive scaled-q,term_spread_10y_2y_pct,-0.07294743304354445,0.07294743304354445,0.2,False,0.6666666666666666,False,False,False,1.0,unchanged (below absolute correlation threshold),1003,training only (frozen before validation refit),-0.09855203317005864,0.05669269737518941,-0.04819268429181666
4,Choquet 2-additive scaled-q,vix,-0.070815709742617,0.070815709742617,0.2,False,1.0,True,False,False,1.0,unchanged (below absolute correlation threshold),1003,training only (frozen before validation refit),-0.03300744919966192,-0.19667717592323758,-0.14209389579172965
4,Choquet 2-additive scaled-q L1,average_equity_correlation_60d,-0.07872433682371133,0.07872433682371133,0.2,False,1.0,True,False,False,1.0,unchanged (below absolute correlation threshold),1003,training only (frozen before validation refit),-0.09302357462878391,-0.14881214894176995,-0.0735044283036376
4,Choquet 2-additive scaled-q L1,baa_credit_spread_pct,-0.1778940262815621,0.1778940262815621,0.2,False,1.0,True,False,False,1.0,unchanged (below absolute correlation threshold),1003,training only (frozen before validation refit),-0.20948766575924163,-0.10563517056496163,-0.11286091842846492
4,Choquet 2-additive scaled-q L1,drawdown_severity,-0.10724302594811183,0.10724302594811183,0.2,False,1.0,True,False,False,1.0,unchanged (below absolute correlation threshold),1003,training only (frozen before validation refit),-0.1813745272097938,-0.2502814186338375,-0.13595049289058683
4,Choquet 2-additive scaled-q L1,lagged_portfolio_loss_1d,-0.014298428934511309,0.014298428934511309,0.2,False,0.6666666666666666,False,False,False,1.0,unchanged (below absolute correlation threshold),1003,training only (frozen before validation refit),0.030614304287809785,-0.08752375586898437,-0.052284485106250694
4,Choquet 2-additive scaled-q L1,liquidity_stress_20d,-0.13370722589977588,0.13370722589977588,0.2,False,1.0,True,False,False,1.0,unchanged (below absolute correlation threshold),1003,training only (frozen before validation refit),-0.1565697396339222,-0.11623502358497122,-0.07453551242823289
4,Choquet 2-additive scaled-q L1,market_loss_1d,-0.037071137189772375,0.037071137189772375,0.2,False,1.0,True,False,False,1.0,unchanged (below absolute correlation threshold),1003,training only (frozen before validation refit),-0.02384229485689757,-0.09243840488154191,-0.045402433796787274
4,Choquet 2-additive scaled-q L1,negative_momentum_21d,-0.08598025105187014,0.08598025105187014,0.2,False,1.0,True,False,False,1.0,unchanged (below absolute correlation threshold),1003,training only (frozen before validation refit),-0.10668608515227095,-0.24844431506793135,-0.07621496395458305
4,Choquet 2-additive scaled-q L1,realized_volatility_20d,-0.08694170148097692,0.08694170148097692,0.2,False,1.0,True,False,False,1.0,unchanged (below absolute correlation threshold),1003,training only (frozen before validation refit),-0.1470329706568386,-0.13541246422681105,-0.004629183266817955
4,Choquet 2-additive scaled-q L1,term_spread_10y_2y_pct,-0.07294743304354445,0.07294743304354445,0.2,False,0.6666666666666666,False,False,False,1.0,unchanged (below absolute correlation threshold),1003,training only (frozen before validation refit),-0.09855203317005864,0.05669269737518941,-0.04819268429181666
4,Choquet 2-additive scaled-q L1,vix,-0.070815709742617,0.070815709742617,0.2,False,1.0,True,False,False,1.0,unchanged (below absolute correlation threshold),1003,training only (frozen before validation refit),-0.03300744919966192,-0.19667717592323758,-0.14209389579172965
4,Fuzzy Choquet neural network,average_equity_correlation_60d,-0.07872433682371133,0.07872433682371133,0.2,False,1.0,True,False,False,1.0,unchanged (below absolute correlation threshold),1003,training only (frozen before validation refit),-0.09302357462878391,-0.14881214894176995,-0.0735044283036376
4,Fuzzy Choquet neural network,baa_credit_spread_pct,-0.1778940262815621,0.1778940262815621,0.2,False,1.0,True,False,False,1.0,unchanged (below absolute correlation threshold),1003,training only (frozen before validation refit),-0.20948766575924163,-0.10563517056496163,-0.11286091842846492
4,Fuzzy Choquet neural network,drawdown_severity,-0.10724302594811183,0.10724302594811183,0.2,False,1.0,True,False,False,1.0,unchanged (below absolute correlation threshold),1003,training only (frozen before validation refit),-0.1813745272097938,-0.2502814186338375,-0.13595049289058683
4,Fuzzy Choquet neural network,lagged_portfolio_loss_1d,-0.014298428934511309,0.014298428934511309,0.2,False,0.6666666666666666,False,False,False,1.0,unchanged (below absolute correlation threshold),1003,training only (frozen before validation refit),0.030614304287809785,-0.08752375586898437,-0.052284485106250694
4,Fuzzy Choquet neural network,liquidity_stress_20d,-0.13370722589977588,0.13370722589977588,0.2,False,1.0,True,False,False,1.0,unchanged (below absolute correlation threshold),1003,training only (frozen before validation refit),-0.1565697396339222,-0.11623502358497122,-0.07453551242823289
4,Fuzzy Choquet neural network,market_loss_1d,-0.037071137189772375,0.037071137189772375,0.2,False,1.0,True,False,False,1.0,unchanged (below absolute correlation threshold),1003,training only (frozen before validation refit),-0.02384229485689757,-0.09243840488154191,-0.045402433796787274
4,Fuzzy Choquet neural network,negative_momentum_21d,-0.08598025105187014,0.08598025105187014,0.2,False,1.0,True,False,False,1.0,unchanged (below absolute correlation threshold),1003,training only (frozen before validation refit),-0.10668608515227095,-0.24844431506793135,-0.07621496395458305
4,Fuzzy Choquet neural network,realized_volatility_20d,-0.08694170148097692,0.08694170148097692,0.2,False,1.0,True,False,False,1.0,unchanged (below absolute correlation threshold),1003,training only (frozen before validation refit),-0.1470329706568386,-0.13541246422681105,-0.004629183266817955
4,Fuzzy Choquet neural network,term_spread_10y_2y_pct,-0.07294743304354445,0.07294743304354445,0.2,False,0.6666666666666666,False,False,False,1.0,unchanged (below absolute correlation threshold),1003,training only (frozen before validation refit),-0.09855203317005864,0.05669269737518941,-0.04819268429181666
4,Fuzzy Choquet neural network,vix,-0.070815709742617,0.070815709742617,0.2,False,1.0,True,False,False,1.0,unchanged (below absolute correlation threshold),1003,training only (frozen before validation refit),-0.03300744919966192,-0.19667717592323758,-0.14209389579172965
4,Monotone linear,average_equity_correlation_60d,-0.07872433682371133,0.07872433682371133,0.2,False,1.0,True,False,False,1.0,unchanged (below absolute correlation threshold),1003,training only (frozen before validation refit),-0.09302357462878391,-0.14881214894176995,-0.0735044283036376
4,Monotone linear,baa_credit_spread_pct,-0.1778940262815621,0.1778940262815621,0.2,False,1.0,True,False,False,1.0,unchanged (below absolute correlation threshold),1003,training only (frozen before validation refit),-0.20948766575924163,-0.10563517056496163,-0.11286091842846492
4,Monotone linear,drawdown_severity,-0.10724302594811183,0.10724302594811183,0.2,False,1.0,True,False,False,1.0,unchanged (below absolute correlation threshold),1003,training only (frozen before validation refit),-0.1813745272097938,-0.2502814186338375,-0.13595049289058683
4,Monotone linear,lagged_portfolio_loss_1d,-0.014298428934511309,0.014298428934511309,0.2,False,0.6666666666666666,False,False,False,1.0,unchanged (below absolute correlation threshold),1003,training only (frozen before validation refit),0.030614304287809785,-0.08752375586898437,-0.052284485106250694
4,Monotone linear,liquidity_stress_20d,-0.13370722589977588,0.13370722589977588,0.2,False,1.0,True,False,False,1.0,unchanged (below absolute correlation threshold),1003,training only (frozen before validation refit),-0.1565697396339222,-0.11623502358497122,-0.07453551242823289
4,Monotone linear,market_loss_1d,-0.037071137189772375,0.037071137189772375,0.2,False,1.0,True,False,False,1.0,unchanged (below absolute correlation threshold),1003,training only (frozen before validation refit),-0.02384229485689757,-0.09243840488154191,-0.045402433796787274
4,Monotone linear,negative_momentum_21d,-0.08598025105187014,0.08598025105187014,0.2,False,1.0,True,False,False,1.0,unchanged (below absolute correlation threshold),1003,training only (frozen before validation refit),-0.10668608515227095,-0.24844431506793135,-0.07621496395458305
4,Monotone linear,realized_volatility_20d,-0.08694170148097692,0.08694170148097692,0.2,False,1.0,True,False,False,1.0,unchanged (below absolute correlation threshold),1003,training only (frozen before validation refit),-0.1470329706568386,-0.13541246422681105,-0.004629183266817955
4,Monotone linear,term_spread_10y_2y_pct,-0.07294743304354445,0.07294743304354445,0.2,False,0.6666666666666666,False,False,False,1.0,unchanged (below absolute correlation threshold),1003,training only (frozen before validation refit),-0.09855203317005864,0.05669269737518941,-0.04819268429181666
4,Monotone linear,vix,-0.070815709742617,0.070815709742617,0.2,False,1.0,True,False,False,1.0,unchanged (below absolute correlation threshold),1003,training only (frozen before validation refit),-0.03300744919966192,-0.19667717592323758,-0.14209389579172965
4,OLS oriented,average_equity_correlation_60d,-0.07872433682371133,0.07872433682371133,0.2,False,1.0,True,False,False,1.0,unchanged (below absolute correlation threshold),1003,training only (frozen before validation refit),-0.09302357462878391,-0.14881214894176995,-0.0735044283036376
4,OLS oriented,baa_credit_spread_pct,-0.1778940262815621,0.1778940262815621,0.2,False,1.0,True,False,False,1.0,unchanged (below absolute correlation threshold),1003,training only (frozen before validation refit),-0.20948766575924163,-0.10563517056496163,-0.11286091842846492
4,OLS oriented,drawdown_severity,-0.10724302594811183,0.10724302594811183,0.2,False,1.0,True,False,False,1.0,unchanged (below absolute correlation threshold),1003,training only (frozen before validation refit),-0.1813745272097938,-0.2502814186338375,-0.13595049289058683
4,OLS oriented,lagged_portfolio_loss_1d,-0.014298428934511309,0.014298428934511309,0.2,False,0.6666666666666666,False,False,False,1.0,unchanged (below absolute correlation threshold),1003,training only (frozen before validation refit),0.030614304287809785,-0.08752375586898437,-0.052284485106250694
4,OLS oriented,liquidity_stress_20d,-0.13370722589977588,0.13370722589977588,0.2,False,1.0,True,False,False,1.0,unchanged (below absolute correlation threshold),1003,training only (frozen before validation refit),-0.1565697396339222,-0.11623502358497122,-0.07453551242823289
4,OLS oriented,market_loss_1d,-0.037071137189772375,0.037071137189772375,0.2,False,1.0,True,False,False,1.0,unchanged (below absolute correlation threshold),1003,training only (frozen before validation refit),-0.02384229485689757,-0.09243840488154191,-0.045402433796787274
4,OLS oriented,negative_momentum_21d,-0.08598025105187014,0.08598025105187014,0.2,False,1.0,True,False,False,1.0,unchanged (below absolute correlation threshold),1003,training only (frozen before validation refit),-0.10668608515227095,-0.24844431506793135,-0.07621496395458305
4,OLS oriented,realized_volatility_20d,-0.08694170148097692,0.08694170148097692,0.2,False,1.0,True,False,False,1.0,unchanged (below absolute correlation threshold),1003,training only (frozen before validation refit),-0.1470329706568386,-0.13541246422681105,-0.004629183266817955
4,OLS oriented,term_spread_10y_2y_pct,-0.07294743304354445,0.07294743304354445,0.2,False,0.6666666666666666,False,False,False,1.0,unchanged (below absolute correlation threshold),1003,training only (frozen before validation refit),-0.09855203317005864,0.05669269737518941,-0.04819268429181666
4,OLS oriented,vix,-0.070815709742617,0.070815709742617,0.2,False,1.0,True,False,False,1.0,unchanged (below absolute correlation threshold),1003,training only (frozen before validation refit),-0.03300744919966192,-0.19667717592323758,-0.14209389579172965
5,Choquet 1-additive,average_equity_correlation_60d,-0.05303756521933722,0.05303756521933722,0.2,False,0.6666666666666666,False,False,False,1.0,unchanged (below absolute correlation threshold),1001,training only (frozen before validation refit),-0.08042905546736775,-0.04246943872821294,0.0183874911212398
5,Choquet 1-additive,baa_credit_spread_pct,-0.15630243313868064,0.15630243313868064,0.2,False,1.0,True,False,False,1.0,unchanged (below absolute correlation threshold),1001,training only (frozen before validation refit),-0.21710849588268127,-0.09479849777764579,-0.1163160137301107
5,Choquet 1-additive,drawdown_severity,-0.09920808259276337,0.09920808259276337,0.2,False,1.0,True,False,False,1.0,unchanged (below absolute correlation threshold),1001,training only (frozen before validation refit),-0.1488922628407927,-0.09583497425869228,-0.032797780982594525
5,Choquet 1-additive,lagged_portfolio_loss_1d,-0.01628221458911566,0.01628221458911566,0.2,False,0.6666666666666666,False,False,False,1.0,unchanged (below absolute correlation threshold),1001,training only (frozen before validation refit),0.015217920948067386,-0.04289209052890342,-0.07662778263348584
5,Choquet 1-additive,liquidity_stress_20d,-0.11177014459429803,0.11177014459429803,0.2,False,1.0,True,False,False,1.0,unchanged (below absolute correlation threshold),1001,training only (frozen before validation refit),-0.16791633836965966,-0.020395524483297595,-0.009105280257096362
5,Choquet 1-additive,market_loss_1d,-0.03737711499080304,0.03737711499080304,0.2,False,1.0,True,False,False,1.0,unchanged (below absolute correlation threshold),1001,training only (frozen before validation refit),-0.029388866284331423,-0.04128869665771599,-0.063492577283464
5,Choquet 1-additive,negative_momentum_21d,-0.07233344105743836,0.07233344105743836,0.2,False,1.0,True,False,False,1.0,unchanged (below absolute correlation threshold),1001,training only (frozen before validation refit),-0.09786639422364124,-0.09392405516599966,-0.003928382226121397
5,Choquet 1-additive,realized_volatility_20d,-0.07747200720142877,0.07747200720142877,0.2,False,0.3333333333333333,False,False,False,1.0,unchanged (below absolute correlation threshold),1001,training only (frozen before validation refit),-0.1420903786148222,0.06264857859491355,0.054398769147545226
5,Choquet 1-additive,term_spread_10y_2y_pct,-0.03274741987868472,0.03274741987868472,0.2,False,1.0,True,False,False,1.0,unchanged (below absolute correlation threshold),1001,training only (frozen before validation refit),-0.09650405962129334,-0.09410880087760182,-0.04861391997175298
5,Choquet 1-additive,vix,-0.08038719589902288,0.08038719589902288,0.2,False,1.0,True,False,False,1.0,unchanged (below absolute correlation threshold),1001,training only (frozen before validation refit),-0.09376042337164284,-0.06359109935360499,-0.049432053079958994
5,Choquet 1-additive scaled-q,average_equity_correlation_60d,-0.05303756521933722,0.05303756521933722,0.2,False,0.6666666666666666,False,False,False,1.0,unchanged (below absolute correlation threshold),1001,training only (frozen before validation refit),-0.08042905546736775,-0.04246943872821294,0.0183874911212398
5,Choquet 1-additive scaled-q,baa_credit_spread_pct,-0.15630243313868064,0.15630243313868064,0.2,False,1.0,True,False,False,1.0,unchanged (below absolute correlation threshold),1001,training only (frozen before validation refit),-0.21710849588268127,-0.09479849777764579,-0.1163160137301107
5,Choquet 1-additive scaled-q,drawdown_severity,-0.09920808259276337,0.09920808259276337,0.2,False,1.0,True,False,False,1.0,unchanged (below absolute correlation threshold),1001,training only (frozen before validation refit),-0.1488922628407927,-0.09583497425869228,-0.032797780982594525
5,Choquet 1-additive scaled-q,lagged_portfolio_loss_1d,-0.01628221458911566,0.01628221458911566,0.2,False,0.6666666666666666,False,False,False,1.0,unchanged (below absolute correlation threshold),1001,training only (frozen before validation refit),0.015217920948067386,-0.04289209052890342,-0.07662778263348584
5,Choquet 1-additive scaled-q,liquidity_stress_20d,-0.11177014459429803,0.11177014459429803,0.2,False,1.0,True,False,False,1.0,unchanged (below absolute correlation threshold),1001,training only (frozen before validation refit),-0.16791633836965966,-0.020395524483297595,-0.009105280257096362
5,Choquet 1-additive scaled-q,market_loss_1d,-0.03737711499080304,0.03737711499080304,0.2,False,1.0,True,False,False,1.0,unchanged (below absolute correlation threshold),1001,training only (frozen before validation refit),-0.029388866284331423,-0.04128869665771599,-0.063492577283464
5,Choquet 1-additive scaled-q,negative_momentum_21d,-0.07233344105743836,0.07233344105743836,0.2,False,1.0,True,False,False,1.0,unchanged (below absolute correlation threshold),1001,training only (frozen before validation refit),-0.09786639422364124,-0.09392405516599966,-0.003928382226121397
5,Choquet 1-additive scaled-q,realized_volatility_20d,-0.07747200720142877,0.07747200720142877,0.2,False,0.3333333333333333,False,False,False,1.0,unchanged (below absolute correlation threshold),1001,training only (frozen before validation refit),-0.1420903786148222,0.06264857859491355,0.054398769147545226
5,Choquet 1-additive scaled-q,term_spread_10y_2y_pct,-0.03274741987868472,0.03274741987868472,0.2,False,1.0,True,False,False,1.0,unchanged (below absolute correlation threshold),1001,training only (frozen before validation refit),-0.09650405962129334,-0.09410880087760182,-0.04861391997175298
5,Choquet 1-additive scaled-q,vix,-0.08038719589902288,0.08038719589902288,0.2,False,1.0,True,False,False,1.0,unchanged (below absolute correlation threshold),1001,training only (frozen before validation refit),-0.09376042337164284,-0.06359109935360499,-0.049432053079958994
5,Choquet 2-additive,average_equity_correlation_60d,-0.05303756521933722,0.05303756521933722,0.2,False,0.6666666666666666,False,False,False,1.0,unchanged (below absolute correlation threshold),1001,training only (frozen before validation refit),-0.08042905546736775,-0.04246943872821294,0.0183874911212398
5,Choquet 2-additive,baa_credit_spread_pct,-0.15630243313868064,0.15630243313868064,0.2,False,1.0,True,False,False,1.0,unchanged (below absolute correlation threshold),1001,training only (frozen before validation refit),-0.21710849588268127,-0.09479849777764579,-0.1163160137301107
5,Choquet 2-additive,drawdown_severity,-0.09920808259276337,0.09920808259276337,0.2,False,1.0,True,False,False,1.0,unchanged (below absolute correlation threshold),1001,training only (frozen before validation refit),-0.1488922628407927,-0.09583497425869228,-0.032797780982594525
5,Choquet 2-additive,lagged_portfolio_loss_1d,-0.01628221458911566,0.01628221458911566,0.2,False,0.6666666666666666,False,False,False,1.0,unchanged (below absolute correlation threshold),1001,training only (frozen before validation refit),0.015217920948067386,-0.04289209052890342,-0.07662778263348584
5,Choquet 2-additive,liquidity_stress_20d,-0.11177014459429803,0.11177014459429803,0.2,False,1.0,True,False,False,1.0,unchanged (below absolute correlation threshold),1001,training only (frozen before validation refit),-0.16791633836965966,-0.020395524483297595,-0.009105280257096362
5,Choquet 2-additive,market_loss_1d,-0.03737711499080304,0.03737711499080304,0.2,False,1.0,True,False,False,1.0,unchanged (below absolute correlation threshold),1001,training only (frozen before validation refit),-0.029388866284331423,-0.04128869665771599,-0.063492577283464
5,Choquet 2-additive,negative_momentum_21d,-0.07233344105743836,0.07233344105743836,0.2,False,1.0,True,False,False,1.0,unchanged (below absolute correlation threshold),1001,training only (frozen before validation refit),-0.09786639422364124,-0.09392405516599966,-0.003928382226121397
5,Choquet 2-additive,realized_volatility_20d,-0.07747200720142877,0.07747200720142877,0.2,False,0.3333333333333333,False,False,False,1.0,unchanged (below absolute correlation threshold),1001,training only (frozen before validation refit),-0.1420903786148222,0.06264857859491355,0.054398769147545226
5,Choquet 2-additive,term_spread_10y_2y_pct,-0.03274741987868472,0.03274741987868472,0.2,False,1.0,True,False,False,1.0,unchanged (below absolute correlation threshold),1001,training only (frozen before validation refit),-0.09650405962129334,-0.09410880087760182,-0.04861391997175298
5,Choquet 2-additive,vix,-0.08038719589902288,0.08038719589902288,0.2,False,1.0,True,False,False,1.0,unchanged (below absolute correlation threshold),1001,training only (frozen before validation refit),-0.09376042337164284,-0.06359109935360499,-0.049432053079958994
5,Choquet 2-additive L1,average_equity_correlation_60d,-0.05303756521933722,0.05303756521933722,0.2,False,0.6666666666666666,False,False,False,1.0,unchanged (below absolute correlation threshold),1001,training only (frozen before validation refit),-0.08042905546736775,-0.04246943872821294,0.0183874911212398
5,Choquet 2-additive L1,baa_credit_spread_pct,-0.15630243313868064,0.15630243313868064,0.2,False,1.0,True,False,False,1.0,unchanged (below absolute correlation threshold),1001,training only (frozen before validation refit),-0.21710849588268127,-0.09479849777764579,-0.1163160137301107
5,Choquet 2-additive L1,drawdown_severity,-0.09920808259276337,0.09920808259276337,0.2,False,1.0,True,False,False,1.0,unchanged (below absolute correlation threshold),1001,training only (frozen before validation refit),-0.1488922628407927,-0.09583497425869228,-0.032797780982594525
5,Choquet 2-additive L1,lagged_portfolio_loss_1d,-0.01628221458911566,0.01628221458911566,0.2,False,0.6666666666666666,False,False,False,1.0,unchanged (below absolute correlation threshold),1001,training only (frozen before validation refit),0.015217920948067386,-0.04289209052890342,-0.07662778263348584
5,Choquet 2-additive L1,liquidity_stress_20d,-0.11177014459429803,0.11177014459429803,0.2,False,1.0,True,False,False,1.0,unchanged (below absolute correlation threshold),1001,training only (frozen before validation refit),-0.16791633836965966,-0.020395524483297595,-0.009105280257096362
5,Choquet 2-additive L1,market_loss_1d,-0.03737711499080304,0.03737711499080304,0.2,False,1.0,True,False,False,1.0,unchanged (below absolute correlation threshold),1001,training only (frozen before validation refit),-0.029388866284331423,-0.04128869665771599,-0.063492577283464
5,Choquet 2-additive L1,negative_momentum_21d,-0.07233344105743836,0.07233344105743836,0.2,False,1.0,True,False,False,1.0,unchanged (below absolute correlation threshold),1001,training only (frozen before validation refit),-0.09786639422364124,-0.09392405516599966,-0.003928382226121397
5,Choquet 2-additive L1,realized_volatility_20d,-0.07747200720142877,0.07747200720142877,0.2,False,0.3333333333333333,False,False,False,1.0,unchanged (below absolute correlation threshold),1001,training only (frozen before validation refit),-0.1420903786148222,0.06264857859491355,0.054398769147545226
5,Choquet 2-additive L1,term_spread_10y_2y_pct,-0.03274741987868472,0.03274741987868472,0.2,False,1.0,True,False,False,1.0,unchanged (below absolute correlation threshold),1001,training only (frozen before validation refit),-0.09650405962129334,-0.09410880087760182,-0.04861391997175298
5,Choquet 2-additive L1,vix,-0.08038719589902288,0.08038719589902288,0.2,False,1.0,True,False,False,1.0,unchanged (below absolute correlation threshold),1001,training only (frozen before validation refit),-0.09376042337164284,-0.06359109935360499,-0.049432053079958994
5,Choquet 2-additive scaled-q,average_equity_correlation_60d,-0.05303756521933722,0.05303756521933722,0.2,False,0.6666666666666666,False,False,False,1.0,unchanged (below absolute correlation threshold),1001,training only (frozen before validation refit),-0.08042905546736775,-0.04246943872821294,0.0183874911212398
5,Choquet 2-additive scaled-q,baa_credit_spread_pct,-0.15630243313868064,0.15630243313868064,0.2,False,1.0,True,False,False,1.0,unchanged (below absolute correlation threshold),1001,training only (frozen before validation refit),-0.21710849588268127,-0.09479849777764579,-0.1163160137301107
5,Choquet 2-additive scaled-q,drawdown_severity,-0.09920808259276337,0.09920808259276337,0.2,False,1.0,True,False,False,1.0,unchanged (below absolute correlation threshold),1001,training only (frozen before validation refit),-0.1488922628407927,-0.09583497425869228,-0.032797780982594525
5,Choquet 2-additive scaled-q,lagged_portfolio_loss_1d,-0.01628221458911566,0.01628221458911566,0.2,False,0.6666666666666666,False,False,False,1.0,unchanged (below absolute correlation threshold),1001,training only (frozen before validation refit),0.015217920948067386,-0.04289209052890342,-0.07662778263348584
5,Choquet 2-additive scaled-q,liquidity_stress_20d,-0.11177014459429803,0.11177014459429803,0.2,False,1.0,True,False,False,1.0,unchanged (below absolute correlation threshold),1001,training only (frozen before validation refit),-0.16791633836965966,-0.020395524483297595,-0.009105280257096362
5,Choquet 2-additive scaled-q,market_loss_1d,-0.03737711499080304,0.03737711499080304,0.2,False,1.0,True,False,False,1.0,unchanged (below absolute correlation threshold),1001,training only (frozen before validation refit),-0.029388866284331423,-0.04128869665771599,-0.063492577283464
5,Choquet 2-additive scaled-q,negative_momentum_21d,-0.07233344105743836,0.07233344105743836,0.2,False,1.0,True,False,False,1.0,unchanged (below absolute correlation threshold),1001,training only (frozen before validation refit),-0.09786639422364124,-0.09392405516599966,-0.003928382226121397
5,Choquet 2-additive scaled-q,realized_volatility_20d,-0.07747200720142877,0.07747200720142877,0.2,False,0.3333333333333333,False,False,False,1.0,unchanged (below absolute correlation threshold),1001,training only (frozen before validation refit),-0.1420903786148222,0.06264857859491355,0.054398769147545226
5,Choquet 2-additive scaled-q,term_spread_10y_2y_pct,-0.03274741987868472,0.03274741987868472,0.2,False,1.0,True,False,False,1.0,unchanged (below absolute correlation threshold),1001,training only (frozen before validation refit),-0.09650405962129334,-0.09410880087760182,-0.04861391997175298
5,Choquet 2-additive scaled-q,vix,-0.08038719589902288,0.08038719589902288,0.2,False,1.0,True,False,False,1.0,unchanged (below absolute correlation threshold),1001,training only (frozen before validation refit),-0.09376042337164284,-0.06359109935360499,-0.049432053079958994
5,Choquet 2-additive scaled-q L1,average_equity_correlation_60d,-0.05303756521933722,0.05303756521933722,0.2,False,0.6666666666666666,False,False,False,1.0,unchanged (below absolute correlation threshold),1001,training only (frozen before validation refit),-0.08042905546736775,-0.04246943872821294,0.0183874911212398
5,Choquet 2-additive scaled-q L1,baa_credit_spread_pct,-0.15630243313868064,0.15630243313868064,0.2,False,1.0,True,False,False,1.0,unchanged (below absolute correlation threshold),1001,training only (frozen before validation refit),-0.21710849588268127,-0.09479849777764579,-0.1163160137301107
5,Choquet 2-additive scaled-q L1,drawdown_severity,-0.09920808259276337,0.09920808259276337,0.2,False,1.0,True,False,False,1.0,unchanged (below absolute correlation threshold),1001,training only (frozen before validation refit),-0.1488922628407927,-0.09583497425869228,-0.032797780982594525
5,Choquet 2-additive scaled-q L1,lagged_portfolio_loss_1d,-0.01628221458911566,0.01628221458911566,0.2,False,0.6666666666666666,False,False,False,1.0,unchanged (below absolute correlation threshold),1001,training only (frozen before validation refit),0.015217920948067386,-0.04289209052890342,-0.07662778263348584
5,Choquet 2-additive scaled-q L1,liquidity_stress_20d,-0.11177014459429803,0.11177014459429803,0.2,False,1.0,True,False,False,1.0,unchanged (below absolute correlation threshold),1001,training only (frozen before validation refit),-0.16791633836965966,-0.020395524483297595,-0.009105280257096362
5,Choquet 2-additive scaled-q L1,market_loss_1d,-0.03737711499080304,0.03737711499080304,0.2,False,1.0,True,False,False,1.0,unchanged (below absolute correlation threshold),1001,training only (frozen before validation refit),-0.029388866284331423,-0.04128869665771599,-0.063492577283464
5,Choquet 2-additive scaled-q L1,negative_momentum_21d,-0.07233344105743836,0.07233344105743836,0.2,False,1.0,True,False,False,1.0,unchanged (below absolute correlation threshold),1001,training only (frozen before validation refit),-0.09786639422364124,-0.09392405516599966,-0.003928382226121397
5,Choquet 2-additive scaled-q L1,realized_volatility_20d,-0.07747200720142877,0.07747200720142877,0.2,False,0.3333333333333333,False,False,False,1.0,unchanged (below absolute correlation threshold),1001,training only (frozen before validation refit),-0.1420903786148222,0.06264857859491355,0.054398769147545226
5,Choquet 2-additive scaled-q L1,term_spread_10y_2y_pct,-0.03274741987868472,0.03274741987868472,0.2,False,1.0,True,False,False,1.0,unchanged (below absolute correlation threshold),1001,training only (frozen before validation refit),-0.09650405962129334,-0.09410880087760182,-0.04861391997175298
5,Choquet 2-additive scaled-q L1,vix,-0.08038719589902288,0.08038719589902288,0.2,False,1.0,True,False,False,1.0,unchanged (below absolute correlation threshold),1001,training only (frozen before validation refit),-0.09376042337164284,-0.06359109935360499,-0.049432053079958994
5,Fuzzy Choquet neural network,average_equity_correlation_60d,-0.05303756521933722,0.05303756521933722,0.2,False,0.6666666666666666,False,False,False,1.0,unchanged (below absolute correlation threshold),1001,training only (frozen before validation refit),-0.08042905546736775,-0.04246943872821294,0.0183874911212398
5,Fuzzy Choquet neural network,baa_credit_spread_pct,-0.15630243313868064,0.15630243313868064,0.2,False,1.0,True,False,False,1.0,unchanged (below absolute correlation threshold),1001,training only (frozen before validation refit),-0.21710849588268127,-0.09479849777764579,-0.1163160137301107
5,Fuzzy Choquet neural network,drawdown_severity,-0.09920808259276337,0.09920808259276337,0.2,False,1.0,True,False,False,1.0,unchanged (below absolute correlation threshold),1001,training only (frozen before validation refit),-0.1488922628407927,-0.09583497425869228,-0.032797780982594525
5,Fuzzy Choquet neural network,lagged_portfolio_loss_1d,-0.01628221458911566,0.01628221458911566,0.2,False,0.6666666666666666,False,False,False,1.0,unchanged (below absolute correlation threshold),1001,training only (frozen before validation refit),0.015217920948067386,-0.04289209052890342,-0.07662778263348584
5,Fuzzy Choquet neural network,liquidity_stress_20d,-0.11177014459429803,0.11177014459429803,0.2,False,1.0,True,False,False,1.0,unchanged (below absolute correlation threshold),1001,training only (frozen before validation refit),-0.16791633836965966,-0.020395524483297595,-0.009105280257096362
5,Fuzzy Choquet neural network,market_loss_1d,-0.03737711499080304,0.03737711499080304,0.2,False,1.0,True,False,False,1.0,unchanged (below absolute correlation threshold),1001,training only (frozen before validation refit),-0.029388866284331423,-0.04128869665771599,-0.063492577283464
5,Fuzzy Choquet neural network,negative_momentum_21d,-0.07233344105743836,0.07233344105743836,0.2,False,1.0,True,False,False,1.0,unchanged (below absolute correlation threshold),1001,training only (frozen before validation refit),-0.09786639422364124,-0.09392405516599966,-0.003928382226121397
5,Fuzzy Choquet neural network,realized_volatility_20d,-0.07747200720142877,0.07747200720142877,0.2,False,0.3333333333333333,False,False,False,1.0,unchanged (below absolute correlation threshold),1001,training only (frozen before validation refit),-0.1420903786148222,0.06264857859491355,0.054398769147545226
5,Fuzzy Choquet neural network,term_spread_10y_2y_pct,-0.03274741987868472,0.03274741987868472,0.2,False,1.0,True,False,False,1.0,unchanged (below absolute correlation threshold),1001,training only (frozen before validation refit),-0.09650405962129334,-0.09410880087760182,-0.04861391997175298
5,Fuzzy Choquet neural network,vix,-0.08038719589902288,0.08038719589902288,0.2,False,1.0,True,False,False,1.0,unchanged (below absolute correlation threshold),1001,training only (frozen before validation refit),-0.09376042337164284,-0.06359109935360499,-0.049432053079958994
5,Monotone linear,average_equity_correlation_60d,-0.05303756521933722,0.05303756521933722,0.2,False,0.6666666666666666,False,False,False,1.0,unchanged (below absolute correlation threshold),1001,training only (frozen before validation refit),-0.08042905546736775,-0.04246943872821294,0.0183874911212398
5,Monotone linear,baa_credit_spread_pct,-0.15630243313868064,0.15630243313868064,0.2,False,1.0,True,False,False,1.0,unchanged (below absolute correlation threshold),1001,training only (frozen before validation refit),-0.21710849588268127,-0.09479849777764579,-0.1163160137301107
5,Monotone linear,drawdown_severity,-0.09920808259276337,0.09920808259276337,0.2,False,1.0,True,False,False,1.0,unchanged (below absolute correlation threshold),1001,training only (frozen before validation refit),-0.1488922628407927,-0.09583497425869228,-0.032797780982594525
5,Monotone linear,lagged_portfolio_loss_1d,-0.01628221458911566,0.01628221458911566,0.2,False,0.6666666666666666,False,False,False,1.0,unchanged (below absolute correlation threshold),1001,training only (frozen before validation refit),0.015217920948067386,-0.04289209052890342,-0.07662778263348584
5,Monotone linear,liquidity_stress_20d,-0.11177014459429803,0.11177014459429803,0.2,False,1.0,True,False,False,1.0,unchanged (below absolute correlation threshold),1001,training only (frozen before validation refit),-0.16791633836965966,-0.020395524483297595,-0.009105280257096362
5,Monotone linear,market_loss_1d,-0.03737711499080304,0.03737711499080304,0.2,False,1.0,True,False,False,1.0,unchanged (below absolute correlation threshold),1001,training only (frozen before validation refit),-0.029388866284331423,-0.04128869665771599,-0.063492577283464
5,Monotone linear,negative_momentum_21d,-0.07233344105743836,0.07233344105743836,0.2,False,1.0,True,False,False,1.0,unchanged (below absolute correlation threshold),1001,training only (frozen before validation refit),-0.09786639422364124,-0.09392405516599966,-0.003928382226121397
5,Monotone linear,realized_volatility_20d,-0.07747200720142877,0.07747200720142877,0.2,False,0.3333333333333333,False,False,False,1.0,unchanged (below absolute correlation threshold),1001,training only (frozen before validation refit),-0.1420903786148222,0.06264857859491355,0.054398769147545226
5,Monotone linear,term_spread_10y_2y_pct,-0.03274741987868472,0.03274741987868472,0.2,False,1.0,True,False,False,1.0,unchanged (below absolute correlation threshold),1001,training only (frozen before validation refit),-0.09650405962129334,-0.09410880087760182,-0.04861391997175298
5,Monotone linear,vix,-0.08038719589902288,0.08038719589902288,0.2,False,1.0,True,False,False,1.0,unchanged (below absolute correlation threshold),1001,training only (frozen before validation refit),-0.09376042337164284,-0.06359109935360499,-0.049432053079958994
5,OLS oriented,average_equity_correlation_60d,-0.05303756521933722,0.05303756521933722,0.2,False,0.6666666666666666,False,False,False,1.0,unchanged (below absolute correlation threshold),1001,training only (frozen before validation refit),-0.08042905546736775,-0.04246943872821294,0.0183874911212398
5,OLS oriented,baa_credit_spread_pct,-0.15630243313868064,0.15630243313868064,0.2,False,1.0,True,False,False,1.0,unchanged (below absolute correlation threshold),1001,training only (frozen before validation refit),-0.21710849588268127,-0.09479849777764579,-0.1163160137301107
5,OLS oriented,drawdown_severity,-0.09920808259276337,0.09920808259276337,0.2,False,1.0,True,False,False,1.0,unchanged (below absolute correlation threshold),1001,training only (frozen before validation refit),-0.1488922628407927,-0.09583497425869228,-0.032797780982594525
5,OLS oriented,lagged_portfolio_loss_1d,-0.01628221458911566,0.01628221458911566,0.2,False,0.6666666666666666,False,False,False,1.0,unchanged (below absolute correlation threshold),1001,training only (frozen before validation refit),0.015217920948067386,-0.04289209052890342,-0.07662778263348584
5,OLS oriented,liquidity_stress_20d,-0.11177014459429803,0.11177014459429803,0.2,False,1.0,True,False,False,1.0,unchanged (below absolute correlation threshold),1001,training only (frozen before validation refit),-0.16791633836965966,-0.020395524483297595,-0.009105280257096362
5,OLS oriented,market_loss_1d,-0.03737711499080304,0.03737711499080304,0.2,False,1.0,True,False,False,1.0,unchanged (below absolute correlation threshold),1001,training only (frozen before validation refit),-0.029388866284331423,-0.04128869665771599,-0.063492577283464
5,OLS oriented,negative_momentum_21d,-0.07233344105743836,0.07233344105743836,0.2,False,1.0,True,False,False,1.0,unchanged (below absolute correlation threshold),1001,training only (frozen before validation refit),-0.09786639422364124,-0.09392405516599966,-0.003928382226121397
5,OLS oriented,realized_volatility_20d,-0.07747200720142877,0.07747200720142877,0.2,False,0.3333333333333333,False,False,False,1.0,unchanged (below absolute correlation threshold),1001,training only (frozen before validation refit),-0.1420903786148222,0.06264857859491355,0.054398769147545226
5,OLS oriented,term_spread_10y_2y_pct,-0.03274741987868472,0.03274741987868472,0.2,False,1.0,True,False,False,1.0,unchanged (below absolute correlation threshold),1001,training only (frozen before validation refit),-0.09650405962129334,-0.09410880087760182,-0.04861391997175298
5,OLS oriented,vix,-0.08038719589902288,0.08038719589902288,0.2,False,1.0,True,False,False,1.0,unchanged (below absolute correlation threshold),1001,training only (frozen before validation refit),-0.09376042337164284,-0.06359109935360499,-0.049432053079958994
6,Choquet 1-additive,average_equity_correlation_60d,0.02807867740042315,0.02807867740042315,0.2,False,0.3333333333333333,False,False,False,1.0,unchanged (below absolute correlation threshold),1000,training only (frozen before validation refit),-0.09425508676280331,0.040566302952479316,-0.17405285905751178
6,Choquet 1-additive,baa_credit_spread_pct,-0.019792592055334488,0.019792592055334488,0.2,False,1.0,True,False,False,1.0,unchanged (below absolute correlation threshold),1000,training only (frozen before validation refit),-0.1118918186416911,-0.12094099906076965,-0.018371264983261665
6,Choquet 1-additive,drawdown_severity,-0.04405224211778872,0.04405224211778872,0.2,False,1.0,True,False,False,1.0,unchanged (below absolute correlation threshold),1000,training only (frozen before validation refit),-0.14566270481241983,-0.06738396752691467,-0.2089575357251765
6,Choquet 1-additive,lagged_portfolio_loss_1d,-0.054936910843918926,0.054936910843918926,0.2,False,1.0,True,False,False,1.0,unchanged (below absolute correlation threshold),1000,training only (frozen before validation refit),-0.04393942024002606,-0.0693959951843347,-0.03601510919414134
6,Choquet 1-additive,liquidity_stress_20d,0.01227505197566877,0.01227505197566877,0.2,False,0.6666666666666666,False,False,False,1.0,unchanged (below absolute correlation threshold),1000,training only (frozen before validation refit),-0.06379574884118923,0.0001635799678145287,0.0110873564904399
6,Choquet 1-additive,market_loss_1d,-0.04877891075703495,0.04877891075703495,0.2,False,1.0,True,False,False,1.0,unchanged (below absolute correlation threshold),1000,training only (frozen before validation refit),-0.013311731517234067,-0.07781986687677091,-0.03576310796671316
6,Choquet 1-additive,negative_momentum_21d,-0.054722351924400364,0.054722351924400364,0.2,False,1.0,True,False,False,1.0,unchanged (below absolute correlation threshold),1000,training only (frozen before validation refit),-0.15809074673654328,-0.005759210643886309,-0.09862331255559828
6,Choquet 1-additive,realized_volatility_20d,0.06805181757077819,0.06805181757077819,0.2,False,0.6666666666666666,False,False,False,1.0,unchanged (below absolute correlation threshold),1000,training only (frozen before validation refit),0.018068822279316655,0.11513256189131041,-0.1384511523683526
6,Choquet 1-additive,term_spread_10y_2y_pct,0.0022566817508756967,0.0022566817508756967,0.2,False,0.3333333333333333,False,False,False,1.0,unchanged (below absolute correlation threshold),1000,training only (frozen before validation refit),-0.19314612756114244,0.14449615601567287,-0.05446980001779888
6,Choquet 1-additive,vix,-0.04203433411078533,0.04203433411078533,0.2,False,0.6666666666666666,False,False,False,1.0,unchanged (below absolute correlation threshold),1000,training only (frozen before validation refit),-0.13108903053444307,0.0062331874748120025,-0.22327537436543074
6,Choquet 1-additive scaled-q,average_equity_correlation_60d,0.02807867740042315,0.02807867740042315,0.2,False,0.3333333333333333,False,False,False,1.0,unchanged (below absolute correlation threshold),1000,training only (frozen before validation refit),-0.09425508676280331,0.040566302952479316,-0.17405285905751178
6,Choquet 1-additive scaled-q,baa_credit_spread_pct,-0.019792592055334488,0.019792592055334488,0.2,False,1.0,True,False,False,1.0,unchanged (below absolute correlation threshold),1000,training only (frozen before validation refit),-0.1118918186416911,-0.12094099906076965,-0.018371264983261665
6,Choquet 1-additive scaled-q,drawdown_severity,-0.04405224211778872,0.04405224211778872,0.2,False,1.0,True,False,False,1.0,unchanged (below absolute correlation threshold),1000,training only (frozen before validation refit),-0.14566270481241983,-0.06738396752691467,-0.2089575357251765
6,Choquet 1-additive scaled-q,lagged_portfolio_loss_1d,-0.054936910843918926,0.054936910843918926,0.2,False,1.0,True,False,False,1.0,unchanged (below absolute correlation threshold),1000,training only (frozen before validation refit),-0.04393942024002606,-0.0693959951843347,-0.03601510919414134
6,Choquet 1-additive scaled-q,liquidity_stress_20d,0.01227505197566877,0.01227505197566877,0.2,False,0.6666666666666666,False,False,False,1.0,unchanged (below absolute correlation threshold),1000,training only (frozen before validation refit),-0.06379574884118923,0.0001635799678145287,0.0110873564904399
6,Choquet 1-additive scaled-q,market_loss_1d,-0.04877891075703495,0.04877891075703495,0.2,False,1.0,True,False,False,1.0,unchanged (below absolute correlation threshold),1000,training only (frozen before validation refit),-0.013311731517234067,-0.07781986687677091,-0.03576310796671316
6,Choquet 1-additive scaled-q,negative_momentum_21d,-0.054722351924400364,0.054722351924400364,0.2,False,1.0,True,False,False,1.0,unchanged (below absolute correlation threshold),1000,training only (frozen before validation refit),-0.15809074673654328,-0.005759210643886309,-0.09862331255559828
6,Choquet 1-additive scaled-q,realized_volatility_20d,0.06805181757077819,0.06805181757077819,0.2,False,0.6666666666666666,False,False,False,1.0,unchanged (below absolute correlation threshold),1000,training only (frozen before validation refit),0.018068822279316655,0.11513256189131041,-0.1384511523683526
6,Choquet 1-additive scaled-q,term_spread_10y_2y_pct,0.0022566817508756967,0.0022566817508756967,0.2,False,0.3333333333333333,False,False,False,1.0,unchanged (below absolute correlation threshold),1000,training only (frozen before validation refit),-0.19314612756114244,0.14449615601567287,-0.05446980001779888
6,Choquet 1-additive scaled-q,vix,-0.04203433411078533,0.04203433411078533,0.2,False,0.6666666666666666,False,False,False,1.0,unchanged (below absolute correlation threshold),1000,training only (frozen before validation refit),-0.13108903053444307,0.0062331874748120025,-0.22327537436543074
6,Choquet 2-additive,average_equity_correlation_60d,0.02807867740042315,0.02807867740042315,0.2,False,0.3333333333333333,False,False,False,1.0,unchanged (below absolute correlation threshold),1000,training only (frozen before validation refit),-0.09425508676280331,0.040566302952479316,-0.17405285905751178
6,Choquet 2-additive,baa_credit_spread_pct,-0.019792592055334488,0.019792592055334488,0.2,False,1.0,True,False,False,1.0,unchanged (below absolute correlation threshold),1000,training only (frozen before validation refit),-0.1118918186416911,-0.12094099906076965,-0.018371264983261665
6,Choquet 2-additive,drawdown_severity,-0.04405224211778872,0.04405224211778872,0.2,False,1.0,True,False,False,1.0,unchanged (below absolute correlation threshold),1000,training only (frozen before validation refit),-0.14566270481241983,-0.06738396752691467,-0.2089575357251765
6,Choquet 2-additive,lagged_portfolio_loss_1d,-0.054936910843918926,0.054936910843918926,0.2,False,1.0,True,False,False,1.0,unchanged (below absolute correlation threshold),1000,training only (frozen before validation refit),-0.04393942024002606,-0.0693959951843347,-0.03601510919414134
6,Choquet 2-additive,liquidity_stress_20d,0.01227505197566877,0.01227505197566877,0.2,False,0.6666666666666666,False,False,False,1.0,unchanged (below absolute correlation threshold),1000,training only (frozen before validation refit),-0.06379574884118923,0.0001635799678145287,0.0110873564904399
6,Choquet 2-additive,market_loss_1d,-0.04877891075703495,0.04877891075703495,0.2,False,1.0,True,False,False,1.0,unchanged (below absolute correlation threshold),1000,training only (frozen before validation refit),-0.013311731517234067,-0.07781986687677091,-0.03576310796671316
6,Choquet 2-additive,negative_momentum_21d,-0.054722351924400364,0.054722351924400364,0.2,False,1.0,True,False,False,1.0,unchanged (below absolute correlation threshold),1000,training only (frozen before validation refit),-0.15809074673654328,-0.005759210643886309,-0.09862331255559828
6,Choquet 2-additive,realized_volatility_20d,0.06805181757077819,0.06805181757077819,0.2,False,0.6666666666666666,False,False,False,1.0,unchanged (below absolute correlation threshold),1000,training only (frozen before validation refit),0.018068822279316655,0.11513256189131041,-0.1384511523683526
6,Choquet 2-additive,term_spread_10y_2y_pct,0.0022566817508756967,0.0022566817508756967,0.2,False,0.3333333333333333,False,False,False,1.0,unchanged (below absolute correlation threshold),1000,training only (frozen before validation refit),-0.19314612756114244,0.14449615601567287,-0.05446980001779888
6,Choquet 2-additive,vix,-0.04203433411078533,0.04203433411078533,0.2,False,0.6666666666666666,False,False,False,1.0,unchanged (below absolute correlation threshold),1000,training only (frozen before validation refit),-0.13108903053444307,0.0062331874748120025,-0.22327537436543074
6,Choquet 2-additive L1,average_equity_correlation_60d,0.02807867740042315,0.02807867740042315,0.2,False,0.3333333333333333,False,False,False,1.0,unchanged (below absolute correlation threshold),1000,training only (frozen before validation refit),-0.09425508676280331,0.040566302952479316,-0.17405285905751178
6,Choquet 2-additive L1,baa_credit_spread_pct,-0.019792592055334488,0.019792592055334488,0.2,False,1.0,True,False,False,1.0,unchanged (below absolute correlation threshold),1000,training only (frozen before validation refit),-0.1118918186416911,-0.12094099906076965,-0.018371264983261665
6,Choquet 2-additive L1,drawdown_severity,-0.04405224211778872,0.04405224211778872,0.2,False,1.0,True,False,False,1.0,unchanged (below absolute correlation threshold),1000,training only (frozen before validation refit),-0.14566270481241983,-0.06738396752691467,-0.2089575357251765
6,Choquet 2-additive L1,lagged_portfolio_loss_1d,-0.054936910843918926,0.054936910843918926,0.2,False,1.0,True,False,False,1.0,unchanged (below absolute correlation threshold),1000,training only (frozen before validation refit),-0.04393942024002606,-0.0693959951843347,-0.03601510919414134
6,Choquet 2-additive L1,liquidity_stress_20d,0.01227505197566877,0.01227505197566877,0.2,False,0.6666666666666666,False,False,False,1.0,unchanged (below absolute correlation threshold),1000,training only (frozen before validation refit),-0.06379574884118923,0.0001635799678145287,0.0110873564904399
6,Choquet 2-additive L1,market_loss_1d,-0.04877891075703495,0.04877891075703495,0.2,False,1.0,True,False,False,1.0,unchanged (below absolute correlation threshold),1000,training only (frozen before validation refit),-0.013311731517234067,-0.07781986687677091,-0.03576310796671316
6,Choquet 2-additive L1,negative_momentum_21d,-0.054722351924400364,0.054722351924400364,0.2,False,1.0,True,False,False,1.0,unchanged (below absolute correlation threshold),1000,training only (frozen before validation refit),-0.15809074673654328,-0.005759210643886309,-0.09862331255559828
6,Choquet 2-additive L1,realized_volatility_20d,0.06805181757077819,0.06805181757077819,0.2,False,0.6666666666666666,False,False,False,1.0,unchanged (below absolute correlation threshold),1000,training only (frozen before validation refit),0.018068822279316655,0.11513256189131041,-0.1384511523683526
6,Choquet 2-additive L1,term_spread_10y_2y_pct,0.0022566817508756967,0.0022566817508756967,0.2,False,0.3333333333333333,False,False,False,1.0,unchanged (below absolute correlation threshold),1000,training only (frozen before validation refit),-0.19314612756114244,0.14449615601567287,-0.05446980001779888
6,Choquet 2-additive L1,vix,-0.04203433411078533,0.04203433411078533,0.2,False,0.6666666666666666,False,False,False,1.0,unchanged (below absolute correlation threshold),1000,training only (frozen before validation refit),-0.13108903053444307,0.0062331874748120025,-0.22327537436543074
6,Choquet 2-additive scaled-q,average_equity_correlation_60d,0.02807867740042315,0.02807867740042315,0.2,False,0.3333333333333333,False,False,False,1.0,unchanged (below absolute correlation threshold),1000,training only (frozen before validation refit),-0.09425508676280331,0.040566302952479316,-0.17405285905751178
6,Choquet 2-additive scaled-q,baa_credit_spread_pct,-0.019792592055334488,0.019792592055334488,0.2,False,1.0,True,False,False,1.0,unchanged (below absolute correlation threshold),1000,training only (frozen before validation refit),-0.1118918186416911,-0.12094099906076965,-0.018371264983261665
6,Choquet 2-additive scaled-q,drawdown_severity,-0.04405224211778872,0.04405224211778872,0.2,False,1.0,True,False,False,1.0,unchanged (below absolute correlation threshold),1000,training only (frozen before validation refit),-0.14566270481241983,-0.06738396752691467,-0.2089575357251765
6,Choquet 2-additive scaled-q,lagged_portfolio_loss_1d,-0.054936910843918926,0.054936910843918926,0.2,False,1.0,True,False,False,1.0,unchanged (below absolute correlation threshold),1000,training only (frozen before validation refit),-0.04393942024002606,-0.0693959951843347,-0.03601510919414134
6,Choquet 2-additive scaled-q,liquidity_stress_20d,0.01227505197566877,0.01227505197566877,0.2,False,0.6666666666666666,False,False,False,1.0,unchanged (below absolute correlation threshold),1000,training only (frozen before validation refit),-0.06379574884118923,0.0001635799678145287,0.0110873564904399
6,Choquet 2-additive scaled-q,market_loss_1d,-0.04877891075703495,0.04877891075703495,0.2,False,1.0,True,False,False,1.0,unchanged (below absolute correlation threshold),1000,training only (frozen before validation refit),-0.013311731517234067,-0.07781986687677091,-0.03576310796671316
6,Choquet 2-additive scaled-q,negative_momentum_21d,-0.054722351924400364,0.054722351924400364,0.2,False,1.0,True,False,False,1.0,unchanged (below absolute correlation threshold),1000,training only (frozen before validation refit),-0.15809074673654328,-0.005759210643886309,-0.09862331255559828
6,Choquet 2-additive scaled-q,realized_volatility_20d,0.06805181757077819,0.06805181757077819,0.2,False,0.6666666666666666,False,False,False,1.0,unchanged (below absolute correlation threshold),1000,training only (frozen before validation refit),0.018068822279316655,0.11513256189131041,-0.1384511523683526
6,Choquet 2-additive scaled-q,term_spread_10y_2y_pct,0.0022566817508756967,0.0022566817508756967,0.2,False,0.3333333333333333,False,False,False,1.0,unchanged (below absolute correlation threshold),1000,training only (frozen before validation refit),-0.19314612756114244,0.14449615601567287,-0.05446980001779888
6,Choquet 2-additive scaled-q,vix,-0.04203433411078533,0.04203433411078533,0.2,False,0.6666666666666666,False,False,False,1.0,unchanged (below absolute correlation threshold),1000,training only (frozen before validation refit),-0.13108903053444307,0.0062331874748120025,-0.22327537436543074
6,Choquet 2-additive scaled-q L1,average_equity_correlation_60d,0.02807867740042315,0.02807867740042315,0.2,False,0.3333333333333333,False,False,False,1.0,unchanged (below absolute correlation threshold),1000,training only (frozen before validation refit),-0.09425508676280331,0.040566302952479316,-0.17405285905751178
6,Choquet 2-additive scaled-q L1,baa_credit_spread_pct,-0.019792592055334488,0.019792592055334488,0.2,False,1.0,True,False,False,1.0,unchanged (below absolute correlation threshold),1000,training only (frozen before validation refit),-0.1118918186416911,-0.12094099906076965,-0.018371264983261665
6,Choquet 2-additive scaled-q L1,drawdown_severity,-0.04405224211778872,0.04405224211778872,0.2,False,1.0,True,False,False,1.0,unchanged (below absolute correlation threshold),1000,training only (frozen before validation refit),-0.14566270481241983,-0.06738396752691467,-0.2089575357251765
6,Choquet 2-additive scaled-q L1,lagged_portfolio_loss_1d,-0.054936910843918926,0.054936910843918926,0.2,False,1.0,True,False,False,1.0,unchanged (below absolute correlation threshold),1000,training only (frozen before validation refit),-0.04393942024002606,-0.0693959951843347,-0.03601510919414134
6,Choquet 2-additive scaled-q L1,liquidity_stress_20d,0.01227505197566877,0.01227505197566877,0.2,False,0.6666666666666666,False,False,False,1.0,unchanged (below absolute correlation threshold),1000,training only (frozen before validation refit),-0.06379574884118923,0.0001635799678145287,0.0110873564904399
6,Choquet 2-additive scaled-q L1,market_loss_1d,-0.04877891075703495,0.04877891075703495,0.2,False,1.0,True,False,False,1.0,unchanged (below absolute correlation threshold),1000,training only (frozen before validation refit),-0.013311731517234067,-0.07781986687677091,-0.03576310796671316
6,Choquet 2-additive scaled-q L1,negative_momentum_21d,-0.054722351924400364,0.054722351924400364,0.2,False,1.0,True,False,False,1.0,unchanged (below absolute correlation threshold),1000,training only (frozen before validation refit),-0.15809074673654328,-0.005759210643886309,-0.09862331255559828
6,Choquet 2-additive scaled-q L1,realized_volatility_20d,0.06805181757077819,0.06805181757077819,0.2,False,0.6666666666666666,False,False,False,1.0,unchanged (below absolute correlation threshold),1000,training only (frozen before validation refit),0.018068822279316655,0.11513256189131041,-0.1384511523683526
6,Choquet 2-additive scaled-q L1,term_spread_10y_2y_pct,0.0022566817508756967,0.0022566817508756967,0.2,False,0.3333333333333333,False,False,False,1.0,unchanged (below absolute correlation threshold),1000,training only (frozen before validation refit),-0.19314612756114244,0.14449615601567287,-0.05446980001779888
6,Choquet 2-additive scaled-q L1,vix,-0.04203433411078533,0.04203433411078533,0.2,False,0.6666666666666666,False,False,False,1.0,unchanged (below absolute correlation threshold),1000,training only (frozen before validation refit),-0.13108903053444307,0.0062331874748120025,-0.22327537436543074
6,Fuzzy Choquet neural network,average_equity_correlation_60d,0.02807867740042315,0.02807867740042315,0.2,False,0.3333333333333333,False,False,False,1.0,unchanged (below absolute correlation threshold),1000,training only (frozen before validation refit),-0.09425508676280331,0.040566302952479316,-0.17405285905751178
6,Fuzzy Choquet neural network,baa_credit_spread_pct,-0.019792592055334488,0.019792592055334488,0.2,False,1.0,True,False,False,1.0,unchanged (below absolute correlation threshold),1000,training only (frozen before validation refit),-0.1118918186416911,-0.12094099906076965,-0.018371264983261665
6,Fuzzy Choquet neural network,drawdown_severity,-0.04405224211778872,0.04405224211778872,0.2,False,1.0,True,False,False,1.0,unchanged (below absolute correlation threshold),1000,training only (frozen before validation refit),-0.14566270481241983,-0.06738396752691467,-0.2089575357251765
6,Fuzzy Choquet neural network,lagged_portfolio_loss_1d,-0.054936910843918926,0.054936910843918926,0.2,False,1.0,True,False,False,1.0,unchanged (below absolute correlation threshold),1000,training only (frozen before validation refit),-0.04393942024002606,-0.0693959951843347,-0.03601510919414134
6,Fuzzy Choquet neural network,liquidity_stress_20d,0.01227505197566877,0.01227505197566877,0.2,False,0.6666666666666666,False,False,False,1.0,unchanged (below absolute correlation threshold),1000,training only (frozen before validation refit),-0.06379574884118923,0.0001635799678145287,0.0110873564904399
6,Fuzzy Choquet neural network,market_loss_1d,-0.04877891075703495,0.04877891075703495,0.2,False,1.0,True,False,False,1.0,unchanged (below absolute correlation threshold),1000,training only (frozen before validation refit),-0.013311731517234067,-0.07781986687677091,-0.03576310796671316
6,Fuzzy Choquet neural network,negative_momentum_21d,-0.054722351924400364,0.054722351924400364,0.2,False,1.0,True,False,False,1.0,unchanged (below absolute correlation threshold),1000,training only (frozen before validation refit),-0.15809074673654328,-0.005759210643886309,-0.09862331255559828
6,Fuzzy Choquet neural network,realized_volatility_20d,0.06805181757077819,0.06805181757077819,0.2,False,0.6666666666666666,False,False,False,1.0,unchanged (below absolute correlation threshold),1000,training only (frozen before validation refit),0.018068822279316655,0.11513256189131041,-0.1384511523683526
6,Fuzzy Choquet neural network,term_spread_10y_2y_pct,0.0022566817508756967,0.0022566817508756967,0.2,False,0.3333333333333333,False,False,False,1.0,unchanged (below absolute correlation threshold),1000,training only (frozen before validation refit),-0.19314612756114244,0.14449615601567287,-0.05446980001779888
6,Fuzzy Choquet neural network,vix,-0.04203433411078533,0.04203433411078533,0.2,False,0.6666666666666666,False,False,False,1.0,unchanged (below absolute correlation threshold),1000,training only (frozen before validation refit),-0.13108903053444307,0.0062331874748120025,-0.22327537436543074
6,Monotone linear,average_equity_correlation_60d,0.02807867740042315,0.02807867740042315,0.2,False,0.3333333333333333,False,False,False,1.0,unchanged (below absolute correlation threshold),1000,training only (frozen before validation refit),-0.09425508676280331,0.040566302952479316,-0.17405285905751178
6,Monotone linear,baa_credit_spread_pct,-0.019792592055334488,0.019792592055334488,0.2,False,1.0,True,False,False,1.0,unchanged (below absolute correlation threshold),1000,training only (frozen before validation refit),-0.1118918186416911,-0.12094099906076965,-0.018371264983261665
6,Monotone linear,drawdown_severity,-0.04405224211778872,0.04405224211778872,0.2,False,1.0,True,False,False,1.0,unchanged (below absolute correlation threshold),1000,training only (frozen before validation refit),-0.14566270481241983,-0.06738396752691467,-0.2089575357251765
6,Monotone linear,lagged_portfolio_loss_1d,-0.054936910843918926,0.054936910843918926,0.2,False,1.0,True,False,False,1.0,unchanged (below absolute correlation threshold),1000,training only (frozen before validation refit),-0.04393942024002606,-0.0693959951843347,-0.03601510919414134
6,Monotone linear,liquidity_stress_20d,0.01227505197566877,0.01227505197566877,0.2,False,0.6666666666666666,False,False,False,1.0,unchanged (below absolute correlation threshold),1000,training only (frozen before validation refit),-0.06379574884118923,0.0001635799678145287,0.0110873564904399
6,Monotone linear,market_loss_1d,-0.04877891075703495,0.04877891075703495,0.2,False,1.0,True,False,False,1.0,unchanged (below absolute correlation threshold),1000,training only (frozen before validation refit),-0.013311731517234067,-0.07781986687677091,-0.03576310796671316
6,Monotone linear,negative_momentum_21d,-0.054722351924400364,0.054722351924400364,0.2,False,1.0,True,False,False,1.0,unchanged (below absolute correlation threshold),1000,training only (frozen before validation refit),-0.15809074673654328,-0.005759210643886309,-0.09862331255559828
6,Monotone linear,realized_volatility_20d,0.06805181757077819,0.06805181757077819,0.2,False,0.6666666666666666,False,False,False,1.0,unchanged (below absolute correlation threshold),1000,training only (frozen before validation refit),0.018068822279316655,0.11513256189131041,-0.1384511523683526
6,Monotone linear,term_spread_10y_2y_pct,0.0022566817508756967,0.0022566817508756967,0.2,False,0.3333333333333333,False,False,False,1.0,unchanged (below absolute correlation threshold),1000,training only (frozen before validation refit),-0.19314612756114244,0.14449615601567287,-0.05446980001779888
6,Monotone linear,vix,-0.04203433411078533,0.04203433411078533,0.2,False,0.6666666666666666,False,False,False,1.0,unchanged (below absolute correlation threshold),1000,training only (frozen before validation refit),-0.13108903053444307,0.0062331874748120025,-0.22327537436543074
6,OLS oriented,average_equity_correlation_60d,0.02807867740042315,0.02807867740042315,0.2,False,0.3333333333333333,False,False,False,1.0,unchanged (below absolute correlation threshold),1000,training only (frozen before validation refit),-0.09425508676280331,0.040566302952479316,-0.17405285905751178
6,OLS oriented,baa_credit_spread_pct,-0.019792592055334488,0.019792592055334488,0.2,False,1.0,True,False,False,1.0,unchanged (below absolute correlation threshold),1000,training only (frozen before validation refit),-0.1118918186416911,-0.12094099906076965,-0.018371264983261665
6,OLS oriented,drawdown_severity,-0.04405224211778872,0.04405224211778872,0.2,False,1.0,True,False,False,1.0,unchanged (below absolute correlation threshold),1000,training only (frozen before validation refit),-0.14566270481241983,-0.06738396752691467,-0.2089575357251765
6,OLS oriented,lagged_portfolio_loss_1d,-0.054936910843918926,0.054936910843918926,0.2,False,1.0,True,False,False,1.0,unchanged (below absolute correlation threshold),1000,training only (frozen before validation refit),-0.04393942024002606,-0.0693959951843347,-0.03601510919414134
6,OLS oriented,liquidity_stress_20d,0.01227505197566877,0.01227505197566877,0.2,False,0.6666666666666666,False,False,False,1.0,unchanged (below absolute correlation threshold),1000,training only (frozen before validation refit),-0.06379574884118923,0.0001635799678145287,0.0110873564904399
6,OLS oriented,market_loss_1d,-0.04877891075703495,0.04877891075703495,0.2,False,1.0,True,False,False,1.0,unchanged (below absolute correlation threshold),1000,training only (frozen before validation refit),-0.013311731517234067,-0.07781986687677091,-0.03576310796671316
6,OLS oriented,negative_momentum_21d,-0.054722351924400364,0.054722351924400364,0.2,False,1.0,True,False,False,1.0,unchanged (below absolute correlation threshold),1000,training only (frozen before validation refit),-0.15809074673654328,-0.005759210643886309,-0.09862331255559828
6,OLS oriented,realized_volatility_20d,0.06805181757077819,0.06805181757077819,0.2,False,0.6666666666666666,False,False,False,1.0,unchanged (below absolute correlation threshold),1000,training only (frozen before validation refit),0.018068822279316655,0.11513256189131041,-0.1384511523683526
6,OLS oriented,term_spread_10y_2y_pct,0.0022566817508756967,0.0022566817508756967,0.2,False,0.3333333333333333,False,False,False,1.0,unchanged (below absolute correlation threshold),1000,training only (frozen before validation refit),-0.19314612756114244,0.14449615601567287,-0.05446980001779888
6,OLS oriented,vix,-0.04203433411078533,0.04203433411078533,0.2,False,0.6666666666666666,False,False,False,1.0,unchanged (below absolute correlation threshold),1000,training only (frozen before validation refit),-0.13108903053444307,0.0062331874748120025,-0.22327537436543074
