fold,model,probability calibration,threshold source,calibration runtime seconds,ROC AUC,PR AUC,Precision,Recall,F1,Brier,Log loss,Mean predicted probability,Observed event prevalence,Calibration gap,Absolute calibration gap,Threshold,Predicted event rate,Observed event rate,base model,class weight,validation PR AUC,selection runtime seconds,refit runtime seconds,parameter count,calibration observations,calibration event prevalence
0,Choquistic 1-additive [balanced],uncalibrated,selection validation,0.0,0.772167487684729,0.2445336791094269,0.10982658959537572,0.9047619047619048,0.1958762886597938,0.23205461437226882,0.6872566074940958,0.46613115900534124,0.08300395256916997,0.38312720643617126,0.38312720643617126,0.3274055852995,0.6837944664031621,0.08300395256916997,Choquistic 1-additive,balanced,0.03352344462584783,0.335162000003038,0.24633379999431781,12.0,502,0.06772908366533864
0,Choquistic 1-additive [balanced] [sigmoid],sigmoid,calibration,0.012212700006784871,0.772167487684729,0.2445336791094269,0.22058823529411764,0.7142857142857143,0.33707865168539325,0.0711624288788232,0.2546302315446332,0.06883131628293061,0.08300395256916997,-0.014172636286239354,0.014172636286239354,0.07018100136865969,0.26877470355731226,0.08300395256916997,Choquistic 1-additive,balanced,0.03352344462584783,0.335162000003038,0.24633379999431781,12.0,502,0.06772908366533864
0,Choquistic 1-additive [unweighted],uncalibrated,selection validation,0.0,0.7746305418719213,0.24983337274026873,0.12857142857142856,0.8571428571428571,0.2236024844720497,0.07080026831042745,0.2535107099166446,0.06493104210070336,0.08300395256916997,-0.01807291046846661,0.01807291046846661,0.03248540972745555,0.5533596837944664,0.08300395256916997,Choquistic 1-additive,unweighted,0.03123510552013157,0.23658769999747165,0.23336480000580195,12.0,502,0.06772908366533864
0,Choquistic 1-additive [unweighted] [sigmoid],sigmoid,calibration,0.01352259999839589,0.7746305418719213,0.24983337274026873,0.21739130434782608,0.7142857142857143,0.3333333333333333,0.07030584907526186,0.2518136624967019,0.0725201081978329,0.08300395256916997,-0.010483844371337064,0.010483844371337064,0.07431657767233493,0.2727272727272727,0.08300395256916997,Choquistic 1-additive,unweighted,0.03123510552013157,0.23658769999747165,0.23336480000580195,12.0,502,0.06772908366533864
0,Choquistic 2-additive [balanced],uncalibrated,selection validation,0.0,0.7473316912972086,0.2162058980656904,0.08300395256916997,1.0,0.15328467153284672,0.32091919208197506,0.9104953162636341,0.5623683157159527,0.08300395256916997,0.4793643631467827,0.4793643631467827,0.025522673453464463,1.0,0.08300395256916997,Choquistic 2-additive,balanced,0.025552255161191157,1.03259450000769,1.176889599999413,57.0,502,0.06772908366533864
0,Choquistic 2-additive [balanced] [sigmoid],sigmoid,calibration,0.013504499991540797,0.7481527093596059,0.2198840589852306,0.21666666666666667,0.6190476190476191,0.32098765432098764,0.07139809787040555,0.25675582669607183,0.09136397533714403,0.08300395256916997,0.008360022767974068,0.008360022767974068,0.1128102557366785,0.23715415019762845,0.08300395256916997,Choquistic 2-additive,balanced,0.025552255161191157,1.03259450000769,1.176889599999413,57.0,502,0.06772908366533864
0,Choquistic 2-additive [unweighted],uncalibrated,selection validation,0.0,0.7409688013136289,0.2166723134866062,0.08300395256916997,1.0,0.15328467153284672,0.0725313874985173,0.262963975558913,0.056657999961743255,0.08300395256916997,-0.026345952607426712,0.026345952607426712,0.003611689280895334,1.0,0.08300395256916997,Choquistic 2-additive,unweighted,0.023302116890544147,1.1762221999961184,1.4256574000028195,57.0,502,0.06772908366533864
0,Choquistic 2-additive [unweighted] [sigmoid],sigmoid,calibration,0.013867199988453649,0.7409688013136289,0.2166723134866062,0.13385826771653545,0.8095238095238095,0.22972972972972974,0.07131115483232969,0.258094274368399,0.09665738473358294,0.08300395256916997,0.013653432164412976,0.013653432164412976,0.07082440504714459,0.5019762845849802,0.08300395256916997,Choquistic 2-additive,unweighted,0.023302116890544147,1.1762221999961184,1.4256574000028195,57.0,502,0.06772908366533864
0,Choquistic model aggregator [balanced],uncalibrated,selection validation,0.0,0.5277093596059114,0.14646048209899565,0.0,0.0,0.0,0.07597469324891137,0.2853669459703719,0.07592952805304257,0.08300395256916997,-0.0070744245161274005,0.0070744245161274005,0.6452258909343564,0.0,0.08300395256916997,Choquistic model aggregator,balanced,0.08693839810750222,0.1099913999933051,0.0,45.0,502,0.06772908366533864
0,Choquistic model aggregator [balanced] [sigmoid],sigmoid,calibration,0.009741200003190897,0.5277093596059114,0.14646048209899565,0.10185185185185185,0.5238095238095238,0.17054263565891473,0.07634799790754257,0.2881318769275192,0.06298503050009714,0.08300395256916997,-0.020018922069072825,0.020018922069072825,0.0625949117688276,0.4268774703557312,0.08300395256916997,Choquistic model aggregator,balanced,0.08693839810750222,0.1099913999933051,0.0,45.0,502,0.06772908366533864
0,Choquistic model aggregator [unweighted],uncalibrated,selection validation,0.0,0.32112068965517243,0.11030196326551261,0.08300395256916997,1.0,0.15328467153284672,0.07738009609862756,0.29759920859912325,0.04742587320991751,0.08300395256916997,-0.03557807935925246,0.03557807935925246,0.01,1.0,0.08300395256916997,Choquistic model aggregator,unweighted,0.03043029767167698,0.3645204000058584,0.0,45.0,502,0.06772908366533864
0,Choquistic model aggregator [unweighted] [sigmoid],sigmoid,calibration,0.009328200001618825,0.5217569786535304,0.1266704310182571,0.08300395256916997,1.0,0.15328467153284672,0.07639391472345636,0.2881474816187202,0.06628216072870009,0.08300395256916997,-0.016721791840469874,0.016721791840469874,0.01,1.0,0.08300395256916997,Choquistic model aggregator,unweighted,0.03043029767167698,0.3645204000058584,0.0,45.0,502,0.06772908366533864
0,Explicit interactions [balanced],uncalibrated,selection validation,0.0,0.35786124794745483,0.06647901192577987,0.0,0.0,0.0,0.08749831415144,1.0801062802673431,0.027469132888617312,0.08300395256916997,-0.055534819680552655,0.055534819680552655,0.5186038700652965,0.0,0.08300395256916997,Explicit interactions,balanced,0.04286547947982464,0.03995920000306796,0.012073000005329959,56.0,502,0.06772908366533864
0,Explicit interactions [balanced] [sigmoid],sigmoid,calibration,0.01243649999378249,0.6422413793103449,0.19099779018079932,0.16326530612244897,0.38095238095238093,0.22857142857142856,0.07340920473908424,0.2728483433571792,0.07320855736868458,0.08300395256916997,-0.00979539520048539,0.00979539520048539,0.0925319565621853,0.19367588932806323,0.08300395256916997,Explicit interactions,balanced,0.04286547947982464,0.03995920000306796,0.012073000005329959,56.0,502,0.06772908366533864
0,Explicit interactions [unweighted],uncalibrated,selection validation,0.0,0.38957307060755336,0.07087426446164706,0.0,0.0,0.0,0.08245118568662965,0.7195631681753135,0.00709977695167866,0.08300395256916997,-0.07590417561749131,0.07590417561749131,0.03315521725839222,0.05928853754940711,0.08300395256916997,Explicit interactions,unweighted,0.03661029051824406,0.031116300000576302,0.008979400008684024,56.0,502,0.06772908366533864
0,Explicit interactions [unweighted] [sigmoid],sigmoid,calibration,0.012145300002885051,0.6104269293924467,0.15220172548759,0.12121212121212122,0.38095238095238093,0.1839080459770115,0.07517883244751442,0.2806037583221157,0.07947263389488148,0.08300395256916997,-0.0035313186742884917,0.0035313186742884917,0.08607662388565372,0.2608695652173913,0.08300395256916997,Explicit interactions,unweighted,0.03661029051824406,0.031116300000576302,0.008979400008684024,56.0,502,0.06772908366533864
0,Fuzzy Choquet neural network [balanced],uncalibrated,selection validation,0.0,0.2517446633825944,0.06032606049868044,0.0,0.0,0.0,0.07809937780847408,0.30588716035267116,0.050655409767615775,0.08300395256916997,-0.03234854280155419,0.03234854280155419,0.09415885829621368,0.0,0.08300395256916997,Fuzzy Choquet neural network,balanced,0.05970100662671675,4.438657399994554,1.28970290000143,154.0,502,0.06772908366533864
0,Fuzzy Choquet neural network [balanced] [sigmoid],sigmoid,calibration,0.015157200003159232,0.7482553366174055,0.21828657970659193,0.21666666666666667,0.6190476190476191,0.32098765432098764,0.0707745908521593,0.2562143395739461,0.09200859368327709,0.08300395256916997,0.00900464111410712,0.00900464111410712,0.12220664101357974,0.23715415019762845,0.08300395256916997,Fuzzy Choquet neural network,balanced,0.05970100662671675,4.438657399994554,1.28970290000143,154.0,502,0.06772908366533864
0,Fuzzy Choquet neural network [unweighted],uncalibrated,selection validation,0.0,0.2592364532019704,0.06432188120482216,0.0,0.0,0.0,0.07785270938507605,0.30274876403228845,0.05367339284301999,0.08300395256916997,-0.02933055972614998,0.02933055972614998,0.09516537779622845,0.0,0.08300395256916997,Fuzzy Choquet neural network,unweighted,0.07577095575702089,4.8455389000009745,1.5225834000011673,154.0,502,0.06772908366533864
0,Fuzzy Choquet neural network [unweighted] [sigmoid],sigmoid,calibration,0.015969400003086776,0.7407635467980295,0.21695440399426064,0.13385826771653545,0.8095238095238095,0.22972972972972974,0.07079925739636118,0.2579761759279412,0.09654162386019956,0.08300395256916997,0.01353767129102959,0.01353767129102959,0.07413390440989227,0.5019762845849802,0.08300395256916997,Fuzzy Choquet neural network,unweighted,0.07577095575702089,4.8455389000009745,1.5225834000011673,154.0,502,0.06772908366533864
0,Gradient boosting [balanced],uncalibrated,selection validation,0.0,0.5016420361247947,0.08789591057622982,0.0,0.0,0.0,0.0817901652962795,0.38507835224313985,0.026651416947144926,0.08300395256916997,-0.05635253562202504,0.05635253562202504,0.2113901586713531,0.003952569169960474,0.08300395256916997,Gradient boosting,balanced,0.04930941589953387,2.5938569999998435,0.10672099998919293,,502,0.06772908366533864
0,Gradient boosting [balanced] [sigmoid],sigmoid,calibration,0.025467499988735653,0.5016420361247947,0.08789591057622982,0.08333333333333333,0.14285714285714285,0.10526315789473684,0.07746681632551264,0.2988788867299034,0.056695078989265485,0.08300395256916997,-0.026308873579904482,0.026308873579904482,0.07801801965397426,0.1422924901185771,0.08300395256916997,Gradient boosting,balanced,0.04930941589953387,2.5938569999998435,0.10672099998919293,,502,0.06772908366533864
0,Gradient boosting [unweighted],uncalibrated,selection validation,0.0,0.5221674876847291,0.09286171312458735,0.0,0.0,0.0,0.08179550246394718,0.4327057008243124,0.009132738358768195,0.08300395256916997,-0.07387121421040177,0.07387121421040177,0.038298274011757054,0.02766798418972332,0.08300395256916997,Gradient boosting,unweighted,0.0507352834155335,0.6850001000129851,0.0954487999988487,,502,0.06772908366533864
0,Gradient boosting [unweighted] [sigmoid],sigmoid,calibration,0.018765499989967793,0.5221674876847291,0.09286171312458735,0.0875,0.6666666666666666,0.15469613259668508,0.07660484781913092,0.2898091776751084,0.07097039710056952,0.08300395256916997,-0.012033555468600451,0.012033555468600451,0.06331468978093775,0.6324110671936759,0.08300395256916997,Gradient boosting,unweighted,0.0507352834155335,0.6850001000129851,0.0954487999988487,,502,0.06772908366533864
0,Logistic [balanced],uncalibrated,selection validation,0.0,0.7738095238095237,0.26408874111527786,0.11764705882352941,0.8571428571428571,0.20689655172413793,0.3890467094552448,1.0696703866299946,0.6394124332342198,0.08300395256916997,0.5564084806650499,0.5564084806650499,0.568852322796845,0.6047430830039525,0.08300395256916997,Logistic,balanced,0.03320281115864625,0.008275100000901148,0.006428399996366352,11.0,502,0.06772908366533864
0,Logistic [balanced] [sigmoid],sigmoid,calibration,0.009651599990320392,0.7738095238095237,0.26408874111527786,0.19230769230769232,0.7142857142857143,0.30303030303030304,0.07070306336780297,0.2529515925621401,0.07160752777150034,0.08300395256916997,-0.011396424797669627,0.011396424797669627,0.0676018006430047,0.308300395256917,0.08300395256916997,Logistic,balanced,0.03320281115864625,0.008275100000901148,0.006428399996366352,11.0,502,0.06772908366533864
0,Logistic [unweighted],uncalibrated,selection validation,0.0,0.7614942528735633,0.24658765138423946,0.14545454545454545,0.7619047619047619,0.24427480916030533,0.07032371679236876,0.25240171483171625,0.07564691702534244,0.08300395256916997,-0.0073570355438275226,0.0073570355438275226,0.06453965557884635,0.43478260869565216,0.08300395256916997,Logistic,unweighted,0.03418986493288083,0.0071706000017002225,0.00812959999893792,11.0,502,0.06772908366533864
0,Logistic [unweighted] [sigmoid],sigmoid,calibration,0.010496100003365427,0.7614942528735633,0.24658765138423946,0.22033898305084745,0.6190476190476191,0.325,0.07009746601625583,0.25306549892245506,0.09039220849601409,0.08300395256916997,0.007388255926844126,0.007388255926844126,0.112036598989844,0.233201581027668,0.08300395256916997,Logistic,unweighted,0.03418986493288083,0.0071706000017002225,0.00812959999893792,11.0,502,0.06772908366533864
0,Logistic oriented [balanced],uncalibrated,selection validation,0.0,0.7738095238095237,0.26408874111527786,0.11764705882352941,0.8571428571428571,0.20689655172413793,0.3890467094552448,1.0696703866299946,0.6394124332342198,0.08300395256916997,0.5564084806650499,0.5564084806650499,0.568852322796845,0.6047430830039525,0.08300395256916997,Logistic oriented,balanced,0.03320281115864625,0.008671300005516969,0.006643100001383573,11.0,502,0.06772908366533864
0,Logistic oriented [balanced] [sigmoid],sigmoid,calibration,0.011555200006114319,0.7738095238095237,0.26408874111527786,0.19230769230769232,0.7142857142857143,0.30303030303030304,0.07070306336780297,0.2529515925621401,0.07160752777150034,0.08300395256916997,-0.011396424797669627,0.011396424797669627,0.0676018006430047,0.308300395256917,0.08300395256916997,Logistic oriented,balanced,0.03320281115864625,0.008671300005516969,0.006643100001383573,11.0,502,0.06772908366533864
0,Logistic oriented [unweighted],uncalibrated,selection validation,0.0,0.7614942528735633,0.24658765138423946,0.14545454545454545,0.7619047619047619,0.24427480916030533,0.07032371679236876,0.25240171483171625,0.07564691702534244,0.08300395256916997,-0.0073570355438275226,0.0073570355438275226,0.06453965557884635,0.43478260869565216,0.08300395256916997,Logistic oriented,unweighted,0.03418986493288083,0.00829410000005737,0.0070617000019410625,11.0,502,0.06772908366533864
0,Logistic oriented [unweighted] [sigmoid],sigmoid,calibration,0.01217579998774454,0.7614942528735633,0.24658765138423946,0.22033898305084745,0.6190476190476191,0.325,0.07009746601625583,0.25306549892245506,0.09039220849601409,0.08300395256916997,0.007388255926844126,0.007388255926844126,0.112036598989844,0.233201581027668,0.08300395256916997,Logistic oriented,unweighted,0.03418986493288083,0.00829410000005737,0.0070617000019410625,11.0,502,0.06772908366533864
0,MLP [balanced],uncalibrated,selection validation,0.0,0.49353448275862066,0.08300395256916997,0.0,0.0,0.0,0.08300395256900396,2.293483966205889,6.170555921199264e-11,0.08300395256916997,-0.08300395250746441,0.08300395250746441,0.9999996225725697,0.0,0.08300395256916997,MLP,balanced,0.055251782080750655,2.9808480000065174,0.6303960000077495,,502,0.06772908366533864
0,MLP [balanced] [sigmoid],sigmoid,calibration,0.011172600003192201,0.494047619047619,0.0821290531406485,0.08196721311475409,0.9523809523809523,0.1509433962264151,0.07633001860854444,0.2876383221235949,0.0683164685946634,0.08300395256916997,-0.014687483974506574,0.014687483974506574,0.06831646861889067,0.9644268774703557,0.08300395256916997,MLP,balanced,0.055251782080750655,2.9808480000065174,0.6303960000077495,,502,0.06772908366533864
0,MLP [unweighted],uncalibrated,selection validation,0.0,0.5238095238095238,0.1266704310182571,0.08300395256916997,1.0,0.15328467153284672,0.08300395233031531,2.252711494215007,1.2034432365001684e-10,0.08300395256916997,-0.08300395244882565,0.08300395244882565,1.5931889007967914e-25,1.0,0.08300395256916997,MLP,unweighted,0.04080254435980908,3.1368569000042044,0.05769689999578986,,502,0.06772908366533864
0,MLP [unweighted] [sigmoid],sigmoid,calibration,0.009948799997800961,0.5217569786535304,0.1266704310182571,0.08300395256916997,1.0,0.15328467153284672,0.07639391471891267,0.2881474815820114,0.06628216086456205,0.08300395256916997,-0.016721791704607913,0.016721791704607913,0.01,1.0,0.08300395256916997,MLP,unweighted,0.04080254435980908,3.1368569000042044,0.05769689999578986,,502,0.06772908366533864
0,Penalized logistic [balanced],uncalibrated,selection validation,0.0,0.7733990147783252,0.2555670934256818,0.10227272727272728,0.8571428571428571,0.18274111675126903,0.3833621274536874,1.0551903987324147,0.6341605060036033,0.08300395256916997,0.5511565534344334,0.5511565534344334,0.5214096488185557,0.6956521739130435,0.08300395256916997,Penalized logistic,balanced,0.03369300679722409,0.028327700012596324,0.006470300009823404,11.0,502,0.06772908366533864
0,Penalized logistic [balanced] [sigmoid],sigmoid,calibration,0.010596599997370504,0.7733990147783252,0.2555670934256818,0.19480519480519481,0.7142857142857143,0.30612244897959184,0.0707107705132633,0.25298720846370404,0.07137710742052776,0.08300395256916997,-0.011626845148642206,0.011626845148642206,0.06817231801577962,0.30434782608695654,0.08300395256916997,Penalized logistic,balanced,0.03369300679722409,0.028327700012596324,0.006470300009823404,11.0,502,0.06772908366533864
0,Penalized logistic [unweighted],uncalibrated,selection validation,0.0,0.7619047619047619,0.24708348945242978,0.14655172413793102,0.8095238095238095,0.24817518248175183,0.07031682593917313,0.2523671888876472,0.07530373438078404,0.08300395256916997,-0.007700218188385927,0.007700218188385927,0.06120669323425425,0.45849802371541504,0.08300395256916997,Penalized logistic,unweighted,0.03410815158659661,0.027373700009775348,0.006149499997263774,11.0,502,0.06772908366533864
0,Penalized logistic [unweighted] [sigmoid],sigmoid,calibration,0.010513200002606027,0.7619047619047619,0.24708348945242978,0.23214285714285715,0.6190476190476191,0.33766233766233766,0.07006587934511768,0.25289817370835116,0.09014670357634351,0.08300395256916997,0.007142751007173542,0.007142751007173542,0.11230433369004286,0.22134387351778656,0.08300395256916997,Penalized logistic,unweighted,0.03410815158659661,0.027373700009775348,0.006149499997263774,11.0,502,0.06772908366533864
0,RBF SVM [balanced],uncalibrated,selection validation,0.0,0.63752052545156,0.12115777625615695,0.08300395256916997,1.0,0.15328467153284672,0.07624986763133493,0.28678008818890616,0.056888842039185004,0.08300395256916997,-0.026115110529984963,0.026115110529984963,0.03142855786474808,1.0,0.08300395256916997,RBF SVM,balanced,0.04860122439918706,0.13132349999796133,0.05858609999995679,,502,0.06772908366533864
0,RBF SVM [balanced] [sigmoid],sigmoid,calibration,0.038274999998975545,0.63752052545156,0.12115777625615695,0.10869565217391304,0.7142857142857143,0.18867924528301888,0.07637662274971914,0.28618662270486533,0.08416897298080646,0.08300395256916997,0.0011650204116364915,0.0011650204116364915,0.07612976572269733,0.5454545454545454,0.08300395256916997,RBF SVM,balanced,0.04860122439918706,0.13132349999796133,0.05858609999995679,,502,0.06772908366533864
0,RBF SVM [unweighted],uncalibrated,selection validation,0.0,0.48809523809523814,0.08250945057593903,0.0,0.0,0.0,0.07860179943219474,0.3138736880888983,0.036141072436982016,0.08300395256916997,-0.04686288013218795,0.04686288013218795,0.05334808074231434,0.05138339920948617,0.08300395256916997,RBF SVM,unweighted,0.03374601864513452,0.078710299989325,0.02414850000059232,,502,0.06772908366533864
0,RBF SVM [unweighted] [sigmoid],sigmoid,calibration,0.014519500007736497,0.5119047619047619,0.09488554972771861,0.078125,0.7142857142857143,0.14084507042253522,0.07625439732242859,0.28699404184468935,0.07110061651900684,0.08300395256916997,-0.011903336050163124,0.011903336050163124,0.06538800093553437,0.758893280632411,0.08300395256916997,RBF SVM,unweighted,0.03374601864513452,0.078710299989325,0.02414850000059232,,502,0.06772908366533864
0,Random forest [balanced],uncalibrated,selection validation,0.0,0.5277093596059114,0.14646048209899565,1.0,0.047619047619047616,0.09090909090909091,0.0809276340647977,0.3046839438240619,0.14312486235353608,0.08300395256916997,0.060120909784366114,0.060120909784366114,0.29652387531469887,0.003952569169960474,0.08300395256916997,Random forest,balanced,0.06438162920699482,2.2349995999975363,0.36437840000144206,,502,0.06772908366533864
0,Random forest [balanced] [sigmoid],sigmoid,calibration,0.16787779999140184,0.5277093596059114,0.14646048209899565,0.12,0.14285714285714285,0.13043478260869565,0.0765316027236697,0.29216348287694854,0.05862500077805136,0.08300395256916997,-0.024378951791118604,0.024378951791118604,0.09097294597783004,0.09881422924901186,0.08300395256916997,Random forest,balanced,0.06438162920699482,2.2349995999975363,0.36437840000144206,,502,0.06772908366533864
0,Random forest [unweighted],uncalibrated,selection validation,0.0,0.6579433497536945,0.13670961068441775,0.15789473684210525,0.14285714285714285,0.15,0.0748248414547301,0.2764096876636616,0.09207199184021433,0.08300395256916997,0.009068039271044367,0.009068039271044367,0.14509136512996826,0.07509881422924901,0.08300395256916997,Random forest,unweighted,0.04915963519181423,2.1917540000140434,0.35536860000866,,502,0.06772908366533864
0,Random forest [unweighted] [sigmoid],sigmoid,calibration,0.1440639999927953,0.6579433497536945,0.13670961068441775,0.14864864864864866,0.5238095238095238,0.23157894736842105,0.07608024742658462,0.2841084701309408,0.05551441117451725,0.08300395256916997,-0.02748954139465272,0.02748954139465272,0.062321850013062556,0.2924901185770751,0.08300395256916997,Random forest,unweighted,0.04915963519181423,2.1917540000140434,0.35536860000866,,502,0.06772908366533864
0,Rolling prior probability,uncalibrated,selection validation,0.0,0.5,0.08300395256916997,0.08300395256916997,1.0,0.15328467153284672,0.07735299765930058,0.2973004344137661,0.04780876494023904,0.08300395256916997,-0.035195187628930924,0.035195187628930924,0.01,1.0,0.08300395256916997,Rolling prior probability,not applicable,0.03183023872679045,0.005551799986278638,0.002781400005915202,,502,0.06772908366533864
0,Rolling prior probability [sigmoid],sigmoid,calibration,0.01142160000745207,0.5,0.08300395256916997,0.08300395256916997,1.0,0.15328467153284672,0.07634450655048297,0.2877525111164913,0.06783127569862235,0.08300395256916997,-0.015172676870547616,0.015172676870547616,0.01,1.0,0.08300395256916997,Rolling prior probability,not applicable,0.03183023872679045,0.005551799986278638,0.002781400005915202,,502,0.06772908366533864
1,Choquistic 1-additive [balanced],uncalibrated,selection validation,0.0,0.5650145772594752,0.03673702979399132,0.0,0.0,0.0,0.2286230719522186,0.6504636531993601,0.4670564571854322,0.027777777777777776,0.4392786794076544,0.4392786794076544,0.6265875393070273,0.07936507936507936,0.027777777777777776,Choquistic 1-additive,balanced,0.17226058884419634,0.27837450000515673,0.2352013000054285,12.0,504,0.051587301587301584
1,Choquistic 1-additive [balanced] [sigmoid],sigmoid,calibration,0.012766600004397333,0.5650145772594752,0.03673702979399132,0.0,0.0,0.0,0.02717072985152998,0.12850247300760403,0.026099492018515278,0.027777777777777776,-0.0016782857592624982,0.0016782857592624982,0.14883514443254958,0.0,0.027777777777777776,Choquistic 1-additive,balanced,0.17226058884419634,0.27837450000515673,0.2352013000054285,12.0,504,0.051587301587301584
1,Choquistic 1-additive [unweighted],uncalibrated,selection validation,0.0,0.5556851311953352,0.035286495431663636,0.04,0.7142857142857143,0.07575757575757576,0.029154647400633824,0.1429900385779429,0.06533114053948709,0.027777777777777776,0.037553362761709314,0.037553362761709314,0.05824924208126987,0.49603174603174605,0.027777777777777776,Choquistic 1-additive,unweighted,0.1776221631436689,0.30000780000409577,0.28737289999844506,12.0,504,0.051587301587301584
1,Choquistic 1-additive [unweighted] [sigmoid],sigmoid,calibration,0.012128100002883002,0.5556851311953352,0.035286495431663636,0.0,0.0,0.0,0.02719841546894652,0.128641511392811,0.027075337465143644,0.027777777777777776,-0.0007024403126341325,0.0007024403126341325,0.1119107557464474,0.0,0.027777777777777776,Choquistic 1-additive,unweighted,0.1776221631436689,0.30000780000409577,0.28737289999844506,12.0,504,0.051587301587301584
1,Choquistic 2-additive [balanced],uncalibrated,selection validation,0.0,0.6151603498542274,0.04339531610260638,0.0,0.0,0.0,0.17104134587578765,0.5280993014141669,0.38887841340773005,0.027777777777777776,0.36110063562995226,0.36110063562995226,0.5934377647471155,0.07936507936507936,0.027777777777777776,Choquistic 2-additive,balanced,0.17516020741307875,1.1385292000049958,1.2375519000052009,57.0,504,0.051587301587301584
1,Choquistic 2-additive [balanced] [sigmoid],sigmoid,calibration,0.013661499993759207,0.6151603498542274,0.04339531610260638,0.0,0.0,0.0,0.027210068646362565,0.12777786585871903,0.025864653444740926,0.027777777777777776,-0.0019131243330368503,0.0019131243330368503,0.18924689998263775,0.0,0.027777777777777776,Choquistic 2-additive,balanced,0.17516020741307875,1.1385292000049958,1.2375519000052009,57.0,504,0.051587301587301584
1,Choquistic 2-additive [unweighted],uncalibrated,selection validation,0.0,0.5924198250728863,0.04029839766648535,0.027777777777777776,1.0,0.05405405405405406,0.028002193876760773,0.13391442166391415,0.050444371617405455,0.027777777777777776,0.02266659383962768,0.02266659383962768,0.01758591944047286,1.0,0.027777777777777776,Choquistic 2-additive,unweighted,0.17300095685488615,1.3851763000129722,1.1207810999912908,57.0,504,0.051587301587301584
1,Choquistic 2-additive [unweighted] [sigmoid],sigmoid,calibration,0.01343440001073759,0.5924198250728863,0.04029839766648535,0.0,0.0,0.0,0.02717190723961605,0.12799989757009625,0.024651512241106604,0.027777777777777776,-0.0031262655366711724,0.0031262655366711724,0.13028271696198307,0.0,0.027777777777777776,Choquistic 2-additive,unweighted,0.17300095685488615,1.3851763000129722,1.1207810999912908,57.0,504,0.051587301587301584
1,Choquistic model aggregator [balanced],uncalibrated,selection validation,0.0,0.6629737609329446,0.05104967275581667,0.0,0.0,0.0,0.17814733831297463,0.5440048735492021,0.4050027574823365,0.027777777777777776,0.3772249797045587,0.3772249797045587,0.6385219094950516,0.04365079365079365,0.027777777777777776,Choquistic model aggregator,balanced,0.16532410877857387,0.18464269999822136,0.0,45.0,504,0.051587301587301584
1,Choquistic model aggregator [balanced] [sigmoid],sigmoid,calibration,0.00943109999934677,0.6629737609329446,0.05104967275581667,0.0,0.0,0.0,0.027100825953116074,0.12497232669177762,0.02902494513477622,0.027777777777777776,0.0012471673569984451,0.0012471673569984451,0.1347327111127596,0.0,0.027777777777777776,Choquistic model aggregator,balanced,0.16532410877857387,0.18464269999822136,0.0,45.0,504,0.051587301587301584
1,Choquistic model aggregator [unweighted],uncalibrated,selection validation,0.0,0.8320699708454811,0.10335317983381657,0.09090909090909091,0.2857142857142857,0.13793103448275862,0.030774119668957454,0.15712186604999437,0.09461189435061783,0.027777777777777776,0.06683411657284005,0.06683411657284005,0.11457678186134808,0.0873015873015873,0.027777777777777776,Choquistic model aggregator,unweighted,0.18648824290972787,0.31506989999616053,0.0,45.0,504,0.051587301587301584
1,Choquistic model aggregator [unweighted] [sigmoid],sigmoid,calibration,0.010429300004034303,0.8320699708454811,0.10335317983381657,0.1,0.2857142857142857,0.14814814814814814,0.02728749263289466,0.12154648344489648,0.04912420387733376,0.027777777777777776,0.021346426099555983,0.021346426099555983,0.08828487053127738,0.07936507936507936,0.027777777777777776,Choquistic model aggregator,unweighted,0.18648824290972787,0.31506989999616053,0.0,45.0,504,0.051587301587301584
1,Explicit interactions [balanced],uncalibrated,selection validation,0.0,0.41924198250728867,0.026144172220822104,0.027777777777777776,1.0,0.05405405405405406,0.10423855040111482,0.36928662699381987,0.22096673210927045,0.027777777777777776,0.1931889543314927,0.1931889543314927,1.8479789096593947e-13,1.0,0.027777777777777776,Explicit interactions,balanced,0.06971054634376342,0.043651799991494045,0.015591400006087497,56.0,504,0.051587301587301584
1,Explicit interactions [balanced] [sigmoid],sigmoid,calibration,0.011082700002589263,0.41924198250728867,0.026144172220822104,0.0,0.0,0.0,0.027733435624528926,0.13464137400096388,0.044034525444404476,0.027777777777777776,0.0162567476666267,0.0162567476666267,0.08872341841060741,0.023809523809523808,0.027777777777777776,Explicit interactions,balanced,0.06971054634376342,0.043651799991494045,0.015591400006087497,56.0,504,0.051587301587301584
1,Explicit interactions [unweighted],uncalibrated,selection validation,0.0,0.6862973760932944,0.0473041689883951,0.027777777777777776,1.0,0.05405405405405406,0.02778087245675337,0.13290750531380496,0.049893624456840716,0.027777777777777776,0.02211584667906294,0.02211584667906294,0.0009600690659419745,1.0,0.027777777777777776,Explicit interactions,unweighted,0.07648137205847443,0.03369500000553671,0.007896100010839291,56.0,504,0.051587301587301584
1,Explicit interactions [unweighted] [sigmoid],sigmoid,calibration,0.011770200013415888,0.6862973760932944,0.0473041689883951,0.0,0.0,0.0,0.027160428301382253,0.1270568804121865,0.03149997844679527,0.027777777777777776,0.003722200669017496,0.003722200669017496,0.1521256286354904,0.0,0.027777777777777776,Explicit interactions,unweighted,0.07648137205847443,0.03369500000553671,0.007896100010839291,56.0,504,0.051587301587301584
1,Fuzzy Choquet neural network [balanced],uncalibrated,selection validation,0.0,0.3848396501457726,0.02528832184126263,0.027777777777777776,1.0,0.05405405405405406,0.028895832514714174,0.14516364787606773,0.07052123820861139,0.027777777777777776,0.042743460430833616,0.042743460430833616,0.03020701472661002,1.0,0.027777777777777776,Fuzzy Choquet neural network,balanced,0.07047392854445689,4.626709000003757,1.3016228000051342,154.0,504,0.051587301587301584
1,Fuzzy Choquet neural network [balanced] [sigmoid],sigmoid,calibration,0.01510059999418445,0.6151603498542274,0.04339531610260638,0.0,0.0,0.0,0.027262040698827664,0.12798512976362647,0.026092483182397437,0.027777777777777776,-0.0016852945953803392,0.0016852945953803392,0.18074743897886902,0.0,0.027777777777777776,Fuzzy Choquet neural network,balanced,0.07047392854445689,4.626709000003757,1.3016228000051342,154.0,504,0.051587301587301584
1,Fuzzy Choquet neural network [unweighted],uncalibrated,selection validation,0.0,0.5924198250728863,0.04029839766648535,0.028,1.0,0.054474708171206226,0.02819586305741213,0.1377701850250108,0.0593677219919474,0.027777777777777776,0.03158994421416962,0.03158994421416962,0.03813684948162912,0.9920634920634921,0.027777777777777776,Fuzzy Choquet neural network,unweighted,0.08341370290705816,5.8299820000102045,1.3622423999913735,154.0,504,0.051587301587301584
1,Fuzzy Choquet neural network [unweighted] [sigmoid],sigmoid,calibration,0.014708900009281933,0.5924198250728863,0.04029839766648535,0.0,0.0,0.0,0.027078315082376743,0.12741363199495265,0.025754239791112694,0.027777777777777776,-0.002023537986665082,0.002023537986665082,0.11036541525748292,0.0,0.027777777777777776,Fuzzy Choquet neural network,unweighted,0.08341370290705816,5.8299820000102045,1.3622423999913735,154.0,504,0.051587301587301584
1,Gradient boosting [balanced],uncalibrated,selection validation,0.0,0.40903790087463554,0.04695785710158039,0.018691588785046728,0.5714285714285714,0.03619909502262444,0.06613961150847633,0.2554459120350104,0.16422925867085617,0.027777777777777776,0.1364514808930784,0.1364514808930784,0.058765394193176904,0.8492063492063492,0.027777777777777776,Gradient boosting,balanced,0.13427624768406363,0.656988899994758,0.07154710000031628,,504,0.051587301587301584
1,Gradient boosting [balanced] [sigmoid],sigmoid,calibration,0.017536800005473197,0.40903790087463554,0.04695785710158039,0.05555555555555555,0.14285714285714285,0.08,0.02737799489713409,0.13299469081527107,0.03094659574359368,0.027777777777777776,0.003168817965815904,0.003168817965815904,0.07484648964160134,0.07142857142857142,0.027777777777777776,Gradient boosting,balanced,0.13427624768406363,0.656988899994758,0.07154710000031628,,504,0.051587301587301584
1,Gradient boosting [unweighted],uncalibrated,selection validation,0.0,0.35510204081632657,0.031852985116751525,0.02880658436213992,1.0,0.056,0.030118475891273252,0.14699957841897937,0.04536800092538349,0.027777777777777776,0.017590223147605714,0.017590223147605714,0.009081276061184248,0.9642857142857143,0.027777777777777776,Gradient boosting,unweighted,0.13982120831212103,0.6327471999975387,0.10911079999641515,,504,0.051587301587301584
1,Gradient boosting [unweighted] [sigmoid],sigmoid,calibration,0.016106100010802038,0.35510204081632657,0.031852985116751525,0.07692307692307693,0.14285714285714285,0.1,0.02904323249498633,0.14237469280105622,0.047972532907252,0.027777777777777776,0.020194755129474225,0.020194755129474225,0.11357327359702543,0.051587301587301584,0.027777777777777776,Gradient boosting,unweighted,0.13982120831212103,0.6327471999975387,0.10911079999641515,,504,0.051587301587301584
1,Logistic [balanced],uncalibrated,selection validation,0.0,0.6180758017492711,0.044744787533064274,0.027777777777777776,1.0,0.05405405405405406,0.258032974490018,0.7166279767212903,0.4924118727503627,0.027777777777777776,0.4646340949725849,0.4646340949725849,0.1625874880704561,1.0,0.027777777777777776,Logistic,balanced,0.09300210602168846,0.008134300005622208,0.006609999996726401,11.0,504,0.051587301587301584
1,Logistic [balanced] [sigmoid],sigmoid,calibration,0.010032899997895584,0.6180758017492711,0.044744787533064274,0.0,0.0,0.0,0.027912605106170916,0.1319169862747453,0.04778230361273156,0.027777777777777776,0.020004525834953782,0.020004525834953782,0.15720155442374245,0.007936507936507936,0.027777777777777776,Logistic,balanced,0.09300210602168846,0.008134300005622208,0.006609999996726401,11.0,504,0.051587301587301584
1,Logistic [unweighted],uncalibrated,selection validation,0.0,0.6262390670553936,0.04453620356862291,0.027777777777777776,1.0,0.05405405405405406,0.028841222681902597,0.13882683039007948,0.061828103827891695,0.027777777777777776,0.03405032605011392,0.03405032605011392,0.0008593865088751864,1.0,0.027777777777777776,Logistic,unweighted,0.09246417189349139,0.010531799998716451,0.0061590000113938,11.0,504,0.051587301587301584
1,Logistic [unweighted] [sigmoid],sigmoid,calibration,0.00981560000218451,0.6262390670553936,0.04453620356862291,0.0,0.0,0.0,0.027528971369000302,0.128283459681181,0.036934378139831726,0.027777777777777776,0.00915660036205395,0.00915660036205395,0.15619679467852396,0.007936507936507936,0.027777777777777776,Logistic,unweighted,0.09246417189349139,0.010531799998716451,0.0061590000113938,11.0,504,0.051587301587301584
1,Logistic oriented [balanced],uncalibrated,selection validation,0.0,0.6180758017492711,0.044744787533064274,0.027777777777777776,1.0,0.05405405405405406,0.258032974490018,0.7166279767212903,0.4924118727503627,0.027777777777777776,0.4646340949725849,0.4646340949725849,0.1625874880704561,1.0,0.027777777777777776,Logistic oriented,balanced,0.09300210602168846,0.009519300001556985,0.00761320001038257,11.0,504,0.051587301587301584
1,Logistic oriented [balanced] [sigmoid],sigmoid,calibration,0.011585400003241375,0.6180758017492711,0.044744787533064274,0.0,0.0,0.0,0.027912605106170916,0.1319169862747453,0.04778230361273156,0.027777777777777776,0.020004525834953782,0.020004525834953782,0.15720155442374245,0.007936507936507936,0.027777777777777776,Logistic oriented,balanced,0.09300210602168846,0.009519300001556985,0.00761320001038257,11.0,504,0.051587301587301584
1,Logistic oriented [unweighted],uncalibrated,selection validation,0.0,0.6262390670553936,0.04453620356862291,0.027777777777777776,1.0,0.05405405405405406,0.028841222681902597,0.13882683039007948,0.061828103827891695,0.027777777777777776,0.03405032605011392,0.03405032605011392,0.0008593865088751864,1.0,0.027777777777777776,Logistic oriented,unweighted,0.09246417189349139,0.009356900001876056,0.006920300002093427,11.0,504,0.051587301587301584
1,Logistic oriented [unweighted] [sigmoid],sigmoid,calibration,0.011910799992620014,0.6262390670553936,0.04453620356862291,0.0,0.0,0.0,0.027528971369000302,0.128283459681181,0.036934378139831726,0.027777777777777776,0.00915660036205395,0.00915660036205395,0.15619679467852396,0.007936507936507936,0.027777777777777776,Logistic oriented,unweighted,0.09246417189349139,0.009356900001876056,0.006920300002093427,11.0,504,0.051587301587301584
1,MLP [balanced],uncalibrated,selection validation,0.0,0.6606413994169097,0.205573325246067,0.0392156862745098,0.8571428571428571,0.075,0.35753978179058354,0.9175974941662359,0.6007774001584306,0.027777777777777776,0.5729996223806528,0.5729996223806528,0.581609612390987,0.6071428571428571,0.027777777777777776,MLP,balanced,0.1359285643197738,2.3188761999917915,0.02691360001335852,,504,0.051587301587301584
1,MLP [balanced] [sigmoid],sigmoid,calibration,0.010322400004952215,0.6606413994169097,0.205573325246067,0.08333333333333333,0.14285714285714285,0.10526315789473684,0.02645895813199001,0.12348500017032074,0.04420016547394506,0.027777777777777776,0.016422387696167287,0.016422387696167287,0.08438350930042422,0.047619047619047616,0.027777777777777776,MLP,balanced,0.1359285643197738,2.3188761999917915,0.02691360001335852,,504,0.051587301587301584
1,MLP [unweighted],uncalibrated,selection validation,0.0,0.6868804664723032,0.20536413393258962,0.03260869565217391,0.8571428571428571,0.06282722513089005,0.2165567573909391,0.6238353170303728,0.4580812487941265,0.027777777777777776,0.4303034710163487,0.4303034710163487,0.40923295333264964,0.7301587301587301,0.027777777777777776,MLP,unweighted,0.11517999451125399,2.4363628000137396,0.09994189999997616,,504,0.051587301587301584
1,MLP [unweighted] [sigmoid],sigmoid,calibration,0.009936299989931285,0.6868804664723032,0.20536413393258962,0.03225806451612903,1.0,0.0625,0.028275248941069378,0.1402653389246586,0.06604387130743712,0.027777777777777776,0.038266093529659345,0.038266093529659345,0.05977447846627042,0.8611111111111112,0.027777777777777776,MLP,unweighted,0.11517999451125399,2.4363628000137396,0.09994189999997616,,504,0.051587301587301584
1,Penalized logistic [balanced],uncalibrated,selection validation,0.0,0.6507288629737609,0.04839949313153029,0.0,0.0,0.0,0.23243318841517988,0.6585322195020614,0.47530166241309524,0.027777777777777776,0.44752388463531745,0.44752388463531745,0.6608726795577783,0.031746031746031744,0.027777777777777776,Penalized logistic,balanced,0.16472645327073865,0.03327569999964908,0.00545599999895785,11.0,504,0.051587301587301584
1,Penalized logistic [balanced] [sigmoid],sigmoid,calibration,0.009536900004604831,0.6507288629737609,0.04839949313153029,0.0,0.0,0.0,0.027066401845641498,0.12532587382765686,0.02908150585651823,0.027777777777777776,0.0013037280787404522,0.0013037280787404522,0.11349497411132277,0.0,0.027777777777777776,Penalized logistic,balanced,0.16472645327073865,0.03327569999964908,0.00545599999895785,11.0,504,0.051587301587301584
1,Penalized logistic [unweighted],uncalibrated,selection validation,0.0,0.6472303206997084,0.04611550051020127,0.027777777777777776,1.0,0.05405405405405406,0.028138080714564275,0.1377571370165448,0.0616492364893348,0.027777777777777776,0.03387145871155702,0.03387145871155702,0.037370515836734834,1.0,0.027777777777777776,Penalized logistic,unweighted,0.17612104764093367,0.028943199999048375,0.005295599999953993,11.0,504,0.051587301587301584
1,Penalized logistic [unweighted] [sigmoid],sigmoid,calibration,0.010121999992406927,0.6472303206997084,0.04611550051020127,0.0,0.0,0.0,0.027063631059760604,0.1269392193833545,0.019777554655297794,0.027777777777777776,-0.008000223122479982,0.008000223122479982,0.12482384368307066,0.0,0.027777777777777776,Penalized logistic,unweighted,0.17612104764093367,0.028943199999048375,0.005295599999953993,11.0,504,0.051587301587301584
1,RBF SVM [balanced],uncalibrated,selection validation,0.0,0.6029154518950437,0.041961833046151656,0.027777777777777776,1.0,0.05405405405405406,0.02767007789426775,0.13049075703490642,0.044766391862266934,0.027777777777777776,0.016988614084489158,0.016988614084489158,0.011889573218936973,1.0,0.027777777777777776,RBF SVM,balanced,0.08901685949921573,0.10505279999051709,0.044216300011612475,,504,0.051587301587301584
1,RBF SVM [balanced] [sigmoid],sigmoid,calibration,0.019506700002239086,0.6029154518950437,0.041961833046151656,0.0,0.0,0.0,0.02735786000945779,0.13003762793290394,0.04533093693808252,0.027777777777777776,0.01755315916030474,0.01755315916030474,0.0874231208820403,0.01984126984126984,0.027777777777777776,RBF SVM,balanced,0.08901685949921573,0.10505279999051709,0.044216300011612475,,504,0.051587301587301584
1,RBF SVM [unweighted],uncalibrated,selection validation,0.0,0.4524781341107871,0.03342966162475852,0.027777777777777776,1.0,0.05405405405405406,0.031001902838156147,0.15311403802440596,0.07284666820340788,0.027777777777777776,0.0450688904256301,0.0450688904256301,0.017490644229027658,1.0,0.027777777777777776,RBF SVM,unweighted,0.09962933919286279,0.06128740000713151,0.021564399998169392,,504,0.051587301587301584
1,RBF SVM [unweighted] [sigmoid],sigmoid,calibration,0.01653119998809416,0.4524781341107871,0.03342966162475852,0.0,0.0,0.0,0.03236302259253286,0.15434095423219474,0.06707929154754813,0.027777777777777776,0.039301513769770355,0.039301513769770355,0.08223470611149575,0.14682539682539683,0.027777777777777776,RBF SVM,unweighted,0.09962933919286279,0.06128740000713151,0.021564399998169392,,504,0.051587301587301584
1,Random forest [balanced],uncalibrated,selection validation,0.0,0.6874635568513119,0.05721952970158889,0.05555555555555555,0.14285714285714285,0.08,0.12001073586233374,0.41457600895896,0.32102047050314936,0.027777777777777776,0.29324269272537157,0.29324269272537157,0.5059563101728777,0.07142857142857142,0.027777777777777776,Random forest,balanced,0.1729672653696443,2.2239100000006147,0.345160400000168,,504,0.051587301587301584
1,Random forest [balanced] [sigmoid],sigmoid,calibration,0.14815290000115056,0.6874635568513119,0.05721952970158889,0.0,0.0,0.0,0.026998223722944695,0.12384879575019093,0.028479431738219464,0.027777777777777776,0.000701653960441688,0.000701653960441688,0.12598754591548575,0.011904761904761904,0.027777777777777776,Random forest,balanced,0.1729672653696443,2.2239100000006147,0.345160400000168,,504,0.051587301587301584
1,Random forest [unweighted],uncalibrated,selection validation,0.0,0.8489795918367345,0.10453721787908317,0.10416666666666667,0.7142857142857143,0.18181818181818182,0.027791169363067497,0.1323177362297853,0.06597147754707212,0.027777777777777776,0.03819369976929435,0.03819369976929435,0.07948014613553576,0.19047619047619047,0.027777777777777776,Random forest,unweighted,0.1951225065147391,2.160418400002527,0.3606478000001516,,504,0.051587301587301584
1,Random forest [unweighted] [sigmoid],sigmoid,calibration,0.14818069999455474,0.8489795918367345,0.10453721787908317,0.0,0.0,0.0,0.02663058126739194,0.11859872802042397,0.025915202650235766,0.027777777777777776,-0.00186257512754201,0.00186257512754201,0.11665527463418499,0.007936507936507936,0.027777777777777776,Random forest,unweighted,0.1951225065147391,2.160418400002527,0.3606478000001516,,504,0.051587301587301584
1,Rolling prior probability,uncalibrated,selection validation,0.0,0.5,0.027777777777777776,0.027777777777777776,1.0,0.05405405405405406,0.028305920225340783,0.14055733849319046,0.06382978723404255,0.027777777777777776,0.03605200945626477,0.03605200945626477,0.01,1.0,0.027777777777777776,Rolling prior probability,not applicable,0.09308510638297872,0.004631500007235445,0.003385000003618188,,504,0.051587301587301584
1,Rolling prior probability [sigmoid],sigmoid,calibration,0.009340899996459484,0.5,0.027777777777777776,0.027777777777777776,1.0,0.05405405405405406,0.02757943916203725,0.133905978137199,0.051720758430383935,0.027777777777777776,0.02394298065260616,0.02394298065260616,0.01,1.0,0.027777777777777776,Rolling prior probability,not applicable,0.09308510638297872,0.004631500007235445,0.003385000003618188,,504,0.051587301587301584
2,Choquistic 1-additive [balanced],uncalibrated,selection validation,0.0,0.49487179487179483,0.12483611674074982,0.10101010101010101,0.38461538461538464,0.16,0.5108677307757014,1.377360038450914,0.7322826956277565,0.10358565737051793,0.6286970382572385,0.6286970382572385,0.8006176696737105,0.3944223107569721,0.10358565737051793,Choquistic 1-additive,balanced,0.22028893893141388,0.3267234999948414,0.25473519999650307,12.0,504,0.05555555555555555
2,Choquistic 1-additive [balanced] [sigmoid],sigmoid,calibration,0.011904500002856366,0.49487179487179483,0.12483611674074982,0.16666666666666666,0.07692307692307693,0.10526315789473684,0.09591004584993959,0.3618260565178052,0.050952060119535104,0.10358565737051793,-0.05263359725098283,0.05263359725098283,0.08633217611408192,0.04780876494023904,0.10358565737051793,Choquistic 1-additive,balanced,0.22028893893141388,0.3267234999948414,0.25473519999650307,12.0,504,0.05555555555555555
2,Choquistic 1-additive [unweighted],uncalibrated,selection validation,0.0,0.482051282051282,0.11596330060394452,0.1044776119402985,0.2692307692307692,0.15053763440860216,0.10677751947604765,0.3760327826566305,0.17104666844460412,0.10358565737051793,0.06746101107408618,0.06746101107408618,0.2205970398298998,0.26693227091633465,0.10358565737051793,Choquistic 1-additive,unweighted,0.21701945727223027,0.33176390000153333,0.28771509999933187,12.0,504,0.05555555555555555
2,Choquistic 1-additive [unweighted] [sigmoid],sigmoid,calibration,0.012403800006723031,0.482051282051282,0.11596330060394452,0.25,0.038461538461538464,0.06666666666666667,0.095781599819116,0.3594106459991161,0.05357160069825903,0.10358565737051793,-0.0500140566722589,0.0500140566722589,0.10105125291531002,0.01593625498007968,0.10358565737051793,Choquistic 1-additive,unweighted,0.21701945727223027,0.33176390000153333,0.28771509999933187,12.0,504,0.05555555555555555
2,Choquistic 2-additive [balanced],uncalibrated,selection validation,0.0,0.5452991452991454,0.12132525666476282,0.12087912087912088,0.4230769230769231,0.18803418803418803,0.3524515296095811,1.0078424584082595,0.5410964410273871,0.10358565737051793,0.43751078365686913,0.43751078365686913,0.7100994615033221,0.36254980079681276,0.10358565737051793,Choquistic 2-additive,balanced,0.22260266183112765,1.4755263999977615,1.0232839999953285,57.0,504,0.05555555555555555
2,Choquistic 2-additive [balanced] [sigmoid],sigmoid,calibration,0.013542000000597909,0.5452991452991454,0.12132525666476282,0.14285714285714285,0.07692307692307693,0.1,0.09573158966789966,0.3587300008751936,0.04866520454078241,0.10358565737051793,-0.054920452829735525,0.054920452829735525,0.08164713061839149,0.055776892430278883,0.10358565737051793,Choquistic 2-additive,balanced,0.22260266183112765,1.4755263999977615,1.0232839999953285,57.0,504,0.05555555555555555
2,Choquistic 2-additive [unweighted],uncalibrated,selection validation,0.0,0.5358974358974359,0.11594355637719006,0.06153846153846154,0.15384615384615385,0.08791208791208792,0.10628488349006572,0.377552558883701,0.12357130755620191,0.10358565737051793,0.019985650185683976,0.019985650185683976,0.17638834485405355,0.2589641434262948,0.10358565737051793,Choquistic 2-additive,unweighted,0.2231401781760219,1.4455687000008766,1.1791183000023011,57.0,504,0.05555555555555555
2,Choquistic 2-additive [unweighted] [sigmoid],sigmoid,calibration,0.013581599996541627,0.5358974358974359,0.11594355637719006,0.06666666666666667,0.07692307692307693,0.07142857142857142,0.09558706749767285,0.3562578106945073,0.05133020750311627,0.10358565737051793,-0.05225544986740167,0.05225544986740167,0.07270941317144815,0.11952191235059761,0.10358565737051793,Choquistic 2-additive,unweighted,0.2231401781760219,1.4455687000008766,1.1791183000023011,57.0,504,0.05555555555555555
2,Choquistic model aggregator [balanced],uncalibrated,selection validation,0.0,0.5941880341880343,0.13209069926338649,0.13548387096774195,0.8076923076923077,0.23204419889502761,0.41093488274978435,1.1119619635514146,0.6296640680566676,0.10358565737051793,0.5260784106861497,0.5260784106861497,0.6098684013350809,0.6175298804780877,0.10358565737051793,Choquistic model aggregator,balanced,0.1805479764371584,0.10952980000001844,0.0,45.0,504,0.05555555555555555
2,Choquistic model aggregator [balanced] [sigmoid],sigmoid,calibration,0.009715499996673316,0.5941880341880343,0.13209069926338649,0.11570247933884298,0.5384615384615384,0.19047619047619047,0.12652179744079345,0.4130591228117901,0.20809690935249892,0.10358565737051793,0.10451125198198098,0.10451125198198098,0.1728567412641628,0.4820717131474104,0.10358565737051793,Choquistic model aggregator,balanced,0.1805479764371584,0.10952980000001844,0.0,45.0,504,0.05555555555555555
2,Choquistic model aggregator [unweighted],uncalibrated,selection validation,0.0,0.6485470085470085,0.20536392227027617,0.12121212121212122,0.9230769230769231,0.21428571428571427,0.09393279649104894,0.33000767300983574,0.144155786531122,0.10358565737051793,0.040570129160604054,0.040570129160604054,0.07327896391440425,0.7888446215139442,0.10358565737051793,Choquistic model aggregator,unweighted,0.22697257716945954,0.15291740000247955,0.0,45.0,504,0.05555555555555555
2,Choquistic model aggregator [unweighted] [sigmoid],sigmoid,calibration,0.00950070000544656,0.35145299145299147,0.07867517288510278,0.08121827411167512,0.6153846153846154,0.14349775784753363,0.09598835013810379,0.35960158302143513,0.05485300988377633,0.10358565737051793,-0.0487326474867416,0.0487326474867416,0.049925000664800864,0.7848605577689243,0.10358565737051793,Choquistic model aggregator,unweighted,0.22697257716945954,0.15291740000247955,0.0,45.0,504,0.05555555555555555
2,Explicit interactions [balanced],uncalibrated,selection validation,0.0,0.5456410256410257,0.10910608341072514,0.12234042553191489,0.8846153846153846,0.21495327102803738,0.38061638695430905,1.1052206258798392,0.5757822316595957,0.10358565737051793,0.4721965742890778,0.4721965742890778,0.37448157216152383,0.749003984063745,0.10358565737051793,Explicit interactions,balanced,0.13268879863822686,0.047268199996324256,0.008914399993955158,56.0,504,0.05555555555555555
2,Explicit interactions [balanced] [sigmoid],sigmoid,calibration,0.012131100011174567,0.5456410256410257,0.10910608341072514,0.1171875,0.5769230769230769,0.19480519480519481,0.119228764825101,0.3938018224562151,0.16344588825960013,0.10358565737051793,0.0598602308890822,0.0598602308890822,0.12057120704261111,0.5099601593625498,0.10358565737051793,Explicit interactions,balanced,0.13268879863822686,0.047268199996324256,0.008914399993955158,56.0,504,0.05555555555555555
2,Explicit interactions [unweighted],uncalibrated,selection validation,0.0,0.5341880341880342,0.10581651567941452,0.1320754716981132,0.8076923076923077,0.22702702702702704,0.11232025091047677,0.3829643580896381,0.13142622702677298,0.10358565737051793,0.027840569656255046,0.027840569656255046,0.06898915411817307,0.6334661354581673,0.10358565737051793,Explicit interactions,unweighted,0.1526328220827773,0.033973899990087375,0.007439600012730807,56.0,504,0.05555555555555555
2,Explicit interactions [unweighted] [sigmoid],sigmoid,calibration,0.011580699996557087,0.5341880341880342,0.10581651567941452,0.10294117647058823,0.5384615384615384,0.1728395061728395,0.1280766617822557,0.4174684013773621,0.1611092154054262,0.10358565737051793,0.05752355803490826,0.05752355803490826,0.0914576136970104,0.5418326693227091,0.10358565737051793,Explicit interactions,unweighted,0.1526328220827773,0.033973899990087375,0.007439600012730807,56.0,504,0.05555555555555555
2,Fuzzy Choquet neural network [balanced],uncalibrated,selection validation,0.0,0.45470085470085475,0.09461440361250192,0.07865168539325842,0.2692307692307692,0.12173913043478261,0.09465203563404954,0.34603482692785537,0.06413548601609634,0.10358565737051793,-0.039450171354421595,0.039450171354421595,0.06640763046220745,0.3545816733067729,0.10358565737051793,Fuzzy Choquet neural network,balanced,0.0285056528928826,6.145508100002189,1.0928680000070017,154.0,504,0.05555555555555555
2,Fuzzy Choquet neural network [balanced] [sigmoid],sigmoid,calibration,0.016262699995422736,0.5452991452991454,0.12132525666476282,0.14285714285714285,0.07692307692307693,0.1,0.09567728790443837,0.35823523940617363,0.048721224230794793,0.10358565737051793,-0.05486443313972314,0.05486443313972314,0.0800090535631937,0.055776892430278883,0.10358565737051793,Fuzzy Choquet neural network,balanced,0.0285056528928826,6.145508100002189,1.0928680000070017,154.0,504,0.05555555555555555
2,Fuzzy Choquet neural network [unweighted],uncalibrated,selection validation,0.0,0.4641025641025641,0.09393302334379083,0.07042253521126761,0.19230769230769232,0.10309278350515463,0.09468788340219504,0.34630715499014514,0.06339445164582505,0.10358565737051793,-0.04019120572469288,0.04019120572469288,0.06743989243669189,0.28286852589641437,0.10358565737051793,Fuzzy Choquet neural network,unweighted,0.02836598135349434,6.0972900000051595,1.2574491999985185,154.0,504,0.05555555555555555
2,Fuzzy Choquet neural network [unweighted] [sigmoid],sigmoid,calibration,0.015592299998388626,0.5358974358974359,0.11594355637719006,0.06666666666666667,0.07692307692307693,0.07142857142857142,0.0955068996047694,0.35552997950563914,0.051329673370092206,0.10358565737051793,-0.05225598400042573,0.05225598400042573,0.07253427891750786,0.11952191235059761,0.10358565737051793,Fuzzy Choquet neural network,unweighted,0.02836598135349434,6.0972900000051595,1.2574491999985185,154.0,504,0.05555555555555555
2,Gradient boosting [balanced],uncalibrated,selection validation,0.0,0.5790598290598291,0.14098795656911772,0.12804878048780488,0.8076923076923077,0.22105263157894736,0.336883592641424,0.8912257893813053,0.5539234930428991,0.10358565737051793,0.45033783567238117,0.45033783567238117,0.4278098108413372,0.6533864541832669,0.10358565737051793,Gradient boosting,balanced,0.1422470401464866,0.6971824999927776,0.07079180001164787,,504,0.05555555555555555
2,Gradient boosting [balanced] [sigmoid],sigmoid,calibration,0.018186999994213693,0.5790598290598291,0.14098795656911772,0.12154696132596685,0.8461538461538461,0.21256038647342995,0.09387474498104696,0.3397267934828915,0.06583527566509141,0.10358565737051793,-0.03775038170542652,0.03775038170542652,0.058086968843159344,0.7211155378486056,0.10358565737051793,Gradient boosting,balanced,0.1422470401464866,0.6971824999927776,0.07079180001164787,,504,0.05555555555555555
2,Gradient boosting [unweighted],uncalibrated,selection validation,0.0,0.5900854700854701,0.20729130708770221,0.12041884816753927,0.8846153846153846,0.2119815668202765,0.09510841053237508,0.34279729083149824,0.1297402564408912,0.10358565737051793,0.026154599070373277,0.026154599070373277,0.04775964113366805,0.7609561752988048,0.10358565737051793,Gradient boosting,unweighted,0.10024841335022468,0.7364864000119269,0.092115699997521,,504,0.05555555555555555
2,Gradient boosting [unweighted] [sigmoid],sigmoid,calibration,0.018779299993184395,0.5900854700854701,0.20729130708770221,0.12626262626262627,0.9615384615384616,0.22321428571428573,0.09471994868715711,0.34663235418945254,0.05835608670268624,0.10358565737051793,-0.045229570667831696,0.045229570667831696,0.055093698672788696,0.7888446215139442,0.10358565737051793,Gradient boosting,unweighted,0.10024841335022468,0.7364864000119269,0.092115699997521,,504,0.05555555555555555
2,Logistic [balanced],uncalibrated,selection validation,0.0,0.6201709401709401,0.15569735249811856,0.11602209944751381,0.8076923076923077,0.2028985507246377,0.474759758692837,1.3840086072452247,0.6988019270855124,0.10358565737051793,0.5952162697149944,0.5952162697149944,0.5818517087466375,0.7211155378486056,0.10358565737051793,Logistic,balanced,0.14220693621139585,0.008272200007922947,0.00655019999248907,11.0,504,0.05555555555555555
2,Logistic [balanced] [sigmoid],sigmoid,calibration,0.010093499993672594,0.6201709401709401,0.15569735249811856,0.15625,0.5769230769230769,0.2459016393442623,0.10492420354887147,0.3572168676821548,0.17677977606445125,0.10358565737051793,0.07319411869393332,0.07319411869393332,0.16616274043399962,0.38247011952191234,0.10358565737051793,Logistic,balanced,0.14220693621139585,0.008272200007922947,0.00655019999248907,11.0,504,0.05555555555555555
2,Logistic [unweighted],uncalibrated,selection validation,0.0,0.6052991452991453,0.14668723049356575,0.10699588477366255,1.0,0.19330855018587362,0.11715389697519439,0.38628973281571183,0.1992137088591247,0.10358565737051793,0.09562805148860677,0.09562805148860677,0.034065786748585514,0.9681274900398407,0.10358565737051793,Logistic,unweighted,0.13720406417037934,0.008217800001148134,0.00611009998829104,11.0,504,0.05555555555555555
2,Logistic [unweighted] [sigmoid],sigmoid,calibration,0.010507700004382059,0.6052991452991453,0.14668723049356575,0.1223021582733813,0.6538461538461539,0.20606060606060606,0.11163317656233285,0.38019118108374733,0.2168498224092175,0.10358565737051793,0.11326416503869956,0.11326416503869956,0.17336248758989875,0.5537848605577689,0.10358565737051793,Logistic,unweighted,0.13720406417037934,0.008217800001148134,0.00611009998829104,11.0,504,0.05555555555555555
2,Logistic oriented [balanced],uncalibrated,selection validation,0.0,0.6201709401709401,0.15569735249811856,0.11602209944751381,0.8076923076923077,0.2028985507246377,0.474759758692837,1.3840086072452247,0.6988019270855124,0.10358565737051793,0.5952162697149944,0.5952162697149944,0.5818517087466375,0.7211155378486056,0.10358565737051793,Logistic oriented,balanced,0.14220693621139585,0.008804199998849072,0.007575600000564009,11.0,504,0.05555555555555555
2,Logistic oriented [balanced] [sigmoid],sigmoid,calibration,0.011965599987888709,0.6201709401709401,0.15569735249811856,0.15625,0.5769230769230769,0.2459016393442623,0.10492420354887147,0.3572168676821548,0.17677977606445125,0.10358565737051793,0.07319411869393332,0.07319411869393332,0.16616274043399962,0.38247011952191234,0.10358565737051793,Logistic oriented,balanced,0.14220693621139585,0.008804199998849072,0.007575600000564009,11.0,504,0.05555555555555555
2,Logistic oriented [unweighted],uncalibrated,selection validation,0.0,0.6052991452991453,0.14668723049356575,0.10699588477366255,1.0,0.19330855018587362,0.11715389697519439,0.38628973281571183,0.1992137088591247,0.10358565737051793,0.09562805148860677,0.09562805148860677,0.034065786748585514,0.9681274900398407,0.10358565737051793,Logistic oriented,unweighted,0.13720406417037934,0.009200300002703443,0.006465300000854768,11.0,504,0.05555555555555555
2,Logistic oriented [unweighted] [sigmoid],sigmoid,calibration,0.012395300000207499,0.6052991452991453,0.14668723049356575,0.1223021582733813,0.6538461538461539,0.20606060606060606,0.11163317656233285,0.38019118108374733,0.2168498224092175,0.10358565737051793,0.11326416503869956,0.11326416503869956,0.17336248758989875,0.5537848605577689,0.10358565737051793,Logistic oriented,unweighted,0.13720406417037934,0.009200300002703443,0.006465300000854768,11.0,504,0.05555555555555555
2,MLP [balanced],uncalibrated,selection validation,0.0,0.5776068376068375,0.1310333061038546,0.07894736842105263,0.11538461538461539,0.09375,0.3436663568732447,0.9212718350162684,0.5718061513257584,0.10358565737051793,0.46822049395524046,0.46822049395524046,0.7804841895774892,0.15139442231075698,0.10358565737051793,MLP,balanced,0.2102436418767543,4.217460200001369,0.03872199999750592,,504,0.05555555555555555
2,MLP [balanced] [sigmoid],sigmoid,calibration,0.010087199989357032,0.5776068376068375,0.1310333061038546,0.12,0.23076923076923078,0.15789473684210525,0.09846685639022004,0.37171685272245375,0.08788740951551481,0.10358565737051793,-0.015698247855003122,0.015698247855003122,0.1543572516257675,0.199203187250996,0.10358565737051793,MLP,balanced,0.2102436418767543,4.217460200001369,0.03872199999750592,,504,0.05555555555555555
2,MLP [unweighted],uncalibrated,selection validation,0.0,0.6130769230769231,0.1621458429704182,0.13861386138613863,0.5384615384615384,0.2204724409448819,0.17173604447548751,2.486118721998494,0.1735878373326041,0.10358565737051793,0.07000217996208617,0.07000217996208617,0.001878851098440954,0.40239043824701193,0.10358565737051793,MLP,unweighted,0.18701849297932496,3.6072523999901023,0.5845643000066048,,504,0.05555555555555555
2,MLP [unweighted] [sigmoid],sigmoid,calibration,0.011578400008147582,0.38119658119658123,0.08019257082217773,0.08064516129032258,0.38461538461538464,0.13333333333333333,0.09550161007195063,0.3560774909874474,0.06245486968031558,0.10358565737051793,-0.041130787690202356,0.041130787690202356,0.06842777741477381,0.4940239043824701,0.10358565737051793,MLP,unweighted,0.18701849297932496,3.6072523999901023,0.5845643000066048,,504,0.05555555555555555
2,Penalized logistic [balanced],uncalibrated,selection validation,0.0,0.5764102564102564,0.13768779131308512,0.13008130081300814,0.6153846153846154,0.21476510067114093,0.39273860195486354,1.0289528111283224,0.6361109182125511,0.10358565737051793,0.5325252608420331,0.5325252608420331,0.66316671455118,0.4900398406374502,0.10358565737051793,Penalized logistic,balanced,0.21448723303412745,0.03033369999320712,0.005330599989974871,11.0,504,0.05555555555555555
2,Penalized logistic [balanced] [sigmoid],sigmoid,calibration,0.009936599992215633,0.5764102564102564,0.13768779131308512,0.13445378151260504,0.6153846153846154,0.2206896551724138,0.09814002734809198,0.34978273492579864,0.10928564139681157,0.10358565737051793,0.005699984026293639,0.005699984026293639,0.09236242134567021,0.47410358565737054,0.10358565737051793,Penalized logistic,balanced,0.21448723303412745,0.03033369999320712,0.005330599989974871,11.0,504,0.05555555555555555
2,Penalized logistic [unweighted],uncalibrated,selection validation,0.0,0.509059829059829,0.1119793097165838,0.10344827586206896,0.34615384615384615,0.1592920353982301,0.09474603009327578,0.3400370098987923,0.11174905611209009,0.10358565737051793,0.008163398741572153,0.008163398741572153,0.12019157205946687,0.3466135458167331,0.10358565737051793,Penalized logistic,unweighted,0.22174042323578286,0.0298037999891676,0.004878100007772446,11.0,504,0.05555555555555555
2,Penalized logistic [unweighted] [sigmoid],sigmoid,calibration,0.010698500002035871,0.509059829059829,0.1119793097165838,0.07792207792207792,0.23076923076923078,0.11650485436893204,0.10090844124954486,0.3620044055123643,0.11765688202277767,0.10358565737051793,0.01407122465225974,0.01407122465225974,0.13490647007923529,0.30677290836653387,0.10358565737051793,Penalized logistic,unweighted,0.22174042323578286,0.0298037999891676,0.004878100007772446,11.0,504,0.05555555555555555
2,RBF SVM [balanced],uncalibrated,selection validation,0.0,0.5273504273504274,0.14703955906001295,0.09722222222222222,0.2692307692307692,0.14285714285714285,0.09367881097158651,0.3354284043593061,0.12360800010837383,0.10358565737051793,0.0200223427378559,0.0200223427378559,0.14520928240646605,0.2868525896414343,0.10358565737051793,RBF SVM,balanced,0.18343105751938946,0.1302222999947844,0.05827829999907408,,504,0.05555555555555555
2,RBF SVM [balanced] [sigmoid],sigmoid,calibration,0.02240709999750834,0.527008547008547,0.14700395159668864,0.11864406779661017,0.8076923076923077,0.20689655172413793,0.09447334644692167,0.3399682479358361,0.1118763556747319,0.10358565737051793,0.008290698304213973,0.008290698304213973,0.08360539715061392,0.7051792828685259,0.10358565737051793,RBF SVM,balanced,0.18343105751938946,0.1302222999947844,0.05827829999907408,,504,0.05555555555555555
2,RBF SVM [unweighted],uncalibrated,selection validation,0.0,0.4647863247863248,0.11297754060878923,0.08571428571428572,0.11538461538461539,0.09836065573770492,0.09600321041958954,0.35082872589347014,0.08581200868888024,0.10358565737051793,-0.017773648681637694,0.017773648681637694,0.124665406801666,0.1394422310756972,0.10358565737051793,RBF SVM,unweighted,0.15217298403107324,0.08714629999303725,0.02255350000632461,,504,0.05555555555555555
2,RBF SVM [unweighted] [sigmoid],sigmoid,calibration,0.015620699996361509,0.4664957264957265,0.1131755044096942,0.1125,0.34615384615384615,0.16981132075471697,0.09541334585149303,0.3531928218588562,0.06835703653131844,0.10358565737051793,-0.03522862083919949,0.03522862083919949,0.0683633331536426,0.3187250996015936,0.10358565737051793,RBF SVM,unweighted,0.15217298403107324,0.08714629999303725,0.02255350000632461,,504,0.05555555555555555
2,Random forest [balanced],uncalibrated,selection validation,0.0,0.5837606837606838,0.12322487171239278,0.11764705882352941,0.9230769230769231,0.20869565217391303,0.2695623916493765,0.7329833606951593,0.5127763748970454,0.10358565737051793,0.40919071752652747,0.40919071752652747,0.35605414075886765,0.8127490039840638,0.10358565737051793,Random forest,balanced,0.18787115522380088,2.1635449000023073,0.3458989999926416,,504,0.05555555555555555
2,Random forest [balanced] [sigmoid],sigmoid,calibration,0.14780409999366384,0.5837606837606838,0.12322487171239278,0.11,0.8461538461538461,0.19469026548672566,0.09338057231755954,0.33604289236697504,0.07011930913064683,0.10358565737051793,-0.0334663482398711,0.0334663482398711,0.05501886059771658,0.796812749003984,0.10358565737051793,Random forest,balanced,0.18787115522380088,2.1635449000023073,0.3458989999926416,,504,0.05555555555555555
2,Random forest [unweighted],uncalibrated,selection validation,0.0,0.5642735042735043,0.12888940363260287,0.125,0.038461538461538464,0.058823529411764705,0.09492987999798276,0.34069772917943025,0.1481448179068929,0.10358565737051793,0.04455916053637497,0.04455916053637497,0.20923673760843967,0.03187250996015936,0.10358565737051793,Random forest,unweighted,0.21116230338269634,2.17144439999538,0.36510480000288226,,504,0.05555555555555555
2,Random forest [unweighted] [sigmoid],sigmoid,calibration,0.1451468000013847,0.5642735042735043,0.12888940363260287,0.12781954887218044,0.6538461538461539,0.2138364779874214,0.09351508220481906,0.3381921892977255,0.07564444739705457,0.10358565737051793,-0.02794120997346336,0.02794120997346336,0.07216746885528917,0.5298804780876494,0.10358565737051793,Random forest,unweighted,0.21116230338269634,2.17144439999538,0.36510480000288226,,504,0.05555555555555555
2,Rolling prior probability,uncalibrated,selection validation,0.0,0.5,0.10358565737051793,0.10358565737051793,1.0,0.18772563176895307,0.09476931426624871,0.34701869621773945,0.0598404255319149,0.10358565737051793,-0.04374523183860304,0.04374523183860304,0.009999999999999998,1.0,0.10358565737051793,Rolling prior probability,not applicable,0.04774535809018567,0.004746499995235354,0.0028509999974630773,,504,0.05555555555555555
2,Rolling prior probability [sigmoid],sigmoid,calibration,0.010687600006349385,0.5,0.10358565737051793,0.10358565737051793,1.0,0.18772563176895307,0.0951506660484723,0.35052546043528726,0.05567952946565879,0.10358565737051793,-0.047906127904859146,0.047906127904859146,0.009999999999999998,1.0,0.10358565737051793,Rolling prior probability,not applicable,0.04774535809018567,0.004746499995235354,0.0028509999974630773,,504,0.05555555555555555
3,Choquistic 1-additive [balanced],uncalibrated,selection validation,0.0,0.5665322580645161,0.014306006493506494,0.0,0.0,0.0,0.10639056171463201,0.38026416646288674,0.30254804934668966,0.008,0.29454804934668966,0.29454804934668966,0.9593441073760148,0.0,0.008,Choquistic 1-additive,balanced,0.19434216359981152,0.26011569998809136,0.22148789999482688,12.0,502,0.06573705179282868
3,Choquistic 1-additive [balanced] [sigmoid],sigmoid,calibration,0.012025300005916506,0.5665322580645161,0.014306006493506494,0.0,0.0,0.0,0.010703504816191079,0.08437293768357727,0.06059097342379058,0.008,0.05259097342379058,0.05259097342379058,0.06685365051365837,0.016,0.008,Choquistic 1-additive,balanced,0.19434216359981152,0.26011569998809136,0.22148789999482688,12.0,502,0.06573705179282868
3,Choquistic 1-additive [unweighted],uncalibrated,selection validation,0.0,0.5201612903225806,0.012121870024605587,0.0,0.0,0.0,0.009719067007949821,0.0720284524601409,0.046016207223802424,0.008,0.038016207223802424,0.038016207223802424,0.3943667655727013,0.0,0.008,Choquistic 1-additive,unweighted,0.1603899364961496,0.2902787999919383,0.3439914000045974,12.0,502,0.06573705179282868
3,Choquistic 1-additive [unweighted] [sigmoid],sigmoid,calibration,0.012967199989361688,0.5201612903225806,0.012121870024605587,0.0,0.0,0.0,0.01052191267282397,0.0826130628742926,0.05856879350646497,0.008,0.05056879350646497,0.05056879350646497,0.06908350326128986,0.024,0.008,Choquistic 1-additive,unweighted,0.1603899364961496,0.2902787999919383,0.3439914000045974,12.0,502,0.06573705179282868
3,Choquistic 2-additive [balanced],uncalibrated,selection validation,0.0,0.5564516129032258,0.019604863221884497,0.0,0.0,0.0,0.1213813097006337,0.416179138491903,0.32653783384418295,0.008,0.31853783384418294,0.31853783384418294,0.9469858007217303,0.0,0.008,Choquistic 2-additive,balanced,0.1664134904252489,1.1275457000010647,1.2186761000048136,57.0,502,0.06573705179282868
3,Choquistic 2-additive [balanced] [sigmoid],sigmoid,calibration,0.012735799988149665,0.5564516129032258,0.019604863221884497,0.0,0.0,0.0,0.011084980878832192,0.0877029926923956,0.06413338382359121,0.008,0.05613338382359121,0.05613338382359121,0.06595174779363759,0.04,0.008,Choquistic 2-additive,balanced,0.1664134904252489,1.1275457000010647,1.2186761000048136,57.0,502,0.06573705179282868
3,Choquistic 2-additive [unweighted],uncalibrated,selection validation,0.0,0.4254032258064516,0.011730013106159894,0.0,0.0,0.0,0.009273173401551923,0.06792968468301064,0.040605778769574476,0.008,0.032605778769574476,0.032605778769574476,0.458191772797364,0.0,0.008,Choquistic 2-additive,unweighted,0.17238466021001753,1.495975300000282,1.192963100009365,57.0,502,0.06573705179282868
3,Choquistic 2-additive [unweighted] [sigmoid],sigmoid,calibration,0.013635099996463396,0.4254032258064516,0.011730013106159894,0.0,0.0,0.0,0.010684213075189275,0.08421623890173126,0.06023195597623783,0.008,0.05223195597623783,0.05223195597623783,0.06502814840779766,0.06,0.008,Choquistic 2-additive,unweighted,0.17238466021001753,1.495975300000282,1.192963100009365,57.0,502,0.06573705179282868
3,Choquistic model aggregator [balanced],uncalibrated,selection validation,0.0,0.5887096774193548,0.028132678132678134,0.011627906976744186,0.5,0.022727272727272728,0.3543406698661804,0.9236099094860346,0.5845256400783605,0.008,0.5765256400783605,0.5765256400783605,0.636161685045795,0.344,0.008,Choquistic model aggregator,balanced,0.31149755036960436,0.21384900000703055,0.0,45.0,502,0.06573705179282868
3,Choquistic model aggregator [balanced] [sigmoid],sigmoid,calibration,0.009509900002740324,0.5887096774193548,0.028132678132678134,0.0,0.0,0.0,0.012114203916812496,0.093598395051832,0.07084203250047477,0.008,0.06284203250047476,0.06284203250047476,0.10459610134784174,0.072,0.008,Choquistic model aggregator,balanced,0.31149755036960436,0.21384900000703055,0.0,45.0,502,0.06573705179282868
3,Choquistic model aggregator [unweighted],uncalibrated,selection validation,0.0,0.7338709677419355,0.034936479128856626,0.010526315789473684,0.5,0.020618556701030927,0.017571169270745698,0.12697259349843074,0.10485767031637562,0.008,0.09685767031637563,0.09685767031637563,0.10394858149085252,0.38,0.008,Choquistic model aggregator,unweighted,0.23886117473895283,0.21140139999624807,0.0,45.0,502,0.06573705179282868
3,Choquistic model aggregator [unweighted] [sigmoid],sigmoid,calibration,0.010774599999422207,0.7338709677419355,0.034936479128856626,0.0,0.0,0.0,0.012090366367756698,0.09366371300747303,0.07165462147572518,0.008,0.06365462147572518,0.06365462147572518,0.11037058312634282,0.032,0.008,Choquistic model aggregator,unweighted,0.23886117473895283,0.21140139999624807,0.0,45.0,502,0.06573705179282868
3,Explicit interactions [balanced],uncalibrated,selection validation,0.0,0.4657258064516129,0.025820763087843833,0.015151515151515152,0.5,0.029411764705882353,0.1169976660731235,0.40701382108243767,0.3189978598692039,0.008,0.3109978598692039,0.3109978598692039,0.37173348453050437,0.264,0.008,Explicit interactions,balanced,0.26151282623917826,0.04179409999051131,0.010552699997788295,56.0,502,0.06573705179282868
3,Explicit interactions [balanced] [sigmoid],sigmoid,calibration,0.01070610000169836,0.4657258064516129,0.025820763087843833,0.0,0.0,0.0,0.010264820991239461,0.08018558350689889,0.055557685268457474,0.008,0.047557685268457474,0.047557685268457474,0.0663972795730202,0.064,0.008,Explicit interactions,balanced,0.26151282623917826,0.04179409999051131,0.010552699997788295,56.0,502,0.06573705179282868
3,Explicit interactions [unweighted],uncalibrated,selection validation,0.0,0.42338709677419356,0.01651606425702811,0.0,0.0,0.0,0.00979363019606858,0.0739719943530631,0.04676896927512288,0.008,0.03876896927512288,0.03876896927512288,0.07048967845586944,0.072,0.008,Explicit interactions,unweighted,0.2638446453375887,0.037481000006664544,0.007646600002772175,56.0,502,0.06573705179282868
3,Explicit interactions [unweighted] [sigmoid],sigmoid,calibration,0.011386500002117828,0.42338709677419356,0.01651606425702811,0.0,0.0,0.0,0.01088138899914337,0.08597302801950903,0.062103779886788474,0.008,0.054103779886788474,0.054103779886788474,0.06534440664406778,0.044,0.008,Explicit interactions,unweighted,0.2638446453375887,0.037481000006664544,0.007646600002772175,56.0,502,0.06573705179282868
3,Fuzzy Choquet neural network [balanced],uncalibrated,selection validation,0.0,0.5564516129032258,0.019604863221884497,0.0,0.0,0.0,0.010039072518637778,0.07644265798679663,0.051789605588934536,0.008,0.043789605588934535,0.043789605588934535,0.4110221198058165,0.0,0.008,Fuzzy Choquet neural network,balanced,0.1664134904252489,4.808845599996857,1.41117690000101,666.0,502,0.06573705179282868
3,Fuzzy Choquet neural network [balanced] [sigmoid],sigmoid,calibration,0.01552800000354182,0.4435483870967742,0.012566137566137565,0.005319148936170213,0.5,0.010526315789473684,0.01135991173627679,0.0899610253062733,0.06650719969707342,0.008,0.058507199697073416,0.058507199697073416,0.0663617607501783,0.752,0.008,Fuzzy Choquet neural network,balanced,0.1664134904252489,4.808845599996857,1.41117690000101,666.0,502,0.06573705179282868
3,Fuzzy Choquet neural network [unweighted],uncalibrated,selection validation,0.0,0.4254032258064516,0.011730013106159894,0.0,0.0,0.0,0.009453397524038423,0.07042094955820631,0.043805915935947924,0.008,0.035805915935947924,0.035805915935947924,0.42143101218599544,0.0,0.008,Fuzzy Choquet neural network,unweighted,0.17238466021001753,6.302709799987497,1.3755933000065852,666.0,502,0.06573705179282868
3,Fuzzy Choquet neural network [unweighted] [sigmoid],sigmoid,calibration,0.015195600004517473,0.4254032258064516,0.011730013106159894,0.0,0.0,0.0,0.010924934392816563,0.08634926596991074,0.06260469475675716,0.008,0.05460469475675716,0.05460469475675716,0.06469783463397015,0.06,0.008,Fuzzy Choquet neural network,unweighted,0.17238466021001753,6.302709799987497,1.3755933000065852,666.0,502,0.06573705179282868
3,Gradient boosting [balanced],uncalibrated,selection validation,0.0,0.4848790322580645,0.02595853971748303,0.010869565217391304,0.5,0.02127659574468085,0.2663774416768158,0.7282180389855474,0.4553381548437376,0.008,0.44733815484373757,0.44733815484373757,0.6170998071335625,0.368,0.008,Gradient boosting,balanced,0.19226773665774965,0.6315300999995088,0.07904969999799505,,502,0.06573705179282868
3,Gradient boosting [balanced] [sigmoid],sigmoid,calibration,0.01578660000814125,0.4848790322580645,0.02595853971748303,0.017857142857142856,0.5,0.034482758620689655,0.013458320400763349,0.10082373988553325,0.07596221888614883,0.008,0.06796221888614884,0.06796221888614884,0.10401560449414039,0.224,0.008,Gradient boosting,balanced,0.19226773665774965,0.6315300999995088,0.07904969999799505,,502,0.06573705179282868
3,Gradient boosting [unweighted],uncalibrated,selection validation,0.0,0.5161290322580645,0.04594017094017094,0.005813953488372093,0.5,0.011494252873563218,0.0607682802177765,0.23698808841869404,0.1819649839959737,0.008,0.17396498399597368,0.17396498399597368,0.06931545522573647,0.688,0.008,Gradient boosting,unweighted,0.1940493710516692,0.6871463999996195,0.1129687000066042,,502,0.06573705179282868
3,Gradient boosting [unweighted] [sigmoid],sigmoid,calibration,0.018899300004704855,0.5161290322580645,0.04594017094017094,0.02127659574468085,0.5,0.04081632653061224,0.012330319126554433,0.09528738043875978,0.07143053400577512,0.008,0.06343053400577511,0.06343053400577511,0.09431785053004735,0.188,0.008,Gradient boosting,unweighted,0.1940493710516692,0.6871463999996195,0.1129687000066042,,502,0.06573705179282868
3,Logistic [balanced],uncalibrated,selection validation,0.0,0.8588709677419355,0.04124149659863945,0.024096385542168676,1.0,0.047058823529411764,0.657889704263621,1.7366083401031347,0.8115109580802395,0.008,0.8035109580802395,0.8035109580802395,0.860030469104953,0.332,0.008,Logistic,balanced,0.2842283694889144,0.008561800001189113,0.0072189000056823716,11.0,502,0.06573705179282868
3,Logistic [balanced] [sigmoid],sigmoid,calibration,0.00956229999428615,0.8588709677419355,0.04124149659863945,0.025,0.5,0.047619047619047616,0.014517042618552177,0.1103295886704465,0.08929859815028936,0.008,0.08129859815028936,0.08129859815028936,0.11152115285516123,0.16,0.008,Logistic,balanced,0.2842283694889144,0.008561800001189113,0.0072189000056823716,11.0,502,0.06573705179282868
3,Logistic [unweighted],uncalibrated,selection validation,0.0,0.7217741935483871,0.09074074074074073,0.008,1.0,0.015873015873015872,0.0672032465007062,0.29086704502717126,0.24441473241091244,0.008,0.23641473241091243,0.23641473241091243,0.03873849157064447,1.0,0.008,Logistic,unweighted,0.2847071313820053,0.008367999995243736,0.007047599996440113,11.0,502,0.06573705179282868
3,Logistic [unweighted] [sigmoid],sigmoid,calibration,0.009965399993234314,0.7217741935483871,0.09074074074074073,0.00980392156862745,0.5,0.019230769230769232,0.016866476658347323,0.12420125615393396,0.10237020833393885,0.008,0.09437020833393886,0.09437020833393886,0.10629176070584807,0.408,0.008,Logistic,unweighted,0.2847071313820053,0.008367999995243736,0.007047599996440113,11.0,502,0.06573705179282868
3,Logistic oriented [balanced],uncalibrated,selection validation,0.0,0.8588709677419355,0.04124149659863945,0.024096385542168676,1.0,0.047058823529411764,0.657889704263621,1.7366083401031347,0.8115109580802395,0.008,0.8035109580802395,0.8035109580802395,0.860030469104953,0.332,0.008,Logistic oriented,balanced,0.2842283694889144,0.00997569999890402,0.008611299999756739,11.0,502,0.06573705179282868
3,Logistic oriented [balanced] [sigmoid],sigmoid,calibration,0.011249600007431582,0.8588709677419355,0.04124149659863945,0.025,0.5,0.047619047619047616,0.014517042618552177,0.1103295886704465,0.08929859815028936,0.008,0.08129859815028936,0.08129859815028936,0.11152115285516123,0.16,0.008,Logistic oriented,balanced,0.2842283694889144,0.00997569999890402,0.008611299999756739,11.0,502,0.06573705179282868
3,Logistic oriented [unweighted],uncalibrated,selection validation,0.0,0.7217741935483871,0.09074074074074073,0.008,1.0,0.015873015873015872,0.0672032465007062,0.29086704502717126,0.24441473241091244,0.008,0.23641473241091243,0.23641473241091243,0.03873849157064447,1.0,0.008,Logistic oriented,unweighted,0.2847071313820053,0.009403499992913567,0.00803779999841936,11.0,502,0.06573705179282868
3,Logistic oriented [unweighted] [sigmoid],sigmoid,calibration,0.012066300012520514,0.7217741935483871,0.09074074074074073,0.00980392156862745,0.5,0.019230769230769232,0.016866476658347323,0.12420125615393396,0.10237020833393885,0.008,0.09437020833393886,0.09437020833393886,0.10629176070584807,0.408,0.008,Logistic oriented,unweighted,0.2847071313820053,0.009403499992913567,0.00803779999841936,11.0,502,0.06573705179282868
3,MLP [balanced],uncalibrated,selection validation,0.0,0.7923387096774194,0.028006267136701922,0.013245033112582781,1.0,0.026143790849673203,0.6246450200525794,7.1971679599497005,0.6581506695670043,0.008,0.6501506695670043,0.6501506695670043,0.8936150717659448,0.604,0.008,MLP,balanced,0.29482939619190957,2.7939872999995714,0.6921003000024939,,502,0.06573705179282868
3,MLP [balanced] [sigmoid],sigmoid,calibration,0.012534199995570816,0.7923387096774194,0.028006267136701922,0.009478672985781991,1.0,0.018779342723004695,0.012874225766633099,0.09933405563952497,0.07759743769869741,0.008,0.06959743769869742,0.06959743769869742,0.05186853091956212,0.844,0.008,MLP,balanced,0.29482939619190957,2.7939872999995714,0.6921003000024939,,502,0.06573705179282868
3,MLP [unweighted],uncalibrated,selection validation,0.0,0.4334677419354839,0.01041497592382189,0.0,0.0,0.0,0.16783795233363885,0.5212671297643636,0.39623638694492286,0.008,0.38823638694492285,0.38823638694492285,0.8536856714702232,0.0,0.008,MLP,unweighted,0.20912245112456257,3.0522133000049507,0.12988700000278186,,502,0.06573705179282868
3,MLP [unweighted] [sigmoid],sigmoid,calibration,0.010210699998424388,0.4334677419354839,0.01041497592382189,0.0,0.0,0.0,0.015099230700204188,0.11281996897130525,0.08892010926251141,0.008,0.08092010926251142,0.08092010926251142,0.10086264272554037,0.3,0.008,MLP,unweighted,0.20912245112456257,3.0522133000049507,0.12988700000278186,,502,0.06573705179282868
3,Penalized logistic [balanced],uncalibrated,selection validation,0.0,0.8528225806451613,0.03869047619047619,0.02631578947368421,1.0,0.05128205128205128,0.6007014046342597,1.5441588398305937,0.7746012461393114,0.008,0.7666012461393114,0.7666012461393114,0.8348172217765348,0.304,0.008,Penalized logistic,balanced,0.2770276904913838,0.03292440000222996,0.007002700003795326,11.0,502,0.06573705179282868
3,Penalized logistic [balanced] [sigmoid],sigmoid,calibration,0.010021800000686198,0.8528225806451613,0.03869047619047619,0.022727272727272728,0.5,0.043478260869565216,0.014069190569205485,0.10738684071024525,0.08635463267179355,0.008,0.07835463267179354,0.07835463267179354,0.10613966889083534,0.176,0.008,Penalized logistic,balanced,0.2770276904913838,0.03292440000222996,0.007002700003795326,11.0,502,0.06573705179282868
3,Penalized logistic [unweighted],uncalibrated,selection validation,0.0,0.7298387096774194,0.09096692111959287,0.008,1.0,0.015873015873015872,0.06267594315397083,0.2788806289052735,0.2352867573541234,0.008,0.2272867573541234,0.2272867573541234,0.03630179101259879,1.0,0.008,Penalized logistic,unweighted,0.2856157196192851,0.030720900002052076,0.0069958999956725165,11.0,502,0.06573705179282868
3,Penalized logistic [unweighted] [sigmoid],sigmoid,calibration,0.010177899996051565,0.7298387096774194,0.09096692111959287,0.011904761904761904,0.5,0.023255813953488372,0.016657517291149237,0.12301525484598407,0.10124064334286738,0.008,0.09324064334286739,0.09324064334286739,0.10744947007089709,0.336,0.008,Penalized logistic,unweighted,0.2856157196192851,0.030720900002052076,0.0069958999956725165,11.0,502,0.06573705179282868
3,RBF SVM [balanced],uncalibrated,selection validation,0.0,0.5786290322580645,0.020738107330286103,0.0,0.0,0.0,0.01258541934845568,0.09020834988327775,0.06618300553772244,0.008,0.05818300553772244,0.05818300553772244,0.12467164256415003,0.076,0.008,RBF SVM,balanced,0.18656552166331988,0.12177159999555442,0.0631023999885656,,502,0.06573705179282868
3,RBF SVM [balanced] [sigmoid],sigmoid,calibration,0.026057299997773953,0.5786290322580645,0.020738107330286103,0.0,0.0,0.0,0.009625944678419079,0.0721964362444401,0.04730133500983085,0.008,0.03930133500983085,0.03930133500983085,0.08709516871718424,0.02,0.008,RBF SVM,balanced,0.18656552166331988,0.12177159999555442,0.0631023999885656,,502,0.06573705179282868
3,RBF SVM [unweighted],uncalibrated,selection validation,0.0,0.4576612903225807,0.017112358314075052,0.006578947368421052,0.5,0.012987012987012988,0.02089796541103958,0.14373767549439534,0.11913973727744027,0.008,0.11113973727744028,0.11113973727744028,0.11155525181680727,0.608,0.008,RBF SVM,unweighted,0.1836369807247484,0.08646990000852384,0.03139289999671746,,502,0.06573705179282868
3,RBF SVM [unweighted] [sigmoid],sigmoid,calibration,0.014754000003449619,0.4576612903225807,0.017112358314075052,0.008403361344537815,1.0,0.016666666666666666,0.011415667681981986,0.09037687910721164,0.066881260223662,0.008,0.058881260223662,0.058881260223662,0.06300797979802066,0.952,0.008,RBF SVM,unweighted,0.1836369807247484,0.08646990000852384,0.03139289999671746,,502,0.06573705179282868
3,Random forest [balanced],uncalibrated,selection validation,0.0,0.4838709677419355,0.021033478893740902,0.012987012987012988,0.5,0.02531645569620253,0.16405929385149068,0.5019193218468787,0.3701051522164745,0.008,0.3621051522164745,0.3621051522164745,0.46286488212973337,0.308,0.008,Random forest,balanced,0.16824675542964515,2.2653721000096994,0.35238979999849107,,502,0.06573705179282868
3,Random forest [balanced] [sigmoid],sigmoid,calibration,0.1452693999890471,0.4838709677419355,0.021033478893740902,0.022727272727272728,0.5,0.043478260869565216,0.010363897962463973,0.07743994095423383,0.051346852505419566,0.008,0.043346852505419566,0.043346852505419566,0.08171974382760794,0.176,0.008,Random forest,balanced,0.16824675542964515,2.2653721000096994,0.35238979999849107,,502,0.06573705179282868
3,Random forest [unweighted],uncalibrated,selection validation,0.0,0.8709677419354838,0.045548654244306416,0.022727272727272728,1.0,0.044444444444444446,0.02682131260461811,0.16075641731375892,0.13743188038551069,0.008,0.12943188038551068,0.12943188038551068,0.1523048658948112,0.352,0.008,Random forest,unweighted,0.12936935810369046,2.1764065000024857,0.3621735000051558,,502,0.06573705179282868
3,Random forest [unweighted] [sigmoid],sigmoid,calibration,0.154808100007358,0.8709677419354838,0.045548654244306416,0.018867924528301886,1.0,0.037037037037037035,0.011218377915842296,0.08750884046834034,0.06598831231119923,0.008,0.057988312311199226,0.057988312311199226,0.06523904849989372,0.424,0.008,Random forest,unweighted,0.12936935810369046,2.1764065000024857,0.3621735000051558,,502,0.06573705179282868
3,Rolling prior probability,uncalibrated,selection validation,0.0,0.5,0.008,0.008,1.0,0.015873015873015872,0.012153761723504703,0.0960801662301566,0.07294429708222812,0.008,0.06494429708222813,0.06494429708222813,0.01,1.0,0.008,Rolling prior probability,not applicable,0.06315789473684211,0.004575700004352257,0.0030838999955449253,,502,0.06573705179282868
3,Rolling prior probability [sigmoid],sigmoid,calibration,0.01073039999755565,0.5,0.008,0.008,1.0,0.015873015873015872,0.011281745992321984,0.08932918998642364,0.0658424238109191,0.008,0.05784242381091911,0.05784242381091911,0.01,1.0,0.008,Rolling prior probability,not applicable,0.06315789473684211,0.004575700004352257,0.0030838999955449253,,502,0.06573705179282868
4,Choquistic 1-additive [balanced],uncalibrated,selection validation,0.0,0.602641056422569,0.0851072097754493,0.1111111111111111,0.07142857142857142,0.08695652173913043,0.14600579915821374,0.47515137437369526,0.35152833552940277,0.05555555555555555,0.2959727799738472,0.2959727799738472,0.5600804175011199,0.03571428571428571,0.05555555555555555,Choquistic 1-additive,balanced,0.046964952348609874,0.28571820000070147,0.273472100001527,12.0,500,0.056
4,Choquistic 1-additive [balanced] [sigmoid],sigmoid,calibration,0.011482799993245862,0.602641056422569,0.0851072097754493,0.1111111111111111,0.07142857142857142,0.08695652173913043,0.05245162830977506,0.21403093102734735,0.04487972373732236,0.05555555555555555,-0.010675831818233193,0.010675831818233193,0.0649810244443614,0.03571428571428571,0.05555555555555555,Choquistic 1-additive,balanced,0.046964952348609874,0.28571820000070147,0.273472100001527,12.0,500,0.056
4,Choquistic 1-additive [unweighted],uncalibrated,selection validation,0.0,0.6008403361344538,0.08574079593092851,0.0,0.0,0.0,0.05315622390480503,0.22395554501949402,0.028008541591282347,0.05555555555555555,-0.027547013964273205,0.027547013964273205,0.0701762129644021,0.007936507936507936,0.05555555555555555,Choquistic 1-additive,unweighted,0.0729026046390708,0.33457130000169855,0.2553226000018185,12.0,500,0.056
4,Choquistic 1-additive [unweighted] [sigmoid],sigmoid,calibration,0.013128099992172793,0.6008403361344538,0.08574079593092851,0.14285714285714285,0.07142857142857142,0.09523809523809523,0.05245529705673479,0.21411923112843864,0.04521198356223258,0.05555555555555555,-0.010343571993322975,0.010343571993322975,0.06477097400412472,0.027777777777777776,0.05555555555555555,Choquistic 1-additive,unweighted,0.0729026046390708,0.33457130000169855,0.2553226000018185,12.0,500,0.056
4,Choquistic 2-additive [balanced],uncalibrated,selection validation,0.0,0.5456182472989195,0.07911310440181116,0.0,0.0,0.0,0.11349019207632188,0.40121858368230623,0.2942414112220851,0.05555555555555555,0.23868585566652953,0.23868585566652953,0.6223436396334089,0.003968253968253968,0.05555555555555555,Choquistic 2-additive,balanced,0.04254092177314563,1.1958138000045437,1.403008499997668,57.0,500,0.056
4,Choquistic 2-additive [balanced] [sigmoid],sigmoid,calibration,0.01323890000639949,0.5456182472989195,0.07911310440181116,0.1111111111111111,0.07142857142857142,0.08695652173913043,0.052465910652381105,0.21448986304257825,0.04886123799344831,0.05555555555555555,-0.006694317562107241,0.006694317562107241,0.05785182801009414,0.03571428571428571,0.05555555555555555,Choquistic 2-additive,balanced,0.04254092177314563,1.1958138000045437,1.403008499997668,57.0,500,0.056
4,Choquistic 2-additive [unweighted],uncalibrated,selection validation,0.0,0.5828331332533013,0.07952803344633314,0.0,0.0,0.0,0.05356798024127792,0.23285855398492206,0.021515590131340797,0.05555555555555555,-0.03403996542421475,0.03403996542421475,0.0955163837532791,0.0,0.05555555555555555,Choquistic 2-additive,unweighted,0.0719684314643943,1.3899883000121918,1.2965323999960674,57.0,500,0.056
4,Choquistic 2-additive [unweighted] [sigmoid],sigmoid,calibration,0.014367299998411909,0.5828331332533013,0.07952803344633314,0.05,0.07142857142857142,0.058823529411764705,0.05243257474045915,0.2141213764339008,0.04936051994950377,0.05555555555555555,-0.00619503560605178,0.00619503560605178,0.054467242655773726,0.07936507936507936,0.05555555555555555,Choquistic 2-additive,unweighted,0.0719684314643943,1.3899883000121918,1.2965323999960674,57.0,500,0.056
4,Choquistic model aggregator [balanced],uncalibrated,selection validation,0.0,0.5387154861944778,0.07488821037962531,0.05714285714285714,0.42857142857142855,0.10084033613445378,0.44133160577884095,1.1133795637311492,0.674555448237901,0.05555555555555555,0.6189998926823455,0.6189998926823455,0.6970212397753867,0.4166666666666667,0.05555555555555555,Choquistic model aggregator,balanced,0.10181325916621156,0.17428130000189412,0.0,45.0,500,0.056
4,Choquistic model aggregator [balanced] [sigmoid],sigmoid,calibration,0.009507700000540353,0.5387154861944778,0.07488821037962531,0.08333333333333333,0.07142857142857142,0.07692307692307693,0.05243807868194403,0.21406213086842887,0.057080020879872836,0.05555555555555555,0.001524465324317284,0.001524465324317284,0.07227714647729186,0.047619047619047616,0.05555555555555555,Choquistic model aggregator,balanced,0.10181325916621156,0.17428130000189412,0.0,45.0,500,0.056
4,Choquistic model aggregator [unweighted],uncalibrated,selection validation,0.0,0.6008403361344538,0.09133764590728614,0.06358381502890173,0.7857142857142857,0.11764705882352941,0.053368179414739446,0.21670692636857392,0.07362455572184147,0.05555555555555555,0.018069000166285917,0.018069000166285917,0.06447576031124466,0.6865079365079365,0.05555555555555555,Choquistic model aggregator,unweighted,0.05105299325046882,0.24289439999847673,0.0,45.0,500,0.056
4,Choquistic model aggregator [unweighted] [sigmoid],sigmoid,calibration,0.010653699995600618,0.6008403361344538,0.09133764590728614,0.08411214953271028,0.6428571428571429,0.1487603305785124,0.05245689017189315,0.21355233118209035,0.05699592659602634,0.05555555555555555,0.0014403710404707892,0.0014403710404707892,0.05550728781209713,0.4246031746031746,0.05555555555555555,Choquistic model aggregator,unweighted,0.05105299325046882,0.24289439999847673,0.0,45.0,500,0.056
4,Explicit interactions [balanced],uncalibrated,selection validation,0.0,0.6275510204081634,0.08762151145044249,0.05555555555555555,1.0,0.10526315789473684,0.6775841598367568,1.9178902846531194,0.8442633303639765,0.05555555555555555,0.7887077748084209,0.7887077748084209,0.3085542837355766,1.0,0.05555555555555555,Explicit interactions,balanced,0.05469106525987012,0.04987770000298042,0.017401899996912107,56.0,500,0.056
4,Explicit interactions [balanced] [sigmoid],sigmoid,calibration,0.011213099991437048,0.6275510204081634,0.08762151145044249,0.07407407407407407,0.2857142857142857,0.11764705882352941,0.052402800833852174,0.21395773041253358,0.06440567120121415,0.05555555555555555,0.008850115645658602,0.008850115645658602,0.06714748449470742,0.21428571428571427,0.05555555555555555,Explicit interactions,balanced,0.05469106525987012,0.04987770000298042,0.017401899996912107,56.0,500,0.056
4,Explicit interactions [unweighted],uncalibrated,selection validation,0.0,0.6008403361344538,0.09133764590728614,0.06358381502890173,0.7857142857142857,0.11764705882352941,0.05353089159992317,0.21595726767070944,0.07256551667802127,0.05555555555555555,0.017009961122465722,0.017009961122465722,0.05419704795277302,0.6865079365079365,0.05555555555555555,Explicit interactions,unweighted,0.05105299325046882,0.04484250000678003,0.015014799995697103,56.0,500,0.056
4,Explicit interactions [unweighted] [sigmoid],sigmoid,calibration,0.011854000011226162,0.6008403361344538,0.09133764590728614,0.08411214953271028,0.6428571428571429,0.1487603305785124,0.05228289676687409,0.21268621209082886,0.059020999481407634,0.05555555555555555,0.003465443925852081,0.003465443925852081,0.059171193239686636,0.4246031746031746,0.05555555555555555,Explicit interactions,unweighted,0.05105299325046882,0.04484250000678003,0.015014799995697103,56.0,500,0.056
4,Fuzzy Choquet neural network [balanced],uncalibrated,selection validation,0.0,0.4543817527010805,0.052285257659902766,0.0,0.0,0.0,0.05251166068802899,0.21497540811202695,0.0532694378222235,0.05555555555555555,-0.002286117733332052,0.002286117733332052,0.07695498480308506,0.0,0.05555555555555555,Fuzzy Choquet neural network,balanced,0.05476172150606005,5.183533700008411,1.4990875999937998,154.0,500,0.056
4,Fuzzy Choquet neural network [balanced] [sigmoid],sigmoid,calibration,0.016119899999466725,0.5456182472989195,0.07911310440181116,0.1111111111111111,0.07142857142857142,0.08695652173913043,0.05246758065316798,0.2144924338371572,0.04821600732681822,0.05555555555555555,-0.007339548228737336,0.007339548228737336,0.058566807828223585,0.03571428571428571,0.05555555555555555,Fuzzy Choquet neural network,balanced,0.05476172150606005,5.183533700008411,1.4990875999937998,154.0,500,0.056
4,Fuzzy Choquet neural network [unweighted],uncalibrated,selection validation,0.0,0.5828331332533013,0.07952803344633314,0.0,0.0,0.0,0.05333624069501263,0.2276736200299377,0.02508723871215053,0.05555555555555555,-0.03046831684340502,0.03046831684340502,0.09395733802836204,0.0,0.05555555555555555,Fuzzy Choquet neural network,unweighted,0.0719684314643943,5.835903799990774,1.466324099994381,666.0,500,0.056
4,Fuzzy Choquet neural network [unweighted] [sigmoid],sigmoid,calibration,0.015344599989475682,0.5828331332533013,0.07952803344633314,0.05,0.07142857142857142,0.058823529411764705,0.05245718935062656,0.21443133082811658,0.05279909411314213,0.05555555555555555,-0.00275646144241342,0.00275646144241342,0.054295548073058586,0.07936507936507936,0.05555555555555555,Fuzzy Choquet neural network,unweighted,0.0719684314643943,5.835903799990774,1.466324099994381,666.0,500,0.056
4,Gradient boosting [balanced],uncalibrated,selection validation,0.0,0.6209483793517406,0.10302039184535072,0.06818181818181818,0.8571428571428571,0.12631578947368421,0.2712702708420773,0.7428737434960676,0.4776135067699739,0.05555555555555555,0.42205795121441836,0.42205795121441836,0.2933674951688487,0.6984126984126984,0.05555555555555555,Gradient boosting,balanced,0.0226282926068026,0.664406500000041,0.0669723999890266,,500,0.056
4,Gradient boosting [balanced] [sigmoid],sigmoid,calibration,0.017376199990394525,0.6209483793517406,0.10302039184535072,0.06837606837606838,0.5714285714285714,0.12213740458015267,0.05226477205741812,0.21264204005115037,0.056716446441046744,0.05555555555555555,0.001160890885491192,0.001160890885491192,0.05817036615015046,0.4642857142857143,0.05555555555555555,Gradient boosting,balanced,0.0226282926068026,0.664406500000041,0.0669723999890266,,500,0.056
4,Gradient boosting [unweighted],uncalibrated,selection validation,0.0,0.5747298919567827,0.07412355336004364,0.07586206896551724,0.7857142857142857,0.13836477987421383,0.10496203444718245,0.3725888809453205,0.14673187335627827,0.05555555555555555,0.09117631780072272,0.09117631780072272,0.01,0.5753968253968254,0.05555555555555555,Gradient boosting,unweighted,0.023247407692105457,0.6625748999940697,0.10337889999209438,,500,0.056
4,Gradient boosting [unweighted] [sigmoid],sigmoid,calibration,0.017077800002880394,0.4252701080432173,0.07164511270390306,0.028037383177570093,0.21428571428571427,0.049586776859504134,0.0524762362516893,0.214626197623506,0.0560470299651379,0.05555555555555555,0.0004914744095823459,0.0004914744095823459,0.056132503518155796,0.4246031746031746,0.05555555555555555,Gradient boosting,unweighted,0.023247407692105457,0.6625748999940697,0.10337889999209438,,500,0.056
4,Logistic [balanced],uncalibrated,selection validation,0.0,0.6047418967587035,0.08357409034159355,0.06293706293706294,0.6428571428571429,0.11464968152866242,0.876785451631804,3.311483824225225,0.9636649460036061,0.05555555555555555,0.9081093904480505,0.9081093904480505,0.9619537967956806,0.5674603174603174,0.05555555555555555,Logistic,balanced,0.04120973579880562,0.009423499999684282,0.006682800012640655,11.0,500,0.056
4,Logistic [balanced] [sigmoid],sigmoid,calibration,0.00992390001192689,0.6047418967587035,0.08357409034159355,0.06172839506172839,0.7142857142857143,0.11363636363636363,0.05386582030449781,0.21935281679998078,0.08323024664499591,0.05555555555555555,0.02767469108944036,0.02767469108944036,0.06874542772703661,0.6428571428571429,0.05555555555555555,Logistic,balanced,0.04120973579880562,0.009423499999684282,0.006682800012640655,11.0,500,0.056
4,Logistic [unweighted],uncalibrated,selection validation,0.0,0.5606242496998799,0.07609424370202889,0.05963302752293578,0.9285714285714286,0.11206896551724138,0.26502677731714586,0.7312012278298281,0.5031471879033143,0.05555555555555555,0.44759163234775867,0.44759163234775867,0.3735217967186856,0.8650793650793651,0.05555555555555555,Logistic,unweighted,0.08149743413799172,0.010324799994123168,0.006116199991083704,11.0,500,0.056
4,Logistic [unweighted] [sigmoid],sigmoid,calibration,0.00973629999498371,0.5606242496998799,0.07609424370202889,0.05454545454545454,0.6428571428571429,0.1005586592178771,0.052935654796803996,0.2176131726664264,0.07750212985926869,0.05555555555555555,0.021946574303713134,0.021946574303713134,0.07076123170839853,0.6547619047619048,0.05555555555555555,Logistic,unweighted,0.08149743413799172,0.010324799994123168,0.006116199991083704,11.0,500,0.056
4,Logistic oriented [balanced],uncalibrated,selection validation,0.0,0.6047418967587035,0.08357409034159355,0.06293706293706294,0.6428571428571429,0.11464968152866242,0.876785451631804,3.311483824225225,0.9636649460036061,0.05555555555555555,0.9081093904480505,0.9081093904480505,0.9619537967956806,0.5674603174603174,0.05555555555555555,Logistic oriented,balanced,0.04120973579880562,0.010612900005071424,0.007615800001076423,11.0,500,0.056
4,Logistic oriented [balanced] [sigmoid],sigmoid,calibration,0.011857000004965812,0.6047418967587035,0.08357409034159355,0.06172839506172839,0.7142857142857143,0.11363636363636363,0.05386582030449781,0.21935281679998078,0.08323024664499591,0.05555555555555555,0.02767469108944036,0.02767469108944036,0.06874542772703661,0.6428571428571429,0.05555555555555555,Logistic oriented,balanced,0.04120973579880562,0.010612900005071424,0.007615800001076423,11.0,500,0.056
4,Logistic oriented [unweighted],uncalibrated,selection validation,0.0,0.5606242496998799,0.07609424370202889,0.05963302752293578,0.9285714285714286,0.11206896551724138,0.26502677731714586,0.7312012278298281,0.5031471879033143,0.05555555555555555,0.44759163234775867,0.44759163234775867,0.3735217967186856,0.8650793650793651,0.05555555555555555,Logistic oriented,unweighted,0.08149743413799172,0.014482099999440834,0.007006400002865121,11.0,500,0.056
4,Logistic oriented [unweighted] [sigmoid],sigmoid,calibration,0.011999299997114576,0.5606242496998799,0.07609424370202889,0.05454545454545454,0.6428571428571429,0.1005586592178771,0.052935654796803996,0.2176131726664264,0.07750212985926869,0.05555555555555555,0.021946574303713134,0.021946574303713134,0.07076123170839853,0.6547619047619048,0.05555555555555555,Logistic oriented,unweighted,0.08149743413799172,0.014482099999440834,0.007006400002865121,11.0,500,0.056
4,MLP [balanced],uncalibrated,selection validation,0.0,0.5348139255702281,0.0744235048348856,0.0661764705882353,0.6428571428571429,0.12,0.34466766325021314,0.8910770634475015,0.5921506967034333,0.05555555555555555,0.5365951411478778,0.5365951411478778,0.5818475954291384,0.5396825396825397,0.05555555555555555,MLP,balanced,0.08455768312044668,4.389584899996407,0.058544700004858896,,500,0.056
4,MLP [balanced] [sigmoid],sigmoid,calibration,0.010423700005048886,0.5348139255702281,0.0744235048348856,0.09090909090909091,0.07142857142857142,0.08,0.052441439148895215,0.21410928585777067,0.05641572016761243,0.05555555555555555,0.0008601646120568809,0.0008601646120568809,0.0722019725248908,0.04365079365079365,0.05555555555555555,MLP,balanced,0.08455768312044668,4.389584899996407,0.058544700004858896,,500,0.056
4,MLP [unweighted],uncalibrated,selection validation,0.0,0.5750300120048019,0.08149084050368546,0.0,0.0,0.0,0.11443315157117999,0.39925282663943923,0.29044980802640763,0.05555555555555555,0.23489425247085208,0.23489425247085208,0.577147825435716,0.015873015873015872,0.05555555555555555,MLP,unweighted,0.0937187575431139,2.946183599997312,0.10643590000108816,,500,0.056
4,MLP [unweighted] [sigmoid],sigmoid,calibration,0.010169700006372295,0.5750300120048019,0.08149084050368546,0.16666666666666666,0.07142857142857142,0.1,0.052538395650038726,0.21465733680959917,0.047327361154081066,0.05555555555555555,-0.008228194401474487,0.008228194401474487,0.11539801036107128,0.023809523809523808,0.05555555555555555,MLP,unweighted,0.0937187575431139,2.946183599997312,0.10643590000108816,,500,0.056
4,Penalized logistic [balanced],uncalibrated,selection validation,0.0,0.6116446578631453,0.08307909416291503,0.059907834101382486,0.9285714285714286,0.11255411255411256,0.2575205179927116,0.7097736615972609,0.5062615199732383,0.05555555555555555,0.45070596441768274,0.45070596441768274,0.4420613176021592,0.8611111111111112,0.05555555555555555,Penalized logistic,balanced,0.04630982441570119,0.033068100005039014,0.005065299992565997,11.0,500,0.056
4,Penalized logistic [balanced] [sigmoid],sigmoid,calibration,0.011016599994036369,0.6116446578631453,0.08307909416291503,0.2,0.07142857142857142,0.10526315789473684,0.05236579572734431,0.21313275026301728,0.050121202133340016,0.05555555555555555,-0.005434353422215536,0.005434353422215536,0.07327910211371741,0.01984126984126984,0.05555555555555555,Penalized logistic,balanced,0.04630982441570119,0.033068100005039014,0.005065299992565997,11.0,500,0.056
4,Penalized logistic [unweighted],uncalibrated,selection validation,0.0,0.5603241296518607,0.0757700109061188,0.05829596412556054,0.9285714285714286,0.10970464135021098,0.23843624722518253,0.6740130118403882,0.4730652836715108,0.05555555555555555,0.4175097281159552,0.4175097281159552,0.33971882944199683,0.8849206349206349,0.05555555555555555,Penalized logistic,unweighted,0.07793734663643317,0.03262189999804832,0.006527400008053519,11.0,500,0.056
4,Penalized logistic [unweighted] [sigmoid],sigmoid,calibration,0.009669899998698384,0.5603241296518607,0.0757700109061188,0.0547945205479452,0.5714285714285714,0.1,0.0530112139831615,0.2180170632840361,0.0787164669866683,0.05555555555555555,0.02316091143111275,0.02316091143111275,0.07400179125217494,0.5793650793650794,0.05555555555555555,Penalized logistic,unweighted,0.07793734663643317,0.03262189999804832,0.006527400008053519,11.0,500,0.056
4,RBF SVM [balanced],uncalibrated,selection validation,0.0,0.5882352941176471,0.10157553583775653,0.06451612903225806,0.5714285714285714,0.11594202898550725,0.05459004661974668,0.22474454303311395,0.09644922983205154,0.05555555555555555,0.040893674276495984,0.040893674276495984,0.08528501802936161,0.49206349206349204,0.05555555555555555,RBF SVM,balanced,0.06499946919771654,0.11464929999783635,0.05597950000083074,,500,0.056
4,RBF SVM [balanced] [sigmoid],sigmoid,calibration,0.023198599999886937,0.5885354141656662,0.10159240151946737,0.1111111111111111,0.07142857142857142,0.08695652173913043,0.05239561042217004,0.2138930799358501,0.0572619486663544,0.05555555555555555,0.0017063931107988498,0.0017063931107988498,0.06431233542389182,0.03571428571428571,0.05555555555555555,RBF SVM,balanced,0.06499946919771654,0.11464929999783635,0.05597950000083074,,500,0.056
4,RBF SVM [unweighted],uncalibrated,selection validation,0.0,0.5705282112845138,0.09144250386215196,0.1111111111111111,0.07142857142857142,0.08695652173913043,0.052480688456987716,0.21462992569574219,0.0697213954144948,0.05555555555555555,0.014165839858939253,0.014165839858939253,0.08608053635487597,0.03571428571428571,0.05555555555555555,RBF SVM,unweighted,0.12426144641946742,0.07525899999018293,0.025541700000758283,,500,0.056
4,RBF SVM [unweighted] [sigmoid],sigmoid,calibration,0.013966099999379367,0.572328931572629,0.09155896348948114,0.0,0.0,0.0,0.052454930399054536,0.21442551328356846,0.05647635418132334,0.05555555555555555,0.0009207986257677853,0.0009207986257677853,0.059072464058765414,0.0,0.05555555555555555,RBF SVM,unweighted,0.12426144641946742,0.07525899999018293,0.025541700000758283,,500,0.056
4,Random forest [balanced],uncalibrated,selection validation,0.0,0.5957382953181273,0.09286853526059873,0.0782608695652174,0.6428571428571429,0.13953488372093023,0.15584326869254633,0.49442318796660684,0.36748978086972056,0.05555555555555555,0.31193422531416504,0.31193422531416504,0.36853763876376483,0.45634920634920634,0.05555555555555555,Random forest,balanced,0.02837449741943419,2.190103100001579,0.35922680000658147,,500,0.056
4,Random forest [balanced] [sigmoid],sigmoid,calibration,0.14564910001354292,0.5957382953181273,0.09286853526059873,0.10344827586206896,0.21428571428571427,0.13953488372093023,0.05224191916944543,0.21240312212050036,0.05524527047119014,0.05555555555555555,-0.0003102850843654109,0.0003102850843654109,0.06642483343390056,0.11507936507936507,0.05555555555555555,Random forest,balanced,0.02837449741943419,2.190103100001579,0.35922680000658147,,500,0.056
4,Random forest [unweighted],uncalibrated,selection validation,0.0,0.5139555822328932,0.07656393796103717,0.0,0.0,0.0,0.05396673201563219,0.2236470263812059,0.0938394255407042,0.05555555555555555,0.03828386998514864,0.03828386998514864,0.16558086181673556,0.003968253968253968,0.05555555555555555,Random forest,unweighted,0.050235087298722274,2.1717310000094585,0.3482256999996025,,500,0.056
4,Random forest [unweighted] [sigmoid],sigmoid,calibration,0.1448750999988988,0.48604441776710683,0.05594922776028847,0.0,0.0,0.0,0.0526946818591775,0.21682085075494076,0.04960180785314292,0.05555555555555555,-0.00595374770241263,0.00595374770241263,0.0675130601755696,0.03968253968253968,0.05555555555555555,Random forest,unweighted,0.050235087298722274,2.1717310000094585,0.3482256999996025,,500,0.056
4,Rolling prior probability,uncalibrated,selection validation,0.0,0.5,0.05555555555555555,0.05555555555555555,1.0,0.10526315789473684,0.05260948593872589,0.2161102535465511,0.04370860927152319,0.05555555555555555,-0.011846946284032364,0.011846946284032364,0.01,1.0,0.05555555555555555,Rolling prior probability,not applicable,0.026385224274406333,0.0047301000013248995,0.0028072999994037673,,500,0.056
4,Rolling prior probability [sigmoid],sigmoid,calibration,0.00973560000420548,0.5,0.05555555555555555,0.05555555555555555,1.0,0.10526315789473684,0.052469459949959864,0.2145622244008662,0.056124895077042505,0.05555555555555555,0.0005693395214869529,0.0005693395214869529,0.01,1.0,0.05555555555555555,Rolling prior probability,not applicable,0.026385224274406333,0.0047301000013248995,0.0028072999994037673,,500,0.056
5,Choquistic 1-additive [balanced],uncalibrated,selection validation,0.0,0.7160283687943263,0.12858349893706347,0.06,1.0,0.11320754716981132,0.22299987439764624,0.6397649397164237,0.4675727239131237,0.06,0.4075727239131237,0.4075727239131237,0.024538066815615694,1.0,0.06,Choquistic 1-additive,balanced,0.08581171741529348,0.21952579999924637,0.201607499999227,12.0,501,0.031936127744510975
5,Choquistic 1-additive [balanced] [sigmoid],sigmoid,calibration,0.0126105999952415,0.28397163120567376,0.07381574593067558,0.03664921465968586,0.4666666666666667,0.06796116504854369,0.05970592251228128,0.25921136483297946,0.06982640550138242,0.06,0.009826405501382418,0.009826405501382418,0.044821417193364084,0.764,0.06,Choquistic 1-additive,balanced,0.08581171741529348,0.21952579999924637,0.201607499999227,12.0,501,0.031936127744510975
5,Choquistic 1-additive [unweighted],uncalibrated,selection validation,0.0,0.7120567375886524,0.1444787198582916,0.06,1.0,0.11320754716981132,0.05540634721558787,0.21824230811699186,0.06302708602614233,0.06,0.0030270860261423366,0.0030270860261423366,0.00236092567773446,1.0,0.06,Choquistic 1-additive,unweighted,0.08566233477662495,0.3310568000015337,0.2773923000058858,12.0,501,0.031936127744510975
5,Choquistic 1-additive [unweighted] [sigmoid],sigmoid,calibration,0.01302709999436047,0.2879432624113475,0.1072944335942594,0.036458333333333336,0.4666666666666667,0.06763285024154589,0.058569378697108924,0.25887590915240066,0.05034210331438869,0.06,-0.00965789668561131,0.00965789668561131,0.033404198356788255,0.768,0.06,Choquistic 1-additive,unweighted,0.08566233477662495,0.3310568000015337,0.2773923000058858,12.0,501,0.031936127744510975
5,Choquistic 2-additive [balanced],uncalibrated,selection validation,0.0,0.6845390070921986,0.12712329703113498,0.06,1.0,0.11320754716981132,0.2600253673601002,0.7178136911935319,0.50926221195657,0.06,0.44926221195656996,0.44926221195656996,0.0364099592527553,1.0,0.06,Choquistic 2-additive,balanced,0.08651706513011383,0.9334606999909738,0.997394499994698,57.0,501,0.031936127744510975
5,Choquistic 2-additive [balanced] [sigmoid],sigmoid,calibration,0.013794700003927574,0.6845390070921986,0.12712329703113498,0.1111111111111111,0.06666666666666667,0.08333333333333333,0.0568929297047447,0.23280786956022206,0.03300811257409296,0.06,-0.026991887425907038,0.026991887425907038,0.04132897483884012,0.036,0.06,Choquistic 2-additive,balanced,0.08651706513011383,0.9334606999909738,0.997394499994698,57.0,501,0.031936127744510975
5,Choquistic 2-additive [unweighted],uncalibrated,selection validation,0.0,0.6853900709219858,0.14904367570295277,0.06,1.0,0.11320754716981132,0.05531661468881702,0.2183606086507247,0.071803294349118,0.06,0.011803294349118004,0.011803294349118004,0.0018573895732404435,1.0,0.06,Choquistic 2-additive,unweighted,0.08463688059189126,1.3222155999974348,1.2304732000047807,57.0,501,0.031936127744510975
5,Choquistic 2-additive [unweighted] [sigmoid],sigmoid,calibration,0.013856700010364875,0.6853900709219858,0.14904367570295277,0.16666666666666666,0.2,0.18181818181818182,0.056970239606917446,0.23386301211632585,0.032860300478995685,0.06,-0.027139699521004312,0.027139699521004312,0.03652472158180113,0.072,0.06,Choquistic 2-additive,unweighted,0.08463688059189126,1.3222155999974348,1.2304732000047807,57.0,501,0.031936127744510975
5,Choquistic model aggregator [balanced],uncalibrated,selection validation,0.0,0.6924822695035461,0.2056596723157215,0.15384615384615385,0.4,0.2222222222222222,0.20111262338759872,0.5881895392716716,0.42812321186950725,0.06,0.36812321186950725,0.36812321186950725,0.574616054577901,0.156,0.06,Choquistic model aggregator,balanced,0.2029828427176906,0.16701809999358375,0.0,45.0,501,0.031936127744510975
5,Choquistic model aggregator [balanced] [sigmoid],sigmoid,calibration,0.009141000002273358,0.6924822695035461,0.2056596723157215,0.23529411764705882,0.26666666666666666,0.25,0.05718062358442476,0.23725804336210762,0.02693643404551828,0.06,-0.03306356595448172,0.03306356595448172,0.03275364544762266,0.068,0.06,Choquistic model aggregator,balanced,0.2029828427176906,0.16701809999358375,0.0,45.0,501,0.031936127744510975
5,Choquistic model aggregator [unweighted],uncalibrated,selection validation,0.0,0.5259574468085106,0.19235134864118325,0.057291666666666664,0.7333333333333333,0.10628019323671498,0.0583177233188525,0.23970902213236697,0.10378815728216,0.06,0.04378815728216,0.04378815728216,0.08175143651146359,0.768,0.06,Choquistic model aggregator,unweighted,0.17588235383431855,0.15796110000519548,0.0,45.0,501,0.031936127744510975
5,Choquistic model aggregator [unweighted] [sigmoid],sigmoid,calibration,0.009773500001756474,0.47404255319148936,0.1001937919265865,0.06896551724137931,0.26666666666666666,0.1095890410958904,0.05704241550020178,0.2359008940098667,0.03535179967361246,0.06,-0.024648200326387537,0.024648200326387537,0.04063423874157894,0.232,0.06,Choquistic model aggregator,unweighted,0.17588235383431855,0.15796110000519548,0.0,45.0,501,0.031936127744510975
5,Explicit interactions [balanced],uncalibrated,selection validation,0.0,0.6695035460992907,0.100958473604422,0.06481481481481481,0.9333333333333333,0.12121212121212122,0.7553306043287673,2.428773606961027,0.8880078425430997,0.06,0.8280078425430997,0.8280078425430997,0.8208648864053976,0.864,0.06,Explicit interactions,balanced,0.10465633671201939,0.049587800007429905,0.023276799998711795,56.0,501,0.031936127744510975
5,Explicit interactions [balanced] [sigmoid],sigmoid,calibration,0.011386300000594929,0.6695035460992907,0.100958473604422,0.125,0.13333333333333333,0.12903225806451613,0.0574784085879423,0.2431209308735526,0.02420940027555917,0.06,-0.035790599724440826,0.035790599724440826,0.03600686016348706,0.064,0.06,Explicit interactions,balanced,0.10465633671201939,0.049587800007429905,0.023276799998711795,56.0,501,0.031936127744510975
5,Explicit interactions [unweighted],uncalibrated,selection validation,0.0,0.670354609929078,0.10027071151904837,0.06072874493927125,1.0,0.11450381679389313,0.13856565635318424,0.44846736092214656,0.31581771290307414,0.06,0.25581771290307415,0.25581771290307415,0.005827452030248607,0.988,0.06,Explicit interactions,unweighted,0.09943554128197277,0.044084199995268136,0.020529499990516342,56.0,501,0.031936127744510975
5,Explicit interactions [unweighted] [sigmoid],sigmoid,calibration,0.010617299994919449,0.670354609929078,0.10027071151904837,0.0625,0.13333333333333333,0.0851063829787234,0.05733316661256715,0.23959627935664335,0.02753547006973439,0.06,-0.032464529930265607,0.032464529930265607,0.030139712432475655,0.128,0.06,Explicit interactions,unweighted,0.09943554128197277,0.044084199995268136,0.020529499990516342,56.0,501,0.031936127744510975
5,Fuzzy Choquet neural network [balanced],uncalibrated,selection validation,0.0,0.6845390070921986,0.12712329703113498,0.06,1.0,0.11320754716981132,0.05594123966626407,0.22292400260982806,0.07995363279655873,0.06,0.019953632796558735,0.019953632796558735,0.009212535823691387,1.0,0.06,Fuzzy Choquet neural network,balanced,0.08651706513011383,4.28055109998968,1.2169342000124743,666.0,501,0.031936127744510975
5,Fuzzy Choquet neural network [balanced] [sigmoid],sigmoid,calibration,0.015615099997376092,0.6845390070921986,0.12712329703113498,0.1111111111111111,0.06666666666666667,0.08333333333333333,0.05699505009592386,0.23420690432037208,0.0327386888618767,0.06,-0.0272613111381233,0.0272613111381233,0.03862110229847137,0.036,0.06,Fuzzy Choquet neural network,balanced,0.08651706513011383,4.28055109998968,1.2169342000124743,666.0,501,0.031936127744510975
5,Fuzzy Choquet neural network [unweighted],uncalibrated,selection validation,0.0,0.6853900709219858,0.14904367570295277,0.06,1.0,0.11320754716981132,0.05542717386866313,0.21965006656302966,0.07281522738685967,0.06,0.012815227386859668,0.012815227386859668,0.004878423408118316,1.0,0.06,Fuzzy Choquet neural network,unweighted,0.08463688059189126,5.788387499997043,1.4127541000052588,666.0,501,0.031936127744510975
5,Fuzzy Choquet neural network [unweighted] [sigmoid],sigmoid,calibration,0.015590199996950105,0.6853900709219858,0.14904367570295277,0.16666666666666666,0.2,0.18181818181818182,0.05709982167421052,0.2357695552153072,0.03241026043534301,0.06,-0.02758973956465699,0.02758973956465699,0.033728828714673205,0.072,0.06,Fuzzy Choquet neural network,unweighted,0.08463688059189126,5.788387499997043,1.4127541000052588,666.0,501,0.031936127744510975
5,Gradient boosting [balanced],uncalibrated,selection validation,0.0,0.5974468085106382,0.1247662126003502,0.07142857142857142,0.2,0.10526315789473684,0.19953253227380774,0.5798969827494419,0.31521085255261594,0.06,0.25521085255261594,0.25521085255261594,0.6917336519198928,0.168,0.06,Gradient boosting,balanced,0.10826680371817897,0.7126694999897154,0.10985039999650326,,501,0.031936127744510975
5,Gradient boosting [balanced] [sigmoid],sigmoid,calibration,0.016917199987801723,0.4025531914893617,0.05305167411426821,0.05555555555555555,0.06666666666666667,0.06060606060606061,0.05719984227285967,0.2373519526348664,0.03213431546494884,0.06,-0.027865684535051158,0.027865684535051158,0.03295087343203883,0.072,0.06,Gradient boosting,balanced,0.10826680371817897,0.7126694999897154,0.10985039999650326,,501,0.031936127744510975
5,Gradient boosting [unweighted],uncalibrated,selection validation,0.0,0.6344680851063831,0.12925160944047412,0.06,1.0,0.11320754716981132,0.06135678287511064,0.24128927781420498,0.1178190706039629,0.06,0.05781907060396291,0.05781907060396291,0.00442881274567799,1.0,0.06,Gradient boosting,unweighted,0.09496042823240017,0.6515065999992657,0.06121289999282453,,501,0.031936127744510975
5,Gradient boosting [unweighted] [sigmoid],sigmoid,calibration,0.0184154999878956,0.6344680851063831,0.12925160944047412,0.14285714285714285,0.13333333333333333,0.13793103448275862,0.05694372199368329,0.23347770345737684,0.032765218663743,0.06,-0.027234781336257,0.027234781336257,0.038356927993880616,0.056,0.06,Gradient boosting,unweighted,0.09496042823240017,0.6515065999992657,0.06121289999282453,,501,0.031936127744510975
5,Logistic [balanced],uncalibrated,selection validation,0.0,0.693049645390071,0.19720891648546593,0.1038961038961039,0.5333333333333333,0.17391304347826086,0.3521663731353739,0.9450474876933435,0.592260156638241,0.06,0.532260156638241,0.532260156638241,0.6800242458200093,0.308,0.06,Logistic,balanced,0.14846815596788449,0.009650100008002482,0.007587900006910786,11.0,501,0.031936127744510975
5,Logistic [balanced] [sigmoid],sigmoid,calibration,0.01028760000190232,0.30695035460992903,0.07405777738140273,0.041916167664670656,0.4666666666666667,0.07692307692307693,0.05718235226635696,0.23706943271240996,0.032772064445443956,0.06,-0.02722793555455604,0.02722793555455604,0.03265126078738772,0.668,0.06,Logistic,balanced,0.14846815596788449,0.009650100008002482,0.007587900006910786,11.0,501,0.031936127744510975
5,Logistic [unweighted],uncalibrated,selection validation,0.0,0.6550354609929078,0.20840949698991532,0.25,0.26666666666666666,0.25806451612903225,0.05670173150542914,0.229950413372407,0.10889568188739988,0.06,0.048895681887399886,0.048895681887399886,0.249867336117533,0.064,0.06,Logistic,unweighted,0.17181137727221005,0.010910299999522977,0.006666699991910718,11.0,501,0.031936127744510975
5,Logistic [unweighted] [sigmoid],sigmoid,calibration,0.010676499994588085,0.3449645390070922,0.07838402841263016,0.043478260869565216,0.4,0.0784313725490196,0.057180969458554116,0.23710591210942697,0.03410714296583363,0.06,-0.02589285703416637,0.02589285703416637,0.03392768248778752,0.552,0.06,Logistic,unweighted,0.17181137727221005,0.010910299999522977,0.006666699991910718,11.0,501,0.031936127744510975
5,Logistic oriented [balanced],uncalibrated,selection validation,0.0,0.693049645390071,0.19720891648546593,0.1038961038961039,0.5333333333333333,0.17391304347826086,0.3521663731353739,0.9450474876933435,0.592260156638241,0.06,0.532260156638241,0.532260156638241,0.6800242458200093,0.308,0.06,Logistic oriented,balanced,0.14846815596788449,0.010753599999588914,0.008350200005224906,11.0,501,0.031936127744510975
5,Logistic oriented [balanced] [sigmoid],sigmoid,calibration,0.011295100004645064,0.30695035460992903,0.07405777738140273,0.041916167664670656,0.4666666666666667,0.07692307692307693,0.05718235226635696,0.23706943271240996,0.032772064445443956,0.06,-0.02722793555455604,0.02722793555455604,0.03265126078738772,0.668,0.06,Logistic oriented,balanced,0.14846815596788449,0.010753599999588914,0.008350200005224906,11.0,501,0.031936127744510975
5,Logistic oriented [unweighted],uncalibrated,selection validation,0.0,0.6550354609929078,0.20840949698991532,0.25,0.26666666666666666,0.25806451612903225,0.05670173150542914,0.229950413372407,0.10889568188739988,0.06,0.048895681887399886,0.048895681887399886,0.249867336117533,0.064,0.06,Logistic oriented,unweighted,0.17181137727221005,0.012624099996173754,0.007400500006042421,11.0,501,0.031936127744510975
5,Logistic oriented [unweighted] [sigmoid],sigmoid,calibration,0.011961600001086481,0.3449645390070922,0.07838402841263016,0.043478260869565216,0.4,0.0784313725490196,0.057180969458554116,0.23710591210942697,0.03410714296583363,0.06,-0.02589285703416637,0.02589285703416637,0.03392768248778752,0.552,0.06,Logistic oriented,unweighted,0.17181137727221005,0.012624099996173754,0.007400500006042421,11.0,501,0.031936127744510975
5,MLP [balanced],uncalibrated,selection validation,0.0,0.37163120567375885,0.048084524771758605,0.06,1.0,0.11320754716981132,0.8008983156114512,19.71726121122903,0.8247457205055666,0.06,0.7647457205055666,0.7647457205055666,2.1920871518718888e-13,1.0,0.06,MLP,balanced,0.1234041758164379,2.7687286000000313,0.1531293000007281,,501,0.031936127744510975
5,MLP [balanced] [sigmoid],sigmoid,calibration,0.009648000006563962,0.3601418439716312,0.04704584552821328,0.03731343283582089,0.3333333333333333,0.06711409395973154,0.05745811038642439,0.2428879303607545,0.032486467377740635,0.06,-0.027513532622259362,0.027513532622259362,0.035017904153248625,0.536,0.06,MLP,balanced,0.1234041758164379,2.7687286000000313,0.1531293000007281,,501,0.031936127744510975
5,MLP [unweighted],uncalibrated,selection validation,0.0,0.4212765957446809,0.0522668698322998,0.0446927374301676,0.5333333333333333,0.08247422680412371,0.6733860535638542,15.966697314729918,0.6854124049353607,0.06,0.6254124049353607,0.6254124049353607,0.007133265079245361,0.716,0.06,MLP,unweighted,0.14626887808588865,2.9619699000031687,0.22464570000011008,,501,0.031936127744510975
5,MLP [unweighted] [sigmoid],sigmoid,calibration,0.010066399991046637,0.5785815602836879,0.07995771114908397,0.07547169811320754,0.26666666666666666,0.11764705882352941,0.05691987331796368,0.2339435267881833,0.032096679881268214,0.06,-0.027903320118731784,0.027903320118731784,0.044036520966741925,0.212,0.06,MLP,unweighted,0.14626887808588865,2.9619699000031687,0.22464570000011008,,501,0.031936127744510975
5,Penalized logistic [balanced],uncalibrated,selection validation,0.0,0.6947517730496454,0.19957909053664863,0.19047619047619047,0.26666666666666666,0.2222222222222222,0.3458914273810818,0.9243901051238965,0.5887399572358827,0.06,0.5287399572358826,0.5287399572358826,0.7888048854038262,0.084,0.06,Penalized logistic,balanced,0.15277842718044252,0.034967200001119636,0.007007399995927699,11.0,501,0.031936127744510975
5,Penalized logistic [balanced] [sigmoid],sigmoid,calibration,0.009750799988978542,0.3052482269503546,0.07396686734969349,0.03636363636363636,0.4,0.06666666666666667,0.05720568940752904,0.23747849000491658,0.034462029938089785,0.06,-0.025537970061910213,0.025537970061910213,0.03401606003201387,0.66,0.06,Penalized logistic,balanced,0.15277842718044252,0.034967200001119636,0.007007399995927699,11.0,501,0.031936127744510975
5,Penalized logistic [unweighted],uncalibrated,selection validation,0.0,0.6553191489361703,0.2078569498597411,0.25,0.26666666666666666,0.25806451612903225,0.056646104729738404,0.22971188040903365,0.10890586972109796,0.06,0.048905869721097964,0.048905869721097964,0.25044548173776915,0.064,0.06,Penalized logistic,unweighted,0.17038948724802616,0.031728399990242906,0.006486900005256757,11.0,501,0.031936127744510975
5,Penalized logistic [unweighted] [sigmoid],sigmoid,calibration,0.009514799996395595,0.3446808510638298,0.07819433346352372,0.043478260869565216,0.4,0.0784313725490196,0.05718393465648404,0.23716393509608874,0.0342521324128799,0.06,-0.025747867587120096,0.025747867587120096,0.034064282033837996,0.552,0.06,Penalized logistic,unweighted,0.17038948724802616,0.031728399990242906,0.006486900005256757,11.0,501,0.031936127744510975
5,RBF SVM [balanced],uncalibrated,selection validation,0.0,0.6414184397163121,0.1092245709704554,0.15,0.4,0.21818181818181817,0.0869006471600085,0.32773358311111467,0.22046331777921205,0.06,0.16046331777921205,0.16046331777921205,0.3288654259581765,0.16,0.06,RBF SVM,balanced,0.24307267282746306,0.10330069999326952,0.04197310000017751,,501,0.031936127744510975
5,RBF SVM [balanced] [sigmoid],sigmoid,calibration,0.018646299999090843,0.6414184397163121,0.1092245709704554,0.0,0.0,0.0,0.05668846250912577,0.2333134266944253,0.032546083444592595,0.06,-0.027453916555407402,0.027453916555407402,0.06532373955212538,0.008,0.06,RBF SVM,balanced,0.24307267282746306,0.10330069999326952,0.04197310000017751,,501,0.031936127744510975
5,RBF SVM [unweighted],uncalibrated,selection validation,0.0,0.5537588652482269,0.14909583889998326,0.06,1.0,0.11320754716981132,0.05568416085689416,0.22515135137479136,0.0785191443831956,0.06,0.0185191443831956,0.0185191443831956,0.050081728704699305,1.0,0.06,RBF SVM,unweighted,0.09204470108697678,0.0725498000101652,0.03059660000144504,,501,0.031936127744510975
5,RBF SVM [unweighted] [sigmoid],sigmoid,calibration,0.017638800010900013,0.5537588652482269,0.14909583889998326,0.08333333333333333,0.13333333333333333,0.10256410256410256,0.05527568880641357,0.22960041602548353,0.03232266410868662,0.06,-0.027677335891313375,0.027677335891313375,0.039216149833615176,0.096,0.06,RBF SVM,unweighted,0.09204470108697678,0.0725498000101652,0.03059660000144504,,501,0.031936127744510975
5,Random forest [balanced],uncalibrated,selection validation,0.0,0.6666666666666667,0.1204297060321147,0.06,1.0,0.11320754716981132,0.20970470378282374,0.6089714089285839,0.44664993433215266,0.06,0.38664993433215267,0.38664993433215267,0.11361652238740613,1.0,0.06,Random forest,balanced,0.09114317997045199,2.2229053000046406,0.3607417000021087,,501,0.031936127744510975
5,Random forest [balanced] [sigmoid],sigmoid,calibration,0.1602207000105409,0.6666666666666667,0.1204297060321147,0.10989010989010989,0.6666666666666666,0.18867924528301888,0.056224942345921784,0.22465976690191064,0.038662029577864736,0.06,-0.021337970422135262,0.021337970422135262,0.043586471807665575,0.364,0.06,Random forest,balanced,0.09114317997045199,2.2229053000046406,0.3607417000021087,,501,0.031936127744510975
5,Random forest [unweighted],uncalibrated,selection validation,0.0,0.662695035460993,0.09720137601533488,0.06,1.0,0.11320754716981132,0.0619463961219912,0.2531926232115434,0.13864554706532498,0.06,0.07864554706532498,0.07864554706532498,0.030523918244561018,1.0,0.06,Random forest,unweighted,0.09063199741168126,2.2204713000101037,0.35576010000659153,,501,0.031936127744510975
5,Random forest [unweighted] [sigmoid],sigmoid,calibration,0.14551400000345893,0.662695035460993,0.09720137601533488,0.07142857142857142,0.26666666666666666,0.11267605633802817,0.0566185611531647,0.22880584322194272,0.03485293578162845,0.06,-0.025147064218371547,0.025147064218371547,0.04612158806969675,0.224,0.06,Random forest,unweighted,0.09063199741168126,2.2204713000101037,0.35576010000659153,,501,0.031936127744510975
5,Rolling prior probability,uncalibrated,selection validation,0.0,0.5,0.06,0.06,1.0,0.11320754716981132,0.05653497878687671,0.22803781027329917,0.0716180371352785,0.06,0.011618037135278508,0.011618037135278508,0.01,1.0,0.06,Rolling prior probability,not applicable,0.0873015873015873,0.005397600005380809,0.0027507000049808994,,501,0.031936127744510975
5,Rolling prior probability [sigmoid],sigmoid,calibration,0.009473600002820604,0.5,0.06,0.06,1.0,0.11320754716981132,0.05717563858566132,0.2369583008219832,0.03214971121045029,0.06,-0.02785028878954971,0.02785028878954971,0.01,1.0,0.06,Rolling prior probability,not applicable,0.0873015873015873,0.005397600005380809,0.0027507000049808994,,501,0.031936127744510975
6,Choquistic 1-additive [balanced],uncalibrated,selection validation,0.0,0.4391727493917275,0.0415918129379715,0.0,0.0,0.0,0.17246465051671309,0.5333734441677849,0.3944860167896839,0.04195804195804196,0.35252797483164194,0.35252797483164194,0.784519734880423,0.0,0.04195804195804196,Choquistic 1-additive,balanced,0.014620064324689897,0.23812169999291655,0.25072510000609327,12.0,501,0.05788423153692615
6,Choquistic 1-additive [balanced] [sigmoid],sigmoid,calibration,0.013416999994660728,0.4391727493917275,0.0415918129379715,0.0,0.0,0.0,0.041348274853662784,0.18249644956360112,0.05976431808420145,0.04195804195804196,0.01780627612615949,0.01780627612615949,0.15792001240520542,0.0,0.04195804195804196,Choquistic 1-additive,balanced,0.014620064324689897,0.23812169999291655,0.25072510000609327,12.0,501,0.05788423153692615
6,Choquistic 1-additive [unweighted],uncalibrated,selection validation,0.0,0.38564476885644766,0.03774989858475966,0.0,0.0,0.0,0.0408079145707087,0.1841171612594946,0.027637950263082755,0.04195804195804196,-0.014320091694959205,0.014320091694959205,0.23986978570089748,0.0,0.04195804195804196,Choquistic 1-additive,unweighted,0.017234435717549804,0.28225170000223443,0.21578349999617785,12.0,501,0.05788423153692615
6,Choquistic 1-additive [unweighted] [sigmoid],sigmoid,calibration,0.01285210000060033,0.38564476885644766,0.03774989858475966,0.0,0.0,0.0,0.040823164755626785,0.1795742825739318,0.052571115505189156,0.04195804195804196,0.010613073547147196,0.010613073547147196,0.0835242326323072,0.02097902097902098,0.04195804195804196,Choquistic 1-additive,unweighted,0.017234435717549804,0.28225170000223443,0.21578349999617785,12.0,501,0.05788423153692615
6,Choquistic 2-additive [balanced],uncalibrated,selection validation,0.0,0.43795620437956206,0.04144509818218069,0.0,0.0,0.0,0.19264915358807408,0.5734044805743654,0.4140928379976534,0.04195804195804196,0.3721347960396114,0.3721347960396114,0.7341384533465769,0.0,0.04195804195804196,Choquistic 2-additive,balanced,0.02167504131631944,0.8285590000014054,1.0804479999933392,57.0,501,0.05788423153692615
6,Choquistic 2-additive [balanced] [sigmoid],sigmoid,calibration,0.013640799996210262,0.43795620437956206,0.04144509818218069,0.0,0.0,0.0,0.0418233846134215,0.18543982859564245,0.0678331795880256,0.04195804195804196,0.025875137629983634,0.025875137629983634,0.1050240537488731,0.06993006993006994,0.04195804195804196,Choquistic 2-additive,balanced,0.02167504131631944,0.8285590000014054,1.0804479999933392,57.0,501,0.05788423153692615
6,Choquistic 2-additive [unweighted],uncalibrated,selection validation,0.0,0.4197080291970803,0.04004713681948975,0.0,0.0,0.0,0.0408282575888865,0.18273931746296646,0.033392692782711564,0.04195804195804196,-0.008565349175330396,0.008565349175330396,0.19746814554158482,0.0,0.04195804195804196,Choquistic 2-additive,unweighted,0.021771299283639852,1.0950884000048973,1.3266113999998197,57.0,501,0.05788423153692615
6,Choquistic 2-additive [unweighted] [sigmoid],sigmoid,calibration,0.014239600001019426,0.4197080291970803,0.04004713681948975,0.0,0.0,0.0,0.041556117101590226,0.184139993601839,0.06389268894105686,0.04195804195804196,0.0219346469830149,0.0219346469830149,0.11559998041447474,0.013986013986013986,0.04195804195804196,Choquistic 2-additive,unweighted,0.021771299283639852,1.0950884000048973,1.3266113999998197,57.0,501,0.05788423153692615
6,Choquistic model aggregator [balanced],uncalibrated,selection validation,0.0,0.45985401459854014,0.05198742588123119,0.0,0.0,0.0,0.2510348272006035,0.6957317865411548,0.4877545014121482,0.04195804195804196,0.44579645945410623,0.44579645945410623,0.6968002997970417,0.02097902097902098,0.04195804195804196,Choquistic model aggregator,balanced,0.038122900059660125,0.1392852999997558,0.0,45.0,501,0.05788423153692615
6,Choquistic model aggregator [balanced] [sigmoid],sigmoid,calibration,0.009764200003701262,0.45985401459854014,0.05198742588123119,0.0625,0.16666666666666666,0.09090909090909091,0.04095011368167553,0.1805584155694699,0.06441998281388626,0.04195804195804196,0.022461940855844305,0.022461940855844305,0.08024416405815635,0.11188811188811189,0.04195804195804196,Choquistic model aggregator,balanced,0.038122900059660125,0.1392852999997558,0.0,45.0,501,0.05788423153692615
6,Choquistic model aggregator [unweighted],uncalibrated,selection validation,0.0,0.36618004866180043,0.03701024713682942,0.0,0.0,0.0,0.040590548091314335,0.17791430674636316,0.06178185133528286,0.04195804195804196,0.019823809377240903,0.019823809377240903,0.07229223842797386,0.0,0.04195804195804196,Choquistic model aggregator,unweighted,0.019891613476396897,0.22544040001230314,0.0,45.0,501,0.05788423153692615
6,Choquistic model aggregator [unweighted] [sigmoid],sigmoid,calibration,0.009106900004553609,0.5,0.04195804195804196,0.04195804195804196,1.0,0.08053691275167785,0.040455056193253236,0.17671200499412837,0.05800458426983264,0.04195804195804196,0.01604654231179068,0.01604654231179068,0.010000000000000002,1.0,0.04195804195804196,Choquistic model aggregator,unweighted,0.019891613476396897,0.22544040001230314,0.0,45.0,501,0.05788423153692615
6,Explicit interactions [balanced],uncalibrated,selection validation,0.0,0.5802919708029197,0.06723744765160865,0.0,0.0,0.0,0.8453657809781804,4.1532021043093685,0.9311043946620475,0.04195804195804196,0.8891463527040055,0.8891463527040055,0.9999998584664944,0.0,0.04195804195804196,Explicit interactions,balanced,0.051736731647882894,0.04201640000974294,0.01735500000359025,56.0,501,0.05788423153692615
6,Explicit interactions [balanced] [sigmoid],sigmoid,calibration,0.011150200007250533,0.5802919708029197,0.06723744765160865,0.07692307692307693,0.5,0.13333333333333333,0.04054056436886153,0.17736741010920226,0.06145663115424901,0.04195804195804196,0.019498589196207047,0.019498589196207047,0.06448854727643408,0.2727272727272727,0.04195804195804196,Explicit interactions,balanced,0.051736731647882894,0.04201640000974294,0.01735500000359025,56.0,501,0.05788423153692615
6,Explicit interactions [unweighted],uncalibrated,selection validation,0.0,0.583941605839416,0.0638677157856805,0.0,0.0,0.0,0.19236583920479972,0.5725566928632229,0.36662398820789693,0.04195804195804196,0.32466594624985495,0.32466594624985495,0.9998264420478046,0.0,0.04195804195804196,Explicit interactions,unweighted,0.05127339856281052,0.036338500009151176,0.011005599997588433,56.0,501,0.05788423153692615
6,Explicit interactions [unweighted] [sigmoid],sigmoid,calibration,0.01108669998939149,0.583941605839416,0.0638677157856805,0.05405405405405406,0.6666666666666666,0.1,0.04062996214445863,0.17792349427884144,0.06331242787647753,0.04195804195804196,0.021354385918435574,0.021354385918435574,0.0627751640826777,0.5174825174825175,0.04195804195804196,Explicit interactions,unweighted,0.05127339856281052,0.036338500009151176,0.011005599997588433,56.0,501,0.05788423153692615
6,Fuzzy Choquet neural network [balanced],uncalibrated,selection validation,0.0,0.43795620437956206,0.04144509818218069,0.0,0.0,0.0,0.040578068057420986,0.17818012683244366,0.04103312024471384,0.04195804195804196,-0.000924921713328121,0.000924921713328121,0.13888562121274706,0.0,0.04195804195804196,Fuzzy Choquet neural network,balanced,0.02167504131631944,3.752635199998622,1.2039254999981495,666.0,501,0.05788423153692615
6,Fuzzy Choquet neural network [balanced] [sigmoid],sigmoid,calibration,0.015349799999967217,0.43795620437956206,0.04144509818218069,0.0,0.0,0.0,0.0411887565557557,0.1818085008714993,0.06161991914767188,0.04195804195804196,0.019661877189629917,0.019661877189629917,0.0874682258891671,0.06993006993006994,0.04195804195804196,Fuzzy Choquet neural network,balanced,0.02167504131631944,3.752635199998622,1.2039254999981495,666.0,501,0.05788423153692615
6,Fuzzy Choquet neural network [unweighted],uncalibrated,selection validation,0.0,0.5802919708029197,0.058455020058350085,0.0,0.0,0.0,0.04028775959485962,0.1750386723446294,0.05464040479086352,0.04195804195804196,0.012682362832821557,0.012682362832821557,0.14078001757010059,0.0,0.04195804195804196,Fuzzy Choquet neural network,unweighted,0.021771299283639852,4.933497700010776,1.4002972000016598,154.0,501,0.05788423153692615
6,Fuzzy Choquet neural network [unweighted] [sigmoid],sigmoid,calibration,0.015390600005048327,0.4197080291970803,0.04004713681948975,0.0,0.0,0.0,0.04169478081359479,0.18494032066487226,0.065840751089655,0.04195804195804196,0.023882709131613035,0.023882709131613035,0.11680825069377929,0.013986013986013986,0.04195804195804196,Fuzzy Choquet neural network,unweighted,0.021771299283639852,4.933497700010776,1.4002972000016598,154.0,501,0.05788423153692615
6,Gradient boosting [balanced],uncalibrated,selection validation,0.0,0.5060827250608273,0.05735101617454559,0.0,0.0,0.0,0.187261780778236,0.5420837820085237,0.32987810213000107,0.04195804195804196,0.2879200601719591,0.2879200601719591,0.8797940042141879,0.013986013986013986,0.04195804195804196,Gradient boosting,balanced,0.16361304719202435,0.6393122000008589,0.10048960000858642,,501,0.05788423153692615
6,Gradient boosting [balanced] [sigmoid],sigmoid,calibration,0.01857999998901505,0.5060827250608273,0.05735101617454559,0.017543859649122806,0.16666666666666666,0.031746031746031744,0.04100542240278325,0.18003912912653974,0.06596394451461401,0.04195804195804196,0.024005902556572055,0.024005902556572055,0.07059094464648513,0.3986013986013986,0.04195804195804196,Gradient boosting,balanced,0.16361304719202435,0.6393122000008589,0.10048960000858642,,501,0.05788423153692615
6,Gradient boosting [unweighted],uncalibrated,selection validation,0.0,0.40145985401459855,0.04644589708202192,0.0,0.0,0.0,0.08215117545331392,0.3110557454768686,0.1511267173699122,0.04195804195804196,0.10916867541187025,0.10916867541187025,0.47083660951827705,0.07692307692307693,0.04195804195804196,Gradient boosting,unweighted,0.11510926778518259,0.6874186999921221,0.11605530000815634,,501,0.05788423153692615
6,Gradient boosting [unweighted] [sigmoid],sigmoid,calibration,0.018095999999786727,0.40145985401459855,0.04644589708202192,0.038461538461538464,0.5,0.07142857142857142,0.04202328825191178,0.18781105793020741,0.07244898997098477,0.04195804195804196,0.03049094801294281,0.03049094801294281,0.06842166193957747,0.5454545454545454,0.04195804195804196,Gradient boosting,unweighted,0.11510926778518259,0.6874186999921221,0.11605530000815634,,501,0.05788423153692615
6,Logistic [balanced],uncalibrated,selection validation,0.0,0.3722627737226277,0.03681511937133851,0.0,0.0,0.0,0.4506886433528993,1.1920528818613032,0.661191496952786,0.04195804195804196,0.619233454994744,0.619233454994744,0.9908283494192593,0.0,0.04195804195804196,Logistic,balanced,0.023972905836403935,0.012046700008795597,0.006399700010661036,11.0,501,0.05788423153692615
6,Logistic [balanced] [sigmoid],sigmoid,calibration,0.009908599997288547,0.3722627737226277,0.03681511937133851,0.0,0.0,0.0,0.041399478816688796,0.1829774813508648,0.06127993066593132,0.04195804195804196,0.01932188870788936,0.01932188870788936,0.1567303704890511,0.0,0.04195804195804196,Logistic,balanced,0.023972905836403935,0.012046700008795597,0.006399700010661036,11.0,501,0.05788423153692615
6,Logistic [unweighted],uncalibrated,selection validation,0.0,0.29927007299270075,0.03295987645816475,0.0,0.0,0.0,0.04652952697203392,0.20829013733101517,0.09301794739736986,0.04195804195804196,0.0510599054393279,0.0510599054393279,0.872706504364336,0.0,0.04195804195804196,Logistic,unweighted,0.024307637274161964,0.008522600008291192,0.005918200011365116,11.0,501,0.05788423153692615
6,Logistic [unweighted] [sigmoid],sigmoid,calibration,0.010022499991464429,0.29927007299270075,0.03295987645816475,0.0,0.0,0.0,0.041084949722875845,0.18180697000063772,0.05746902015258686,0.04195804195804196,0.015510978194544903,0.015510978194544903,0.18300017495790352,0.0,0.04195804195804196,Logistic,unweighted,0.024307637274161964,0.008522600008291192,0.005918200011365116,11.0,501,0.05788423153692615
6,Logistic oriented [balanced],uncalibrated,selection validation,0.0,0.3722627737226277,0.03681511937133851,0.0,0.0,0.0,0.4506886433528993,1.1920528818613032,0.661191496952786,0.04195804195804196,0.619233454994744,0.619233454994744,0.9908283494192593,0.0,0.04195804195804196,Logistic oriented,balanced,0.023972905836403935,0.010213899993686937,0.0077338999981293455,11.0,501,0.05788423153692615
6,Logistic oriented [balanced] [sigmoid],sigmoid,calibration,0.011548700000275858,0.3722627737226277,0.03681511937133851,0.0,0.0,0.0,0.041399478816688796,0.1829774813508648,0.06127993066593132,0.04195804195804196,0.01932188870788936,0.01932188870788936,0.1567303704890511,0.0,0.04195804195804196,Logistic oriented,balanced,0.023972905836403935,0.010213899993686937,0.0077338999981293455,11.0,501,0.05788423153692615
6,Logistic oriented [unweighted],uncalibrated,selection validation,0.0,0.29927007299270075,0.03295987645816475,0.0,0.0,0.0,0.04652952697203392,0.20829013733101517,0.09301794739736986,0.04195804195804196,0.0510599054393279,0.0510599054393279,0.872706504364336,0.0,0.04195804195804196,Logistic oriented,unweighted,0.024307637274161964,0.00934529998630751,0.006384399996022694,11.0,501,0.05788423153692615
6,Logistic oriented [unweighted] [sigmoid],sigmoid,calibration,0.011951499996939674,0.29927007299270075,0.03295987645816475,0.0,0.0,0.0,0.041084949722875845,0.18180697000063772,0.05746902015258686,0.04195804195804196,0.015510978194544903,0.015510978194544903,0.18300017495790352,0.0,0.04195804195804196,Logistic oriented,unweighted,0.024307637274161964,0.00934529998630751,0.006384399996022694,11.0,501,0.05788423153692615
6,MLP [balanced],uncalibrated,selection validation,0.0,0.5267639902676399,0.0712187256827326,0.0,0.0,0.0,0.5528666157946862,1.4344304677820958,0.7521534229905606,0.04195804195804196,0.7101953810325187,0.7101953810325187,0.9203869208140906,0.027972027972027972,0.04195804195804196,MLP,balanced,0.08899609191628192,3.393960800007335,0.02449839998735115,,501,0.05788423153692615
6,MLP [balanced] [sigmoid],sigmoid,calibration,0.011323599988827482,0.47323600973236,0.046363885764252884,0.0,0.0,0.0,0.04056920548262298,0.17742635492598982,0.05229416337935618,0.04195804195804196,0.010336121421314223,0.010336121421314223,0.06986469534047489,0.08391608391608392,0.04195804195804196,MLP,balanced,0.08899609191628192,3.393960800007335,0.02449839998735115,,501,0.05788423153692615
6,MLP [unweighted],uncalibrated,selection validation,0.0,0.5170316301703163,0.05208514030844594,0.0,0.0,0.0,0.09275307670356252,0.31957215689984214,0.1980304544260712,0.04195804195804196,0.15607241246802925,0.15607241246802925,0.9225304967178342,0.0,0.04195804195804196,MLP,unweighted,0.08898976019577076,3.0430494000029285,0.14220230000501033,,501,0.05788423153692615
6,MLP [unweighted] [sigmoid],sigmoid,calibration,0.010373600001912564,0.5170316301703163,0.05208514030844594,0.03225806451612903,0.3333333333333333,0.058823529411764705,0.040600868438768194,0.1776066640741415,0.058495969517090234,0.04195804195804196,0.016537927559048274,0.016537927559048274,0.055946068851982014,0.43356643356643354,0.04195804195804196,MLP,unweighted,0.08898976019577076,3.0430494000029285,0.14220230000501033,,501,0.05788423153692615
6,Penalized logistic [balanced],uncalibrated,selection validation,0.0,0.39902676399026765,0.03831922387845281,0.0,0.0,0.0,0.4030495511404824,1.0423275761290085,0.6293245823398786,0.04195804195804196,0.5873665403818367,0.5873665403818367,0.9454170083540746,0.0,0.04195804195804196,Penalized logistic,balanced,0.024851618020676813,0.0333319999917876,0.005785799992736429,11.0,501,0.05788423153692615
6,Penalized logistic [balanced] [sigmoid],sigmoid,calibration,0.010965900000883266,0.39902676399026765,0.03831922387845281,0.0,0.0,0.0,0.04121022081001523,0.1818357032680498,0.06063915548669615,0.04195804195804196,0.01868111352865419,0.01868111352865419,0.16425574581318947,0.0,0.04195804195804196,Penalized logistic,balanced,0.024851618020676813,0.0333319999917876,0.005785799992736429,11.0,501,0.05788423153692615
6,Penalized logistic [unweighted],uncalibrated,selection validation,0.0,0.4610705596107056,0.04227982711764841,0.0,0.0,0.0,0.04034254590098482,0.17551729188952794,0.04741614224302208,0.04195804195804196,0.005458100284980123,0.005458100284980123,0.09849156537486098,0.0,0.04195804195804196,Penalized logistic,unweighted,0.027794166133569415,0.028822599997511134,0.004657299999962561,11.0,501,0.05788423153692615
6,Penalized logistic [unweighted] [sigmoid],sigmoid,calibration,0.010288999998010695,0.4610705596107056,0.04227982711764841,0.0,0.0,0.0,0.040886013808839494,0.17948044945050093,0.058555112126421914,0.04195804195804196,0.016597070168379954,0.016597070168379954,0.173854242487953,0.0,0.04195804195804196,Penalized logistic,unweighted,0.027794166133569415,0.028822599997511134,0.004657299999962561,11.0,501,0.05788423153692615
6,RBF SVM [balanced],uncalibrated,selection validation,0.0,0.5097323600973236,0.05567283190925999,0.08,0.3333333333333333,0.12903225806451613,0.050933227115292315,0.22504281512317248,0.13356665312538415,0.04195804195804196,0.0916086111673422,0.0916086111673422,0.1849010186657622,0.17482517482517482,0.04195804195804196,RBF SVM,balanced,0.02991306313789758,0.1205789000086952,0.04001369999605231,,501,0.05788423153692615
6,RBF SVM [balanced] [sigmoid],sigmoid,calibration,0.019468200000119396,0.5097323600973236,0.05567283190925999,0.045871559633027525,0.8333333333333334,0.08695652173913043,0.040945213367552614,0.18040735109986186,0.06838195459046205,0.04195804195804196,0.02642391263242009,0.02642391263242009,0.06070292191047614,0.7622377622377622,0.04195804195804196,RBF SVM,balanced,0.02991306313789758,0.1205789000086952,0.04001369999605231,,501,0.05788423153692615
6,RBF SVM [unweighted],uncalibrated,selection validation,0.0,0.5425790754257908,0.06234754588974538,0.0,0.0,0.0,0.04113121475477791,0.18125014318129504,0.07227613710751424,0.04195804195804196,0.030318095149472278,0.030318095149472278,0.1976684814858718,0.0,0.04195804195804196,RBF SVM,unweighted,0.032748769578530554,0.08251870000094641,0.026811599993379787,,501,0.05788423153692615
6,RBF SVM [unweighted] [sigmoid],sigmoid,calibration,0.013711500010685995,0.451338199513382,0.044844399584916914,0.0,0.0,0.0,0.04058050679993709,0.17761399030281935,0.04972403788026953,0.04195804195804196,0.00776599592222757,0.00776599592222757,0.07414123246856479,0.03496503496503497,0.04195804195804196,RBF SVM,unweighted,0.032748769578530554,0.08251870000094641,0.026811599993379787,,501,0.05788423153692615
6,Random forest [balanced],uncalibrated,selection validation,0.0,0.4002433090024331,0.03832274045231588,0.0,0.0,0.0,0.0997209963738319,0.36047053978266325,0.2563975255731148,0.04195804195804196,0.21443948361507284,0.21443948361507284,0.6760080976281769,0.0,0.04195804195804196,Random forest,balanced,0.16633209829860449,2.212273000011919,0.35826670000096783,,501,0.05788423153692615
6,Random forest [balanced] [sigmoid],sigmoid,calibration,0.14696610000100918,0.4002433090024331,0.03832274045231588,0.0,0.0,0.0,0.04146625093856319,0.18400751334429322,0.06278844591816718,0.04195804195804196,0.02083040396012522,0.02083040396012522,0.08081209413189377,0.20279720279720279,0.04195804195804196,Random forest,balanced,0.16633209829860449,2.212273000011919,0.35826670000096783,,501,0.05788423153692615
6,Random forest [unweighted],uncalibrated,selection validation,0.0,0.44160583941605835,0.04131911438746424,0.0,0.0,0.0,0.0543124775039771,0.2392348043748397,0.14858857599376318,0.04195804195804196,0.10663053403572123,0.10663053403572123,0.3077002127774188,0.0,0.04195804195804196,Random forest,unweighted,0.032830395796059675,2.189627899992047,0.358132100009243,,501,0.05788423153692615
6,Random forest [unweighted] [sigmoid],sigmoid,calibration,0.15767090000736061,0.44160583941605835,0.04131911438746424,0.043478260869565216,0.6666666666666666,0.08163265306122448,0.04127709236928964,0.18254738559230088,0.06769886138708317,0.04195804195804196,0.02574081942904121,0.02574081942904121,0.06089111801534151,0.6433566433566433,0.04195804195804196,Random forest,unweighted,0.032830395796059675,2.189627899992047,0.358132100009243,,501,0.05788423153692615
6,Rolling prior probability,uncalibrated,selection validation,0.0,0.5,0.04195804195804196,0.04195804195804196,1.0,0.08053691275167785,0.040219154499093725,0.1743687899281562,0.046604527296937426,0.04195804195804196,0.004646485338895466,0.004646485338895466,0.010000000000000002,1.0,0.04195804195804196,Rolling prior probability,not applicable,0.018617021276595744,0.004565299997921102,0.0026897999923676252,,501,0.05788423153692615
6,Rolling prior probability [sigmoid],sigmoid,calibration,0.009858799996436574,0.5,0.04195804195804196,0.04195804195804196,1.0,0.08053691275167785,0.040455056209740006,0.17671200514499516,0.05800458478354934,0.04195804195804196,0.01604654282550738,0.01604654282550738,0.010000000000000002,1.0,0.04195804195804196,Rolling prior probability,not applicable,0.018617021276595744,0.004565299997921102,0.0026897999923676252,,501,0.05788423153692615
