fold,model,feature,training_correlation,absolute_training_correlation,minimum_absolute_correlation,meets_correlation_threshold,subperiod_sign_agreement,sign_stable,stability_required,orientation_supported,orientation_sign,transformation,orientation_training_observations,orientation_source,training_subperiod_1_correlation,training_subperiod_2_correlation,training_subperiod_3_correlation
0,Choquistic 1-additive [balanced],average_equity_correlation_60d,-0.17634980804484068,0.17634980804484068,0.2,False,1.0,True,False,False,1.0,unchanged (below absolute correlation threshold),360,training only (frozen before validation refit),-0.0753339556928336,-0.41876360246204203,-0.04849214028975754
0,Choquistic 1-additive [balanced],baa_credit_spread_pct,0.10093257397360669,0.10093257397360669,0.2,False,0.6666666666666666,False,False,False,1.0,unchanged (below absolute correlation threshold),360,training only (frozen before validation refit),0.1722979939509851,-0.23845029861175068,0.06830284171553287
0,Choquistic 1-additive [balanced],drawdown_severity,-0.09633762503638348,0.09633762503638348,0.2,False,1.0,True,False,False,1.0,unchanged (below absolute correlation threshold),360,training only (frozen before validation refit),-0.059450948929357594,-0.177759098088925,-0.10408700255937148
0,Choquistic 1-additive [balanced],lagged_portfolio_loss_1d,0.0105959113766172,0.0105959113766172,0.2,False,0.3333333333333333,False,False,False,1.0,unchanged (below absolute correlation threshold),360,training only (frozen before validation refit),-0.023831528601383652,-0.006223651596185929,0.054310811439349495
0,Choquistic 1-additive [balanced],liquidity_stress_20d,0.027930822053600486,0.027930822053600486,0.2,False,0.3333333333333333,False,False,False,1.0,unchanged (below absolute correlation threshold),360,training only (frozen before validation refit),-0.04098258681438098,-0.07545471115204565,0.22038157236547518
0,Choquistic 1-additive [balanced],market_loss_1d,0.04693739236720418,0.04693739236720418,0.2,False,0.6666666666666666,False,False,False,1.0,unchanged (below absolute correlation threshold),360,training only (frozen before validation refit),-0.005917672391447792,0.0016642772852236475,0.13108127998808738
0,Choquistic 1-additive [balanced],negative_momentum_21d,0.055350311671173075,0.055350311671173075,0.2,False,1.0,True,False,False,1.0,unchanged (below absolute correlation threshold),360,training only (frozen before validation refit),0.03697728686208256,0.018766980794436058,0.11732264587993098
0,Choquistic 1-additive [balanced],realized_volatility_20d,-0.07284513297976808,0.07284513297976808,0.2,False,0.6666666666666666,False,False,False,1.0,unchanged (below absolute correlation threshold),360,training only (frozen before validation refit),-0.09075969185142907,-0.27044498182455223,0.09558676047162838
0,Choquistic 1-additive [balanced],term_spread_10y_2y_pct,0.04028323500814167,0.04028323500814167,0.2,False,0.6666666666666666,False,False,False,1.0,unchanged (below absolute correlation threshold),360,training only (frozen before validation refit),0.1546907292465805,-0.05833766452873604,0.4922570581962778
0,Choquistic 1-additive [balanced],vix,-0.07528627932251845,0.07528627932251845,0.2,False,0.6666666666666666,False,False,False,1.0,unchanged (below absolute correlation threshold),360,training only (frozen before validation refit),-0.11668876276675136,-0.24258574111613665,0.01646888385298691
0,Choquistic 1-additive [unweighted],average_equity_correlation_60d,-0.17634980804484068,0.17634980804484068,0.2,False,1.0,True,False,False,1.0,unchanged (below absolute correlation threshold),360,training only (frozen before validation refit),-0.0753339556928336,-0.41876360246204203,-0.04849214028975754
0,Choquistic 1-additive [unweighted],baa_credit_spread_pct,0.10093257397360669,0.10093257397360669,0.2,False,0.6666666666666666,False,False,False,1.0,unchanged (below absolute correlation threshold),360,training only (frozen before validation refit),0.1722979939509851,-0.23845029861175068,0.06830284171553287
0,Choquistic 1-additive [unweighted],drawdown_severity,-0.09633762503638348,0.09633762503638348,0.2,False,1.0,True,False,False,1.0,unchanged (below absolute correlation threshold),360,training only (frozen before validation refit),-0.059450948929357594,-0.177759098088925,-0.10408700255937148
0,Choquistic 1-additive [unweighted],lagged_portfolio_loss_1d,0.0105959113766172,0.0105959113766172,0.2,False,0.3333333333333333,False,False,False,1.0,unchanged (below absolute correlation threshold),360,training only (frozen before validation refit),-0.023831528601383652,-0.006223651596185929,0.054310811439349495
0,Choquistic 1-additive [unweighted],liquidity_stress_20d,0.027930822053600486,0.027930822053600486,0.2,False,0.3333333333333333,False,False,False,1.0,unchanged (below absolute correlation threshold),360,training only (frozen before validation refit),-0.04098258681438098,-0.07545471115204565,0.22038157236547518
0,Choquistic 1-additive [unweighted],market_loss_1d,0.04693739236720418,0.04693739236720418,0.2,False,0.6666666666666666,False,False,False,1.0,unchanged (below absolute correlation threshold),360,training only (frozen before validation refit),-0.005917672391447792,0.0016642772852236475,0.13108127998808738
0,Choquistic 1-additive [unweighted],negative_momentum_21d,0.055350311671173075,0.055350311671173075,0.2,False,1.0,True,False,False,1.0,unchanged (below absolute correlation threshold),360,training only (frozen before validation refit),0.03697728686208256,0.018766980794436058,0.11732264587993098
0,Choquistic 1-additive [unweighted],realized_volatility_20d,-0.07284513297976808,0.07284513297976808,0.2,False,0.6666666666666666,False,False,False,1.0,unchanged (below absolute correlation threshold),360,training only (frozen before validation refit),-0.09075969185142907,-0.27044498182455223,0.09558676047162838
0,Choquistic 1-additive [unweighted],term_spread_10y_2y_pct,0.04028323500814167,0.04028323500814167,0.2,False,0.6666666666666666,False,False,False,1.0,unchanged (below absolute correlation threshold),360,training only (frozen before validation refit),0.1546907292465805,-0.05833766452873604,0.4922570581962778
0,Choquistic 1-additive [unweighted],vix,-0.07528627932251845,0.07528627932251845,0.2,False,0.6666666666666666,False,False,False,1.0,unchanged (below absolute correlation threshold),360,training only (frozen before validation refit),-0.11668876276675136,-0.24258574111613665,0.01646888385298691
0,Choquistic 2-additive [balanced],average_equity_correlation_60d,-0.17634980804484068,0.17634980804484068,0.2,False,1.0,True,False,False,1.0,unchanged (below absolute correlation threshold),360,training only (frozen before validation refit),-0.0753339556928336,-0.41876360246204203,-0.04849214028975754
0,Choquistic 2-additive [balanced],baa_credit_spread_pct,0.10093257397360669,0.10093257397360669,0.2,False,0.6666666666666666,False,False,False,1.0,unchanged (below absolute correlation threshold),360,training only (frozen before validation refit),0.1722979939509851,-0.23845029861175068,0.06830284171553287
0,Choquistic 2-additive [balanced],drawdown_severity,-0.09633762503638348,0.09633762503638348,0.2,False,1.0,True,False,False,1.0,unchanged (below absolute correlation threshold),360,training only (frozen before validation refit),-0.059450948929357594,-0.177759098088925,-0.10408700255937148
0,Choquistic 2-additive [balanced],lagged_portfolio_loss_1d,0.0105959113766172,0.0105959113766172,0.2,False,0.3333333333333333,False,False,False,1.0,unchanged (below absolute correlation threshold),360,training only (frozen before validation refit),-0.023831528601383652,-0.006223651596185929,0.054310811439349495
0,Choquistic 2-additive [balanced],liquidity_stress_20d,0.027930822053600486,0.027930822053600486,0.2,False,0.3333333333333333,False,False,False,1.0,unchanged (below absolute correlation threshold),360,training only (frozen before validation refit),-0.04098258681438098,-0.07545471115204565,0.22038157236547518
0,Choquistic 2-additive [balanced],market_loss_1d,0.04693739236720418,0.04693739236720418,0.2,False,0.6666666666666666,False,False,False,1.0,unchanged (below absolute correlation threshold),360,training only (frozen before validation refit),-0.005917672391447792,0.0016642772852236475,0.13108127998808738
0,Choquistic 2-additive [balanced],negative_momentum_21d,0.055350311671173075,0.055350311671173075,0.2,False,1.0,True,False,False,1.0,unchanged (below absolute correlation threshold),360,training only (frozen before validation refit),0.03697728686208256,0.018766980794436058,0.11732264587993098
0,Choquistic 2-additive [balanced],realized_volatility_20d,-0.07284513297976808,0.07284513297976808,0.2,False,0.6666666666666666,False,False,False,1.0,unchanged (below absolute correlation threshold),360,training only (frozen before validation refit),-0.09075969185142907,-0.27044498182455223,0.09558676047162838
0,Choquistic 2-additive [balanced],term_spread_10y_2y_pct,0.04028323500814167,0.04028323500814167,0.2,False,0.6666666666666666,False,False,False,1.0,unchanged (below absolute correlation threshold),360,training only (frozen before validation refit),0.1546907292465805,-0.05833766452873604,0.4922570581962778
0,Choquistic 2-additive [balanced],vix,-0.07528627932251845,0.07528627932251845,0.2,False,0.6666666666666666,False,False,False,1.0,unchanged (below absolute correlation threshold),360,training only (frozen before validation refit),-0.11668876276675136,-0.24258574111613665,0.01646888385298691
0,Choquistic 2-additive [unweighted],average_equity_correlation_60d,-0.17634980804484068,0.17634980804484068,0.2,False,1.0,True,False,False,1.0,unchanged (below absolute correlation threshold),360,training only (frozen before validation refit),-0.0753339556928336,-0.41876360246204203,-0.04849214028975754
0,Choquistic 2-additive [unweighted],baa_credit_spread_pct,0.10093257397360669,0.10093257397360669,0.2,False,0.6666666666666666,False,False,False,1.0,unchanged (below absolute correlation threshold),360,training only (frozen before validation refit),0.1722979939509851,-0.23845029861175068,0.06830284171553287
0,Choquistic 2-additive [unweighted],drawdown_severity,-0.09633762503638348,0.09633762503638348,0.2,False,1.0,True,False,False,1.0,unchanged (below absolute correlation threshold),360,training only (frozen before validation refit),-0.059450948929357594,-0.177759098088925,-0.10408700255937148
0,Choquistic 2-additive [unweighted],lagged_portfolio_loss_1d,0.0105959113766172,0.0105959113766172,0.2,False,0.3333333333333333,False,False,False,1.0,unchanged (below absolute correlation threshold),360,training only (frozen before validation refit),-0.023831528601383652,-0.006223651596185929,0.054310811439349495
0,Choquistic 2-additive [unweighted],liquidity_stress_20d,0.027930822053600486,0.027930822053600486,0.2,False,0.3333333333333333,False,False,False,1.0,unchanged (below absolute correlation threshold),360,training only (frozen before validation refit),-0.04098258681438098,-0.07545471115204565,0.22038157236547518
0,Choquistic 2-additive [unweighted],market_loss_1d,0.04693739236720418,0.04693739236720418,0.2,False,0.6666666666666666,False,False,False,1.0,unchanged (below absolute correlation threshold),360,training only (frozen before validation refit),-0.005917672391447792,0.0016642772852236475,0.13108127998808738
0,Choquistic 2-additive [unweighted],negative_momentum_21d,0.055350311671173075,0.055350311671173075,0.2,False,1.0,True,False,False,1.0,unchanged (below absolute correlation threshold),360,training only (frozen before validation refit),0.03697728686208256,0.018766980794436058,0.11732264587993098
0,Choquistic 2-additive [unweighted],realized_volatility_20d,-0.07284513297976808,0.07284513297976808,0.2,False,0.6666666666666666,False,False,False,1.0,unchanged (below absolute correlation threshold),360,training only (frozen before validation refit),-0.09075969185142907,-0.27044498182455223,0.09558676047162838
0,Choquistic 2-additive [unweighted],term_spread_10y_2y_pct,0.04028323500814167,0.04028323500814167,0.2,False,0.6666666666666666,False,False,False,1.0,unchanged (below absolute correlation threshold),360,training only (frozen before validation refit),0.1546907292465805,-0.05833766452873604,0.4922570581962778
0,Choquistic 2-additive [unweighted],vix,-0.07528627932251845,0.07528627932251845,0.2,False,0.6666666666666666,False,False,False,1.0,unchanged (below absolute correlation threshold),360,training only (frozen before validation refit),-0.11668876276675136,-0.24258574111613665,0.01646888385298691
0,Fuzzy Choquet neural network [balanced],average_equity_correlation_60d,-0.17634980804484068,0.17634980804484068,0.2,False,1.0,True,False,False,1.0,unchanged (below absolute correlation threshold),360,training only (frozen before validation refit),-0.0753339556928336,-0.41876360246204203,-0.04849214028975754
0,Fuzzy Choquet neural network [balanced],baa_credit_spread_pct,0.10093257397360669,0.10093257397360669,0.2,False,0.6666666666666666,False,False,False,1.0,unchanged (below absolute correlation threshold),360,training only (frozen before validation refit),0.1722979939509851,-0.23845029861175068,0.06830284171553287
0,Fuzzy Choquet neural network [balanced],drawdown_severity,-0.09633762503638348,0.09633762503638348,0.2,False,1.0,True,False,False,1.0,unchanged (below absolute correlation threshold),360,training only (frozen before validation refit),-0.059450948929357594,-0.177759098088925,-0.10408700255937148
0,Fuzzy Choquet neural network [balanced],lagged_portfolio_loss_1d,0.0105959113766172,0.0105959113766172,0.2,False,0.3333333333333333,False,False,False,1.0,unchanged (below absolute correlation threshold),360,training only (frozen before validation refit),-0.023831528601383652,-0.006223651596185929,0.054310811439349495
0,Fuzzy Choquet neural network [balanced],liquidity_stress_20d,0.027930822053600486,0.027930822053600486,0.2,False,0.3333333333333333,False,False,False,1.0,unchanged (below absolute correlation threshold),360,training only (frozen before validation refit),-0.04098258681438098,-0.07545471115204565,0.22038157236547518
0,Fuzzy Choquet neural network [balanced],market_loss_1d,0.04693739236720418,0.04693739236720418,0.2,False,0.6666666666666666,False,False,False,1.0,unchanged (below absolute correlation threshold),360,training only (frozen before validation refit),-0.005917672391447792,0.0016642772852236475,0.13108127998808738
0,Fuzzy Choquet neural network [balanced],negative_momentum_21d,0.055350311671173075,0.055350311671173075,0.2,False,1.0,True,False,False,1.0,unchanged (below absolute correlation threshold),360,training only (frozen before validation refit),0.03697728686208256,0.018766980794436058,0.11732264587993098
0,Fuzzy Choquet neural network [balanced],realized_volatility_20d,-0.07284513297976808,0.07284513297976808,0.2,False,0.6666666666666666,False,False,False,1.0,unchanged (below absolute correlation threshold),360,training only (frozen before validation refit),-0.09075969185142907,-0.27044498182455223,0.09558676047162838
0,Fuzzy Choquet neural network [balanced],term_spread_10y_2y_pct,0.04028323500814167,0.04028323500814167,0.2,False,0.6666666666666666,False,False,False,1.0,unchanged (below absolute correlation threshold),360,training only (frozen before validation refit),0.1546907292465805,-0.05833766452873604,0.4922570581962778
0,Fuzzy Choquet neural network [balanced],vix,-0.07528627932251845,0.07528627932251845,0.2,False,0.6666666666666666,False,False,False,1.0,unchanged (below absolute correlation threshold),360,training only (frozen before validation refit),-0.11668876276675136,-0.24258574111613665,0.01646888385298691
0,Fuzzy Choquet neural network [unweighted],average_equity_correlation_60d,-0.17634980804484068,0.17634980804484068,0.2,False,1.0,True,False,False,1.0,unchanged (below absolute correlation threshold),360,training only (frozen before validation refit),-0.0753339556928336,-0.41876360246204203,-0.04849214028975754
0,Fuzzy Choquet neural network [unweighted],baa_credit_spread_pct,0.10093257397360669,0.10093257397360669,0.2,False,0.6666666666666666,False,False,False,1.0,unchanged (below absolute correlation threshold),360,training only (frozen before validation refit),0.1722979939509851,-0.23845029861175068,0.06830284171553287
0,Fuzzy Choquet neural network [unweighted],drawdown_severity,-0.09633762503638348,0.09633762503638348,0.2,False,1.0,True,False,False,1.0,unchanged (below absolute correlation threshold),360,training only (frozen before validation refit),-0.059450948929357594,-0.177759098088925,-0.10408700255937148
0,Fuzzy Choquet neural network [unweighted],lagged_portfolio_loss_1d,0.0105959113766172,0.0105959113766172,0.2,False,0.3333333333333333,False,False,False,1.0,unchanged (below absolute correlation threshold),360,training only (frozen before validation refit),-0.023831528601383652,-0.006223651596185929,0.054310811439349495
0,Fuzzy Choquet neural network [unweighted],liquidity_stress_20d,0.027930822053600486,0.027930822053600486,0.2,False,0.3333333333333333,False,False,False,1.0,unchanged (below absolute correlation threshold),360,training only (frozen before validation refit),-0.04098258681438098,-0.07545471115204565,0.22038157236547518
0,Fuzzy Choquet neural network [unweighted],market_loss_1d,0.04693739236720418,0.04693739236720418,0.2,False,0.6666666666666666,False,False,False,1.0,unchanged (below absolute correlation threshold),360,training only (frozen before validation refit),-0.005917672391447792,0.0016642772852236475,0.13108127998808738
0,Fuzzy Choquet neural network [unweighted],negative_momentum_21d,0.055350311671173075,0.055350311671173075,0.2,False,1.0,True,False,False,1.0,unchanged (below absolute correlation threshold),360,training only (frozen before validation refit),0.03697728686208256,0.018766980794436058,0.11732264587993098
0,Fuzzy Choquet neural network [unweighted],realized_volatility_20d,-0.07284513297976808,0.07284513297976808,0.2,False,0.6666666666666666,False,False,False,1.0,unchanged (below absolute correlation threshold),360,training only (frozen before validation refit),-0.09075969185142907,-0.27044498182455223,0.09558676047162838
0,Fuzzy Choquet neural network [unweighted],term_spread_10y_2y_pct,0.04028323500814167,0.04028323500814167,0.2,False,0.6666666666666666,False,False,False,1.0,unchanged (below absolute correlation threshold),360,training only (frozen before validation refit),0.1546907292465805,-0.05833766452873604,0.4922570581962778
0,Fuzzy Choquet neural network [unweighted],vix,-0.07528627932251845,0.07528627932251845,0.2,False,0.6666666666666666,False,False,False,1.0,unchanged (below absolute correlation threshold),360,training only (frozen before validation refit),-0.11668876276675136,-0.24258574111613665,0.01646888385298691
0,Logistic oriented [balanced],average_equity_correlation_60d,-0.17634980804484068,0.17634980804484068,0.2,False,1.0,True,False,False,1.0,unchanged (below absolute correlation threshold),360,training only (frozen before validation refit),-0.0753339556928336,-0.41876360246204203,-0.04849214028975754
0,Logistic oriented [balanced],baa_credit_spread_pct,0.10093257397360669,0.10093257397360669,0.2,False,0.6666666666666666,False,False,False,1.0,unchanged (below absolute correlation threshold),360,training only (frozen before validation refit),0.1722979939509851,-0.23845029861175068,0.06830284171553287
0,Logistic oriented [balanced],drawdown_severity,-0.09633762503638348,0.09633762503638348,0.2,False,1.0,True,False,False,1.0,unchanged (below absolute correlation threshold),360,training only (frozen before validation refit),-0.059450948929357594,-0.177759098088925,-0.10408700255937148
0,Logistic oriented [balanced],lagged_portfolio_loss_1d,0.0105959113766172,0.0105959113766172,0.2,False,0.3333333333333333,False,False,False,1.0,unchanged (below absolute correlation threshold),360,training only (frozen before validation refit),-0.023831528601383652,-0.006223651596185929,0.054310811439349495
0,Logistic oriented [balanced],liquidity_stress_20d,0.027930822053600486,0.027930822053600486,0.2,False,0.3333333333333333,False,False,False,1.0,unchanged (below absolute correlation threshold),360,training only (frozen before validation refit),-0.04098258681438098,-0.07545471115204565,0.22038157236547518
0,Logistic oriented [balanced],market_loss_1d,0.04693739236720418,0.04693739236720418,0.2,False,0.6666666666666666,False,False,False,1.0,unchanged (below absolute correlation threshold),360,training only (frozen before validation refit),-0.005917672391447792,0.0016642772852236475,0.13108127998808738
0,Logistic oriented [balanced],negative_momentum_21d,0.055350311671173075,0.055350311671173075,0.2,False,1.0,True,False,False,1.0,unchanged (below absolute correlation threshold),360,training only (frozen before validation refit),0.03697728686208256,0.018766980794436058,0.11732264587993098
0,Logistic oriented [balanced],realized_volatility_20d,-0.07284513297976808,0.07284513297976808,0.2,False,0.6666666666666666,False,False,False,1.0,unchanged (below absolute correlation threshold),360,training only (frozen before validation refit),-0.09075969185142907,-0.27044498182455223,0.09558676047162838
0,Logistic oriented [balanced],term_spread_10y_2y_pct,0.04028323500814167,0.04028323500814167,0.2,False,0.6666666666666666,False,False,False,1.0,unchanged (below absolute correlation threshold),360,training only (frozen before validation refit),0.1546907292465805,-0.05833766452873604,0.4922570581962778
0,Logistic oriented [balanced],vix,-0.07528627932251845,0.07528627932251845,0.2,False,0.6666666666666666,False,False,False,1.0,unchanged (below absolute correlation threshold),360,training only (frozen before validation refit),-0.11668876276675136,-0.24258574111613665,0.01646888385298691
0,Logistic oriented [unweighted],average_equity_correlation_60d,-0.17634980804484068,0.17634980804484068,0.2,False,1.0,True,False,False,1.0,unchanged (below absolute correlation threshold),360,training only (frozen before validation refit),-0.0753339556928336,-0.41876360246204203,-0.04849214028975754
0,Logistic oriented [unweighted],baa_credit_spread_pct,0.10093257397360669,0.10093257397360669,0.2,False,0.6666666666666666,False,False,False,1.0,unchanged (below absolute correlation threshold),360,training only (frozen before validation refit),0.1722979939509851,-0.23845029861175068,0.06830284171553287
0,Logistic oriented [unweighted],drawdown_severity,-0.09633762503638348,0.09633762503638348,0.2,False,1.0,True,False,False,1.0,unchanged (below absolute correlation threshold),360,training only (frozen before validation refit),-0.059450948929357594,-0.177759098088925,-0.10408700255937148
0,Logistic oriented [unweighted],lagged_portfolio_loss_1d,0.0105959113766172,0.0105959113766172,0.2,False,0.3333333333333333,False,False,False,1.0,unchanged (below absolute correlation threshold),360,training only (frozen before validation refit),-0.023831528601383652,-0.006223651596185929,0.054310811439349495
0,Logistic oriented [unweighted],liquidity_stress_20d,0.027930822053600486,0.027930822053600486,0.2,False,0.3333333333333333,False,False,False,1.0,unchanged (below absolute correlation threshold),360,training only (frozen before validation refit),-0.04098258681438098,-0.07545471115204565,0.22038157236547518
0,Logistic oriented [unweighted],market_loss_1d,0.04693739236720418,0.04693739236720418,0.2,False,0.6666666666666666,False,False,False,1.0,unchanged (below absolute correlation threshold),360,training only (frozen before validation refit),-0.005917672391447792,0.0016642772852236475,0.13108127998808738
0,Logistic oriented [unweighted],negative_momentum_21d,0.055350311671173075,0.055350311671173075,0.2,False,1.0,True,False,False,1.0,unchanged (below absolute correlation threshold),360,training only (frozen before validation refit),0.03697728686208256,0.018766980794436058,0.11732264587993098
0,Logistic oriented [unweighted],realized_volatility_20d,-0.07284513297976808,0.07284513297976808,0.2,False,0.6666666666666666,False,False,False,1.0,unchanged (below absolute correlation threshold),360,training only (frozen before validation refit),-0.09075969185142907,-0.27044498182455223,0.09558676047162838
0,Logistic oriented [unweighted],term_spread_10y_2y_pct,0.04028323500814167,0.04028323500814167,0.2,False,0.6666666666666666,False,False,False,1.0,unchanged (below absolute correlation threshold),360,training only (frozen before validation refit),0.1546907292465805,-0.05833766452873604,0.4922570581962778
0,Logistic oriented [unweighted],vix,-0.07528627932251845,0.07528627932251845,0.2,False,0.6666666666666666,False,False,False,1.0,unchanged (below absolute correlation threshold),360,training only (frozen before validation refit),-0.11668876276675136,-0.24258574111613665,0.01646888385298691
1,Choquistic 1-additive [balanced],average_equity_correlation_60d,0.003975711983036769,0.003975711983036769,0.2,False,0.0,False,False,False,1.0,unchanged (below absolute correlation threshold),367,training only (frozen before validation refit),-0.010063482445600307,0.0,-0.08150837671842372
1,Choquistic 1-additive [balanced],baa_credit_spread_pct,0.08317725244630947,0.08317725244630947,0.2,False,0.3333333333333333,False,False,False,1.0,unchanged (below absolute correlation threshold),367,training only (frozen before validation refit),0.061294878342863186,0.0,-0.00854604364972913
1,Choquistic 1-additive [balanced],drawdown_severity,0.05037456105394858,0.05037456105394858,0.2,False,0.3333333333333333,False,False,False,1.0,unchanged (below absolute correlation threshold),367,training only (frozen before validation refit),0.012330536536894919,0.0,-0.08478503056324599
1,Choquistic 1-additive [balanced],lagged_portfolio_loss_1d,0.0890699264656988,0.0890699264656988,0.2,False,0.3333333333333333,False,False,False,1.0,unchanged (below absolute correlation threshold),367,training only (frozen before validation refit),0.12932632179101505,0.0,-0.009328285626498638
1,Choquistic 1-additive [balanced],liquidity_stress_20d,0.10770603328410858,0.10770603328410858,0.2,False,0.3333333333333333,False,False,False,1.0,unchanged (below absolute correlation threshold),367,training only (frozen before validation refit),0.14711508459616265,0.0,-0.20582404006075117
1,Choquistic 1-additive [balanced],market_loss_1d,0.08753772341610751,0.08753772341610751,0.2,False,0.3333333333333333,False,False,False,1.0,unchanged (below absolute correlation threshold),367,training only (frozen before validation refit),0.13230611583151947,0.0,-0.05345645637616517
1,Choquistic 1-additive [balanced],negative_momentum_21d,0.12108614187290084,0.12108614187290084,0.2,False,0.6666666666666666,False,False,False,1.0,unchanged (below absolute correlation threshold),367,training only (frozen before validation refit),0.13045684038503244,0.0,0.06436391878827627
1,Choquistic 1-additive [balanced],realized_volatility_20d,0.05992216758648554,0.05992216758648554,0.2,False,0.3333333333333333,False,False,False,1.0,unchanged (below absolute correlation threshold),367,training only (frozen before validation refit),0.06230404606762468,0.0,-0.0891083100297657
1,Choquistic 1-additive [balanced],term_spread_10y_2y_pct,0.10770657233309358,0.10770657233309358,0.2,False,0.6666666666666666,False,False,False,1.0,unchanged (below absolute correlation threshold),367,training only (frozen before validation refit),0.31660078645438455,0.0,0.017919913399577308
1,Choquistic 1-additive [balanced],vix,0.09525401903736994,0.09525401903736994,0.2,False,0.3333333333333333,False,False,False,1.0,unchanged (below absolute correlation threshold),367,training only (frozen before validation refit),0.08029176831225451,0.0,-0.009669331050920446
1,Choquistic 1-additive [unweighted],average_equity_correlation_60d,0.003975711983036769,0.003975711983036769,0.2,False,0.0,False,False,False,1.0,unchanged (below absolute correlation threshold),367,training only (frozen before validation refit),-0.010063482445600307,0.0,-0.08150837671842372
1,Choquistic 1-additive [unweighted],baa_credit_spread_pct,0.08317725244630947,0.08317725244630947,0.2,False,0.3333333333333333,False,False,False,1.0,unchanged (below absolute correlation threshold),367,training only (frozen before validation refit),0.061294878342863186,0.0,-0.00854604364972913
1,Choquistic 1-additive [unweighted],drawdown_severity,0.05037456105394858,0.05037456105394858,0.2,False,0.3333333333333333,False,False,False,1.0,unchanged (below absolute correlation threshold),367,training only (frozen before validation refit),0.012330536536894919,0.0,-0.08478503056324599
1,Choquistic 1-additive [unweighted],lagged_portfolio_loss_1d,0.0890699264656988,0.0890699264656988,0.2,False,0.3333333333333333,False,False,False,1.0,unchanged (below absolute correlation threshold),367,training only (frozen before validation refit),0.12932632179101505,0.0,-0.009328285626498638
1,Choquistic 1-additive [unweighted],liquidity_stress_20d,0.10770603328410858,0.10770603328410858,0.2,False,0.3333333333333333,False,False,False,1.0,unchanged (below absolute correlation threshold),367,training only (frozen before validation refit),0.14711508459616265,0.0,-0.20582404006075117
1,Choquistic 1-additive [unweighted],market_loss_1d,0.08753772341610751,0.08753772341610751,0.2,False,0.3333333333333333,False,False,False,1.0,unchanged (below absolute correlation threshold),367,training only (frozen before validation refit),0.13230611583151947,0.0,-0.05345645637616517
1,Choquistic 1-additive [unweighted],negative_momentum_21d,0.12108614187290084,0.12108614187290084,0.2,False,0.6666666666666666,False,False,False,1.0,unchanged (below absolute correlation threshold),367,training only (frozen before validation refit),0.13045684038503244,0.0,0.06436391878827627
1,Choquistic 1-additive [unweighted],realized_volatility_20d,0.05992216758648554,0.05992216758648554,0.2,False,0.3333333333333333,False,False,False,1.0,unchanged (below absolute correlation threshold),367,training only (frozen before validation refit),0.06230404606762468,0.0,-0.0891083100297657
1,Choquistic 1-additive [unweighted],term_spread_10y_2y_pct,0.10770657233309358,0.10770657233309358,0.2,False,0.6666666666666666,False,False,False,1.0,unchanged (below absolute correlation threshold),367,training only (frozen before validation refit),0.31660078645438455,0.0,0.017919913399577308
1,Choquistic 1-additive [unweighted],vix,0.09525401903736994,0.09525401903736994,0.2,False,0.3333333333333333,False,False,False,1.0,unchanged (below absolute correlation threshold),367,training only (frozen before validation refit),0.08029176831225451,0.0,-0.009669331050920446
1,Choquistic 2-additive [balanced],average_equity_correlation_60d,0.003975711983036769,0.003975711983036769,0.2,False,0.0,False,False,False,1.0,unchanged (below absolute correlation threshold),367,training only (frozen before validation refit),-0.010063482445600307,0.0,-0.08150837671842372
1,Choquistic 2-additive [balanced],baa_credit_spread_pct,0.08317725244630947,0.08317725244630947,0.2,False,0.3333333333333333,False,False,False,1.0,unchanged (below absolute correlation threshold),367,training only (frozen before validation refit),0.061294878342863186,0.0,-0.00854604364972913
1,Choquistic 2-additive [balanced],drawdown_severity,0.05037456105394858,0.05037456105394858,0.2,False,0.3333333333333333,False,False,False,1.0,unchanged (below absolute correlation threshold),367,training only (frozen before validation refit),0.012330536536894919,0.0,-0.08478503056324599
1,Choquistic 2-additive [balanced],lagged_portfolio_loss_1d,0.0890699264656988,0.0890699264656988,0.2,False,0.3333333333333333,False,False,False,1.0,unchanged (below absolute correlation threshold),367,training only (frozen before validation refit),0.12932632179101505,0.0,-0.009328285626498638
1,Choquistic 2-additive [balanced],liquidity_stress_20d,0.10770603328410858,0.10770603328410858,0.2,False,0.3333333333333333,False,False,False,1.0,unchanged (below absolute correlation threshold),367,training only (frozen before validation refit),0.14711508459616265,0.0,-0.20582404006075117
1,Choquistic 2-additive [balanced],market_loss_1d,0.08753772341610751,0.08753772341610751,0.2,False,0.3333333333333333,False,False,False,1.0,unchanged (below absolute correlation threshold),367,training only (frozen before validation refit),0.13230611583151947,0.0,-0.05345645637616517
1,Choquistic 2-additive [balanced],negative_momentum_21d,0.12108614187290084,0.12108614187290084,0.2,False,0.6666666666666666,False,False,False,1.0,unchanged (below absolute correlation threshold),367,training only (frozen before validation refit),0.13045684038503244,0.0,0.06436391878827627
1,Choquistic 2-additive [balanced],realized_volatility_20d,0.05992216758648554,0.05992216758648554,0.2,False,0.3333333333333333,False,False,False,1.0,unchanged (below absolute correlation threshold),367,training only (frozen before validation refit),0.06230404606762468,0.0,-0.0891083100297657
1,Choquistic 2-additive [balanced],term_spread_10y_2y_pct,0.10770657233309358,0.10770657233309358,0.2,False,0.6666666666666666,False,False,False,1.0,unchanged (below absolute correlation threshold),367,training only (frozen before validation refit),0.31660078645438455,0.0,0.017919913399577308
1,Choquistic 2-additive [balanced],vix,0.09525401903736994,0.09525401903736994,0.2,False,0.3333333333333333,False,False,False,1.0,unchanged (below absolute correlation threshold),367,training only (frozen before validation refit),0.08029176831225451,0.0,-0.009669331050920446
1,Choquistic 2-additive [unweighted],average_equity_correlation_60d,0.003975711983036769,0.003975711983036769,0.2,False,0.0,False,False,False,1.0,unchanged (below absolute correlation threshold),367,training only (frozen before validation refit),-0.010063482445600307,0.0,-0.08150837671842372
1,Choquistic 2-additive [unweighted],baa_credit_spread_pct,0.08317725244630947,0.08317725244630947,0.2,False,0.3333333333333333,False,False,False,1.0,unchanged (below absolute correlation threshold),367,training only (frozen before validation refit),0.061294878342863186,0.0,-0.00854604364972913
1,Choquistic 2-additive [unweighted],drawdown_severity,0.05037456105394858,0.05037456105394858,0.2,False,0.3333333333333333,False,False,False,1.0,unchanged (below absolute correlation threshold),367,training only (frozen before validation refit),0.012330536536894919,0.0,-0.08478503056324599
1,Choquistic 2-additive [unweighted],lagged_portfolio_loss_1d,0.0890699264656988,0.0890699264656988,0.2,False,0.3333333333333333,False,False,False,1.0,unchanged (below absolute correlation threshold),367,training only (frozen before validation refit),0.12932632179101505,0.0,-0.009328285626498638
1,Choquistic 2-additive [unweighted],liquidity_stress_20d,0.10770603328410858,0.10770603328410858,0.2,False,0.3333333333333333,False,False,False,1.0,unchanged (below absolute correlation threshold),367,training only (frozen before validation refit),0.14711508459616265,0.0,-0.20582404006075117
1,Choquistic 2-additive [unweighted],market_loss_1d,0.08753772341610751,0.08753772341610751,0.2,False,0.3333333333333333,False,False,False,1.0,unchanged (below absolute correlation threshold),367,training only (frozen before validation refit),0.13230611583151947,0.0,-0.05345645637616517
1,Choquistic 2-additive [unweighted],negative_momentum_21d,0.12108614187290084,0.12108614187290084,0.2,False,0.6666666666666666,False,False,False,1.0,unchanged (below absolute correlation threshold),367,training only (frozen before validation refit),0.13045684038503244,0.0,0.06436391878827627
1,Choquistic 2-additive [unweighted],realized_volatility_20d,0.05992216758648554,0.05992216758648554,0.2,False,0.3333333333333333,False,False,False,1.0,unchanged (below absolute correlation threshold),367,training only (frozen before validation refit),0.06230404606762468,0.0,-0.0891083100297657
1,Choquistic 2-additive [unweighted],term_spread_10y_2y_pct,0.10770657233309358,0.10770657233309358,0.2,False,0.6666666666666666,False,False,False,1.0,unchanged (below absolute correlation threshold),367,training only (frozen before validation refit),0.31660078645438455,0.0,0.017919913399577308
1,Choquistic 2-additive [unweighted],vix,0.09525401903736994,0.09525401903736994,0.2,False,0.3333333333333333,False,False,False,1.0,unchanged (below absolute correlation threshold),367,training only (frozen before validation refit),0.08029176831225451,0.0,-0.009669331050920446
1,Fuzzy Choquet neural network [balanced],average_equity_correlation_60d,0.003975711983036769,0.003975711983036769,0.2,False,0.0,False,False,False,1.0,unchanged (below absolute correlation threshold),367,training only (frozen before validation refit),-0.010063482445600307,0.0,-0.08150837671842372
1,Fuzzy Choquet neural network [balanced],baa_credit_spread_pct,0.08317725244630947,0.08317725244630947,0.2,False,0.3333333333333333,False,False,False,1.0,unchanged (below absolute correlation threshold),367,training only (frozen before validation refit),0.061294878342863186,0.0,-0.00854604364972913
1,Fuzzy Choquet neural network [balanced],drawdown_severity,0.05037456105394858,0.05037456105394858,0.2,False,0.3333333333333333,False,False,False,1.0,unchanged (below absolute correlation threshold),367,training only (frozen before validation refit),0.012330536536894919,0.0,-0.08478503056324599
1,Fuzzy Choquet neural network [balanced],lagged_portfolio_loss_1d,0.0890699264656988,0.0890699264656988,0.2,False,0.3333333333333333,False,False,False,1.0,unchanged (below absolute correlation threshold),367,training only (frozen before validation refit),0.12932632179101505,0.0,-0.009328285626498638
1,Fuzzy Choquet neural network [balanced],liquidity_stress_20d,0.10770603328410858,0.10770603328410858,0.2,False,0.3333333333333333,False,False,False,1.0,unchanged (below absolute correlation threshold),367,training only (frozen before validation refit),0.14711508459616265,0.0,-0.20582404006075117
1,Fuzzy Choquet neural network [balanced],market_loss_1d,0.08753772341610751,0.08753772341610751,0.2,False,0.3333333333333333,False,False,False,1.0,unchanged (below absolute correlation threshold),367,training only (frozen before validation refit),0.13230611583151947,0.0,-0.05345645637616517
1,Fuzzy Choquet neural network [balanced],negative_momentum_21d,0.12108614187290084,0.12108614187290084,0.2,False,0.6666666666666666,False,False,False,1.0,unchanged (below absolute correlation threshold),367,training only (frozen before validation refit),0.13045684038503244,0.0,0.06436391878827627
1,Fuzzy Choquet neural network [balanced],realized_volatility_20d,0.05992216758648554,0.05992216758648554,0.2,False,0.3333333333333333,False,False,False,1.0,unchanged (below absolute correlation threshold),367,training only (frozen before validation refit),0.06230404606762468,0.0,-0.0891083100297657
1,Fuzzy Choquet neural network [balanced],term_spread_10y_2y_pct,0.10770657233309358,0.10770657233309358,0.2,False,0.6666666666666666,False,False,False,1.0,unchanged (below absolute correlation threshold),367,training only (frozen before validation refit),0.31660078645438455,0.0,0.017919913399577308
1,Fuzzy Choquet neural network [balanced],vix,0.09525401903736994,0.09525401903736994,0.2,False,0.3333333333333333,False,False,False,1.0,unchanged (below absolute correlation threshold),367,training only (frozen before validation refit),0.08029176831225451,0.0,-0.009669331050920446
1,Fuzzy Choquet neural network [unweighted],average_equity_correlation_60d,0.003975711983036769,0.003975711983036769,0.2,False,0.0,False,False,False,1.0,unchanged (below absolute correlation threshold),367,training only (frozen before validation refit),-0.010063482445600307,0.0,-0.08150837671842372
1,Fuzzy Choquet neural network [unweighted],baa_credit_spread_pct,0.08317725244630947,0.08317725244630947,0.2,False,0.3333333333333333,False,False,False,1.0,unchanged (below absolute correlation threshold),367,training only (frozen before validation refit),0.061294878342863186,0.0,-0.00854604364972913
1,Fuzzy Choquet neural network [unweighted],drawdown_severity,0.05037456105394858,0.05037456105394858,0.2,False,0.3333333333333333,False,False,False,1.0,unchanged (below absolute correlation threshold),367,training only (frozen before validation refit),0.012330536536894919,0.0,-0.08478503056324599
1,Fuzzy Choquet neural network [unweighted],lagged_portfolio_loss_1d,0.0890699264656988,0.0890699264656988,0.2,False,0.3333333333333333,False,False,False,1.0,unchanged (below absolute correlation threshold),367,training only (frozen before validation refit),0.12932632179101505,0.0,-0.009328285626498638
1,Fuzzy Choquet neural network [unweighted],liquidity_stress_20d,0.10770603328410858,0.10770603328410858,0.2,False,0.3333333333333333,False,False,False,1.0,unchanged (below absolute correlation threshold),367,training only (frozen before validation refit),0.14711508459616265,0.0,-0.20582404006075117
1,Fuzzy Choquet neural network [unweighted],market_loss_1d,0.08753772341610751,0.08753772341610751,0.2,False,0.3333333333333333,False,False,False,1.0,unchanged (below absolute correlation threshold),367,training only (frozen before validation refit),0.13230611583151947,0.0,-0.05345645637616517
1,Fuzzy Choquet neural network [unweighted],negative_momentum_21d,0.12108614187290084,0.12108614187290084,0.2,False,0.6666666666666666,False,False,False,1.0,unchanged (below absolute correlation threshold),367,training only (frozen before validation refit),0.13045684038503244,0.0,0.06436391878827627
1,Fuzzy Choquet neural network [unweighted],realized_volatility_20d,0.05992216758648554,0.05992216758648554,0.2,False,0.3333333333333333,False,False,False,1.0,unchanged (below absolute correlation threshold),367,training only (frozen before validation refit),0.06230404606762468,0.0,-0.0891083100297657
1,Fuzzy Choquet neural network [unweighted],term_spread_10y_2y_pct,0.10770657233309358,0.10770657233309358,0.2,False,0.6666666666666666,False,False,False,1.0,unchanged (below absolute correlation threshold),367,training only (frozen before validation refit),0.31660078645438455,0.0,0.017919913399577308
1,Fuzzy Choquet neural network [unweighted],vix,0.09525401903736994,0.09525401903736994,0.2,False,0.3333333333333333,False,False,False,1.0,unchanged (below absolute correlation threshold),367,training only (frozen before validation refit),0.08029176831225451,0.0,-0.009669331050920446
1,Logistic oriented [balanced],average_equity_correlation_60d,0.003975711983036769,0.003975711983036769,0.2,False,0.0,False,False,False,1.0,unchanged (below absolute correlation threshold),367,training only (frozen before validation refit),-0.010063482445600307,0.0,-0.08150837671842372
1,Logistic oriented [balanced],baa_credit_spread_pct,0.08317725244630947,0.08317725244630947,0.2,False,0.3333333333333333,False,False,False,1.0,unchanged (below absolute correlation threshold),367,training only (frozen before validation refit),0.061294878342863186,0.0,-0.00854604364972913
1,Logistic oriented [balanced],drawdown_severity,0.05037456105394858,0.05037456105394858,0.2,False,0.3333333333333333,False,False,False,1.0,unchanged (below absolute correlation threshold),367,training only (frozen before validation refit),0.012330536536894919,0.0,-0.08478503056324599
1,Logistic oriented [balanced],lagged_portfolio_loss_1d,0.0890699264656988,0.0890699264656988,0.2,False,0.3333333333333333,False,False,False,1.0,unchanged (below absolute correlation threshold),367,training only (frozen before validation refit),0.12932632179101505,0.0,-0.009328285626498638
1,Logistic oriented [balanced],liquidity_stress_20d,0.10770603328410858,0.10770603328410858,0.2,False,0.3333333333333333,False,False,False,1.0,unchanged (below absolute correlation threshold),367,training only (frozen before validation refit),0.14711508459616265,0.0,-0.20582404006075117
1,Logistic oriented [balanced],market_loss_1d,0.08753772341610751,0.08753772341610751,0.2,False,0.3333333333333333,False,False,False,1.0,unchanged (below absolute correlation threshold),367,training only (frozen before validation refit),0.13230611583151947,0.0,-0.05345645637616517
1,Logistic oriented [balanced],negative_momentum_21d,0.12108614187290084,0.12108614187290084,0.2,False,0.6666666666666666,False,False,False,1.0,unchanged (below absolute correlation threshold),367,training only (frozen before validation refit),0.13045684038503244,0.0,0.06436391878827627
1,Logistic oriented [balanced],realized_volatility_20d,0.05992216758648554,0.05992216758648554,0.2,False,0.3333333333333333,False,False,False,1.0,unchanged (below absolute correlation threshold),367,training only (frozen before validation refit),0.06230404606762468,0.0,-0.0891083100297657
1,Logistic oriented [balanced],term_spread_10y_2y_pct,0.10770657233309358,0.10770657233309358,0.2,False,0.6666666666666666,False,False,False,1.0,unchanged (below absolute correlation threshold),367,training only (frozen before validation refit),0.31660078645438455,0.0,0.017919913399577308
1,Logistic oriented [balanced],vix,0.09525401903736994,0.09525401903736994,0.2,False,0.3333333333333333,False,False,False,1.0,unchanged (below absolute correlation threshold),367,training only (frozen before validation refit),0.08029176831225451,0.0,-0.009669331050920446
1,Logistic oriented [unweighted],average_equity_correlation_60d,0.003975711983036769,0.003975711983036769,0.2,False,0.0,False,False,False,1.0,unchanged (below absolute correlation threshold),367,training only (frozen before validation refit),-0.010063482445600307,0.0,-0.08150837671842372
1,Logistic oriented [unweighted],baa_credit_spread_pct,0.08317725244630947,0.08317725244630947,0.2,False,0.3333333333333333,False,False,False,1.0,unchanged (below absolute correlation threshold),367,training only (frozen before validation refit),0.061294878342863186,0.0,-0.00854604364972913
1,Logistic oriented [unweighted],drawdown_severity,0.05037456105394858,0.05037456105394858,0.2,False,0.3333333333333333,False,False,False,1.0,unchanged (below absolute correlation threshold),367,training only (frozen before validation refit),0.012330536536894919,0.0,-0.08478503056324599
1,Logistic oriented [unweighted],lagged_portfolio_loss_1d,0.0890699264656988,0.0890699264656988,0.2,False,0.3333333333333333,False,False,False,1.0,unchanged (below absolute correlation threshold),367,training only (frozen before validation refit),0.12932632179101505,0.0,-0.009328285626498638
1,Logistic oriented [unweighted],liquidity_stress_20d,0.10770603328410858,0.10770603328410858,0.2,False,0.3333333333333333,False,False,False,1.0,unchanged (below absolute correlation threshold),367,training only (frozen before validation refit),0.14711508459616265,0.0,-0.20582404006075117
1,Logistic oriented [unweighted],market_loss_1d,0.08753772341610751,0.08753772341610751,0.2,False,0.3333333333333333,False,False,False,1.0,unchanged (below absolute correlation threshold),367,training only (frozen before validation refit),0.13230611583151947,0.0,-0.05345645637616517
1,Logistic oriented [unweighted],negative_momentum_21d,0.12108614187290084,0.12108614187290084,0.2,False,0.6666666666666666,False,False,False,1.0,unchanged (below absolute correlation threshold),367,training only (frozen before validation refit),0.13045684038503244,0.0,0.06436391878827627
1,Logistic oriented [unweighted],realized_volatility_20d,0.05992216758648554,0.05992216758648554,0.2,False,0.3333333333333333,False,False,False,1.0,unchanged (below absolute correlation threshold),367,training only (frozen before validation refit),0.06230404606762468,0.0,-0.0891083100297657
1,Logistic oriented [unweighted],term_spread_10y_2y_pct,0.10770657233309358,0.10770657233309358,0.2,False,0.6666666666666666,False,False,False,1.0,unchanged (below absolute correlation threshold),367,training only (frozen before validation refit),0.31660078645438455,0.0,0.017919913399577308
1,Logistic oriented [unweighted],vix,0.09525401903736994,0.09525401903736994,0.2,False,0.3333333333333333,False,False,False,1.0,unchanged (below absolute correlation threshold),367,training only (frozen before validation refit),0.08029176831225451,0.0,-0.009669331050920446
2,Choquistic 1-additive [balanced],average_equity_correlation_60d,0.0794005551917137,0.0794005551917137,0.2,False,0.0,False,False,False,1.0,unchanged (below absolute correlation threshold),366,training only (frozen before validation refit),-0.004680695843863644,-0.17971221715971136,-0.17494525937158778
2,Choquistic 1-additive [balanced],baa_credit_spread_pct,-0.2540417621297268,0.2540417621297268,0.2,True,0.6666666666666666,False,False,True,-1.0,multiplied by -1,366,training only (frozen before validation refit),-0.18804370514666374,0.13568610648014956,-0.3547972924934031
2,Choquistic 1-additive [balanced],drawdown_severity,0.015352893039647498,0.015352893039647498,0.2,False,0.0,False,False,False,1.0,unchanged (below absolute correlation threshold),366,training only (frozen before validation refit),-0.054417970093594996,-0.13873679557444765,-0.17048700154228588
2,Choquistic 1-additive [balanced],lagged_portfolio_loss_1d,-0.0022120192658495047,0.0022120192658495047,0.2,False,0.3333333333333333,False,False,False,1.0,unchanged (below absolute correlation threshold),366,training only (frozen before validation refit),0.07181164303299771,0.018596793830161034,-0.031907198531179154
2,Choquistic 1-additive [balanced],liquidity_stress_20d,-0.04597085160833039,0.04597085160833039,0.2,False,1.0,True,False,False,1.0,unchanged (below absolute correlation threshold),366,training only (frozen before validation refit),-0.11971214461119566,-0.38730875914122254,-0.3627271735118463
2,Choquistic 1-additive [balanced],market_loss_1d,-0.02778975527044839,0.02778975527044839,0.2,False,1.0,True,False,False,1.0,unchanged (below absolute correlation threshold),366,training only (frozen before validation refit),-0.11012491498849972,-0.06377626213654618,-0.015418627782453006
2,Choquistic 1-additive [balanced],negative_momentum_21d,-0.2213398819908277,0.2213398819908277,0.2,True,0.6666666666666666,False,False,True,-1.0,multiplied by -1,366,training only (frozen before validation refit),0.005471382400160058,-0.12171483124872601,-0.3863220202879858
2,Choquistic 1-additive [balanced],realized_volatility_20d,0.020667257843146266,0.020667257843146266,0.2,False,0.0,False,False,False,1.0,unchanged (below absolute correlation threshold),366,training only (frozen before validation refit),-0.043296557161185724,-0.2895192830185181,-0.16730775499843192
2,Choquistic 1-additive [balanced],term_spread_10y_2y_pct,-0.13984557770455483,0.13984557770455483,0.2,False,0.3333333333333333,False,False,False,1.0,unchanged (below absolute correlation threshold),366,training only (frozen before validation refit),-0.18381571201311744,0.18505430269914175,0.21957292913487594
2,Choquistic 1-additive [balanced],vix,0.06254774971119845,0.06254774971119845,0.2,False,0.3333333333333333,False,False,False,1.0,unchanged (below absolute correlation threshold),366,training only (frozen before validation refit),-0.08217935664515288,0.03576384716934968,-0.10677757533562626
2,Choquistic 1-additive [unweighted],average_equity_correlation_60d,0.0794005551917137,0.0794005551917137,0.2,False,0.0,False,False,False,1.0,unchanged (below absolute correlation threshold),366,training only (frozen before validation refit),-0.004680695843863644,-0.17971221715971136,-0.17494525937158778
2,Choquistic 1-additive [unweighted],baa_credit_spread_pct,-0.2540417621297268,0.2540417621297268,0.2,True,0.6666666666666666,False,False,True,-1.0,multiplied by -1,366,training only (frozen before validation refit),-0.18804370514666374,0.13568610648014956,-0.3547972924934031
2,Choquistic 1-additive [unweighted],drawdown_severity,0.015352893039647498,0.015352893039647498,0.2,False,0.0,False,False,False,1.0,unchanged (below absolute correlation threshold),366,training only (frozen before validation refit),-0.054417970093594996,-0.13873679557444765,-0.17048700154228588
2,Choquistic 1-additive [unweighted],lagged_portfolio_loss_1d,-0.0022120192658495047,0.0022120192658495047,0.2,False,0.3333333333333333,False,False,False,1.0,unchanged (below absolute correlation threshold),366,training only (frozen before validation refit),0.07181164303299771,0.018596793830161034,-0.031907198531179154
2,Choquistic 1-additive [unweighted],liquidity_stress_20d,-0.04597085160833039,0.04597085160833039,0.2,False,1.0,True,False,False,1.0,unchanged (below absolute correlation threshold),366,training only (frozen before validation refit),-0.11971214461119566,-0.38730875914122254,-0.3627271735118463
2,Choquistic 1-additive [unweighted],market_loss_1d,-0.02778975527044839,0.02778975527044839,0.2,False,1.0,True,False,False,1.0,unchanged (below absolute correlation threshold),366,training only (frozen before validation refit),-0.11012491498849972,-0.06377626213654618,-0.015418627782453006
2,Choquistic 1-additive [unweighted],negative_momentum_21d,-0.2213398819908277,0.2213398819908277,0.2,True,0.6666666666666666,False,False,True,-1.0,multiplied by -1,366,training only (frozen before validation refit),0.005471382400160058,-0.12171483124872601,-0.3863220202879858
2,Choquistic 1-additive [unweighted],realized_volatility_20d,0.020667257843146266,0.020667257843146266,0.2,False,0.0,False,False,False,1.0,unchanged (below absolute correlation threshold),366,training only (frozen before validation refit),-0.043296557161185724,-0.2895192830185181,-0.16730775499843192
2,Choquistic 1-additive [unweighted],term_spread_10y_2y_pct,-0.13984557770455483,0.13984557770455483,0.2,False,0.3333333333333333,False,False,False,1.0,unchanged (below absolute correlation threshold),366,training only (frozen before validation refit),-0.18381571201311744,0.18505430269914175,0.21957292913487594
2,Choquistic 1-additive [unweighted],vix,0.06254774971119845,0.06254774971119845,0.2,False,0.3333333333333333,False,False,False,1.0,unchanged (below absolute correlation threshold),366,training only (frozen before validation refit),-0.08217935664515288,0.03576384716934968,-0.10677757533562626
2,Choquistic 2-additive [balanced],average_equity_correlation_60d,0.0794005551917137,0.0794005551917137,0.2,False,0.0,False,False,False,1.0,unchanged (below absolute correlation threshold),366,training only (frozen before validation refit),-0.004680695843863644,-0.17971221715971136,-0.17494525937158778
2,Choquistic 2-additive [balanced],baa_credit_spread_pct,-0.2540417621297268,0.2540417621297268,0.2,True,0.6666666666666666,False,False,True,-1.0,multiplied by -1,366,training only (frozen before validation refit),-0.18804370514666374,0.13568610648014956,-0.3547972924934031
2,Choquistic 2-additive [balanced],drawdown_severity,0.015352893039647498,0.015352893039647498,0.2,False,0.0,False,False,False,1.0,unchanged (below absolute correlation threshold),366,training only (frozen before validation refit),-0.054417970093594996,-0.13873679557444765,-0.17048700154228588
2,Choquistic 2-additive [balanced],lagged_portfolio_loss_1d,-0.0022120192658495047,0.0022120192658495047,0.2,False,0.3333333333333333,False,False,False,1.0,unchanged (below absolute correlation threshold),366,training only (frozen before validation refit),0.07181164303299771,0.018596793830161034,-0.031907198531179154
2,Choquistic 2-additive [balanced],liquidity_stress_20d,-0.04597085160833039,0.04597085160833039,0.2,False,1.0,True,False,False,1.0,unchanged (below absolute correlation threshold),366,training only (frozen before validation refit),-0.11971214461119566,-0.38730875914122254,-0.3627271735118463
2,Choquistic 2-additive [balanced],market_loss_1d,-0.02778975527044839,0.02778975527044839,0.2,False,1.0,True,False,False,1.0,unchanged (below absolute correlation threshold),366,training only (frozen before validation refit),-0.11012491498849972,-0.06377626213654618,-0.015418627782453006
2,Choquistic 2-additive [balanced],negative_momentum_21d,-0.2213398819908277,0.2213398819908277,0.2,True,0.6666666666666666,False,False,True,-1.0,multiplied by -1,366,training only (frozen before validation refit),0.005471382400160058,-0.12171483124872601,-0.3863220202879858
2,Choquistic 2-additive [balanced],realized_volatility_20d,0.020667257843146266,0.020667257843146266,0.2,False,0.0,False,False,False,1.0,unchanged (below absolute correlation threshold),366,training only (frozen before validation refit),-0.043296557161185724,-0.2895192830185181,-0.16730775499843192
2,Choquistic 2-additive [balanced],term_spread_10y_2y_pct,-0.13984557770455483,0.13984557770455483,0.2,False,0.3333333333333333,False,False,False,1.0,unchanged (below absolute correlation threshold),366,training only (frozen before validation refit),-0.18381571201311744,0.18505430269914175,0.21957292913487594
2,Choquistic 2-additive [balanced],vix,0.06254774971119845,0.06254774971119845,0.2,False,0.3333333333333333,False,False,False,1.0,unchanged (below absolute correlation threshold),366,training only (frozen before validation refit),-0.08217935664515288,0.03576384716934968,-0.10677757533562626
2,Choquistic 2-additive [unweighted],average_equity_correlation_60d,0.0794005551917137,0.0794005551917137,0.2,False,0.0,False,False,False,1.0,unchanged (below absolute correlation threshold),366,training only (frozen before validation refit),-0.004680695843863644,-0.17971221715971136,-0.17494525937158778
2,Choquistic 2-additive [unweighted],baa_credit_spread_pct,-0.2540417621297268,0.2540417621297268,0.2,True,0.6666666666666666,False,False,True,-1.0,multiplied by -1,366,training only (frozen before validation refit),-0.18804370514666374,0.13568610648014956,-0.3547972924934031
2,Choquistic 2-additive [unweighted],drawdown_severity,0.015352893039647498,0.015352893039647498,0.2,False,0.0,False,False,False,1.0,unchanged (below absolute correlation threshold),366,training only (frozen before validation refit),-0.054417970093594996,-0.13873679557444765,-0.17048700154228588
2,Choquistic 2-additive [unweighted],lagged_portfolio_loss_1d,-0.0022120192658495047,0.0022120192658495047,0.2,False,0.3333333333333333,False,False,False,1.0,unchanged (below absolute correlation threshold),366,training only (frozen before validation refit),0.07181164303299771,0.018596793830161034,-0.031907198531179154
2,Choquistic 2-additive [unweighted],liquidity_stress_20d,-0.04597085160833039,0.04597085160833039,0.2,False,1.0,True,False,False,1.0,unchanged (below absolute correlation threshold),366,training only (frozen before validation refit),-0.11971214461119566,-0.38730875914122254,-0.3627271735118463
2,Choquistic 2-additive [unweighted],market_loss_1d,-0.02778975527044839,0.02778975527044839,0.2,False,1.0,True,False,False,1.0,unchanged (below absolute correlation threshold),366,training only (frozen before validation refit),-0.11012491498849972,-0.06377626213654618,-0.015418627782453006
2,Choquistic 2-additive [unweighted],negative_momentum_21d,-0.2213398819908277,0.2213398819908277,0.2,True,0.6666666666666666,False,False,True,-1.0,multiplied by -1,366,training only (frozen before validation refit),0.005471382400160058,-0.12171483124872601,-0.3863220202879858
2,Choquistic 2-additive [unweighted],realized_volatility_20d,0.020667257843146266,0.020667257843146266,0.2,False,0.0,False,False,False,1.0,unchanged (below absolute correlation threshold),366,training only (frozen before validation refit),-0.043296557161185724,-0.2895192830185181,-0.16730775499843192
2,Choquistic 2-additive [unweighted],term_spread_10y_2y_pct,-0.13984557770455483,0.13984557770455483,0.2,False,0.3333333333333333,False,False,False,1.0,unchanged (below absolute correlation threshold),366,training only (frozen before validation refit),-0.18381571201311744,0.18505430269914175,0.21957292913487594
2,Choquistic 2-additive [unweighted],vix,0.06254774971119845,0.06254774971119845,0.2,False,0.3333333333333333,False,False,False,1.0,unchanged (below absolute correlation threshold),366,training only (frozen before validation refit),-0.08217935664515288,0.03576384716934968,-0.10677757533562626
2,Fuzzy Choquet neural network [balanced],average_equity_correlation_60d,0.0794005551917137,0.0794005551917137,0.2,False,0.0,False,False,False,1.0,unchanged (below absolute correlation threshold),366,training only (frozen before validation refit),-0.004680695843863644,-0.17971221715971136,-0.17494525937158778
2,Fuzzy Choquet neural network [balanced],baa_credit_spread_pct,-0.2540417621297268,0.2540417621297268,0.2,True,0.6666666666666666,False,False,True,-1.0,multiplied by -1,366,training only (frozen before validation refit),-0.18804370514666374,0.13568610648014956,-0.3547972924934031
2,Fuzzy Choquet neural network [balanced],drawdown_severity,0.015352893039647498,0.015352893039647498,0.2,False,0.0,False,False,False,1.0,unchanged (below absolute correlation threshold),366,training only (frozen before validation refit),-0.054417970093594996,-0.13873679557444765,-0.17048700154228588
2,Fuzzy Choquet neural network [balanced],lagged_portfolio_loss_1d,-0.0022120192658495047,0.0022120192658495047,0.2,False,0.3333333333333333,False,False,False,1.0,unchanged (below absolute correlation threshold),366,training only (frozen before validation refit),0.07181164303299771,0.018596793830161034,-0.031907198531179154
2,Fuzzy Choquet neural network [balanced],liquidity_stress_20d,-0.04597085160833039,0.04597085160833039,0.2,False,1.0,True,False,False,1.0,unchanged (below absolute correlation threshold),366,training only (frozen before validation refit),-0.11971214461119566,-0.38730875914122254,-0.3627271735118463
2,Fuzzy Choquet neural network [balanced],market_loss_1d,-0.02778975527044839,0.02778975527044839,0.2,False,1.0,True,False,False,1.0,unchanged (below absolute correlation threshold),366,training only (frozen before validation refit),-0.11012491498849972,-0.06377626213654618,-0.015418627782453006
2,Fuzzy Choquet neural network [balanced],negative_momentum_21d,-0.2213398819908277,0.2213398819908277,0.2,True,0.6666666666666666,False,False,True,-1.0,multiplied by -1,366,training only (frozen before validation refit),0.005471382400160058,-0.12171483124872601,-0.3863220202879858
2,Fuzzy Choquet neural network [balanced],realized_volatility_20d,0.020667257843146266,0.020667257843146266,0.2,False,0.0,False,False,False,1.0,unchanged (below absolute correlation threshold),366,training only (frozen before validation refit),-0.043296557161185724,-0.2895192830185181,-0.16730775499843192
2,Fuzzy Choquet neural network [balanced],term_spread_10y_2y_pct,-0.13984557770455483,0.13984557770455483,0.2,False,0.3333333333333333,False,False,False,1.0,unchanged (below absolute correlation threshold),366,training only (frozen before validation refit),-0.18381571201311744,0.18505430269914175,0.21957292913487594
2,Fuzzy Choquet neural network [balanced],vix,0.06254774971119845,0.06254774971119845,0.2,False,0.3333333333333333,False,False,False,1.0,unchanged (below absolute correlation threshold),366,training only (frozen before validation refit),-0.08217935664515288,0.03576384716934968,-0.10677757533562626
2,Fuzzy Choquet neural network [unweighted],average_equity_correlation_60d,0.0794005551917137,0.0794005551917137,0.2,False,0.0,False,False,False,1.0,unchanged (below absolute correlation threshold),366,training only (frozen before validation refit),-0.004680695843863644,-0.17971221715971136,-0.17494525937158778
2,Fuzzy Choquet neural network [unweighted],baa_credit_spread_pct,-0.2540417621297268,0.2540417621297268,0.2,True,0.6666666666666666,False,False,True,-1.0,multiplied by -1,366,training only (frozen before validation refit),-0.18804370514666374,0.13568610648014956,-0.3547972924934031
2,Fuzzy Choquet neural network [unweighted],drawdown_severity,0.015352893039647498,0.015352893039647498,0.2,False,0.0,False,False,False,1.0,unchanged (below absolute correlation threshold),366,training only (frozen before validation refit),-0.054417970093594996,-0.13873679557444765,-0.17048700154228588
2,Fuzzy Choquet neural network [unweighted],lagged_portfolio_loss_1d,-0.0022120192658495047,0.0022120192658495047,0.2,False,0.3333333333333333,False,False,False,1.0,unchanged (below absolute correlation threshold),366,training only (frozen before validation refit),0.07181164303299771,0.018596793830161034,-0.031907198531179154
2,Fuzzy Choquet neural network [unweighted],liquidity_stress_20d,-0.04597085160833039,0.04597085160833039,0.2,False,1.0,True,False,False,1.0,unchanged (below absolute correlation threshold),366,training only (frozen before validation refit),-0.11971214461119566,-0.38730875914122254,-0.3627271735118463
2,Fuzzy Choquet neural network [unweighted],market_loss_1d,-0.02778975527044839,0.02778975527044839,0.2,False,1.0,True,False,False,1.0,unchanged (below absolute correlation threshold),366,training only (frozen before validation refit),-0.11012491498849972,-0.06377626213654618,-0.015418627782453006
2,Fuzzy Choquet neural network [unweighted],negative_momentum_21d,-0.2213398819908277,0.2213398819908277,0.2,True,0.6666666666666666,False,False,True,-1.0,multiplied by -1,366,training only (frozen before validation refit),0.005471382400160058,-0.12171483124872601,-0.3863220202879858
2,Fuzzy Choquet neural network [unweighted],realized_volatility_20d,0.020667257843146266,0.020667257843146266,0.2,False,0.0,False,False,False,1.0,unchanged (below absolute correlation threshold),366,training only (frozen before validation refit),-0.043296557161185724,-0.2895192830185181,-0.16730775499843192
2,Fuzzy Choquet neural network [unweighted],term_spread_10y_2y_pct,-0.13984557770455483,0.13984557770455483,0.2,False,0.3333333333333333,False,False,False,1.0,unchanged (below absolute correlation threshold),366,training only (frozen before validation refit),-0.18381571201311744,0.18505430269914175,0.21957292913487594
2,Fuzzy Choquet neural network [unweighted],vix,0.06254774971119845,0.06254774971119845,0.2,False,0.3333333333333333,False,False,False,1.0,unchanged (below absolute correlation threshold),366,training only (frozen before validation refit),-0.08217935664515288,0.03576384716934968,-0.10677757533562626
2,Logistic oriented [balanced],average_equity_correlation_60d,0.0794005551917137,0.0794005551917137,0.2,False,0.0,False,False,False,1.0,unchanged (below absolute correlation threshold),366,training only (frozen before validation refit),-0.004680695843863644,-0.17971221715971136,-0.17494525937158778
2,Logistic oriented [balanced],baa_credit_spread_pct,-0.2540417621297268,0.2540417621297268,0.2,True,0.6666666666666666,False,False,True,-1.0,multiplied by -1,366,training only (frozen before validation refit),-0.18804370514666374,0.13568610648014956,-0.3547972924934031
2,Logistic oriented [balanced],drawdown_severity,0.015352893039647498,0.015352893039647498,0.2,False,0.0,False,False,False,1.0,unchanged (below absolute correlation threshold),366,training only (frozen before validation refit),-0.054417970093594996,-0.13873679557444765,-0.17048700154228588
2,Logistic oriented [balanced],lagged_portfolio_loss_1d,-0.0022120192658495047,0.0022120192658495047,0.2,False,0.3333333333333333,False,False,False,1.0,unchanged (below absolute correlation threshold),366,training only (frozen before validation refit),0.07181164303299771,0.018596793830161034,-0.031907198531179154
2,Logistic oriented [balanced],liquidity_stress_20d,-0.04597085160833039,0.04597085160833039,0.2,False,1.0,True,False,False,1.0,unchanged (below absolute correlation threshold),366,training only (frozen before validation refit),-0.11971214461119566,-0.38730875914122254,-0.3627271735118463
2,Logistic oriented [balanced],market_loss_1d,-0.02778975527044839,0.02778975527044839,0.2,False,1.0,True,False,False,1.0,unchanged (below absolute correlation threshold),366,training only (frozen before validation refit),-0.11012491498849972,-0.06377626213654618,-0.015418627782453006
2,Logistic oriented [balanced],negative_momentum_21d,-0.2213398819908277,0.2213398819908277,0.2,True,0.6666666666666666,False,False,True,-1.0,multiplied by -1,366,training only (frozen before validation refit),0.005471382400160058,-0.12171483124872601,-0.3863220202879858
2,Logistic oriented [balanced],realized_volatility_20d,0.020667257843146266,0.020667257843146266,0.2,False,0.0,False,False,False,1.0,unchanged (below absolute correlation threshold),366,training only (frozen before validation refit),-0.043296557161185724,-0.2895192830185181,-0.16730775499843192
2,Logistic oriented [balanced],term_spread_10y_2y_pct,-0.13984557770455483,0.13984557770455483,0.2,False,0.3333333333333333,False,False,False,1.0,unchanged (below absolute correlation threshold),366,training only (frozen before validation refit),-0.18381571201311744,0.18505430269914175,0.21957292913487594
2,Logistic oriented [balanced],vix,0.06254774971119845,0.06254774971119845,0.2,False,0.3333333333333333,False,False,False,1.0,unchanged (below absolute correlation threshold),366,training only (frozen before validation refit),-0.08217935664515288,0.03576384716934968,-0.10677757533562626
2,Logistic oriented [unweighted],average_equity_correlation_60d,0.0794005551917137,0.0794005551917137,0.2,False,0.0,False,False,False,1.0,unchanged (below absolute correlation threshold),366,training only (frozen before validation refit),-0.004680695843863644,-0.17971221715971136,-0.17494525937158778
2,Logistic oriented [unweighted],baa_credit_spread_pct,-0.2540417621297268,0.2540417621297268,0.2,True,0.6666666666666666,False,False,True,-1.0,multiplied by -1,366,training only (frozen before validation refit),-0.18804370514666374,0.13568610648014956,-0.3547972924934031
2,Logistic oriented [unweighted],drawdown_severity,0.015352893039647498,0.015352893039647498,0.2,False,0.0,False,False,False,1.0,unchanged (below absolute correlation threshold),366,training only (frozen before validation refit),-0.054417970093594996,-0.13873679557444765,-0.17048700154228588
2,Logistic oriented [unweighted],lagged_portfolio_loss_1d,-0.0022120192658495047,0.0022120192658495047,0.2,False,0.3333333333333333,False,False,False,1.0,unchanged (below absolute correlation threshold),366,training only (frozen before validation refit),0.07181164303299771,0.018596793830161034,-0.031907198531179154
2,Logistic oriented [unweighted],liquidity_stress_20d,-0.04597085160833039,0.04597085160833039,0.2,False,1.0,True,False,False,1.0,unchanged (below absolute correlation threshold),366,training only (frozen before validation refit),-0.11971214461119566,-0.38730875914122254,-0.3627271735118463
2,Logistic oriented [unweighted],market_loss_1d,-0.02778975527044839,0.02778975527044839,0.2,False,1.0,True,False,False,1.0,unchanged (below absolute correlation threshold),366,training only (frozen before validation refit),-0.11012491498849972,-0.06377626213654618,-0.015418627782453006
2,Logistic oriented [unweighted],negative_momentum_21d,-0.2213398819908277,0.2213398819908277,0.2,True,0.6666666666666666,False,False,True,-1.0,multiplied by -1,366,training only (frozen before validation refit),0.005471382400160058,-0.12171483124872601,-0.3863220202879858
2,Logistic oriented [unweighted],realized_volatility_20d,0.020667257843146266,0.020667257843146266,0.2,False,0.0,False,False,False,1.0,unchanged (below absolute correlation threshold),366,training only (frozen before validation refit),-0.043296557161185724,-0.2895192830185181,-0.16730775499843192
2,Logistic oriented [unweighted],term_spread_10y_2y_pct,-0.13984557770455483,0.13984557770455483,0.2,False,0.3333333333333333,False,False,False,1.0,unchanged (below absolute correlation threshold),366,training only (frozen before validation refit),-0.18381571201311744,0.18505430269914175,0.21957292913487594
2,Logistic oriented [unweighted],vix,0.06254774971119845,0.06254774971119845,0.2,False,0.3333333333333333,False,False,False,1.0,unchanged (below absolute correlation threshold),366,training only (frozen before validation refit),-0.08217935664515288,0.03576384716934968,-0.10677757533562626
3,Choquistic 1-additive [balanced],average_equity_correlation_60d,-0.11234909369288175,0.11234909369288175,0.2,False,0.3333333333333333,False,False,False,1.0,unchanged (below absolute correlation threshold),365,training only (frozen before validation refit),-0.23743894799863377,0.15177937416109144,0.0
3,Choquistic 1-additive [balanced],baa_credit_spread_pct,-0.20224899824482276,0.20224899824482276,0.2,True,0.3333333333333333,False,False,True,-1.0,multiplied by -1,365,training only (frozen before validation refit),-0.36299790572669066,0.1877777804137128,0.0
3,Choquistic 1-additive [balanced],drawdown_severity,-0.12817659219908203,0.12817659219908203,0.2,False,0.3333333333333333,False,False,False,1.0,unchanged (below absolute correlation threshold),365,training only (frozen before validation refit),-0.18262049489372026,0.18337735990393578,0.0
3,Choquistic 1-additive [balanced],lagged_portfolio_loss_1d,0.0184841177026453,0.0184841177026453,0.2,False,0.3333333333333333,False,False,False,1.0,unchanged (below absolute correlation threshold),365,training only (frozen before validation refit),-0.03991841713519473,0.04778656509817854,0.0
3,Choquistic 1-additive [balanced],liquidity_stress_20d,-0.14181797702855084,0.14181797702855084,0.2,False,0.3333333333333333,False,False,False,1.0,unchanged (below absolute correlation threshold),365,training only (frozen before validation refit),-0.4325998080078082,0.2515509433608888,0.0
3,Choquistic 1-additive [balanced],market_loss_1d,0.04170266293353701,0.04170266293353701,0.2,False,0.3333333333333333,False,False,False,1.0,unchanged (below absolute correlation threshold),365,training only (frozen before validation refit),-0.021658506142119324,0.07180177423069944,0.0
3,Choquistic 1-additive [balanced],negative_momentum_21d,-0.0001431316270194752,0.0001431316270194752,0.2,False,0.3333333333333333,False,False,False,1.0,unchanged (below absolute correlation threshold),365,training only (frozen before validation refit),-0.38476655555104583,0.20794131605457877,0.0
3,Choquistic 1-additive [balanced],realized_volatility_20d,0.03548784295571397,0.03548784295571397,0.2,False,0.3333333333333333,False,False,False,1.0,unchanged (below absolute correlation threshold),365,training only (frozen before validation refit),-0.17123391046759395,0.23454128703622779,0.0
3,Choquistic 1-additive [balanced],term_spread_10y_2y_pct,0.13401638855452183,0.13401638855452183,0.2,False,0.3333333333333333,False,False,False,1.0,unchanged (below absolute correlation threshold),365,training only (frozen before validation refit),0.2503740948987731,-0.20443910925868666,0.0
3,Choquistic 1-additive [balanced],vix,-0.003161069499390629,0.003161069499390629,0.2,False,0.3333333333333333,False,False,False,1.0,unchanged (below absolute correlation threshold),365,training only (frozen before validation refit),-0.13112116295506873,0.15576771053317764,0.0
3,Choquistic 1-additive [unweighted],average_equity_correlation_60d,-0.11234909369288175,0.11234909369288175,0.2,False,0.3333333333333333,False,False,False,1.0,unchanged (below absolute correlation threshold),365,training only (frozen before validation refit),-0.23743894799863377,0.15177937416109144,0.0
3,Choquistic 1-additive [unweighted],baa_credit_spread_pct,-0.20224899824482276,0.20224899824482276,0.2,True,0.3333333333333333,False,False,True,-1.0,multiplied by -1,365,training only (frozen before validation refit),-0.36299790572669066,0.1877777804137128,0.0
3,Choquistic 1-additive [unweighted],drawdown_severity,-0.12817659219908203,0.12817659219908203,0.2,False,0.3333333333333333,False,False,False,1.0,unchanged (below absolute correlation threshold),365,training only (frozen before validation refit),-0.18262049489372026,0.18337735990393578,0.0
3,Choquistic 1-additive [unweighted],lagged_portfolio_loss_1d,0.0184841177026453,0.0184841177026453,0.2,False,0.3333333333333333,False,False,False,1.0,unchanged (below absolute correlation threshold),365,training only (frozen before validation refit),-0.03991841713519473,0.04778656509817854,0.0
3,Choquistic 1-additive [unweighted],liquidity_stress_20d,-0.14181797702855084,0.14181797702855084,0.2,False,0.3333333333333333,False,False,False,1.0,unchanged (below absolute correlation threshold),365,training only (frozen before validation refit),-0.4325998080078082,0.2515509433608888,0.0
3,Choquistic 1-additive [unweighted],market_loss_1d,0.04170266293353701,0.04170266293353701,0.2,False,0.3333333333333333,False,False,False,1.0,unchanged (below absolute correlation threshold),365,training only (frozen before validation refit),-0.021658506142119324,0.07180177423069944,0.0
3,Choquistic 1-additive [unweighted],negative_momentum_21d,-0.0001431316270194752,0.0001431316270194752,0.2,False,0.3333333333333333,False,False,False,1.0,unchanged (below absolute correlation threshold),365,training only (frozen before validation refit),-0.38476655555104583,0.20794131605457877,0.0
3,Choquistic 1-additive [unweighted],realized_volatility_20d,0.03548784295571397,0.03548784295571397,0.2,False,0.3333333333333333,False,False,False,1.0,unchanged (below absolute correlation threshold),365,training only (frozen before validation refit),-0.17123391046759395,0.23454128703622779,0.0
3,Choquistic 1-additive [unweighted],term_spread_10y_2y_pct,0.13401638855452183,0.13401638855452183,0.2,False,0.3333333333333333,False,False,False,1.0,unchanged (below absolute correlation threshold),365,training only (frozen before validation refit),0.2503740948987731,-0.20443910925868666,0.0
3,Choquistic 1-additive [unweighted],vix,-0.003161069499390629,0.003161069499390629,0.2,False,0.3333333333333333,False,False,False,1.0,unchanged (below absolute correlation threshold),365,training only (frozen before validation refit),-0.13112116295506873,0.15576771053317764,0.0
3,Choquistic 2-additive [balanced],average_equity_correlation_60d,-0.11234909369288175,0.11234909369288175,0.2,False,0.3333333333333333,False,False,False,1.0,unchanged (below absolute correlation threshold),365,training only (frozen before validation refit),-0.23743894799863377,0.15177937416109144,0.0
3,Choquistic 2-additive [balanced],baa_credit_spread_pct,-0.20224899824482276,0.20224899824482276,0.2,True,0.3333333333333333,False,False,True,-1.0,multiplied by -1,365,training only (frozen before validation refit),-0.36299790572669066,0.1877777804137128,0.0
3,Choquistic 2-additive [balanced],drawdown_severity,-0.12817659219908203,0.12817659219908203,0.2,False,0.3333333333333333,False,False,False,1.0,unchanged (below absolute correlation threshold),365,training only (frozen before validation refit),-0.18262049489372026,0.18337735990393578,0.0
3,Choquistic 2-additive [balanced],lagged_portfolio_loss_1d,0.0184841177026453,0.0184841177026453,0.2,False,0.3333333333333333,False,False,False,1.0,unchanged (below absolute correlation threshold),365,training only (frozen before validation refit),-0.03991841713519473,0.04778656509817854,0.0
3,Choquistic 2-additive [balanced],liquidity_stress_20d,-0.14181797702855084,0.14181797702855084,0.2,False,0.3333333333333333,False,False,False,1.0,unchanged (below absolute correlation threshold),365,training only (frozen before validation refit),-0.4325998080078082,0.2515509433608888,0.0
3,Choquistic 2-additive [balanced],market_loss_1d,0.04170266293353701,0.04170266293353701,0.2,False,0.3333333333333333,False,False,False,1.0,unchanged (below absolute correlation threshold),365,training only (frozen before validation refit),-0.021658506142119324,0.07180177423069944,0.0
3,Choquistic 2-additive [balanced],negative_momentum_21d,-0.0001431316270194752,0.0001431316270194752,0.2,False,0.3333333333333333,False,False,False,1.0,unchanged (below absolute correlation threshold),365,training only (frozen before validation refit),-0.38476655555104583,0.20794131605457877,0.0
3,Choquistic 2-additive [balanced],realized_volatility_20d,0.03548784295571397,0.03548784295571397,0.2,False,0.3333333333333333,False,False,False,1.0,unchanged (below absolute correlation threshold),365,training only (frozen before validation refit),-0.17123391046759395,0.23454128703622779,0.0
3,Choquistic 2-additive [balanced],term_spread_10y_2y_pct,0.13401638855452183,0.13401638855452183,0.2,False,0.3333333333333333,False,False,False,1.0,unchanged (below absolute correlation threshold),365,training only (frozen before validation refit),0.2503740948987731,-0.20443910925868666,0.0
3,Choquistic 2-additive [balanced],vix,-0.003161069499390629,0.003161069499390629,0.2,False,0.3333333333333333,False,False,False,1.0,unchanged (below absolute correlation threshold),365,training only (frozen before validation refit),-0.13112116295506873,0.15576771053317764,0.0
3,Choquistic 2-additive [unweighted],average_equity_correlation_60d,-0.11234909369288175,0.11234909369288175,0.2,False,0.3333333333333333,False,False,False,1.0,unchanged (below absolute correlation threshold),365,training only (frozen before validation refit),-0.23743894799863377,0.15177937416109144,0.0
3,Choquistic 2-additive [unweighted],baa_credit_spread_pct,-0.20224899824482276,0.20224899824482276,0.2,True,0.3333333333333333,False,False,True,-1.0,multiplied by -1,365,training only (frozen before validation refit),-0.36299790572669066,0.1877777804137128,0.0
3,Choquistic 2-additive [unweighted],drawdown_severity,-0.12817659219908203,0.12817659219908203,0.2,False,0.3333333333333333,False,False,False,1.0,unchanged (below absolute correlation threshold),365,training only (frozen before validation refit),-0.18262049489372026,0.18337735990393578,0.0
3,Choquistic 2-additive [unweighted],lagged_portfolio_loss_1d,0.0184841177026453,0.0184841177026453,0.2,False,0.3333333333333333,False,False,False,1.0,unchanged (below absolute correlation threshold),365,training only (frozen before validation refit),-0.03991841713519473,0.04778656509817854,0.0
3,Choquistic 2-additive [unweighted],liquidity_stress_20d,-0.14181797702855084,0.14181797702855084,0.2,False,0.3333333333333333,False,False,False,1.0,unchanged (below absolute correlation threshold),365,training only (frozen before validation refit),-0.4325998080078082,0.2515509433608888,0.0
3,Choquistic 2-additive [unweighted],market_loss_1d,0.04170266293353701,0.04170266293353701,0.2,False,0.3333333333333333,False,False,False,1.0,unchanged (below absolute correlation threshold),365,training only (frozen before validation refit),-0.021658506142119324,0.07180177423069944,0.0
3,Choquistic 2-additive [unweighted],negative_momentum_21d,-0.0001431316270194752,0.0001431316270194752,0.2,False,0.3333333333333333,False,False,False,1.0,unchanged (below absolute correlation threshold),365,training only (frozen before validation refit),-0.38476655555104583,0.20794131605457877,0.0
3,Choquistic 2-additive [unweighted],realized_volatility_20d,0.03548784295571397,0.03548784295571397,0.2,False,0.3333333333333333,False,False,False,1.0,unchanged (below absolute correlation threshold),365,training only (frozen before validation refit),-0.17123391046759395,0.23454128703622779,0.0
3,Choquistic 2-additive [unweighted],term_spread_10y_2y_pct,0.13401638855452183,0.13401638855452183,0.2,False,0.3333333333333333,False,False,False,1.0,unchanged (below absolute correlation threshold),365,training only (frozen before validation refit),0.2503740948987731,-0.20443910925868666,0.0
3,Choquistic 2-additive [unweighted],vix,-0.003161069499390629,0.003161069499390629,0.2,False,0.3333333333333333,False,False,False,1.0,unchanged (below absolute correlation threshold),365,training only (frozen before validation refit),-0.13112116295506873,0.15576771053317764,0.0
3,Fuzzy Choquet neural network [balanced],average_equity_correlation_60d,-0.11234909369288175,0.11234909369288175,0.2,False,0.3333333333333333,False,False,False,1.0,unchanged (below absolute correlation threshold),365,training only (frozen before validation refit),-0.23743894799863377,0.15177937416109144,0.0
3,Fuzzy Choquet neural network [balanced],baa_credit_spread_pct,-0.20224899824482276,0.20224899824482276,0.2,True,0.3333333333333333,False,False,True,-1.0,multiplied by -1,365,training only (frozen before validation refit),-0.36299790572669066,0.1877777804137128,0.0
3,Fuzzy Choquet neural network [balanced],drawdown_severity,-0.12817659219908203,0.12817659219908203,0.2,False,0.3333333333333333,False,False,False,1.0,unchanged (below absolute correlation threshold),365,training only (frozen before validation refit),-0.18262049489372026,0.18337735990393578,0.0
3,Fuzzy Choquet neural network [balanced],lagged_portfolio_loss_1d,0.0184841177026453,0.0184841177026453,0.2,False,0.3333333333333333,False,False,False,1.0,unchanged (below absolute correlation threshold),365,training only (frozen before validation refit),-0.03991841713519473,0.04778656509817854,0.0
3,Fuzzy Choquet neural network [balanced],liquidity_stress_20d,-0.14181797702855084,0.14181797702855084,0.2,False,0.3333333333333333,False,False,False,1.0,unchanged (below absolute correlation threshold),365,training only (frozen before validation refit),-0.4325998080078082,0.2515509433608888,0.0
3,Fuzzy Choquet neural network [balanced],market_loss_1d,0.04170266293353701,0.04170266293353701,0.2,False,0.3333333333333333,False,False,False,1.0,unchanged (below absolute correlation threshold),365,training only (frozen before validation refit),-0.021658506142119324,0.07180177423069944,0.0
3,Fuzzy Choquet neural network [balanced],negative_momentum_21d,-0.0001431316270194752,0.0001431316270194752,0.2,False,0.3333333333333333,False,False,False,1.0,unchanged (below absolute correlation threshold),365,training only (frozen before validation refit),-0.38476655555104583,0.20794131605457877,0.0
3,Fuzzy Choquet neural network [balanced],realized_volatility_20d,0.03548784295571397,0.03548784295571397,0.2,False,0.3333333333333333,False,False,False,1.0,unchanged (below absolute correlation threshold),365,training only (frozen before validation refit),-0.17123391046759395,0.23454128703622779,0.0
3,Fuzzy Choquet neural network [balanced],term_spread_10y_2y_pct,0.13401638855452183,0.13401638855452183,0.2,False,0.3333333333333333,False,False,False,1.0,unchanged (below absolute correlation threshold),365,training only (frozen before validation refit),0.2503740948987731,-0.20443910925868666,0.0
3,Fuzzy Choquet neural network [balanced],vix,-0.003161069499390629,0.003161069499390629,0.2,False,0.3333333333333333,False,False,False,1.0,unchanged (below absolute correlation threshold),365,training only (frozen before validation refit),-0.13112116295506873,0.15576771053317764,0.0
3,Fuzzy Choquet neural network [unweighted],average_equity_correlation_60d,-0.11234909369288175,0.11234909369288175,0.2,False,0.3333333333333333,False,False,False,1.0,unchanged (below absolute correlation threshold),365,training only (frozen before validation refit),-0.23743894799863377,0.15177937416109144,0.0
3,Fuzzy Choquet neural network [unweighted],baa_credit_spread_pct,-0.20224899824482276,0.20224899824482276,0.2,True,0.3333333333333333,False,False,True,-1.0,multiplied by -1,365,training only (frozen before validation refit),-0.36299790572669066,0.1877777804137128,0.0
3,Fuzzy Choquet neural network [unweighted],drawdown_severity,-0.12817659219908203,0.12817659219908203,0.2,False,0.3333333333333333,False,False,False,1.0,unchanged (below absolute correlation threshold),365,training only (frozen before validation refit),-0.18262049489372026,0.18337735990393578,0.0
3,Fuzzy Choquet neural network [unweighted],lagged_portfolio_loss_1d,0.0184841177026453,0.0184841177026453,0.2,False,0.3333333333333333,False,False,False,1.0,unchanged (below absolute correlation threshold),365,training only (frozen before validation refit),-0.03991841713519473,0.04778656509817854,0.0
3,Fuzzy Choquet neural network [unweighted],liquidity_stress_20d,-0.14181797702855084,0.14181797702855084,0.2,False,0.3333333333333333,False,False,False,1.0,unchanged (below absolute correlation threshold),365,training only (frozen before validation refit),-0.4325998080078082,0.2515509433608888,0.0
3,Fuzzy Choquet neural network [unweighted],market_loss_1d,0.04170266293353701,0.04170266293353701,0.2,False,0.3333333333333333,False,False,False,1.0,unchanged (below absolute correlation threshold),365,training only (frozen before validation refit),-0.021658506142119324,0.07180177423069944,0.0
3,Fuzzy Choquet neural network [unweighted],negative_momentum_21d,-0.0001431316270194752,0.0001431316270194752,0.2,False,0.3333333333333333,False,False,False,1.0,unchanged (below absolute correlation threshold),365,training only (frozen before validation refit),-0.38476655555104583,0.20794131605457877,0.0
3,Fuzzy Choquet neural network [unweighted],realized_volatility_20d,0.03548784295571397,0.03548784295571397,0.2,False,0.3333333333333333,False,False,False,1.0,unchanged (below absolute correlation threshold),365,training only (frozen before validation refit),-0.17123391046759395,0.23454128703622779,0.0
3,Fuzzy Choquet neural network [unweighted],term_spread_10y_2y_pct,0.13401638855452183,0.13401638855452183,0.2,False,0.3333333333333333,False,False,False,1.0,unchanged (below absolute correlation threshold),365,training only (frozen before validation refit),0.2503740948987731,-0.20443910925868666,0.0
3,Fuzzy Choquet neural network [unweighted],vix,-0.003161069499390629,0.003161069499390629,0.2,False,0.3333333333333333,False,False,False,1.0,unchanged (below absolute correlation threshold),365,training only (frozen before validation refit),-0.13112116295506873,0.15576771053317764,0.0
3,Logistic oriented [balanced],average_equity_correlation_60d,-0.11234909369288175,0.11234909369288175,0.2,False,0.3333333333333333,False,False,False,1.0,unchanged (below absolute correlation threshold),365,training only (frozen before validation refit),-0.23743894799863377,0.15177937416109144,0.0
3,Logistic oriented [balanced],baa_credit_spread_pct,-0.20224899824482276,0.20224899824482276,0.2,True,0.3333333333333333,False,False,True,-1.0,multiplied by -1,365,training only (frozen before validation refit),-0.36299790572669066,0.1877777804137128,0.0
3,Logistic oriented [balanced],drawdown_severity,-0.12817659219908203,0.12817659219908203,0.2,False,0.3333333333333333,False,False,False,1.0,unchanged (below absolute correlation threshold),365,training only (frozen before validation refit),-0.18262049489372026,0.18337735990393578,0.0
3,Logistic oriented [balanced],lagged_portfolio_loss_1d,0.0184841177026453,0.0184841177026453,0.2,False,0.3333333333333333,False,False,False,1.0,unchanged (below absolute correlation threshold),365,training only (frozen before validation refit),-0.03991841713519473,0.04778656509817854,0.0
3,Logistic oriented [balanced],liquidity_stress_20d,-0.14181797702855084,0.14181797702855084,0.2,False,0.3333333333333333,False,False,False,1.0,unchanged (below absolute correlation threshold),365,training only (frozen before validation refit),-0.4325998080078082,0.2515509433608888,0.0
3,Logistic oriented [balanced],market_loss_1d,0.04170266293353701,0.04170266293353701,0.2,False,0.3333333333333333,False,False,False,1.0,unchanged (below absolute correlation threshold),365,training only (frozen before validation refit),-0.021658506142119324,0.07180177423069944,0.0
3,Logistic oriented [balanced],negative_momentum_21d,-0.0001431316270194752,0.0001431316270194752,0.2,False,0.3333333333333333,False,False,False,1.0,unchanged (below absolute correlation threshold),365,training only (frozen before validation refit),-0.38476655555104583,0.20794131605457877,0.0
3,Logistic oriented [balanced],realized_volatility_20d,0.03548784295571397,0.03548784295571397,0.2,False,0.3333333333333333,False,False,False,1.0,unchanged (below absolute correlation threshold),365,training only (frozen before validation refit),-0.17123391046759395,0.23454128703622779,0.0
3,Logistic oriented [balanced],term_spread_10y_2y_pct,0.13401638855452183,0.13401638855452183,0.2,False,0.3333333333333333,False,False,False,1.0,unchanged (below absolute correlation threshold),365,training only (frozen before validation refit),0.2503740948987731,-0.20443910925868666,0.0
3,Logistic oriented [balanced],vix,-0.003161069499390629,0.003161069499390629,0.2,False,0.3333333333333333,False,False,False,1.0,unchanged (below absolute correlation threshold),365,training only (frozen before validation refit),-0.13112116295506873,0.15576771053317764,0.0
3,Logistic oriented [unweighted],average_equity_correlation_60d,-0.11234909369288175,0.11234909369288175,0.2,False,0.3333333333333333,False,False,False,1.0,unchanged (below absolute correlation threshold),365,training only (frozen before validation refit),-0.23743894799863377,0.15177937416109144,0.0
3,Logistic oriented [unweighted],baa_credit_spread_pct,-0.20224899824482276,0.20224899824482276,0.2,True,0.3333333333333333,False,False,True,-1.0,multiplied by -1,365,training only (frozen before validation refit),-0.36299790572669066,0.1877777804137128,0.0
3,Logistic oriented [unweighted],drawdown_severity,-0.12817659219908203,0.12817659219908203,0.2,False,0.3333333333333333,False,False,False,1.0,unchanged (below absolute correlation threshold),365,training only (frozen before validation refit),-0.18262049489372026,0.18337735990393578,0.0
3,Logistic oriented [unweighted],lagged_portfolio_loss_1d,0.0184841177026453,0.0184841177026453,0.2,False,0.3333333333333333,False,False,False,1.0,unchanged (below absolute correlation threshold),365,training only (frozen before validation refit),-0.03991841713519473,0.04778656509817854,0.0
3,Logistic oriented [unweighted],liquidity_stress_20d,-0.14181797702855084,0.14181797702855084,0.2,False,0.3333333333333333,False,False,False,1.0,unchanged (below absolute correlation threshold),365,training only (frozen before validation refit),-0.4325998080078082,0.2515509433608888,0.0
3,Logistic oriented [unweighted],market_loss_1d,0.04170266293353701,0.04170266293353701,0.2,False,0.3333333333333333,False,False,False,1.0,unchanged (below absolute correlation threshold),365,training only (frozen before validation refit),-0.021658506142119324,0.07180177423069944,0.0
3,Logistic oriented [unweighted],negative_momentum_21d,-0.0001431316270194752,0.0001431316270194752,0.2,False,0.3333333333333333,False,False,False,1.0,unchanged (below absolute correlation threshold),365,training only (frozen before validation refit),-0.38476655555104583,0.20794131605457877,0.0
3,Logistic oriented [unweighted],realized_volatility_20d,0.03548784295571397,0.03548784295571397,0.2,False,0.3333333333333333,False,False,False,1.0,unchanged (below absolute correlation threshold),365,training only (frozen before validation refit),-0.17123391046759395,0.23454128703622779,0.0
3,Logistic oriented [unweighted],term_spread_10y_2y_pct,0.13401638855452183,0.13401638855452183,0.2,False,0.3333333333333333,False,False,False,1.0,unchanged (below absolute correlation threshold),365,training only (frozen before validation refit),0.2503740948987731,-0.20443910925868666,0.0
3,Logistic oriented [unweighted],vix,-0.003161069499390629,0.003161069499390629,0.2,False,0.3333333333333333,False,False,False,1.0,unchanged (below absolute correlation threshold),365,training only (frozen before validation refit),-0.13112116295506873,0.15576771053317764,0.0
4,Choquistic 1-additive [balanced],average_equity_correlation_60d,-0.015994183034398014,0.015994183034398014,0.2,False,0.3333333333333333,False,False,False,1.0,unchanged (below absolute correlation threshold),367,training only (frozen before validation refit),0.0,0.0,-0.21125874764952204
4,Choquistic 1-additive [balanced],baa_credit_spread_pct,-0.059089043721645855,0.059089043721645855,0.2,False,0.3333333333333333,False,False,False,1.0,unchanged (below absolute correlation threshold),367,training only (frozen before validation refit),0.0,0.0,-0.33861927948611154
4,Choquistic 1-additive [balanced],drawdown_severity,-0.0004909330597024896,0.0004909330597024896,0.2,False,0.3333333333333333,False,False,False,1.0,unchanged (below absolute correlation threshold),367,training only (frozen before validation refit),0.0,0.0,-0.08080903542821075
4,Choquistic 1-additive [balanced],lagged_portfolio_loss_1d,0.08668920499159813,0.08668920499159813,0.2,False,0.3333333333333333,False,False,False,1.0,unchanged (below absolute correlation threshold),367,training only (frozen before validation refit),0.0,0.0,0.09257382817006829
4,Choquistic 1-additive [balanced],liquidity_stress_20d,0.03264883810134187,0.03264883810134187,0.2,False,0.0,False,False,False,1.0,unchanged (below absolute correlation threshold),367,training only (frozen before validation refit),0.0,0.0,-0.1957094949919427
4,Choquistic 1-additive [balanced],market_loss_1d,0.13473031875900277,0.13473031875900277,0.2,False,0.3333333333333333,False,False,False,1.0,unchanged (below absolute correlation threshold),367,training only (frozen before validation refit),0.0,0.0,0.14223846311247484
4,Choquistic 1-additive [balanced],negative_momentum_21d,0.13968915198066012,0.13968915198066012,0.2,False,0.3333333333333333,False,False,False,1.0,unchanged (below absolute correlation threshold),367,training only (frozen before validation refit),0.0,0.0,0.14223389459955935
4,Choquistic 1-additive [balanced],realized_volatility_20d,0.07897146948594465,0.07897146948594465,0.2,False,0.0,False,False,False,1.0,unchanged (below absolute correlation threshold),367,training only (frozen before validation refit),0.0,0.0,-0.12676588215505913
4,Choquistic 1-additive [balanced],term_spread_10y_2y_pct,-0.055818242184336515,0.055818242184336515,0.2,False,0.3333333333333333,False,False,False,1.0,unchanged (below absolute correlation threshold),367,training only (frozen before validation refit),0.0,0.0,-0.5317566529133856
4,Choquistic 1-additive [balanced],vix,0.1570729001385355,0.1570729001385355,0.2,False,0.0,False,False,False,1.0,unchanged (below absolute correlation threshold),367,training only (frozen before validation refit),0.0,0.0,-0.08184679683146164
4,Choquistic 1-additive [unweighted],average_equity_correlation_60d,-0.015994183034398014,0.015994183034398014,0.2,False,0.3333333333333333,False,False,False,1.0,unchanged (below absolute correlation threshold),367,training only (frozen before validation refit),0.0,0.0,-0.21125874764952204
4,Choquistic 1-additive [unweighted],baa_credit_spread_pct,-0.059089043721645855,0.059089043721645855,0.2,False,0.3333333333333333,False,False,False,1.0,unchanged (below absolute correlation threshold),367,training only (frozen before validation refit),0.0,0.0,-0.33861927948611154
4,Choquistic 1-additive [unweighted],drawdown_severity,-0.0004909330597024896,0.0004909330597024896,0.2,False,0.3333333333333333,False,False,False,1.0,unchanged (below absolute correlation threshold),367,training only (frozen before validation refit),0.0,0.0,-0.08080903542821075
4,Choquistic 1-additive [unweighted],lagged_portfolio_loss_1d,0.08668920499159813,0.08668920499159813,0.2,False,0.3333333333333333,False,False,False,1.0,unchanged (below absolute correlation threshold),367,training only (frozen before validation refit),0.0,0.0,0.09257382817006829
4,Choquistic 1-additive [unweighted],liquidity_stress_20d,0.03264883810134187,0.03264883810134187,0.2,False,0.0,False,False,False,1.0,unchanged (below absolute correlation threshold),367,training only (frozen before validation refit),0.0,0.0,-0.1957094949919427
4,Choquistic 1-additive [unweighted],market_loss_1d,0.13473031875900277,0.13473031875900277,0.2,False,0.3333333333333333,False,False,False,1.0,unchanged (below absolute correlation threshold),367,training only (frozen before validation refit),0.0,0.0,0.14223846311247484
4,Choquistic 1-additive [unweighted],negative_momentum_21d,0.13968915198066012,0.13968915198066012,0.2,False,0.3333333333333333,False,False,False,1.0,unchanged (below absolute correlation threshold),367,training only (frozen before validation refit),0.0,0.0,0.14223389459955935
4,Choquistic 1-additive [unweighted],realized_volatility_20d,0.07897146948594465,0.07897146948594465,0.2,False,0.0,False,False,False,1.0,unchanged (below absolute correlation threshold),367,training only (frozen before validation refit),0.0,0.0,-0.12676588215505913
4,Choquistic 1-additive [unweighted],term_spread_10y_2y_pct,-0.055818242184336515,0.055818242184336515,0.2,False,0.3333333333333333,False,False,False,1.0,unchanged (below absolute correlation threshold),367,training only (frozen before validation refit),0.0,0.0,-0.5317566529133856
4,Choquistic 1-additive [unweighted],vix,0.1570729001385355,0.1570729001385355,0.2,False,0.0,False,False,False,1.0,unchanged (below absolute correlation threshold),367,training only (frozen before validation refit),0.0,0.0,-0.08184679683146164
4,Choquistic 2-additive [balanced],average_equity_correlation_60d,-0.015994183034398014,0.015994183034398014,0.2,False,0.3333333333333333,False,False,False,1.0,unchanged (below absolute correlation threshold),367,training only (frozen before validation refit),0.0,0.0,-0.21125874764952204
4,Choquistic 2-additive [balanced],baa_credit_spread_pct,-0.059089043721645855,0.059089043721645855,0.2,False,0.3333333333333333,False,False,False,1.0,unchanged (below absolute correlation threshold),367,training only (frozen before validation refit),0.0,0.0,-0.33861927948611154
4,Choquistic 2-additive [balanced],drawdown_severity,-0.0004909330597024896,0.0004909330597024896,0.2,False,0.3333333333333333,False,False,False,1.0,unchanged (below absolute correlation threshold),367,training only (frozen before validation refit),0.0,0.0,-0.08080903542821075
4,Choquistic 2-additive [balanced],lagged_portfolio_loss_1d,0.08668920499159813,0.08668920499159813,0.2,False,0.3333333333333333,False,False,False,1.0,unchanged (below absolute correlation threshold),367,training only (frozen before validation refit),0.0,0.0,0.09257382817006829
4,Choquistic 2-additive [balanced],liquidity_stress_20d,0.03264883810134187,0.03264883810134187,0.2,False,0.0,False,False,False,1.0,unchanged (below absolute correlation threshold),367,training only (frozen before validation refit),0.0,0.0,-0.1957094949919427
4,Choquistic 2-additive [balanced],market_loss_1d,0.13473031875900277,0.13473031875900277,0.2,False,0.3333333333333333,False,False,False,1.0,unchanged (below absolute correlation threshold),367,training only (frozen before validation refit),0.0,0.0,0.14223846311247484
4,Choquistic 2-additive [balanced],negative_momentum_21d,0.13968915198066012,0.13968915198066012,0.2,False,0.3333333333333333,False,False,False,1.0,unchanged (below absolute correlation threshold),367,training only (frozen before validation refit),0.0,0.0,0.14223389459955935
4,Choquistic 2-additive [balanced],realized_volatility_20d,0.07897146948594465,0.07897146948594465,0.2,False,0.0,False,False,False,1.0,unchanged (below absolute correlation threshold),367,training only (frozen before validation refit),0.0,0.0,-0.12676588215505913
4,Choquistic 2-additive [balanced],term_spread_10y_2y_pct,-0.055818242184336515,0.055818242184336515,0.2,False,0.3333333333333333,False,False,False,1.0,unchanged (below absolute correlation threshold),367,training only (frozen before validation refit),0.0,0.0,-0.5317566529133856
4,Choquistic 2-additive [balanced],vix,0.1570729001385355,0.1570729001385355,0.2,False,0.0,False,False,False,1.0,unchanged (below absolute correlation threshold),367,training only (frozen before validation refit),0.0,0.0,-0.08184679683146164
4,Choquistic 2-additive [unweighted],average_equity_correlation_60d,-0.015994183034398014,0.015994183034398014,0.2,False,0.3333333333333333,False,False,False,1.0,unchanged (below absolute correlation threshold),367,training only (frozen before validation refit),0.0,0.0,-0.21125874764952204
4,Choquistic 2-additive [unweighted],baa_credit_spread_pct,-0.059089043721645855,0.059089043721645855,0.2,False,0.3333333333333333,False,False,False,1.0,unchanged (below absolute correlation threshold),367,training only (frozen before validation refit),0.0,0.0,-0.33861927948611154
4,Choquistic 2-additive [unweighted],drawdown_severity,-0.0004909330597024896,0.0004909330597024896,0.2,False,0.3333333333333333,False,False,False,1.0,unchanged (below absolute correlation threshold),367,training only (frozen before validation refit),0.0,0.0,-0.08080903542821075
4,Choquistic 2-additive [unweighted],lagged_portfolio_loss_1d,0.08668920499159813,0.08668920499159813,0.2,False,0.3333333333333333,False,False,False,1.0,unchanged (below absolute correlation threshold),367,training only (frozen before validation refit),0.0,0.0,0.09257382817006829
4,Choquistic 2-additive [unweighted],liquidity_stress_20d,0.03264883810134187,0.03264883810134187,0.2,False,0.0,False,False,False,1.0,unchanged (below absolute correlation threshold),367,training only (frozen before validation refit),0.0,0.0,-0.1957094949919427
4,Choquistic 2-additive [unweighted],market_loss_1d,0.13473031875900277,0.13473031875900277,0.2,False,0.3333333333333333,False,False,False,1.0,unchanged (below absolute correlation threshold),367,training only (frozen before validation refit),0.0,0.0,0.14223846311247484
4,Choquistic 2-additive [unweighted],negative_momentum_21d,0.13968915198066012,0.13968915198066012,0.2,False,0.3333333333333333,False,False,False,1.0,unchanged (below absolute correlation threshold),367,training only (frozen before validation refit),0.0,0.0,0.14223389459955935
4,Choquistic 2-additive [unweighted],realized_volatility_20d,0.07897146948594465,0.07897146948594465,0.2,False,0.0,False,False,False,1.0,unchanged (below absolute correlation threshold),367,training only (frozen before validation refit),0.0,0.0,-0.12676588215505913
4,Choquistic 2-additive [unweighted],term_spread_10y_2y_pct,-0.055818242184336515,0.055818242184336515,0.2,False,0.3333333333333333,False,False,False,1.0,unchanged (below absolute correlation threshold),367,training only (frozen before validation refit),0.0,0.0,-0.5317566529133856
4,Choquistic 2-additive [unweighted],vix,0.1570729001385355,0.1570729001385355,0.2,False,0.0,False,False,False,1.0,unchanged (below absolute correlation threshold),367,training only (frozen before validation refit),0.0,0.0,-0.08184679683146164
4,Fuzzy Choquet neural network [balanced],average_equity_correlation_60d,-0.015994183034398014,0.015994183034398014,0.2,False,0.3333333333333333,False,False,False,1.0,unchanged (below absolute correlation threshold),367,training only (frozen before validation refit),0.0,0.0,-0.21125874764952204
4,Fuzzy Choquet neural network [balanced],baa_credit_spread_pct,-0.059089043721645855,0.059089043721645855,0.2,False,0.3333333333333333,False,False,False,1.0,unchanged (below absolute correlation threshold),367,training only (frozen before validation refit),0.0,0.0,-0.33861927948611154
4,Fuzzy Choquet neural network [balanced],drawdown_severity,-0.0004909330597024896,0.0004909330597024896,0.2,False,0.3333333333333333,False,False,False,1.0,unchanged (below absolute correlation threshold),367,training only (frozen before validation refit),0.0,0.0,-0.08080903542821075
4,Fuzzy Choquet neural network [balanced],lagged_portfolio_loss_1d,0.08668920499159813,0.08668920499159813,0.2,False,0.3333333333333333,False,False,False,1.0,unchanged (below absolute correlation threshold),367,training only (frozen before validation refit),0.0,0.0,0.09257382817006829
4,Fuzzy Choquet neural network [balanced],liquidity_stress_20d,0.03264883810134187,0.03264883810134187,0.2,False,0.0,False,False,False,1.0,unchanged (below absolute correlation threshold),367,training only (frozen before validation refit),0.0,0.0,-0.1957094949919427
4,Fuzzy Choquet neural network [balanced],market_loss_1d,0.13473031875900277,0.13473031875900277,0.2,False,0.3333333333333333,False,False,False,1.0,unchanged (below absolute correlation threshold),367,training only (frozen before validation refit),0.0,0.0,0.14223846311247484
4,Fuzzy Choquet neural network [balanced],negative_momentum_21d,0.13968915198066012,0.13968915198066012,0.2,False,0.3333333333333333,False,False,False,1.0,unchanged (below absolute correlation threshold),367,training only (frozen before validation refit),0.0,0.0,0.14223389459955935
4,Fuzzy Choquet neural network [balanced],realized_volatility_20d,0.07897146948594465,0.07897146948594465,0.2,False,0.0,False,False,False,1.0,unchanged (below absolute correlation threshold),367,training only (frozen before validation refit),0.0,0.0,-0.12676588215505913
4,Fuzzy Choquet neural network [balanced],term_spread_10y_2y_pct,-0.055818242184336515,0.055818242184336515,0.2,False,0.3333333333333333,False,False,False,1.0,unchanged (below absolute correlation threshold),367,training only (frozen before validation refit),0.0,0.0,-0.5317566529133856
4,Fuzzy Choquet neural network [balanced],vix,0.1570729001385355,0.1570729001385355,0.2,False,0.0,False,False,False,1.0,unchanged (below absolute correlation threshold),367,training only (frozen before validation refit),0.0,0.0,-0.08184679683146164
4,Fuzzy Choquet neural network [unweighted],average_equity_correlation_60d,-0.015994183034398014,0.015994183034398014,0.2,False,0.3333333333333333,False,False,False,1.0,unchanged (below absolute correlation threshold),367,training only (frozen before validation refit),0.0,0.0,-0.21125874764952204
4,Fuzzy Choquet neural network [unweighted],baa_credit_spread_pct,-0.059089043721645855,0.059089043721645855,0.2,False,0.3333333333333333,False,False,False,1.0,unchanged (below absolute correlation threshold),367,training only (frozen before validation refit),0.0,0.0,-0.33861927948611154
4,Fuzzy Choquet neural network [unweighted],drawdown_severity,-0.0004909330597024896,0.0004909330597024896,0.2,False,0.3333333333333333,False,False,False,1.0,unchanged (below absolute correlation threshold),367,training only (frozen before validation refit),0.0,0.0,-0.08080903542821075
4,Fuzzy Choquet neural network [unweighted],lagged_portfolio_loss_1d,0.08668920499159813,0.08668920499159813,0.2,False,0.3333333333333333,False,False,False,1.0,unchanged (below absolute correlation threshold),367,training only (frozen before validation refit),0.0,0.0,0.09257382817006829
4,Fuzzy Choquet neural network [unweighted],liquidity_stress_20d,0.03264883810134187,0.03264883810134187,0.2,False,0.0,False,False,False,1.0,unchanged (below absolute correlation threshold),367,training only (frozen before validation refit),0.0,0.0,-0.1957094949919427
4,Fuzzy Choquet neural network [unweighted],market_loss_1d,0.13473031875900277,0.13473031875900277,0.2,False,0.3333333333333333,False,False,False,1.0,unchanged (below absolute correlation threshold),367,training only (frozen before validation refit),0.0,0.0,0.14223846311247484
4,Fuzzy Choquet neural network [unweighted],negative_momentum_21d,0.13968915198066012,0.13968915198066012,0.2,False,0.3333333333333333,False,False,False,1.0,unchanged (below absolute correlation threshold),367,training only (frozen before validation refit),0.0,0.0,0.14223389459955935
4,Fuzzy Choquet neural network [unweighted],realized_volatility_20d,0.07897146948594465,0.07897146948594465,0.2,False,0.0,False,False,False,1.0,unchanged (below absolute correlation threshold),367,training only (frozen before validation refit),0.0,0.0,-0.12676588215505913
4,Fuzzy Choquet neural network [unweighted],term_spread_10y_2y_pct,-0.055818242184336515,0.055818242184336515,0.2,False,0.3333333333333333,False,False,False,1.0,unchanged (below absolute correlation threshold),367,training only (frozen before validation refit),0.0,0.0,-0.5317566529133856
4,Fuzzy Choquet neural network [unweighted],vix,0.1570729001385355,0.1570729001385355,0.2,False,0.0,False,False,False,1.0,unchanged (below absolute correlation threshold),367,training only (frozen before validation refit),0.0,0.0,-0.08184679683146164
4,Logistic oriented [balanced],average_equity_correlation_60d,-0.015994183034398014,0.015994183034398014,0.2,False,0.3333333333333333,False,False,False,1.0,unchanged (below absolute correlation threshold),367,training only (frozen before validation refit),0.0,0.0,-0.21125874764952204
4,Logistic oriented [balanced],baa_credit_spread_pct,-0.059089043721645855,0.059089043721645855,0.2,False,0.3333333333333333,False,False,False,1.0,unchanged (below absolute correlation threshold),367,training only (frozen before validation refit),0.0,0.0,-0.33861927948611154
4,Logistic oriented [balanced],drawdown_severity,-0.0004909330597024896,0.0004909330597024896,0.2,False,0.3333333333333333,False,False,False,1.0,unchanged (below absolute correlation threshold),367,training only (frozen before validation refit),0.0,0.0,-0.08080903542821075
4,Logistic oriented [balanced],lagged_portfolio_loss_1d,0.08668920499159813,0.08668920499159813,0.2,False,0.3333333333333333,False,False,False,1.0,unchanged (below absolute correlation threshold),367,training only (frozen before validation refit),0.0,0.0,0.09257382817006829
4,Logistic oriented [balanced],liquidity_stress_20d,0.03264883810134187,0.03264883810134187,0.2,False,0.0,False,False,False,1.0,unchanged (below absolute correlation threshold),367,training only (frozen before validation refit),0.0,0.0,-0.1957094949919427
4,Logistic oriented [balanced],market_loss_1d,0.13473031875900277,0.13473031875900277,0.2,False,0.3333333333333333,False,False,False,1.0,unchanged (below absolute correlation threshold),367,training only (frozen before validation refit),0.0,0.0,0.14223846311247484
4,Logistic oriented [balanced],negative_momentum_21d,0.13968915198066012,0.13968915198066012,0.2,False,0.3333333333333333,False,False,False,1.0,unchanged (below absolute correlation threshold),367,training only (frozen before validation refit),0.0,0.0,0.14223389459955935
4,Logistic oriented [balanced],realized_volatility_20d,0.07897146948594465,0.07897146948594465,0.2,False,0.0,False,False,False,1.0,unchanged (below absolute correlation threshold),367,training only (frozen before validation refit),0.0,0.0,-0.12676588215505913
4,Logistic oriented [balanced],term_spread_10y_2y_pct,-0.055818242184336515,0.055818242184336515,0.2,False,0.3333333333333333,False,False,False,1.0,unchanged (below absolute correlation threshold),367,training only (frozen before validation refit),0.0,0.0,-0.5317566529133856
4,Logistic oriented [balanced],vix,0.1570729001385355,0.1570729001385355,0.2,False,0.0,False,False,False,1.0,unchanged (below absolute correlation threshold),367,training only (frozen before validation refit),0.0,0.0,-0.08184679683146164
4,Logistic oriented [unweighted],average_equity_correlation_60d,-0.015994183034398014,0.015994183034398014,0.2,False,0.3333333333333333,False,False,False,1.0,unchanged (below absolute correlation threshold),367,training only (frozen before validation refit),0.0,0.0,-0.21125874764952204
4,Logistic oriented [unweighted],baa_credit_spread_pct,-0.059089043721645855,0.059089043721645855,0.2,False,0.3333333333333333,False,False,False,1.0,unchanged (below absolute correlation threshold),367,training only (frozen before validation refit),0.0,0.0,-0.33861927948611154
4,Logistic oriented [unweighted],drawdown_severity,-0.0004909330597024896,0.0004909330597024896,0.2,False,0.3333333333333333,False,False,False,1.0,unchanged (below absolute correlation threshold),367,training only (frozen before validation refit),0.0,0.0,-0.08080903542821075
4,Logistic oriented [unweighted],lagged_portfolio_loss_1d,0.08668920499159813,0.08668920499159813,0.2,False,0.3333333333333333,False,False,False,1.0,unchanged (below absolute correlation threshold),367,training only (frozen before validation refit),0.0,0.0,0.09257382817006829
4,Logistic oriented [unweighted],liquidity_stress_20d,0.03264883810134187,0.03264883810134187,0.2,False,0.0,False,False,False,1.0,unchanged (below absolute correlation threshold),367,training only (frozen before validation refit),0.0,0.0,-0.1957094949919427
4,Logistic oriented [unweighted],market_loss_1d,0.13473031875900277,0.13473031875900277,0.2,False,0.3333333333333333,False,False,False,1.0,unchanged (below absolute correlation threshold),367,training only (frozen before validation refit),0.0,0.0,0.14223846311247484
4,Logistic oriented [unweighted],negative_momentum_21d,0.13968915198066012,0.13968915198066012,0.2,False,0.3333333333333333,False,False,False,1.0,unchanged (below absolute correlation threshold),367,training only (frozen before validation refit),0.0,0.0,0.14223389459955935
4,Logistic oriented [unweighted],realized_volatility_20d,0.07897146948594465,0.07897146948594465,0.2,False,0.0,False,False,False,1.0,unchanged (below absolute correlation threshold),367,training only (frozen before validation refit),0.0,0.0,-0.12676588215505913
4,Logistic oriented [unweighted],term_spread_10y_2y_pct,-0.055818242184336515,0.055818242184336515,0.2,False,0.3333333333333333,False,False,False,1.0,unchanged (below absolute correlation threshold),367,training only (frozen before validation refit),0.0,0.0,-0.5317566529133856
4,Logistic oriented [unweighted],vix,0.1570729001385355,0.1570729001385355,0.2,False,0.0,False,False,False,1.0,unchanged (below absolute correlation threshold),367,training only (frozen before validation refit),0.0,0.0,-0.08184679683146164
5,Choquistic 1-additive [balanced],average_equity_correlation_60d,0.07829579412567084,0.07829579412567084,0.2,False,0.0,False,False,False,1.0,unchanged (below absolute correlation threshold),367,training only (frozen before validation refit),-0.24789050061584025,0.0,0.0
5,Choquistic 1-additive [balanced],baa_credit_spread_pct,-0.09565829898948235,0.09565829898948235,0.2,False,0.3333333333333333,False,False,False,1.0,unchanged (below absolute correlation threshold),367,training only (frozen before validation refit),-0.391233520168817,0.0,0.0
5,Choquistic 1-additive [balanced],drawdown_severity,0.12155338956973426,0.12155338956973426,0.2,False,0.0,False,False,False,1.0,unchanged (below absolute correlation threshold),367,training only (frozen before validation refit),-0.0903799354325407,0.0,0.0
5,Choquistic 1-additive [balanced],lagged_portfolio_loss_1d,0.08499178221361467,0.08499178221361467,0.2,False,0.3333333333333333,False,False,False,1.0,unchanged (below absolute correlation threshold),367,training only (frozen before validation refit),0.0925267778236929,0.0,0.0
5,Choquistic 1-additive [balanced],liquidity_stress_20d,0.026523774339323358,0.026523774339323358,0.2,False,0.0,False,False,False,1.0,unchanged (below absolute correlation threshold),367,training only (frozen before validation refit),-0.22328370639096598,0.0,0.0
5,Choquistic 1-additive [balanced],market_loss_1d,0.13168413224371556,0.13168413224371556,0.2,False,0.3333333333333333,False,False,False,1.0,unchanged (below absolute correlation threshold),367,training only (frozen before validation refit),0.1350536029053591,0.0,0.0
5,Choquistic 1-additive [balanced],negative_momentum_21d,0.16281018626128715,0.16281018626128715,0.2,False,0.3333333333333333,False,False,False,1.0,unchanged (below absolute correlation threshold),367,training only (frozen before validation refit),0.14178550979103502,0.0,0.0
5,Choquistic 1-additive [balanced],realized_volatility_20d,0.05808958320243272,0.05808958320243272,0.2,False,0.0,False,False,False,1.0,unchanged (below absolute correlation threshold),367,training only (frozen before validation refit),-0.1448243264203534,0.0,0.0
5,Choquistic 1-additive [balanced],term_spread_10y_2y_pct,-0.32897439923944066,0.32897439923944066,0.2,True,0.3333333333333333,False,False,True,-1.0,multiplied by -1,367,training only (frozen before validation refit),-0.5647314402112121,0.0,0.0
5,Choquistic 1-additive [balanced],vix,0.04787951628005485,0.04787951628005485,0.2,False,0.0,False,False,False,1.0,unchanged (below absolute correlation threshold),367,training only (frozen before validation refit),-0.11743881995733187,0.0,0.0
5,Choquistic 1-additive [unweighted],average_equity_correlation_60d,0.07829579412567084,0.07829579412567084,0.2,False,0.0,False,False,False,1.0,unchanged (below absolute correlation threshold),367,training only (frozen before validation refit),-0.24789050061584025,0.0,0.0
5,Choquistic 1-additive [unweighted],baa_credit_spread_pct,-0.09565829898948235,0.09565829898948235,0.2,False,0.3333333333333333,False,False,False,1.0,unchanged (below absolute correlation threshold),367,training only (frozen before validation refit),-0.391233520168817,0.0,0.0
5,Choquistic 1-additive [unweighted],drawdown_severity,0.12155338956973426,0.12155338956973426,0.2,False,0.0,False,False,False,1.0,unchanged (below absolute correlation threshold),367,training only (frozen before validation refit),-0.0903799354325407,0.0,0.0
5,Choquistic 1-additive [unweighted],lagged_portfolio_loss_1d,0.08499178221361467,0.08499178221361467,0.2,False,0.3333333333333333,False,False,False,1.0,unchanged (below absolute correlation threshold),367,training only (frozen before validation refit),0.0925267778236929,0.0,0.0
5,Choquistic 1-additive [unweighted],liquidity_stress_20d,0.026523774339323358,0.026523774339323358,0.2,False,0.0,False,False,False,1.0,unchanged (below absolute correlation threshold),367,training only (frozen before validation refit),-0.22328370639096598,0.0,0.0
5,Choquistic 1-additive [unweighted],market_loss_1d,0.13168413224371556,0.13168413224371556,0.2,False,0.3333333333333333,False,False,False,1.0,unchanged (below absolute correlation threshold),367,training only (frozen before validation refit),0.1350536029053591,0.0,0.0
5,Choquistic 1-additive [unweighted],negative_momentum_21d,0.16281018626128715,0.16281018626128715,0.2,False,0.3333333333333333,False,False,False,1.0,unchanged (below absolute correlation threshold),367,training only (frozen before validation refit),0.14178550979103502,0.0,0.0
5,Choquistic 1-additive [unweighted],realized_volatility_20d,0.05808958320243272,0.05808958320243272,0.2,False,0.0,False,False,False,1.0,unchanged (below absolute correlation threshold),367,training only (frozen before validation refit),-0.1448243264203534,0.0,0.0
5,Choquistic 1-additive [unweighted],term_spread_10y_2y_pct,-0.32897439923944066,0.32897439923944066,0.2,True,0.3333333333333333,False,False,True,-1.0,multiplied by -1,367,training only (frozen before validation refit),-0.5647314402112121,0.0,0.0
5,Choquistic 1-additive [unweighted],vix,0.04787951628005485,0.04787951628005485,0.2,False,0.0,False,False,False,1.0,unchanged (below absolute correlation threshold),367,training only (frozen before validation refit),-0.11743881995733187,0.0,0.0
5,Choquistic 2-additive [balanced],average_equity_correlation_60d,0.07829579412567084,0.07829579412567084,0.2,False,0.0,False,False,False,1.0,unchanged (below absolute correlation threshold),367,training only (frozen before validation refit),-0.24789050061584025,0.0,0.0
5,Choquistic 2-additive [balanced],baa_credit_spread_pct,-0.09565829898948235,0.09565829898948235,0.2,False,0.3333333333333333,False,False,False,1.0,unchanged (below absolute correlation threshold),367,training only (frozen before validation refit),-0.391233520168817,0.0,0.0
5,Choquistic 2-additive [balanced],drawdown_severity,0.12155338956973426,0.12155338956973426,0.2,False,0.0,False,False,False,1.0,unchanged (below absolute correlation threshold),367,training only (frozen before validation refit),-0.0903799354325407,0.0,0.0
5,Choquistic 2-additive [balanced],lagged_portfolio_loss_1d,0.08499178221361467,0.08499178221361467,0.2,False,0.3333333333333333,False,False,False,1.0,unchanged (below absolute correlation threshold),367,training only (frozen before validation refit),0.0925267778236929,0.0,0.0
5,Choquistic 2-additive [balanced],liquidity_stress_20d,0.026523774339323358,0.026523774339323358,0.2,False,0.0,False,False,False,1.0,unchanged (below absolute correlation threshold),367,training only (frozen before validation refit),-0.22328370639096598,0.0,0.0
5,Choquistic 2-additive [balanced],market_loss_1d,0.13168413224371556,0.13168413224371556,0.2,False,0.3333333333333333,False,False,False,1.0,unchanged (below absolute correlation threshold),367,training only (frozen before validation refit),0.1350536029053591,0.0,0.0
5,Choquistic 2-additive [balanced],negative_momentum_21d,0.16281018626128715,0.16281018626128715,0.2,False,0.3333333333333333,False,False,False,1.0,unchanged (below absolute correlation threshold),367,training only (frozen before validation refit),0.14178550979103502,0.0,0.0
5,Choquistic 2-additive [balanced],realized_volatility_20d,0.05808958320243272,0.05808958320243272,0.2,False,0.0,False,False,False,1.0,unchanged (below absolute correlation threshold),367,training only (frozen before validation refit),-0.1448243264203534,0.0,0.0
5,Choquistic 2-additive [balanced],term_spread_10y_2y_pct,-0.32897439923944066,0.32897439923944066,0.2,True,0.3333333333333333,False,False,True,-1.0,multiplied by -1,367,training only (frozen before validation refit),-0.5647314402112121,0.0,0.0
5,Choquistic 2-additive [balanced],vix,0.04787951628005485,0.04787951628005485,0.2,False,0.0,False,False,False,1.0,unchanged (below absolute correlation threshold),367,training only (frozen before validation refit),-0.11743881995733187,0.0,0.0
5,Choquistic 2-additive [unweighted],average_equity_correlation_60d,0.07829579412567084,0.07829579412567084,0.2,False,0.0,False,False,False,1.0,unchanged (below absolute correlation threshold),367,training only (frozen before validation refit),-0.24789050061584025,0.0,0.0
5,Choquistic 2-additive [unweighted],baa_credit_spread_pct,-0.09565829898948235,0.09565829898948235,0.2,False,0.3333333333333333,False,False,False,1.0,unchanged (below absolute correlation threshold),367,training only (frozen before validation refit),-0.391233520168817,0.0,0.0
5,Choquistic 2-additive [unweighted],drawdown_severity,0.12155338956973426,0.12155338956973426,0.2,False,0.0,False,False,False,1.0,unchanged (below absolute correlation threshold),367,training only (frozen before validation refit),-0.0903799354325407,0.0,0.0
5,Choquistic 2-additive [unweighted],lagged_portfolio_loss_1d,0.08499178221361467,0.08499178221361467,0.2,False,0.3333333333333333,False,False,False,1.0,unchanged (below absolute correlation threshold),367,training only (frozen before validation refit),0.0925267778236929,0.0,0.0
5,Choquistic 2-additive [unweighted],liquidity_stress_20d,0.026523774339323358,0.026523774339323358,0.2,False,0.0,False,False,False,1.0,unchanged (below absolute correlation threshold),367,training only (frozen before validation refit),-0.22328370639096598,0.0,0.0
5,Choquistic 2-additive [unweighted],market_loss_1d,0.13168413224371556,0.13168413224371556,0.2,False,0.3333333333333333,False,False,False,1.0,unchanged (below absolute correlation threshold),367,training only (frozen before validation refit),0.1350536029053591,0.0,0.0
5,Choquistic 2-additive [unweighted],negative_momentum_21d,0.16281018626128715,0.16281018626128715,0.2,False,0.3333333333333333,False,False,False,1.0,unchanged (below absolute correlation threshold),367,training only (frozen before validation refit),0.14178550979103502,0.0,0.0
5,Choquistic 2-additive [unweighted],realized_volatility_20d,0.05808958320243272,0.05808958320243272,0.2,False,0.0,False,False,False,1.0,unchanged (below absolute correlation threshold),367,training only (frozen before validation refit),-0.1448243264203534,0.0,0.0
5,Choquistic 2-additive [unweighted],term_spread_10y_2y_pct,-0.32897439923944066,0.32897439923944066,0.2,True,0.3333333333333333,False,False,True,-1.0,multiplied by -1,367,training only (frozen before validation refit),-0.5647314402112121,0.0,0.0
5,Choquistic 2-additive [unweighted],vix,0.04787951628005485,0.04787951628005485,0.2,False,0.0,False,False,False,1.0,unchanged (below absolute correlation threshold),367,training only (frozen before validation refit),-0.11743881995733187,0.0,0.0
5,Fuzzy Choquet neural network [balanced],average_equity_correlation_60d,0.07829579412567084,0.07829579412567084,0.2,False,0.0,False,False,False,1.0,unchanged (below absolute correlation threshold),367,training only (frozen before validation refit),-0.24789050061584025,0.0,0.0
5,Fuzzy Choquet neural network [balanced],baa_credit_spread_pct,-0.09565829898948235,0.09565829898948235,0.2,False,0.3333333333333333,False,False,False,1.0,unchanged (below absolute correlation threshold),367,training only (frozen before validation refit),-0.391233520168817,0.0,0.0
5,Fuzzy Choquet neural network [balanced],drawdown_severity,0.12155338956973426,0.12155338956973426,0.2,False,0.0,False,False,False,1.0,unchanged (below absolute correlation threshold),367,training only (frozen before validation refit),-0.0903799354325407,0.0,0.0
5,Fuzzy Choquet neural network [balanced],lagged_portfolio_loss_1d,0.08499178221361467,0.08499178221361467,0.2,False,0.3333333333333333,False,False,False,1.0,unchanged (below absolute correlation threshold),367,training only (frozen before validation refit),0.0925267778236929,0.0,0.0
5,Fuzzy Choquet neural network [balanced],liquidity_stress_20d,0.026523774339323358,0.026523774339323358,0.2,False,0.0,False,False,False,1.0,unchanged (below absolute correlation threshold),367,training only (frozen before validation refit),-0.22328370639096598,0.0,0.0
5,Fuzzy Choquet neural network [balanced],market_loss_1d,0.13168413224371556,0.13168413224371556,0.2,False,0.3333333333333333,False,False,False,1.0,unchanged (below absolute correlation threshold),367,training only (frozen before validation refit),0.1350536029053591,0.0,0.0
5,Fuzzy Choquet neural network [balanced],negative_momentum_21d,0.16281018626128715,0.16281018626128715,0.2,False,0.3333333333333333,False,False,False,1.0,unchanged (below absolute correlation threshold),367,training only (frozen before validation refit),0.14178550979103502,0.0,0.0
5,Fuzzy Choquet neural network [balanced],realized_volatility_20d,0.05808958320243272,0.05808958320243272,0.2,False,0.0,False,False,False,1.0,unchanged (below absolute correlation threshold),367,training only (frozen before validation refit),-0.1448243264203534,0.0,0.0
5,Fuzzy Choquet neural network [balanced],term_spread_10y_2y_pct,-0.32897439923944066,0.32897439923944066,0.2,True,0.3333333333333333,False,False,True,-1.0,multiplied by -1,367,training only (frozen before validation refit),-0.5647314402112121,0.0,0.0
5,Fuzzy Choquet neural network [balanced],vix,0.04787951628005485,0.04787951628005485,0.2,False,0.0,False,False,False,1.0,unchanged (below absolute correlation threshold),367,training only (frozen before validation refit),-0.11743881995733187,0.0,0.0
5,Fuzzy Choquet neural network [unweighted],average_equity_correlation_60d,0.07829579412567084,0.07829579412567084,0.2,False,0.0,False,False,False,1.0,unchanged (below absolute correlation threshold),367,training only (frozen before validation refit),-0.24789050061584025,0.0,0.0
5,Fuzzy Choquet neural network [unweighted],baa_credit_spread_pct,-0.09565829898948235,0.09565829898948235,0.2,False,0.3333333333333333,False,False,False,1.0,unchanged (below absolute correlation threshold),367,training only (frozen before validation refit),-0.391233520168817,0.0,0.0
5,Fuzzy Choquet neural network [unweighted],drawdown_severity,0.12155338956973426,0.12155338956973426,0.2,False,0.0,False,False,False,1.0,unchanged (below absolute correlation threshold),367,training only (frozen before validation refit),-0.0903799354325407,0.0,0.0
5,Fuzzy Choquet neural network [unweighted],lagged_portfolio_loss_1d,0.08499178221361467,0.08499178221361467,0.2,False,0.3333333333333333,False,False,False,1.0,unchanged (below absolute correlation threshold),367,training only (frozen before validation refit),0.0925267778236929,0.0,0.0
5,Fuzzy Choquet neural network [unweighted],liquidity_stress_20d,0.026523774339323358,0.026523774339323358,0.2,False,0.0,False,False,False,1.0,unchanged (below absolute correlation threshold),367,training only (frozen before validation refit),-0.22328370639096598,0.0,0.0
5,Fuzzy Choquet neural network [unweighted],market_loss_1d,0.13168413224371556,0.13168413224371556,0.2,False,0.3333333333333333,False,False,False,1.0,unchanged (below absolute correlation threshold),367,training only (frozen before validation refit),0.1350536029053591,0.0,0.0
5,Fuzzy Choquet neural network [unweighted],negative_momentum_21d,0.16281018626128715,0.16281018626128715,0.2,False,0.3333333333333333,False,False,False,1.0,unchanged (below absolute correlation threshold),367,training only (frozen before validation refit),0.14178550979103502,0.0,0.0
5,Fuzzy Choquet neural network [unweighted],realized_volatility_20d,0.05808958320243272,0.05808958320243272,0.2,False,0.0,False,False,False,1.0,unchanged (below absolute correlation threshold),367,training only (frozen before validation refit),-0.1448243264203534,0.0,0.0
5,Fuzzy Choquet neural network [unweighted],term_spread_10y_2y_pct,-0.32897439923944066,0.32897439923944066,0.2,True,0.3333333333333333,False,False,True,-1.0,multiplied by -1,367,training only (frozen before validation refit),-0.5647314402112121,0.0,0.0
5,Fuzzy Choquet neural network [unweighted],vix,0.04787951628005485,0.04787951628005485,0.2,False,0.0,False,False,False,1.0,unchanged (below absolute correlation threshold),367,training only (frozen before validation refit),-0.11743881995733187,0.0,0.0
5,Logistic oriented [balanced],average_equity_correlation_60d,0.07829579412567084,0.07829579412567084,0.2,False,0.0,False,False,False,1.0,unchanged (below absolute correlation threshold),367,training only (frozen before validation refit),-0.24789050061584025,0.0,0.0
5,Logistic oriented [balanced],baa_credit_spread_pct,-0.09565829898948235,0.09565829898948235,0.2,False,0.3333333333333333,False,False,False,1.0,unchanged (below absolute correlation threshold),367,training only (frozen before validation refit),-0.391233520168817,0.0,0.0
5,Logistic oriented [balanced],drawdown_severity,0.12155338956973426,0.12155338956973426,0.2,False,0.0,False,False,False,1.0,unchanged (below absolute correlation threshold),367,training only (frozen before validation refit),-0.0903799354325407,0.0,0.0
5,Logistic oriented [balanced],lagged_portfolio_loss_1d,0.08499178221361467,0.08499178221361467,0.2,False,0.3333333333333333,False,False,False,1.0,unchanged (below absolute correlation threshold),367,training only (frozen before validation refit),0.0925267778236929,0.0,0.0
5,Logistic oriented [balanced],liquidity_stress_20d,0.026523774339323358,0.026523774339323358,0.2,False,0.0,False,False,False,1.0,unchanged (below absolute correlation threshold),367,training only (frozen before validation refit),-0.22328370639096598,0.0,0.0
5,Logistic oriented [balanced],market_loss_1d,0.13168413224371556,0.13168413224371556,0.2,False,0.3333333333333333,False,False,False,1.0,unchanged (below absolute correlation threshold),367,training only (frozen before validation refit),0.1350536029053591,0.0,0.0
5,Logistic oriented [balanced],negative_momentum_21d,0.16281018626128715,0.16281018626128715,0.2,False,0.3333333333333333,False,False,False,1.0,unchanged (below absolute correlation threshold),367,training only (frozen before validation refit),0.14178550979103502,0.0,0.0
5,Logistic oriented [balanced],realized_volatility_20d,0.05808958320243272,0.05808958320243272,0.2,False,0.0,False,False,False,1.0,unchanged (below absolute correlation threshold),367,training only (frozen before validation refit),-0.1448243264203534,0.0,0.0
5,Logistic oriented [balanced],term_spread_10y_2y_pct,-0.32897439923944066,0.32897439923944066,0.2,True,0.3333333333333333,False,False,True,-1.0,multiplied by -1,367,training only (frozen before validation refit),-0.5647314402112121,0.0,0.0
5,Logistic oriented [balanced],vix,0.04787951628005485,0.04787951628005485,0.2,False,0.0,False,False,False,1.0,unchanged (below absolute correlation threshold),367,training only (frozen before validation refit),-0.11743881995733187,0.0,0.0
5,Logistic oriented [unweighted],average_equity_correlation_60d,0.07829579412567084,0.07829579412567084,0.2,False,0.0,False,False,False,1.0,unchanged (below absolute correlation threshold),367,training only (frozen before validation refit),-0.24789050061584025,0.0,0.0
5,Logistic oriented [unweighted],baa_credit_spread_pct,-0.09565829898948235,0.09565829898948235,0.2,False,0.3333333333333333,False,False,False,1.0,unchanged (below absolute correlation threshold),367,training only (frozen before validation refit),-0.391233520168817,0.0,0.0
5,Logistic oriented [unweighted],drawdown_severity,0.12155338956973426,0.12155338956973426,0.2,False,0.0,False,False,False,1.0,unchanged (below absolute correlation threshold),367,training only (frozen before validation refit),-0.0903799354325407,0.0,0.0
5,Logistic oriented [unweighted],lagged_portfolio_loss_1d,0.08499178221361467,0.08499178221361467,0.2,False,0.3333333333333333,False,False,False,1.0,unchanged (below absolute correlation threshold),367,training only (frozen before validation refit),0.0925267778236929,0.0,0.0
5,Logistic oriented [unweighted],liquidity_stress_20d,0.026523774339323358,0.026523774339323358,0.2,False,0.0,False,False,False,1.0,unchanged (below absolute correlation threshold),367,training only (frozen before validation refit),-0.22328370639096598,0.0,0.0
5,Logistic oriented [unweighted],market_loss_1d,0.13168413224371556,0.13168413224371556,0.2,False,0.3333333333333333,False,False,False,1.0,unchanged (below absolute correlation threshold),367,training only (frozen before validation refit),0.1350536029053591,0.0,0.0
5,Logistic oriented [unweighted],negative_momentum_21d,0.16281018626128715,0.16281018626128715,0.2,False,0.3333333333333333,False,False,False,1.0,unchanged (below absolute correlation threshold),367,training only (frozen before validation refit),0.14178550979103502,0.0,0.0
5,Logistic oriented [unweighted],realized_volatility_20d,0.05808958320243272,0.05808958320243272,0.2,False,0.0,False,False,False,1.0,unchanged (below absolute correlation threshold),367,training only (frozen before validation refit),-0.1448243264203534,0.0,0.0
5,Logistic oriented [unweighted],term_spread_10y_2y_pct,-0.32897439923944066,0.32897439923944066,0.2,True,0.3333333333333333,False,False,True,-1.0,multiplied by -1,367,training only (frozen before validation refit),-0.5647314402112121,0.0,0.0
5,Logistic oriented [unweighted],vix,0.04787951628005485,0.04787951628005485,0.2,False,0.0,False,False,False,1.0,unchanged (below absolute correlation threshold),367,training only (frozen before validation refit),-0.11743881995733187,0.0,0.0
6,Choquistic 1-additive [balanced],average_equity_correlation_60d,0.21486513259911552,0.21486513259911552,0.2,True,0.3333333333333333,False,False,True,1.0,unchanged (positive training correlation),366,training only (frozen before validation refit),0.0,-0.11199910079656641,0.032547002238362585
6,Choquistic 1-additive [balanced],baa_credit_spread_pct,-0.05730030873079036,0.05730030873079036,0.2,False,0.6666666666666666,False,False,False,1.0,unchanged (below absolute correlation threshold),366,training only (frozen before validation refit),0.0,-0.030812240244884735,-0.24166043017777553
6,Choquistic 1-additive [balanced],drawdown_severity,0.20159193714971002,0.20159193714971002,0.2,True,0.0,False,False,True,1.0,unchanged (positive training correlation),366,training only (frozen before validation refit),0.0,-0.09004553436354595,-0.1263172001990516
6,Choquistic 1-additive [balanced],lagged_portfolio_loss_1d,-0.009020358404748874,0.009020358404748874,0.2,False,0.6666666666666666,False,False,False,1.0,unchanged (below absolute correlation threshold),366,training only (frozen before validation refit),0.0,-0.045873480931254006,-0.07329437531643757
6,Choquistic 1-additive [balanced],liquidity_stress_20d,0.028626042533119046,0.028626042533119046,0.2,False,0.6666666666666666,False,False,False,1.0,unchanged (below absolute correlation threshold),366,training only (frozen before validation refit),0.0,0.0004775074425676069,0.0043696460754809015
6,Choquistic 1-additive [balanced],market_loss_1d,0.006109788359764367,0.006109788359764367,0.2,False,0.3333333333333333,False,False,False,1.0,unchanged (below absolute correlation threshold),366,training only (frozen before validation refit),0.0,0.0009517270151864689,-0.0561702481229007
6,Choquistic 1-additive [balanced],negative_momentum_21d,0.08845786428479391,0.08845786428479391,0.2,False,0.0,False,False,False,1.0,unchanged (below absolute correlation threshold),366,training only (frozen before validation refit),0.0,-0.06315540070341435,-0.19151346315745535
6,Choquistic 1-additive [balanced],realized_volatility_20d,0.26789976453277353,0.26789976453277353,0.2,True,0.0,False,False,True,1.0,unchanged (positive training correlation),366,training only (frozen before validation refit),0.0,-0.11607533912556205,-0.0836319797426902
6,Choquistic 1-additive [balanced],term_spread_10y_2y_pct,-0.3619185084821338,0.3619185084821338,0.2,True,0.0,False,False,True,-1.0,multiplied by -1,366,training only (frozen before validation refit),0.0,0.03341880588004415,0.07838519616980293
6,Choquistic 1-additive [balanced],vix,0.09253561339420646,0.09253561339420646,0.2,False,0.0,False,False,False,1.0,unchanged (below absolute correlation threshold),366,training only (frozen before validation refit),0.0,-0.06016038791422708,-0.2852782603133644
6,Choquistic 1-additive [unweighted],average_equity_correlation_60d,0.21486513259911552,0.21486513259911552,0.2,True,0.3333333333333333,False,False,True,1.0,unchanged (positive training correlation),366,training only (frozen before validation refit),0.0,-0.11199910079656641,0.032547002238362585
6,Choquistic 1-additive [unweighted],baa_credit_spread_pct,-0.05730030873079036,0.05730030873079036,0.2,False,0.6666666666666666,False,False,False,1.0,unchanged (below absolute correlation threshold),366,training only (frozen before validation refit),0.0,-0.030812240244884735,-0.24166043017777553
6,Choquistic 1-additive [unweighted],drawdown_severity,0.20159193714971002,0.20159193714971002,0.2,True,0.0,False,False,True,1.0,unchanged (positive training correlation),366,training only (frozen before validation refit),0.0,-0.09004553436354595,-0.1263172001990516
6,Choquistic 1-additive [unweighted],lagged_portfolio_loss_1d,-0.009020358404748874,0.009020358404748874,0.2,False,0.6666666666666666,False,False,False,1.0,unchanged (below absolute correlation threshold),366,training only (frozen before validation refit),0.0,-0.045873480931254006,-0.07329437531643757
6,Choquistic 1-additive [unweighted],liquidity_stress_20d,0.028626042533119046,0.028626042533119046,0.2,False,0.6666666666666666,False,False,False,1.0,unchanged (below absolute correlation threshold),366,training only (frozen before validation refit),0.0,0.0004775074425676069,0.0043696460754809015
6,Choquistic 1-additive [unweighted],market_loss_1d,0.006109788359764367,0.006109788359764367,0.2,False,0.3333333333333333,False,False,False,1.0,unchanged (below absolute correlation threshold),366,training only (frozen before validation refit),0.0,0.0009517270151864689,-0.0561702481229007
6,Choquistic 1-additive [unweighted],negative_momentum_21d,0.08845786428479391,0.08845786428479391,0.2,False,0.0,False,False,False,1.0,unchanged (below absolute correlation threshold),366,training only (frozen before validation refit),0.0,-0.06315540070341435,-0.19151346315745535
6,Choquistic 1-additive [unweighted],realized_volatility_20d,0.26789976453277353,0.26789976453277353,0.2,True,0.0,False,False,True,1.0,unchanged (positive training correlation),366,training only (frozen before validation refit),0.0,-0.11607533912556205,-0.0836319797426902
6,Choquistic 1-additive [unweighted],term_spread_10y_2y_pct,-0.3619185084821338,0.3619185084821338,0.2,True,0.0,False,False,True,-1.0,multiplied by -1,366,training only (frozen before validation refit),0.0,0.03341880588004415,0.07838519616980293
6,Choquistic 1-additive [unweighted],vix,0.09253561339420646,0.09253561339420646,0.2,False,0.0,False,False,False,1.0,unchanged (below absolute correlation threshold),366,training only (frozen before validation refit),0.0,-0.06016038791422708,-0.2852782603133644
6,Choquistic 2-additive [balanced],average_equity_correlation_60d,0.21486513259911552,0.21486513259911552,0.2,True,0.3333333333333333,False,False,True,1.0,unchanged (positive training correlation),366,training only (frozen before validation refit),0.0,-0.11199910079656641,0.032547002238362585
6,Choquistic 2-additive [balanced],baa_credit_spread_pct,-0.05730030873079036,0.05730030873079036,0.2,False,0.6666666666666666,False,False,False,1.0,unchanged (below absolute correlation threshold),366,training only (frozen before validation refit),0.0,-0.030812240244884735,-0.24166043017777553
6,Choquistic 2-additive [balanced],drawdown_severity,0.20159193714971002,0.20159193714971002,0.2,True,0.0,False,False,True,1.0,unchanged (positive training correlation),366,training only (frozen before validation refit),0.0,-0.09004553436354595,-0.1263172001990516
6,Choquistic 2-additive [balanced],lagged_portfolio_loss_1d,-0.009020358404748874,0.009020358404748874,0.2,False,0.6666666666666666,False,False,False,1.0,unchanged (below absolute correlation threshold),366,training only (frozen before validation refit),0.0,-0.045873480931254006,-0.07329437531643757
6,Choquistic 2-additive [balanced],liquidity_stress_20d,0.028626042533119046,0.028626042533119046,0.2,False,0.6666666666666666,False,False,False,1.0,unchanged (below absolute correlation threshold),366,training only (frozen before validation refit),0.0,0.0004775074425676069,0.0043696460754809015
6,Choquistic 2-additive [balanced],market_loss_1d,0.006109788359764367,0.006109788359764367,0.2,False,0.3333333333333333,False,False,False,1.0,unchanged (below absolute correlation threshold),366,training only (frozen before validation refit),0.0,0.0009517270151864689,-0.0561702481229007
6,Choquistic 2-additive [balanced],negative_momentum_21d,0.08845786428479391,0.08845786428479391,0.2,False,0.0,False,False,False,1.0,unchanged (below absolute correlation threshold),366,training only (frozen before validation refit),0.0,-0.06315540070341435,-0.19151346315745535
6,Choquistic 2-additive [balanced],realized_volatility_20d,0.26789976453277353,0.26789976453277353,0.2,True,0.0,False,False,True,1.0,unchanged (positive training correlation),366,training only (frozen before validation refit),0.0,-0.11607533912556205,-0.0836319797426902
6,Choquistic 2-additive [balanced],term_spread_10y_2y_pct,-0.3619185084821338,0.3619185084821338,0.2,True,0.0,False,False,True,-1.0,multiplied by -1,366,training only (frozen before validation refit),0.0,0.03341880588004415,0.07838519616980293
6,Choquistic 2-additive [balanced],vix,0.09253561339420646,0.09253561339420646,0.2,False,0.0,False,False,False,1.0,unchanged (below absolute correlation threshold),366,training only (frozen before validation refit),0.0,-0.06016038791422708,-0.2852782603133644
6,Choquistic 2-additive [unweighted],average_equity_correlation_60d,0.21486513259911552,0.21486513259911552,0.2,True,0.3333333333333333,False,False,True,1.0,unchanged (positive training correlation),366,training only (frozen before validation refit),0.0,-0.11199910079656641,0.032547002238362585
6,Choquistic 2-additive [unweighted],baa_credit_spread_pct,-0.05730030873079036,0.05730030873079036,0.2,False,0.6666666666666666,False,False,False,1.0,unchanged (below absolute correlation threshold),366,training only (frozen before validation refit),0.0,-0.030812240244884735,-0.24166043017777553
6,Choquistic 2-additive [unweighted],drawdown_severity,0.20159193714971002,0.20159193714971002,0.2,True,0.0,False,False,True,1.0,unchanged (positive training correlation),366,training only (frozen before validation refit),0.0,-0.09004553436354595,-0.1263172001990516
6,Choquistic 2-additive [unweighted],lagged_portfolio_loss_1d,-0.009020358404748874,0.009020358404748874,0.2,False,0.6666666666666666,False,False,False,1.0,unchanged (below absolute correlation threshold),366,training only (frozen before validation refit),0.0,-0.045873480931254006,-0.07329437531643757
6,Choquistic 2-additive [unweighted],liquidity_stress_20d,0.028626042533119046,0.028626042533119046,0.2,False,0.6666666666666666,False,False,False,1.0,unchanged (below absolute correlation threshold),366,training only (frozen before validation refit),0.0,0.0004775074425676069,0.0043696460754809015
6,Choquistic 2-additive [unweighted],market_loss_1d,0.006109788359764367,0.006109788359764367,0.2,False,0.3333333333333333,False,False,False,1.0,unchanged (below absolute correlation threshold),366,training only (frozen before validation refit),0.0,0.0009517270151864689,-0.0561702481229007
6,Choquistic 2-additive [unweighted],negative_momentum_21d,0.08845786428479391,0.08845786428479391,0.2,False,0.0,False,False,False,1.0,unchanged (below absolute correlation threshold),366,training only (frozen before validation refit),0.0,-0.06315540070341435,-0.19151346315745535
6,Choquistic 2-additive [unweighted],realized_volatility_20d,0.26789976453277353,0.26789976453277353,0.2,True,0.0,False,False,True,1.0,unchanged (positive training correlation),366,training only (frozen before validation refit),0.0,-0.11607533912556205,-0.0836319797426902
6,Choquistic 2-additive [unweighted],term_spread_10y_2y_pct,-0.3619185084821338,0.3619185084821338,0.2,True,0.0,False,False,True,-1.0,multiplied by -1,366,training only (frozen before validation refit),0.0,0.03341880588004415,0.07838519616980293
6,Choquistic 2-additive [unweighted],vix,0.09253561339420646,0.09253561339420646,0.2,False,0.0,False,False,False,1.0,unchanged (below absolute correlation threshold),366,training only (frozen before validation refit),0.0,-0.06016038791422708,-0.2852782603133644
6,Fuzzy Choquet neural network [balanced],average_equity_correlation_60d,0.21486513259911552,0.21486513259911552,0.2,True,0.3333333333333333,False,False,True,1.0,unchanged (positive training correlation),366,training only (frozen before validation refit),0.0,-0.11199910079656641,0.032547002238362585
6,Fuzzy Choquet neural network [balanced],baa_credit_spread_pct,-0.05730030873079036,0.05730030873079036,0.2,False,0.6666666666666666,False,False,False,1.0,unchanged (below absolute correlation threshold),366,training only (frozen before validation refit),0.0,-0.030812240244884735,-0.24166043017777553
6,Fuzzy Choquet neural network [balanced],drawdown_severity,0.20159193714971002,0.20159193714971002,0.2,True,0.0,False,False,True,1.0,unchanged (positive training correlation),366,training only (frozen before validation refit),0.0,-0.09004553436354595,-0.1263172001990516
6,Fuzzy Choquet neural network [balanced],lagged_portfolio_loss_1d,-0.009020358404748874,0.009020358404748874,0.2,False,0.6666666666666666,False,False,False,1.0,unchanged (below absolute correlation threshold),366,training only (frozen before validation refit),0.0,-0.045873480931254006,-0.07329437531643757
6,Fuzzy Choquet neural network [balanced],liquidity_stress_20d,0.028626042533119046,0.028626042533119046,0.2,False,0.6666666666666666,False,False,False,1.0,unchanged (below absolute correlation threshold),366,training only (frozen before validation refit),0.0,0.0004775074425676069,0.0043696460754809015
6,Fuzzy Choquet neural network [balanced],market_loss_1d,0.006109788359764367,0.006109788359764367,0.2,False,0.3333333333333333,False,False,False,1.0,unchanged (below absolute correlation threshold),366,training only (frozen before validation refit),0.0,0.0009517270151864689,-0.0561702481229007
6,Fuzzy Choquet neural network [balanced],negative_momentum_21d,0.08845786428479391,0.08845786428479391,0.2,False,0.0,False,False,False,1.0,unchanged (below absolute correlation threshold),366,training only (frozen before validation refit),0.0,-0.06315540070341435,-0.19151346315745535
6,Fuzzy Choquet neural network [balanced],realized_volatility_20d,0.26789976453277353,0.26789976453277353,0.2,True,0.0,False,False,True,1.0,unchanged (positive training correlation),366,training only (frozen before validation refit),0.0,-0.11607533912556205,-0.0836319797426902
6,Fuzzy Choquet neural network [balanced],term_spread_10y_2y_pct,-0.3619185084821338,0.3619185084821338,0.2,True,0.0,False,False,True,-1.0,multiplied by -1,366,training only (frozen before validation refit),0.0,0.03341880588004415,0.07838519616980293
6,Fuzzy Choquet neural network [balanced],vix,0.09253561339420646,0.09253561339420646,0.2,False,0.0,False,False,False,1.0,unchanged (below absolute correlation threshold),366,training only (frozen before validation refit),0.0,-0.06016038791422708,-0.2852782603133644
6,Fuzzy Choquet neural network [unweighted],average_equity_correlation_60d,0.21486513259911552,0.21486513259911552,0.2,True,0.3333333333333333,False,False,True,1.0,unchanged (positive training correlation),366,training only (frozen before validation refit),0.0,-0.11199910079656641,0.032547002238362585
6,Fuzzy Choquet neural network [unweighted],baa_credit_spread_pct,-0.05730030873079036,0.05730030873079036,0.2,False,0.6666666666666666,False,False,False,1.0,unchanged (below absolute correlation threshold),366,training only (frozen before validation refit),0.0,-0.030812240244884735,-0.24166043017777553
6,Fuzzy Choquet neural network [unweighted],drawdown_severity,0.20159193714971002,0.20159193714971002,0.2,True,0.0,False,False,True,1.0,unchanged (positive training correlation),366,training only (frozen before validation refit),0.0,-0.09004553436354595,-0.1263172001990516
6,Fuzzy Choquet neural network [unweighted],lagged_portfolio_loss_1d,-0.009020358404748874,0.009020358404748874,0.2,False,0.6666666666666666,False,False,False,1.0,unchanged (below absolute correlation threshold),366,training only (frozen before validation refit),0.0,-0.045873480931254006,-0.07329437531643757
6,Fuzzy Choquet neural network [unweighted],liquidity_stress_20d,0.028626042533119046,0.028626042533119046,0.2,False,0.6666666666666666,False,False,False,1.0,unchanged (below absolute correlation threshold),366,training only (frozen before validation refit),0.0,0.0004775074425676069,0.0043696460754809015
6,Fuzzy Choquet neural network [unweighted],market_loss_1d,0.006109788359764367,0.006109788359764367,0.2,False,0.3333333333333333,False,False,False,1.0,unchanged (below absolute correlation threshold),366,training only (frozen before validation refit),0.0,0.0009517270151864689,-0.0561702481229007
6,Fuzzy Choquet neural network [unweighted],negative_momentum_21d,0.08845786428479391,0.08845786428479391,0.2,False,0.0,False,False,False,1.0,unchanged (below absolute correlation threshold),366,training only (frozen before validation refit),0.0,-0.06315540070341435,-0.19151346315745535
6,Fuzzy Choquet neural network [unweighted],realized_volatility_20d,0.26789976453277353,0.26789976453277353,0.2,True,0.0,False,False,True,1.0,unchanged (positive training correlation),366,training only (frozen before validation refit),0.0,-0.11607533912556205,-0.0836319797426902
6,Fuzzy Choquet neural network [unweighted],term_spread_10y_2y_pct,-0.3619185084821338,0.3619185084821338,0.2,True,0.0,False,False,True,-1.0,multiplied by -1,366,training only (frozen before validation refit),0.0,0.03341880588004415,0.07838519616980293
6,Fuzzy Choquet neural network [unweighted],vix,0.09253561339420646,0.09253561339420646,0.2,False,0.0,False,False,False,1.0,unchanged (below absolute correlation threshold),366,training only (frozen before validation refit),0.0,-0.06016038791422708,-0.2852782603133644
6,Logistic oriented [balanced],average_equity_correlation_60d,0.21486513259911552,0.21486513259911552,0.2,True,0.3333333333333333,False,False,True,1.0,unchanged (positive training correlation),366,training only (frozen before validation refit),0.0,-0.11199910079656641,0.032547002238362585
6,Logistic oriented [balanced],baa_credit_spread_pct,-0.05730030873079036,0.05730030873079036,0.2,False,0.6666666666666666,False,False,False,1.0,unchanged (below absolute correlation threshold),366,training only (frozen before validation refit),0.0,-0.030812240244884735,-0.24166043017777553
6,Logistic oriented [balanced],drawdown_severity,0.20159193714971002,0.20159193714971002,0.2,True,0.0,False,False,True,1.0,unchanged (positive training correlation),366,training only (frozen before validation refit),0.0,-0.09004553436354595,-0.1263172001990516
6,Logistic oriented [balanced],lagged_portfolio_loss_1d,-0.009020358404748874,0.009020358404748874,0.2,False,0.6666666666666666,False,False,False,1.0,unchanged (below absolute correlation threshold),366,training only (frozen before validation refit),0.0,-0.045873480931254006,-0.07329437531643757
6,Logistic oriented [balanced],liquidity_stress_20d,0.028626042533119046,0.028626042533119046,0.2,False,0.6666666666666666,False,False,False,1.0,unchanged (below absolute correlation threshold),366,training only (frozen before validation refit),0.0,0.0004775074425676069,0.0043696460754809015
6,Logistic oriented [balanced],market_loss_1d,0.006109788359764367,0.006109788359764367,0.2,False,0.3333333333333333,False,False,False,1.0,unchanged (below absolute correlation threshold),366,training only (frozen before validation refit),0.0,0.0009517270151864689,-0.0561702481229007
6,Logistic oriented [balanced],negative_momentum_21d,0.08845786428479391,0.08845786428479391,0.2,False,0.0,False,False,False,1.0,unchanged (below absolute correlation threshold),366,training only (frozen before validation refit),0.0,-0.06315540070341435,-0.19151346315745535
6,Logistic oriented [balanced],realized_volatility_20d,0.26789976453277353,0.26789976453277353,0.2,True,0.0,False,False,True,1.0,unchanged (positive training correlation),366,training only (frozen before validation refit),0.0,-0.11607533912556205,-0.0836319797426902
6,Logistic oriented [balanced],term_spread_10y_2y_pct,-0.3619185084821338,0.3619185084821338,0.2,True,0.0,False,False,True,-1.0,multiplied by -1,366,training only (frozen before validation refit),0.0,0.03341880588004415,0.07838519616980293
6,Logistic oriented [balanced],vix,0.09253561339420646,0.09253561339420646,0.2,False,0.0,False,False,False,1.0,unchanged (below absolute correlation threshold),366,training only (frozen before validation refit),0.0,-0.06016038791422708,-0.2852782603133644
6,Logistic oriented [unweighted],average_equity_correlation_60d,0.21486513259911552,0.21486513259911552,0.2,True,0.3333333333333333,False,False,True,1.0,unchanged (positive training correlation),366,training only (frozen before validation refit),0.0,-0.11199910079656641,0.032547002238362585
6,Logistic oriented [unweighted],baa_credit_spread_pct,-0.05730030873079036,0.05730030873079036,0.2,False,0.6666666666666666,False,False,False,1.0,unchanged (below absolute correlation threshold),366,training only (frozen before validation refit),0.0,-0.030812240244884735,-0.24166043017777553
6,Logistic oriented [unweighted],drawdown_severity,0.20159193714971002,0.20159193714971002,0.2,True,0.0,False,False,True,1.0,unchanged (positive training correlation),366,training only (frozen before validation refit),0.0,-0.09004553436354595,-0.1263172001990516
6,Logistic oriented [unweighted],lagged_portfolio_loss_1d,-0.009020358404748874,0.009020358404748874,0.2,False,0.6666666666666666,False,False,False,1.0,unchanged (below absolute correlation threshold),366,training only (frozen before validation refit),0.0,-0.045873480931254006,-0.07329437531643757
6,Logistic oriented [unweighted],liquidity_stress_20d,0.028626042533119046,0.028626042533119046,0.2,False,0.6666666666666666,False,False,False,1.0,unchanged (below absolute correlation threshold),366,training only (frozen before validation refit),0.0,0.0004775074425676069,0.0043696460754809015
6,Logistic oriented [unweighted],market_loss_1d,0.006109788359764367,0.006109788359764367,0.2,False,0.3333333333333333,False,False,False,1.0,unchanged (below absolute correlation threshold),366,training only (frozen before validation refit),0.0,0.0009517270151864689,-0.0561702481229007
6,Logistic oriented [unweighted],negative_momentum_21d,0.08845786428479391,0.08845786428479391,0.2,False,0.0,False,False,False,1.0,unchanged (below absolute correlation threshold),366,training only (frozen before validation refit),0.0,-0.06315540070341435,-0.19151346315745535
6,Logistic oriented [unweighted],realized_volatility_20d,0.26789976453277353,0.26789976453277353,0.2,True,0.0,False,False,True,1.0,unchanged (positive training correlation),366,training only (frozen before validation refit),0.0,-0.11607533912556205,-0.0836319797426902
6,Logistic oriented [unweighted],term_spread_10y_2y_pct,-0.3619185084821338,0.3619185084821338,0.2,True,0.0,False,False,True,-1.0,multiplied by -1,366,training only (frozen before validation refit),0.0,0.03341880588004415,0.07838519616980293
6,Logistic oriented [unweighted],vix,0.09253561339420646,0.09253561339420646,0.2,False,0.0,False,False,False,1.0,unchanged (below absolute correlation threshold),366,training only (frozen before validation refit),0.0,-0.06016038791422708,-0.2852782603133644
