fold,model,feature,training_correlation,absolute_training_correlation,minimum_absolute_correlation,meets_correlation_threshold,subperiod_sign_agreement,sign_stable,stability_required,orientation_supported,orientation_sign,transformation,orientation_training_observations,orientation_source,training_subperiod_1_correlation,training_subperiod_2_correlation,training_subperiod_3_correlation
0,Choquistic 1-additive [balanced],average_equity_correlation_60d,0.03648660218358748,0.03648660218358748,0.2,False,0.6666666666666666,False,False,False,1.0,unchanged (below absolute correlation threshold),376,training only (frozen before validation refit),0.10418908376977379,-0.037899188487475484,0.09195055797756559
0,Choquistic 1-additive [balanced],baa_credit_spread_pct,0.05942896420498855,0.05942896420498855,0.2,False,0.6666666666666666,False,False,False,1.0,unchanged (below absolute correlation threshold),376,training only (frozen before validation refit),-0.10471796217400355,0.03447590264966983,0.16139412027267586
0,Choquistic 1-additive [balanced],drawdown_severity,0.12681750800059186,0.12681750800059186,0.2,False,0.6666666666666666,False,False,False,1.0,unchanged (below absolute correlation threshold),376,training only (frozen before validation refit),-0.03470405848010067,0.19152075261959756,0.15116732519334272
0,Choquistic 1-additive [balanced],lagged_portfolio_loss_1d,0.08108002932793423,0.08108002932793423,0.2,False,1.0,True,False,False,1.0,unchanged (below absolute correlation threshold),376,training only (frozen before validation refit),0.1368451831906735,0.06464182955557814,0.05975569675755016
0,Choquistic 1-additive [balanced],liquidity_stress_20d,0.06643590866596025,0.06643590866596025,0.2,False,1.0,True,False,False,1.0,unchanged (below absolute correlation threshold),376,training only (frozen before validation refit),0.026178625339615506,0.0004861577639548515,0.20140916689981683
0,Choquistic 1-additive [balanced],market_loss_1d,0.07313086045040385,0.07313086045040385,0.2,False,0.6666666666666666,False,False,False,1.0,unchanged (below absolute correlation threshold),376,training only (frozen before validation refit),0.00032083416871114936,0.25474289615223217,-0.09154448975069898
0,Choquistic 1-additive [balanced],negative_momentum_21d,0.18024297547588924,0.18024297547588924,0.2,False,1.0,True,False,False,1.0,unchanged (below absolute correlation threshold),376,training only (frozen before validation refit),0.0581987839253995,0.14551005198079714,0.29102102651817213
0,Choquistic 1-additive [balanced],realized_volatility_20d,0.07711082483139478,0.07711082483139478,0.2,False,0.6666666666666666,False,False,False,1.0,unchanged (below absolute correlation threshold),376,training only (frozen before validation refit),-0.09482174722094865,0.05920680837388716,0.1980749922625472
0,Choquistic 1-additive [balanced],term_spread_10y_2y_pct,0.025959725780829352,0.025959725780829352,0.2,False,0.3333333333333333,False,False,False,1.0,unchanged (below absolute correlation threshold),376,training only (frozen before validation refit),-0.019178553749075466,-0.08324264971120782,0.3630181574782818
0,Choquistic 1-additive [balanced],vix,0.138184726489358,0.138184726489358,0.2,False,0.6666666666666666,False,False,False,1.0,unchanged (below absolute correlation threshold),376,training only (frozen before validation refit),-0.0496982625357941,0.19489062415332722,0.1740672763266887
0,Choquistic 1-additive [unweighted],average_equity_correlation_60d,0.03648660218358748,0.03648660218358748,0.2,False,0.6666666666666666,False,False,False,1.0,unchanged (below absolute correlation threshold),376,training only (frozen before validation refit),0.10418908376977379,-0.037899188487475484,0.09195055797756559
0,Choquistic 1-additive [unweighted],baa_credit_spread_pct,0.05942896420498855,0.05942896420498855,0.2,False,0.6666666666666666,False,False,False,1.0,unchanged (below absolute correlation threshold),376,training only (frozen before validation refit),-0.10471796217400355,0.03447590264966983,0.16139412027267586
0,Choquistic 1-additive [unweighted],drawdown_severity,0.12681750800059186,0.12681750800059186,0.2,False,0.6666666666666666,False,False,False,1.0,unchanged (below absolute correlation threshold),376,training only (frozen before validation refit),-0.03470405848010067,0.19152075261959756,0.15116732519334272
0,Choquistic 1-additive [unweighted],lagged_portfolio_loss_1d,0.08108002932793423,0.08108002932793423,0.2,False,1.0,True,False,False,1.0,unchanged (below absolute correlation threshold),376,training only (frozen before validation refit),0.1368451831906735,0.06464182955557814,0.05975569675755016
0,Choquistic 1-additive [unweighted],liquidity_stress_20d,0.06643590866596025,0.06643590866596025,0.2,False,1.0,True,False,False,1.0,unchanged (below absolute correlation threshold),376,training only (frozen before validation refit),0.026178625339615506,0.0004861577639548515,0.20140916689981683
0,Choquistic 1-additive [unweighted],market_loss_1d,0.07313086045040385,0.07313086045040385,0.2,False,0.6666666666666666,False,False,False,1.0,unchanged (below absolute correlation threshold),376,training only (frozen before validation refit),0.00032083416871114936,0.25474289615223217,-0.09154448975069898
0,Choquistic 1-additive [unweighted],negative_momentum_21d,0.18024297547588924,0.18024297547588924,0.2,False,1.0,True,False,False,1.0,unchanged (below absolute correlation threshold),376,training only (frozen before validation refit),0.0581987839253995,0.14551005198079714,0.29102102651817213
0,Choquistic 1-additive [unweighted],realized_volatility_20d,0.07711082483139478,0.07711082483139478,0.2,False,0.6666666666666666,False,False,False,1.0,unchanged (below absolute correlation threshold),376,training only (frozen before validation refit),-0.09482174722094865,0.05920680837388716,0.1980749922625472
0,Choquistic 1-additive [unweighted],term_spread_10y_2y_pct,0.025959725780829352,0.025959725780829352,0.2,False,0.3333333333333333,False,False,False,1.0,unchanged (below absolute correlation threshold),376,training only (frozen before validation refit),-0.019178553749075466,-0.08324264971120782,0.3630181574782818
0,Choquistic 1-additive [unweighted],vix,0.138184726489358,0.138184726489358,0.2,False,0.6666666666666666,False,False,False,1.0,unchanged (below absolute correlation threshold),376,training only (frozen before validation refit),-0.0496982625357941,0.19489062415332722,0.1740672763266887
0,Choquistic 2-additive [balanced],average_equity_correlation_60d,0.03648660218358748,0.03648660218358748,0.2,False,0.6666666666666666,False,False,False,1.0,unchanged (below absolute correlation threshold),376,training only (frozen before validation refit),0.10418908376977379,-0.037899188487475484,0.09195055797756559
0,Choquistic 2-additive [balanced],baa_credit_spread_pct,0.05942896420498855,0.05942896420498855,0.2,False,0.6666666666666666,False,False,False,1.0,unchanged (below absolute correlation threshold),376,training only (frozen before validation refit),-0.10471796217400355,0.03447590264966983,0.16139412027267586
0,Choquistic 2-additive [balanced],drawdown_severity,0.12681750800059186,0.12681750800059186,0.2,False,0.6666666666666666,False,False,False,1.0,unchanged (below absolute correlation threshold),376,training only (frozen before validation refit),-0.03470405848010067,0.19152075261959756,0.15116732519334272
0,Choquistic 2-additive [balanced],lagged_portfolio_loss_1d,0.08108002932793423,0.08108002932793423,0.2,False,1.0,True,False,False,1.0,unchanged (below absolute correlation threshold),376,training only (frozen before validation refit),0.1368451831906735,0.06464182955557814,0.05975569675755016
0,Choquistic 2-additive [balanced],liquidity_stress_20d,0.06643590866596025,0.06643590866596025,0.2,False,1.0,True,False,False,1.0,unchanged (below absolute correlation threshold),376,training only (frozen before validation refit),0.026178625339615506,0.0004861577639548515,0.20140916689981683
0,Choquistic 2-additive [balanced],market_loss_1d,0.07313086045040385,0.07313086045040385,0.2,False,0.6666666666666666,False,False,False,1.0,unchanged (below absolute correlation threshold),376,training only (frozen before validation refit),0.00032083416871114936,0.25474289615223217,-0.09154448975069898
0,Choquistic 2-additive [balanced],negative_momentum_21d,0.18024297547588924,0.18024297547588924,0.2,False,1.0,True,False,False,1.0,unchanged (below absolute correlation threshold),376,training only (frozen before validation refit),0.0581987839253995,0.14551005198079714,0.29102102651817213
0,Choquistic 2-additive [balanced],realized_volatility_20d,0.07711082483139478,0.07711082483139478,0.2,False,0.6666666666666666,False,False,False,1.0,unchanged (below absolute correlation threshold),376,training only (frozen before validation refit),-0.09482174722094865,0.05920680837388716,0.1980749922625472
0,Choquistic 2-additive [balanced],term_spread_10y_2y_pct,0.025959725780829352,0.025959725780829352,0.2,False,0.3333333333333333,False,False,False,1.0,unchanged (below absolute correlation threshold),376,training only (frozen before validation refit),-0.019178553749075466,-0.08324264971120782,0.3630181574782818
0,Choquistic 2-additive [balanced],vix,0.138184726489358,0.138184726489358,0.2,False,0.6666666666666666,False,False,False,1.0,unchanged (below absolute correlation threshold),376,training only (frozen before validation refit),-0.0496982625357941,0.19489062415332722,0.1740672763266887
0,Choquistic 2-additive [unweighted],average_equity_correlation_60d,0.03648660218358748,0.03648660218358748,0.2,False,0.6666666666666666,False,False,False,1.0,unchanged (below absolute correlation threshold),376,training only (frozen before validation refit),0.10418908376977379,-0.037899188487475484,0.09195055797756559
0,Choquistic 2-additive [unweighted],baa_credit_spread_pct,0.05942896420498855,0.05942896420498855,0.2,False,0.6666666666666666,False,False,False,1.0,unchanged (below absolute correlation threshold),376,training only (frozen before validation refit),-0.10471796217400355,0.03447590264966983,0.16139412027267586
0,Choquistic 2-additive [unweighted],drawdown_severity,0.12681750800059186,0.12681750800059186,0.2,False,0.6666666666666666,False,False,False,1.0,unchanged (below absolute correlation threshold),376,training only (frozen before validation refit),-0.03470405848010067,0.19152075261959756,0.15116732519334272
0,Choquistic 2-additive [unweighted],lagged_portfolio_loss_1d,0.08108002932793423,0.08108002932793423,0.2,False,1.0,True,False,False,1.0,unchanged (below absolute correlation threshold),376,training only (frozen before validation refit),0.1368451831906735,0.06464182955557814,0.05975569675755016
0,Choquistic 2-additive [unweighted],liquidity_stress_20d,0.06643590866596025,0.06643590866596025,0.2,False,1.0,True,False,False,1.0,unchanged (below absolute correlation threshold),376,training only (frozen before validation refit),0.026178625339615506,0.0004861577639548515,0.20140916689981683
0,Choquistic 2-additive [unweighted],market_loss_1d,0.07313086045040385,0.07313086045040385,0.2,False,0.6666666666666666,False,False,False,1.0,unchanged (below absolute correlation threshold),376,training only (frozen before validation refit),0.00032083416871114936,0.25474289615223217,-0.09154448975069898
0,Choquistic 2-additive [unweighted],negative_momentum_21d,0.18024297547588924,0.18024297547588924,0.2,False,1.0,True,False,False,1.0,unchanged (below absolute correlation threshold),376,training only (frozen before validation refit),0.0581987839253995,0.14551005198079714,0.29102102651817213
0,Choquistic 2-additive [unweighted],realized_volatility_20d,0.07711082483139478,0.07711082483139478,0.2,False,0.6666666666666666,False,False,False,1.0,unchanged (below absolute correlation threshold),376,training only (frozen before validation refit),-0.09482174722094865,0.05920680837388716,0.1980749922625472
0,Choquistic 2-additive [unweighted],term_spread_10y_2y_pct,0.025959725780829352,0.025959725780829352,0.2,False,0.3333333333333333,False,False,False,1.0,unchanged (below absolute correlation threshold),376,training only (frozen before validation refit),-0.019178553749075466,-0.08324264971120782,0.3630181574782818
0,Choquistic 2-additive [unweighted],vix,0.138184726489358,0.138184726489358,0.2,False,0.6666666666666666,False,False,False,1.0,unchanged (below absolute correlation threshold),376,training only (frozen before validation refit),-0.0496982625357941,0.19489062415332722,0.1740672763266887
0,Fuzzy Choquet neural network [balanced],average_equity_correlation_60d,0.03648660218358748,0.03648660218358748,0.2,False,0.6666666666666666,False,False,False,1.0,unchanged (below absolute correlation threshold),376,training only (frozen before validation refit),0.10418908376977379,-0.037899188487475484,0.09195055797756559
0,Fuzzy Choquet neural network [balanced],baa_credit_spread_pct,0.05942896420498855,0.05942896420498855,0.2,False,0.6666666666666666,False,False,False,1.0,unchanged (below absolute correlation threshold),376,training only (frozen before validation refit),-0.10471796217400355,0.03447590264966983,0.16139412027267586
0,Fuzzy Choquet neural network [balanced],drawdown_severity,0.12681750800059186,0.12681750800059186,0.2,False,0.6666666666666666,False,False,False,1.0,unchanged (below absolute correlation threshold),376,training only (frozen before validation refit),-0.03470405848010067,0.19152075261959756,0.15116732519334272
0,Fuzzy Choquet neural network [balanced],lagged_portfolio_loss_1d,0.08108002932793423,0.08108002932793423,0.2,False,1.0,True,False,False,1.0,unchanged (below absolute correlation threshold),376,training only (frozen before validation refit),0.1368451831906735,0.06464182955557814,0.05975569675755016
0,Fuzzy Choquet neural network [balanced],liquidity_stress_20d,0.06643590866596025,0.06643590866596025,0.2,False,1.0,True,False,False,1.0,unchanged (below absolute correlation threshold),376,training only (frozen before validation refit),0.026178625339615506,0.0004861577639548515,0.20140916689981683
0,Fuzzy Choquet neural network [balanced],market_loss_1d,0.07313086045040385,0.07313086045040385,0.2,False,0.6666666666666666,False,False,False,1.0,unchanged (below absolute correlation threshold),376,training only (frozen before validation refit),0.00032083416871114936,0.25474289615223217,-0.09154448975069898
0,Fuzzy Choquet neural network [balanced],negative_momentum_21d,0.18024297547588924,0.18024297547588924,0.2,False,1.0,True,False,False,1.0,unchanged (below absolute correlation threshold),376,training only (frozen before validation refit),0.0581987839253995,0.14551005198079714,0.29102102651817213
0,Fuzzy Choquet neural network [balanced],realized_volatility_20d,0.07711082483139478,0.07711082483139478,0.2,False,0.6666666666666666,False,False,False,1.0,unchanged (below absolute correlation threshold),376,training only (frozen before validation refit),-0.09482174722094865,0.05920680837388716,0.1980749922625472
0,Fuzzy Choquet neural network [balanced],term_spread_10y_2y_pct,0.025959725780829352,0.025959725780829352,0.2,False,0.3333333333333333,False,False,False,1.0,unchanged (below absolute correlation threshold),376,training only (frozen before validation refit),-0.019178553749075466,-0.08324264971120782,0.3630181574782818
0,Fuzzy Choquet neural network [balanced],vix,0.138184726489358,0.138184726489358,0.2,False,0.6666666666666666,False,False,False,1.0,unchanged (below absolute correlation threshold),376,training only (frozen before validation refit),-0.0496982625357941,0.19489062415332722,0.1740672763266887
0,Fuzzy Choquet neural network [unweighted],average_equity_correlation_60d,0.03648660218358748,0.03648660218358748,0.2,False,0.6666666666666666,False,False,False,1.0,unchanged (below absolute correlation threshold),376,training only (frozen before validation refit),0.10418908376977379,-0.037899188487475484,0.09195055797756559
0,Fuzzy Choquet neural network [unweighted],baa_credit_spread_pct,0.05942896420498855,0.05942896420498855,0.2,False,0.6666666666666666,False,False,False,1.0,unchanged (below absolute correlation threshold),376,training only (frozen before validation refit),-0.10471796217400355,0.03447590264966983,0.16139412027267586
0,Fuzzy Choquet neural network [unweighted],drawdown_severity,0.12681750800059186,0.12681750800059186,0.2,False,0.6666666666666666,False,False,False,1.0,unchanged (below absolute correlation threshold),376,training only (frozen before validation refit),-0.03470405848010067,0.19152075261959756,0.15116732519334272
0,Fuzzy Choquet neural network [unweighted],lagged_portfolio_loss_1d,0.08108002932793423,0.08108002932793423,0.2,False,1.0,True,False,False,1.0,unchanged (below absolute correlation threshold),376,training only (frozen before validation refit),0.1368451831906735,0.06464182955557814,0.05975569675755016
0,Fuzzy Choquet neural network [unweighted],liquidity_stress_20d,0.06643590866596025,0.06643590866596025,0.2,False,1.0,True,False,False,1.0,unchanged (below absolute correlation threshold),376,training only (frozen before validation refit),0.026178625339615506,0.0004861577639548515,0.20140916689981683
0,Fuzzy Choquet neural network [unweighted],market_loss_1d,0.07313086045040385,0.07313086045040385,0.2,False,0.6666666666666666,False,False,False,1.0,unchanged (below absolute correlation threshold),376,training only (frozen before validation refit),0.00032083416871114936,0.25474289615223217,-0.09154448975069898
0,Fuzzy Choquet neural network [unweighted],negative_momentum_21d,0.18024297547588924,0.18024297547588924,0.2,False,1.0,True,False,False,1.0,unchanged (below absolute correlation threshold),376,training only (frozen before validation refit),0.0581987839253995,0.14551005198079714,0.29102102651817213
0,Fuzzy Choquet neural network [unweighted],realized_volatility_20d,0.07711082483139478,0.07711082483139478,0.2,False,0.6666666666666666,False,False,False,1.0,unchanged (below absolute correlation threshold),376,training only (frozen before validation refit),-0.09482174722094865,0.05920680837388716,0.1980749922625472
0,Fuzzy Choquet neural network [unweighted],term_spread_10y_2y_pct,0.025959725780829352,0.025959725780829352,0.2,False,0.3333333333333333,False,False,False,1.0,unchanged (below absolute correlation threshold),376,training only (frozen before validation refit),-0.019178553749075466,-0.08324264971120782,0.3630181574782818
0,Fuzzy Choquet neural network [unweighted],vix,0.138184726489358,0.138184726489358,0.2,False,0.6666666666666666,False,False,False,1.0,unchanged (below absolute correlation threshold),376,training only (frozen before validation refit),-0.0496982625357941,0.19489062415332722,0.1740672763266887
0,Logistic oriented [balanced],average_equity_correlation_60d,0.03648660218358748,0.03648660218358748,0.2,False,0.6666666666666666,False,False,False,1.0,unchanged (below absolute correlation threshold),376,training only (frozen before validation refit),0.10418908376977379,-0.037899188487475484,0.09195055797756559
0,Logistic oriented [balanced],baa_credit_spread_pct,0.05942896420498855,0.05942896420498855,0.2,False,0.6666666666666666,False,False,False,1.0,unchanged (below absolute correlation threshold),376,training only (frozen before validation refit),-0.10471796217400355,0.03447590264966983,0.16139412027267586
0,Logistic oriented [balanced],drawdown_severity,0.12681750800059186,0.12681750800059186,0.2,False,0.6666666666666666,False,False,False,1.0,unchanged (below absolute correlation threshold),376,training only (frozen before validation refit),-0.03470405848010067,0.19152075261959756,0.15116732519334272
0,Logistic oriented [balanced],lagged_portfolio_loss_1d,0.08108002932793423,0.08108002932793423,0.2,False,1.0,True,False,False,1.0,unchanged (below absolute correlation threshold),376,training only (frozen before validation refit),0.1368451831906735,0.06464182955557814,0.05975569675755016
0,Logistic oriented [balanced],liquidity_stress_20d,0.06643590866596025,0.06643590866596025,0.2,False,1.0,True,False,False,1.0,unchanged (below absolute correlation threshold),376,training only (frozen before validation refit),0.026178625339615506,0.0004861577639548515,0.20140916689981683
0,Logistic oriented [balanced],market_loss_1d,0.07313086045040385,0.07313086045040385,0.2,False,0.6666666666666666,False,False,False,1.0,unchanged (below absolute correlation threshold),376,training only (frozen before validation refit),0.00032083416871114936,0.25474289615223217,-0.09154448975069898
0,Logistic oriented [balanced],negative_momentum_21d,0.18024297547588924,0.18024297547588924,0.2,False,1.0,True,False,False,1.0,unchanged (below absolute correlation threshold),376,training only (frozen before validation refit),0.0581987839253995,0.14551005198079714,0.29102102651817213
0,Logistic oriented [balanced],realized_volatility_20d,0.07711082483139478,0.07711082483139478,0.2,False,0.6666666666666666,False,False,False,1.0,unchanged (below absolute correlation threshold),376,training only (frozen before validation refit),-0.09482174722094865,0.05920680837388716,0.1980749922625472
0,Logistic oriented [balanced],term_spread_10y_2y_pct,0.025959725780829352,0.025959725780829352,0.2,False,0.3333333333333333,False,False,False,1.0,unchanged (below absolute correlation threshold),376,training only (frozen before validation refit),-0.019178553749075466,-0.08324264971120782,0.3630181574782818
0,Logistic oriented [balanced],vix,0.138184726489358,0.138184726489358,0.2,False,0.6666666666666666,False,False,False,1.0,unchanged (below absolute correlation threshold),376,training only (frozen before validation refit),-0.0496982625357941,0.19489062415332722,0.1740672763266887
0,Logistic oriented [unweighted],average_equity_correlation_60d,0.03648660218358748,0.03648660218358748,0.2,False,0.6666666666666666,False,False,False,1.0,unchanged (below absolute correlation threshold),376,training only (frozen before validation refit),0.10418908376977379,-0.037899188487475484,0.09195055797756559
0,Logistic oriented [unweighted],baa_credit_spread_pct,0.05942896420498855,0.05942896420498855,0.2,False,0.6666666666666666,False,False,False,1.0,unchanged (below absolute correlation threshold),376,training only (frozen before validation refit),-0.10471796217400355,0.03447590264966983,0.16139412027267586
0,Logistic oriented [unweighted],drawdown_severity,0.12681750800059186,0.12681750800059186,0.2,False,0.6666666666666666,False,False,False,1.0,unchanged (below absolute correlation threshold),376,training only (frozen before validation refit),-0.03470405848010067,0.19152075261959756,0.15116732519334272
0,Logistic oriented [unweighted],lagged_portfolio_loss_1d,0.08108002932793423,0.08108002932793423,0.2,False,1.0,True,False,False,1.0,unchanged (below absolute correlation threshold),376,training only (frozen before validation refit),0.1368451831906735,0.06464182955557814,0.05975569675755016
0,Logistic oriented [unweighted],liquidity_stress_20d,0.06643590866596025,0.06643590866596025,0.2,False,1.0,True,False,False,1.0,unchanged (below absolute correlation threshold),376,training only (frozen before validation refit),0.026178625339615506,0.0004861577639548515,0.20140916689981683
0,Logistic oriented [unweighted],market_loss_1d,0.07313086045040385,0.07313086045040385,0.2,False,0.6666666666666666,False,False,False,1.0,unchanged (below absolute correlation threshold),376,training only (frozen before validation refit),0.00032083416871114936,0.25474289615223217,-0.09154448975069898
0,Logistic oriented [unweighted],negative_momentum_21d,0.18024297547588924,0.18024297547588924,0.2,False,1.0,True,False,False,1.0,unchanged (below absolute correlation threshold),376,training only (frozen before validation refit),0.0581987839253995,0.14551005198079714,0.29102102651817213
0,Logistic oriented [unweighted],realized_volatility_20d,0.07711082483139478,0.07711082483139478,0.2,False,0.6666666666666666,False,False,False,1.0,unchanged (below absolute correlation threshold),376,training only (frozen before validation refit),-0.09482174722094865,0.05920680837388716,0.1980749922625472
0,Logistic oriented [unweighted],term_spread_10y_2y_pct,0.025959725780829352,0.025959725780829352,0.2,False,0.3333333333333333,False,False,False,1.0,unchanged (below absolute correlation threshold),376,training only (frozen before validation refit),-0.019178553749075466,-0.08324264971120782,0.3630181574782818
0,Logistic oriented [unweighted],vix,0.138184726489358,0.138184726489358,0.2,False,0.6666666666666666,False,False,False,1.0,unchanged (below absolute correlation threshold),376,training only (frozen before validation refit),-0.0496982625357941,0.19489062415332722,0.1740672763266887
1,Choquistic 1-additive [balanced],average_equity_correlation_60d,0.048000068116000105,0.048000068116000105,0.2,False,1.0,True,False,False,1.0,unchanged (below absolute correlation threshold),376,training only (frozen before validation refit),0.10293732482306009,0.0604170480538619,0.07237556382841649
1,Choquistic 1-additive [balanced],baa_credit_spread_pct,0.08353652758923841,0.08353652758923841,0.2,False,0.6666666666666666,False,False,False,1.0,unchanged (below absolute correlation threshold),376,training only (frozen before validation refit),0.16382021303025796,0.04645025502158394,-0.1448531395422523
1,Choquistic 1-additive [balanced],drawdown_severity,0.14154702764639052,0.14154702764639052,0.2,False,0.6666666666666666,False,False,False,1.0,unchanged (below absolute correlation threshold),376,training only (frozen before validation refit),0.1774507632142528,0.016723019665203898,-0.07408422364929496
1,Choquistic 1-additive [balanced],lagged_portfolio_loss_1d,0.053566791998992024,0.053566791998992024,0.2,False,1.0,True,False,False,1.0,unchanged (below absolute correlation threshold),376,training only (frozen before validation refit),0.04466633275296365,0.07564910829962893,0.05448497985575552
1,Choquistic 1-additive [balanced],liquidity_stress_20d,0.09823776592698812,0.09823776592698812,0.2,False,0.6666666666666666,False,False,False,1.0,unchanged (below absolute correlation threshold),376,training only (frozen before validation refit),0.18292987920327175,-0.13251835226887757,0.03187640390431826
1,Choquistic 1-additive [balanced],market_loss_1d,-0.07708520020037246,0.07708520020037246,0.2,False,0.6666666666666666,False,False,False,1.0,unchanged (below absolute correlation threshold),376,training only (frozen before validation refit),-0.1270666580291797,0.04541749602271892,-0.043285321549888754
1,Choquistic 1-additive [balanced],negative_momentum_21d,0.18260981545202096,0.18260981545202096,0.2,False,0.6666666666666666,False,False,False,1.0,unchanged (below absolute correlation threshold),376,training only (frozen before validation refit),0.2909536911252791,0.10400280795006114,-0.09618109849729947
1,Choquistic 1-additive [balanced],realized_volatility_20d,0.11044035263631362,0.11044035263631362,0.2,False,0.6666666666666666,False,False,False,1.0,unchanged (below absolute correlation threshold),376,training only (frozen before validation refit),0.1935812762648858,-0.13005061050399847,0.09540985300187874
1,Choquistic 1-additive [balanced],term_spread_10y_2y_pct,0.019182489704488454,0.019182489704488454,0.2,False,0.3333333333333333,False,False,False,1.0,unchanged (below absolute correlation threshold),376,training only (frozen before validation refit),0.3257984766347589,-0.07035308592314247,-0.1987607863144792
1,Choquistic 1-additive [balanced],vix,0.09625344514529982,0.09625344514529982,0.2,False,0.3333333333333333,False,False,False,1.0,unchanged (below absolute correlation threshold),376,training only (frozen before validation refit),0.18588728007593225,-0.04948949753632385,-0.17761875117283552
1,Choquistic 1-additive [unweighted],average_equity_correlation_60d,0.048000068116000105,0.048000068116000105,0.2,False,1.0,True,False,False,1.0,unchanged (below absolute correlation threshold),376,training only (frozen before validation refit),0.10293732482306009,0.0604170480538619,0.07237556382841649
1,Choquistic 1-additive [unweighted],baa_credit_spread_pct,0.08353652758923841,0.08353652758923841,0.2,False,0.6666666666666666,False,False,False,1.0,unchanged (below absolute correlation threshold),376,training only (frozen before validation refit),0.16382021303025796,0.04645025502158394,-0.1448531395422523
1,Choquistic 1-additive [unweighted],drawdown_severity,0.14154702764639052,0.14154702764639052,0.2,False,0.6666666666666666,False,False,False,1.0,unchanged (below absolute correlation threshold),376,training only (frozen before validation refit),0.1774507632142528,0.016723019665203898,-0.07408422364929496
1,Choquistic 1-additive [unweighted],lagged_portfolio_loss_1d,0.053566791998992024,0.053566791998992024,0.2,False,1.0,True,False,False,1.0,unchanged (below absolute correlation threshold),376,training only (frozen before validation refit),0.04466633275296365,0.07564910829962893,0.05448497985575552
1,Choquistic 1-additive [unweighted],liquidity_stress_20d,0.09823776592698812,0.09823776592698812,0.2,False,0.6666666666666666,False,False,False,1.0,unchanged (below absolute correlation threshold),376,training only (frozen before validation refit),0.18292987920327175,-0.13251835226887757,0.03187640390431826
1,Choquistic 1-additive [unweighted],market_loss_1d,-0.07708520020037246,0.07708520020037246,0.2,False,0.6666666666666666,False,False,False,1.0,unchanged (below absolute correlation threshold),376,training only (frozen before validation refit),-0.1270666580291797,0.04541749602271892,-0.043285321549888754
1,Choquistic 1-additive [unweighted],negative_momentum_21d,0.18260981545202096,0.18260981545202096,0.2,False,0.6666666666666666,False,False,False,1.0,unchanged (below absolute correlation threshold),376,training only (frozen before validation refit),0.2909536911252791,0.10400280795006114,-0.09618109849729947
1,Choquistic 1-additive [unweighted],realized_volatility_20d,0.11044035263631362,0.11044035263631362,0.2,False,0.6666666666666666,False,False,False,1.0,unchanged (below absolute correlation threshold),376,training only (frozen before validation refit),0.1935812762648858,-0.13005061050399847,0.09540985300187874
1,Choquistic 1-additive [unweighted],term_spread_10y_2y_pct,0.019182489704488454,0.019182489704488454,0.2,False,0.3333333333333333,False,False,False,1.0,unchanged (below absolute correlation threshold),376,training only (frozen before validation refit),0.3257984766347589,-0.07035308592314247,-0.1987607863144792
1,Choquistic 1-additive [unweighted],vix,0.09625344514529982,0.09625344514529982,0.2,False,0.3333333333333333,False,False,False,1.0,unchanged (below absolute correlation threshold),376,training only (frozen before validation refit),0.18588728007593225,-0.04948949753632385,-0.17761875117283552
1,Choquistic 2-additive [balanced],average_equity_correlation_60d,0.048000068116000105,0.048000068116000105,0.2,False,1.0,True,False,False,1.0,unchanged (below absolute correlation threshold),376,training only (frozen before validation refit),0.10293732482306009,0.0604170480538619,0.07237556382841649
1,Choquistic 2-additive [balanced],baa_credit_spread_pct,0.08353652758923841,0.08353652758923841,0.2,False,0.6666666666666666,False,False,False,1.0,unchanged (below absolute correlation threshold),376,training only (frozen before validation refit),0.16382021303025796,0.04645025502158394,-0.1448531395422523
1,Choquistic 2-additive [balanced],drawdown_severity,0.14154702764639052,0.14154702764639052,0.2,False,0.6666666666666666,False,False,False,1.0,unchanged (below absolute correlation threshold),376,training only (frozen before validation refit),0.1774507632142528,0.016723019665203898,-0.07408422364929496
1,Choquistic 2-additive [balanced],lagged_portfolio_loss_1d,0.053566791998992024,0.053566791998992024,0.2,False,1.0,True,False,False,1.0,unchanged (below absolute correlation threshold),376,training only (frozen before validation refit),0.04466633275296365,0.07564910829962893,0.05448497985575552
1,Choquistic 2-additive [balanced],liquidity_stress_20d,0.09823776592698812,0.09823776592698812,0.2,False,0.6666666666666666,False,False,False,1.0,unchanged (below absolute correlation threshold),376,training only (frozen before validation refit),0.18292987920327175,-0.13251835226887757,0.03187640390431826
1,Choquistic 2-additive [balanced],market_loss_1d,-0.07708520020037246,0.07708520020037246,0.2,False,0.6666666666666666,False,False,False,1.0,unchanged (below absolute correlation threshold),376,training only (frozen before validation refit),-0.1270666580291797,0.04541749602271892,-0.043285321549888754
1,Choquistic 2-additive [balanced],negative_momentum_21d,0.18260981545202096,0.18260981545202096,0.2,False,0.6666666666666666,False,False,False,1.0,unchanged (below absolute correlation threshold),376,training only (frozen before validation refit),0.2909536911252791,0.10400280795006114,-0.09618109849729947
1,Choquistic 2-additive [balanced],realized_volatility_20d,0.11044035263631362,0.11044035263631362,0.2,False,0.6666666666666666,False,False,False,1.0,unchanged (below absolute correlation threshold),376,training only (frozen before validation refit),0.1935812762648858,-0.13005061050399847,0.09540985300187874
1,Choquistic 2-additive [balanced],term_spread_10y_2y_pct,0.019182489704488454,0.019182489704488454,0.2,False,0.3333333333333333,False,False,False,1.0,unchanged (below absolute correlation threshold),376,training only (frozen before validation refit),0.3257984766347589,-0.07035308592314247,-0.1987607863144792
1,Choquistic 2-additive [balanced],vix,0.09625344514529982,0.09625344514529982,0.2,False,0.3333333333333333,False,False,False,1.0,unchanged (below absolute correlation threshold),376,training only (frozen before validation refit),0.18588728007593225,-0.04948949753632385,-0.17761875117283552
1,Choquistic 2-additive [unweighted],average_equity_correlation_60d,0.048000068116000105,0.048000068116000105,0.2,False,1.0,True,False,False,1.0,unchanged (below absolute correlation threshold),376,training only (frozen before validation refit),0.10293732482306009,0.0604170480538619,0.07237556382841649
1,Choquistic 2-additive [unweighted],baa_credit_spread_pct,0.08353652758923841,0.08353652758923841,0.2,False,0.6666666666666666,False,False,False,1.0,unchanged (below absolute correlation threshold),376,training only (frozen before validation refit),0.16382021303025796,0.04645025502158394,-0.1448531395422523
1,Choquistic 2-additive [unweighted],drawdown_severity,0.14154702764639052,0.14154702764639052,0.2,False,0.6666666666666666,False,False,False,1.0,unchanged (below absolute correlation threshold),376,training only (frozen before validation refit),0.1774507632142528,0.016723019665203898,-0.07408422364929496
1,Choquistic 2-additive [unweighted],lagged_portfolio_loss_1d,0.053566791998992024,0.053566791998992024,0.2,False,1.0,True,False,False,1.0,unchanged (below absolute correlation threshold),376,training only (frozen before validation refit),0.04466633275296365,0.07564910829962893,0.05448497985575552
1,Choquistic 2-additive [unweighted],liquidity_stress_20d,0.09823776592698812,0.09823776592698812,0.2,False,0.6666666666666666,False,False,False,1.0,unchanged (below absolute correlation threshold),376,training only (frozen before validation refit),0.18292987920327175,-0.13251835226887757,0.03187640390431826
1,Choquistic 2-additive [unweighted],market_loss_1d,-0.07708520020037246,0.07708520020037246,0.2,False,0.6666666666666666,False,False,False,1.0,unchanged (below absolute correlation threshold),376,training only (frozen before validation refit),-0.1270666580291797,0.04541749602271892,-0.043285321549888754
1,Choquistic 2-additive [unweighted],negative_momentum_21d,0.18260981545202096,0.18260981545202096,0.2,False,0.6666666666666666,False,False,False,1.0,unchanged (below absolute correlation threshold),376,training only (frozen before validation refit),0.2909536911252791,0.10400280795006114,-0.09618109849729947
1,Choquistic 2-additive [unweighted],realized_volatility_20d,0.11044035263631362,0.11044035263631362,0.2,False,0.6666666666666666,False,False,False,1.0,unchanged (below absolute correlation threshold),376,training only (frozen before validation refit),0.1935812762648858,-0.13005061050399847,0.09540985300187874
1,Choquistic 2-additive [unweighted],term_spread_10y_2y_pct,0.019182489704488454,0.019182489704488454,0.2,False,0.3333333333333333,False,False,False,1.0,unchanged (below absolute correlation threshold),376,training only (frozen before validation refit),0.3257984766347589,-0.07035308592314247,-0.1987607863144792
1,Choquistic 2-additive [unweighted],vix,0.09625344514529982,0.09625344514529982,0.2,False,0.3333333333333333,False,False,False,1.0,unchanged (below absolute correlation threshold),376,training only (frozen before validation refit),0.18588728007593225,-0.04948949753632385,-0.17761875117283552
1,Fuzzy Choquet neural network [balanced],average_equity_correlation_60d,0.048000068116000105,0.048000068116000105,0.2,False,1.0,True,False,False,1.0,unchanged (below absolute correlation threshold),376,training only (frozen before validation refit),0.10293732482306009,0.0604170480538619,0.07237556382841649
1,Fuzzy Choquet neural network [balanced],baa_credit_spread_pct,0.08353652758923841,0.08353652758923841,0.2,False,0.6666666666666666,False,False,False,1.0,unchanged (below absolute correlation threshold),376,training only (frozen before validation refit),0.16382021303025796,0.04645025502158394,-0.1448531395422523
1,Fuzzy Choquet neural network [balanced],drawdown_severity,0.14154702764639052,0.14154702764639052,0.2,False,0.6666666666666666,False,False,False,1.0,unchanged (below absolute correlation threshold),376,training only (frozen before validation refit),0.1774507632142528,0.016723019665203898,-0.07408422364929496
1,Fuzzy Choquet neural network [balanced],lagged_portfolio_loss_1d,0.053566791998992024,0.053566791998992024,0.2,False,1.0,True,False,False,1.0,unchanged (below absolute correlation threshold),376,training only (frozen before validation refit),0.04466633275296365,0.07564910829962893,0.05448497985575552
1,Fuzzy Choquet neural network [balanced],liquidity_stress_20d,0.09823776592698812,0.09823776592698812,0.2,False,0.6666666666666666,False,False,False,1.0,unchanged (below absolute correlation threshold),376,training only (frozen before validation refit),0.18292987920327175,-0.13251835226887757,0.03187640390431826
1,Fuzzy Choquet neural network [balanced],market_loss_1d,-0.07708520020037246,0.07708520020037246,0.2,False,0.6666666666666666,False,False,False,1.0,unchanged (below absolute correlation threshold),376,training only (frozen before validation refit),-0.1270666580291797,0.04541749602271892,-0.043285321549888754
1,Fuzzy Choquet neural network [balanced],negative_momentum_21d,0.18260981545202096,0.18260981545202096,0.2,False,0.6666666666666666,False,False,False,1.0,unchanged (below absolute correlation threshold),376,training only (frozen before validation refit),0.2909536911252791,0.10400280795006114,-0.09618109849729947
1,Fuzzy Choquet neural network [balanced],realized_volatility_20d,0.11044035263631362,0.11044035263631362,0.2,False,0.6666666666666666,False,False,False,1.0,unchanged (below absolute correlation threshold),376,training only (frozen before validation refit),0.1935812762648858,-0.13005061050399847,0.09540985300187874
1,Fuzzy Choquet neural network [balanced],term_spread_10y_2y_pct,0.019182489704488454,0.019182489704488454,0.2,False,0.3333333333333333,False,False,False,1.0,unchanged (below absolute correlation threshold),376,training only (frozen before validation refit),0.3257984766347589,-0.07035308592314247,-0.1987607863144792
1,Fuzzy Choquet neural network [balanced],vix,0.09625344514529982,0.09625344514529982,0.2,False,0.3333333333333333,False,False,False,1.0,unchanged (below absolute correlation threshold),376,training only (frozen before validation refit),0.18588728007593225,-0.04948949753632385,-0.17761875117283552
1,Fuzzy Choquet neural network [unweighted],average_equity_correlation_60d,0.048000068116000105,0.048000068116000105,0.2,False,1.0,True,False,False,1.0,unchanged (below absolute correlation threshold),376,training only (frozen before validation refit),0.10293732482306009,0.0604170480538619,0.07237556382841649
1,Fuzzy Choquet neural network [unweighted],baa_credit_spread_pct,0.08353652758923841,0.08353652758923841,0.2,False,0.6666666666666666,False,False,False,1.0,unchanged (below absolute correlation threshold),376,training only (frozen before validation refit),0.16382021303025796,0.04645025502158394,-0.1448531395422523
1,Fuzzy Choquet neural network [unweighted],drawdown_severity,0.14154702764639052,0.14154702764639052,0.2,False,0.6666666666666666,False,False,False,1.0,unchanged (below absolute correlation threshold),376,training only (frozen before validation refit),0.1774507632142528,0.016723019665203898,-0.07408422364929496
1,Fuzzy Choquet neural network [unweighted],lagged_portfolio_loss_1d,0.053566791998992024,0.053566791998992024,0.2,False,1.0,True,False,False,1.0,unchanged (below absolute correlation threshold),376,training only (frozen before validation refit),0.04466633275296365,0.07564910829962893,0.05448497985575552
1,Fuzzy Choquet neural network [unweighted],liquidity_stress_20d,0.09823776592698812,0.09823776592698812,0.2,False,0.6666666666666666,False,False,False,1.0,unchanged (below absolute correlation threshold),376,training only (frozen before validation refit),0.18292987920327175,-0.13251835226887757,0.03187640390431826
1,Fuzzy Choquet neural network [unweighted],market_loss_1d,-0.07708520020037246,0.07708520020037246,0.2,False,0.6666666666666666,False,False,False,1.0,unchanged (below absolute correlation threshold),376,training only (frozen before validation refit),-0.1270666580291797,0.04541749602271892,-0.043285321549888754
1,Fuzzy Choquet neural network [unweighted],negative_momentum_21d,0.18260981545202096,0.18260981545202096,0.2,False,0.6666666666666666,False,False,False,1.0,unchanged (below absolute correlation threshold),376,training only (frozen before validation refit),0.2909536911252791,0.10400280795006114,-0.09618109849729947
1,Fuzzy Choquet neural network [unweighted],realized_volatility_20d,0.11044035263631362,0.11044035263631362,0.2,False,0.6666666666666666,False,False,False,1.0,unchanged (below absolute correlation threshold),376,training only (frozen before validation refit),0.1935812762648858,-0.13005061050399847,0.09540985300187874
1,Fuzzy Choquet neural network [unweighted],term_spread_10y_2y_pct,0.019182489704488454,0.019182489704488454,0.2,False,0.3333333333333333,False,False,False,1.0,unchanged (below absolute correlation threshold),376,training only (frozen before validation refit),0.3257984766347589,-0.07035308592314247,-0.1987607863144792
1,Fuzzy Choquet neural network [unweighted],vix,0.09625344514529982,0.09625344514529982,0.2,False,0.3333333333333333,False,False,False,1.0,unchanged (below absolute correlation threshold),376,training only (frozen before validation refit),0.18588728007593225,-0.04948949753632385,-0.17761875117283552
1,Logistic oriented [balanced],average_equity_correlation_60d,0.048000068116000105,0.048000068116000105,0.2,False,1.0,True,False,False,1.0,unchanged (below absolute correlation threshold),376,training only (frozen before validation refit),0.10293732482306009,0.0604170480538619,0.07237556382841649
1,Logistic oriented [balanced],baa_credit_spread_pct,0.08353652758923841,0.08353652758923841,0.2,False,0.6666666666666666,False,False,False,1.0,unchanged (below absolute correlation threshold),376,training only (frozen before validation refit),0.16382021303025796,0.04645025502158394,-0.1448531395422523
1,Logistic oriented [balanced],drawdown_severity,0.14154702764639052,0.14154702764639052,0.2,False,0.6666666666666666,False,False,False,1.0,unchanged (below absolute correlation threshold),376,training only (frozen before validation refit),0.1774507632142528,0.016723019665203898,-0.07408422364929496
1,Logistic oriented [balanced],lagged_portfolio_loss_1d,0.053566791998992024,0.053566791998992024,0.2,False,1.0,True,False,False,1.0,unchanged (below absolute correlation threshold),376,training only (frozen before validation refit),0.04466633275296365,0.07564910829962893,0.05448497985575552
1,Logistic oriented [balanced],liquidity_stress_20d,0.09823776592698812,0.09823776592698812,0.2,False,0.6666666666666666,False,False,False,1.0,unchanged (below absolute correlation threshold),376,training only (frozen before validation refit),0.18292987920327175,-0.13251835226887757,0.03187640390431826
1,Logistic oriented [balanced],market_loss_1d,-0.07708520020037246,0.07708520020037246,0.2,False,0.6666666666666666,False,False,False,1.0,unchanged (below absolute correlation threshold),376,training only (frozen before validation refit),-0.1270666580291797,0.04541749602271892,-0.043285321549888754
1,Logistic oriented [balanced],negative_momentum_21d,0.18260981545202096,0.18260981545202096,0.2,False,0.6666666666666666,False,False,False,1.0,unchanged (below absolute correlation threshold),376,training only (frozen before validation refit),0.2909536911252791,0.10400280795006114,-0.09618109849729947
1,Logistic oriented [balanced],realized_volatility_20d,0.11044035263631362,0.11044035263631362,0.2,False,0.6666666666666666,False,False,False,1.0,unchanged (below absolute correlation threshold),376,training only (frozen before validation refit),0.1935812762648858,-0.13005061050399847,0.09540985300187874
1,Logistic oriented [balanced],term_spread_10y_2y_pct,0.019182489704488454,0.019182489704488454,0.2,False,0.3333333333333333,False,False,False,1.0,unchanged (below absolute correlation threshold),376,training only (frozen before validation refit),0.3257984766347589,-0.07035308592314247,-0.1987607863144792
1,Logistic oriented [balanced],vix,0.09625344514529982,0.09625344514529982,0.2,False,0.3333333333333333,False,False,False,1.0,unchanged (below absolute correlation threshold),376,training only (frozen before validation refit),0.18588728007593225,-0.04948949753632385,-0.17761875117283552
1,Logistic oriented [unweighted],average_equity_correlation_60d,0.048000068116000105,0.048000068116000105,0.2,False,1.0,True,False,False,1.0,unchanged (below absolute correlation threshold),376,training only (frozen before validation refit),0.10293732482306009,0.0604170480538619,0.07237556382841649
1,Logistic oriented [unweighted],baa_credit_spread_pct,0.08353652758923841,0.08353652758923841,0.2,False,0.6666666666666666,False,False,False,1.0,unchanged (below absolute correlation threshold),376,training only (frozen before validation refit),0.16382021303025796,0.04645025502158394,-0.1448531395422523
1,Logistic oriented [unweighted],drawdown_severity,0.14154702764639052,0.14154702764639052,0.2,False,0.6666666666666666,False,False,False,1.0,unchanged (below absolute correlation threshold),376,training only (frozen before validation refit),0.1774507632142528,0.016723019665203898,-0.07408422364929496
1,Logistic oriented [unweighted],lagged_portfolio_loss_1d,0.053566791998992024,0.053566791998992024,0.2,False,1.0,True,False,False,1.0,unchanged (below absolute correlation threshold),376,training only (frozen before validation refit),0.04466633275296365,0.07564910829962893,0.05448497985575552
1,Logistic oriented [unweighted],liquidity_stress_20d,0.09823776592698812,0.09823776592698812,0.2,False,0.6666666666666666,False,False,False,1.0,unchanged (below absolute correlation threshold),376,training only (frozen before validation refit),0.18292987920327175,-0.13251835226887757,0.03187640390431826
1,Logistic oriented [unweighted],market_loss_1d,-0.07708520020037246,0.07708520020037246,0.2,False,0.6666666666666666,False,False,False,1.0,unchanged (below absolute correlation threshold),376,training only (frozen before validation refit),-0.1270666580291797,0.04541749602271892,-0.043285321549888754
1,Logistic oriented [unweighted],negative_momentum_21d,0.18260981545202096,0.18260981545202096,0.2,False,0.6666666666666666,False,False,False,1.0,unchanged (below absolute correlation threshold),376,training only (frozen before validation refit),0.2909536911252791,0.10400280795006114,-0.09618109849729947
1,Logistic oriented [unweighted],realized_volatility_20d,0.11044035263631362,0.11044035263631362,0.2,False,0.6666666666666666,False,False,False,1.0,unchanged (below absolute correlation threshold),376,training only (frozen before validation refit),0.1935812762648858,-0.13005061050399847,0.09540985300187874
1,Logistic oriented [unweighted],term_spread_10y_2y_pct,0.019182489704488454,0.019182489704488454,0.2,False,0.3333333333333333,False,False,False,1.0,unchanged (below absolute correlation threshold),376,training only (frozen before validation refit),0.3257984766347589,-0.07035308592314247,-0.1987607863144792
1,Logistic oriented [unweighted],vix,0.09625344514529982,0.09625344514529982,0.2,False,0.3333333333333333,False,False,False,1.0,unchanged (below absolute correlation threshold),376,training only (frozen before validation refit),0.18588728007593225,-0.04948949753632385,-0.17761875117283552
2,Choquistic 1-additive [balanced],average_equity_correlation_60d,0.14655034739306583,0.14655034739306583,0.2,False,0.6666666666666666,False,False,False,1.0,unchanged (below absolute correlation threshold),375,training only (frozen before validation refit),0.0723717751502583,-0.004435016519560856,0.041530604306005726
2,Choquistic 1-additive [balanced],baa_credit_spread_pct,-0.16421747769315082,0.16421747769315082,0.2,False,0.6666666666666666,False,False,False,1.0,unchanged (below absolute correlation threshold),375,training only (frozen before validation refit),-0.13162277991261506,0.03594301339959469,-0.17813239633854452
2,Choquistic 1-additive [balanced],drawdown_severity,0.1584267552798891,0.1584267552798891,0.2,False,0.3333333333333333,False,False,False,1.0,unchanged (below absolute correlation threshold),375,training only (frozen before validation refit),-0.07411579310241131,-0.04294294658496126,0.13606119396515573
2,Choquistic 1-additive [balanced],lagged_portfolio_loss_1d,0.004446916246275081,0.004446916246275081,0.2,False,0.6666666666666666,False,False,False,1.0,unchanged (below absolute correlation threshold),375,training only (frozen before validation refit),0.050349935673501836,0.031113083440366177,-0.026694724936441233
2,Choquistic 1-additive [balanced],liquidity_stress_20d,0.06613228758720319,0.06613228758720319,0.2,False,0.3333333333333333,False,False,False,1.0,unchanged (below absolute correlation threshold),375,training only (frozen before validation refit),0.03428311233176967,-0.16549745459933718,-0.10287584753056328
2,Choquistic 1-additive [balanced],market_loss_1d,0.07559717551829127,0.07559717551829127,0.2,False,0.6666666666666666,False,False,False,1.0,unchanged (below absolute correlation threshold),375,training only (frozen before validation refit),-0.04141853265379819,0.07067454166668997,0.09999907337091075
2,Choquistic 1-additive [balanced],negative_momentum_21d,0.06985939780045711,0.06985939780045711,0.2,False,0.3333333333333333,False,False,False,1.0,unchanged (below absolute correlation threshold),375,training only (frozen before validation refit),-0.09892854612030433,-0.055985768825057444,0.1392131038634614
2,Choquistic 1-additive [balanced],realized_volatility_20d,0.18299665779785804,0.18299665779785804,0.2,False,0.6666666666666666,False,False,False,1.0,unchanged (below absolute correlation threshold),375,training only (frozen before validation refit),0.09479091911175631,-0.11408465396610536,0.16033021901912536
2,Choquistic 1-additive [balanced],term_spread_10y_2y_pct,-0.1123517032902064,0.1123517032902064,0.2,False,0.3333333333333333,False,False,False,1.0,unchanged (below absolute correlation threshold),375,training only (frozen before validation refit),-0.1952545881482783,0.011889709910387812,0.1956784648633146
2,Choquistic 1-additive [balanced],vix,0.1825638428612152,0.1825638428612152,0.2,False,0.6666666666666666,False,False,False,1.0,unchanged (below absolute correlation threshold),375,training only (frozen before validation refit),-0.17649017315643767,0.045993664108315895,0.18262309584731903
2,Choquistic 1-additive [unweighted],average_equity_correlation_60d,0.14655034739306583,0.14655034739306583,0.2,False,0.6666666666666666,False,False,False,1.0,unchanged (below absolute correlation threshold),375,training only (frozen before validation refit),0.0723717751502583,-0.004435016519560856,0.041530604306005726
2,Choquistic 1-additive [unweighted],baa_credit_spread_pct,-0.16421747769315082,0.16421747769315082,0.2,False,0.6666666666666666,False,False,False,1.0,unchanged (below absolute correlation threshold),375,training only (frozen before validation refit),-0.13162277991261506,0.03594301339959469,-0.17813239633854452
2,Choquistic 1-additive [unweighted],drawdown_severity,0.1584267552798891,0.1584267552798891,0.2,False,0.3333333333333333,False,False,False,1.0,unchanged (below absolute correlation threshold),375,training only (frozen before validation refit),-0.07411579310241131,-0.04294294658496126,0.13606119396515573
2,Choquistic 1-additive [unweighted],lagged_portfolio_loss_1d,0.004446916246275081,0.004446916246275081,0.2,False,0.6666666666666666,False,False,False,1.0,unchanged (below absolute correlation threshold),375,training only (frozen before validation refit),0.050349935673501836,0.031113083440366177,-0.026694724936441233
2,Choquistic 1-additive [unweighted],liquidity_stress_20d,0.06613228758720319,0.06613228758720319,0.2,False,0.3333333333333333,False,False,False,1.0,unchanged (below absolute correlation threshold),375,training only (frozen before validation refit),0.03428311233176967,-0.16549745459933718,-0.10287584753056328
2,Choquistic 1-additive [unweighted],market_loss_1d,0.07559717551829127,0.07559717551829127,0.2,False,0.6666666666666666,False,False,False,1.0,unchanged (below absolute correlation threshold),375,training only (frozen before validation refit),-0.04141853265379819,0.07067454166668997,0.09999907337091075
2,Choquistic 1-additive [unweighted],negative_momentum_21d,0.06985939780045711,0.06985939780045711,0.2,False,0.3333333333333333,False,False,False,1.0,unchanged (below absolute correlation threshold),375,training only (frozen before validation refit),-0.09892854612030433,-0.055985768825057444,0.1392131038634614
2,Choquistic 1-additive [unweighted],realized_volatility_20d,0.18299665779785804,0.18299665779785804,0.2,False,0.6666666666666666,False,False,False,1.0,unchanged (below absolute correlation threshold),375,training only (frozen before validation refit),0.09479091911175631,-0.11408465396610536,0.16033021901912536
2,Choquistic 1-additive [unweighted],term_spread_10y_2y_pct,-0.1123517032902064,0.1123517032902064,0.2,False,0.3333333333333333,False,False,False,1.0,unchanged (below absolute correlation threshold),375,training only (frozen before validation refit),-0.1952545881482783,0.011889709910387812,0.1956784648633146
2,Choquistic 1-additive [unweighted],vix,0.1825638428612152,0.1825638428612152,0.2,False,0.6666666666666666,False,False,False,1.0,unchanged (below absolute correlation threshold),375,training only (frozen before validation refit),-0.17649017315643767,0.045993664108315895,0.18262309584731903
2,Choquistic 2-additive [balanced],average_equity_correlation_60d,0.14655034739306583,0.14655034739306583,0.2,False,0.6666666666666666,False,False,False,1.0,unchanged (below absolute correlation threshold),375,training only (frozen before validation refit),0.0723717751502583,-0.004435016519560856,0.041530604306005726
2,Choquistic 2-additive [balanced],baa_credit_spread_pct,-0.16421747769315082,0.16421747769315082,0.2,False,0.6666666666666666,False,False,False,1.0,unchanged (below absolute correlation threshold),375,training only (frozen before validation refit),-0.13162277991261506,0.03594301339959469,-0.17813239633854452
2,Choquistic 2-additive [balanced],drawdown_severity,0.1584267552798891,0.1584267552798891,0.2,False,0.3333333333333333,False,False,False,1.0,unchanged (below absolute correlation threshold),375,training only (frozen before validation refit),-0.07411579310241131,-0.04294294658496126,0.13606119396515573
2,Choquistic 2-additive [balanced],lagged_portfolio_loss_1d,0.004446916246275081,0.004446916246275081,0.2,False,0.6666666666666666,False,False,False,1.0,unchanged (below absolute correlation threshold),375,training only (frozen before validation refit),0.050349935673501836,0.031113083440366177,-0.026694724936441233
2,Choquistic 2-additive [balanced],liquidity_stress_20d,0.06613228758720319,0.06613228758720319,0.2,False,0.3333333333333333,False,False,False,1.0,unchanged (below absolute correlation threshold),375,training only (frozen before validation refit),0.03428311233176967,-0.16549745459933718,-0.10287584753056328
2,Choquistic 2-additive [balanced],market_loss_1d,0.07559717551829127,0.07559717551829127,0.2,False,0.6666666666666666,False,False,False,1.0,unchanged (below absolute correlation threshold),375,training only (frozen before validation refit),-0.04141853265379819,0.07067454166668997,0.09999907337091075
2,Choquistic 2-additive [balanced],negative_momentum_21d,0.06985939780045711,0.06985939780045711,0.2,False,0.3333333333333333,False,False,False,1.0,unchanged (below absolute correlation threshold),375,training only (frozen before validation refit),-0.09892854612030433,-0.055985768825057444,0.1392131038634614
2,Choquistic 2-additive [balanced],realized_volatility_20d,0.18299665779785804,0.18299665779785804,0.2,False,0.6666666666666666,False,False,False,1.0,unchanged (below absolute correlation threshold),375,training only (frozen before validation refit),0.09479091911175631,-0.11408465396610536,0.16033021901912536
2,Choquistic 2-additive [balanced],term_spread_10y_2y_pct,-0.1123517032902064,0.1123517032902064,0.2,False,0.3333333333333333,False,False,False,1.0,unchanged (below absolute correlation threshold),375,training only (frozen before validation refit),-0.1952545881482783,0.011889709910387812,0.1956784648633146
2,Choquistic 2-additive [balanced],vix,0.1825638428612152,0.1825638428612152,0.2,False,0.6666666666666666,False,False,False,1.0,unchanged (below absolute correlation threshold),375,training only (frozen before validation refit),-0.17649017315643767,0.045993664108315895,0.18262309584731903
2,Choquistic 2-additive [unweighted],average_equity_correlation_60d,0.14655034739306583,0.14655034739306583,0.2,False,0.6666666666666666,False,False,False,1.0,unchanged (below absolute correlation threshold),375,training only (frozen before validation refit),0.0723717751502583,-0.004435016519560856,0.041530604306005726
2,Choquistic 2-additive [unweighted],baa_credit_spread_pct,-0.16421747769315082,0.16421747769315082,0.2,False,0.6666666666666666,False,False,False,1.0,unchanged (below absolute correlation threshold),375,training only (frozen before validation refit),-0.13162277991261506,0.03594301339959469,-0.17813239633854452
2,Choquistic 2-additive [unweighted],drawdown_severity,0.1584267552798891,0.1584267552798891,0.2,False,0.3333333333333333,False,False,False,1.0,unchanged (below absolute correlation threshold),375,training only (frozen before validation refit),-0.07411579310241131,-0.04294294658496126,0.13606119396515573
2,Choquistic 2-additive [unweighted],lagged_portfolio_loss_1d,0.004446916246275081,0.004446916246275081,0.2,False,0.6666666666666666,False,False,False,1.0,unchanged (below absolute correlation threshold),375,training only (frozen before validation refit),0.050349935673501836,0.031113083440366177,-0.026694724936441233
2,Choquistic 2-additive [unweighted],liquidity_stress_20d,0.06613228758720319,0.06613228758720319,0.2,False,0.3333333333333333,False,False,False,1.0,unchanged (below absolute correlation threshold),375,training only (frozen before validation refit),0.03428311233176967,-0.16549745459933718,-0.10287584753056328
2,Choquistic 2-additive [unweighted],market_loss_1d,0.07559717551829127,0.07559717551829127,0.2,False,0.6666666666666666,False,False,False,1.0,unchanged (below absolute correlation threshold),375,training only (frozen before validation refit),-0.04141853265379819,0.07067454166668997,0.09999907337091075
2,Choquistic 2-additive [unweighted],negative_momentum_21d,0.06985939780045711,0.06985939780045711,0.2,False,0.3333333333333333,False,False,False,1.0,unchanged (below absolute correlation threshold),375,training only (frozen before validation refit),-0.09892854612030433,-0.055985768825057444,0.1392131038634614
2,Choquistic 2-additive [unweighted],realized_volatility_20d,0.18299665779785804,0.18299665779785804,0.2,False,0.6666666666666666,False,False,False,1.0,unchanged (below absolute correlation threshold),375,training only (frozen before validation refit),0.09479091911175631,-0.11408465396610536,0.16033021901912536
2,Choquistic 2-additive [unweighted],term_spread_10y_2y_pct,-0.1123517032902064,0.1123517032902064,0.2,False,0.3333333333333333,False,False,False,1.0,unchanged (below absolute correlation threshold),375,training only (frozen before validation refit),-0.1952545881482783,0.011889709910387812,0.1956784648633146
2,Choquistic 2-additive [unweighted],vix,0.1825638428612152,0.1825638428612152,0.2,False,0.6666666666666666,False,False,False,1.0,unchanged (below absolute correlation threshold),375,training only (frozen before validation refit),-0.17649017315643767,0.045993664108315895,0.18262309584731903
2,Fuzzy Choquet neural network [balanced],average_equity_correlation_60d,0.14655034739306583,0.14655034739306583,0.2,False,0.6666666666666666,False,False,False,1.0,unchanged (below absolute correlation threshold),375,training only (frozen before validation refit),0.0723717751502583,-0.004435016519560856,0.041530604306005726
2,Fuzzy Choquet neural network [balanced],baa_credit_spread_pct,-0.16421747769315082,0.16421747769315082,0.2,False,0.6666666666666666,False,False,False,1.0,unchanged (below absolute correlation threshold),375,training only (frozen before validation refit),-0.13162277991261506,0.03594301339959469,-0.17813239633854452
2,Fuzzy Choquet neural network [balanced],drawdown_severity,0.1584267552798891,0.1584267552798891,0.2,False,0.3333333333333333,False,False,False,1.0,unchanged (below absolute correlation threshold),375,training only (frozen before validation refit),-0.07411579310241131,-0.04294294658496126,0.13606119396515573
2,Fuzzy Choquet neural network [balanced],lagged_portfolio_loss_1d,0.004446916246275081,0.004446916246275081,0.2,False,0.6666666666666666,False,False,False,1.0,unchanged (below absolute correlation threshold),375,training only (frozen before validation refit),0.050349935673501836,0.031113083440366177,-0.026694724936441233
2,Fuzzy Choquet neural network [balanced],liquidity_stress_20d,0.06613228758720319,0.06613228758720319,0.2,False,0.3333333333333333,False,False,False,1.0,unchanged (below absolute correlation threshold),375,training only (frozen before validation refit),0.03428311233176967,-0.16549745459933718,-0.10287584753056328
2,Fuzzy Choquet neural network [balanced],market_loss_1d,0.07559717551829127,0.07559717551829127,0.2,False,0.6666666666666666,False,False,False,1.0,unchanged (below absolute correlation threshold),375,training only (frozen before validation refit),-0.04141853265379819,0.07067454166668997,0.09999907337091075
2,Fuzzy Choquet neural network [balanced],negative_momentum_21d,0.06985939780045711,0.06985939780045711,0.2,False,0.3333333333333333,False,False,False,1.0,unchanged (below absolute correlation threshold),375,training only (frozen before validation refit),-0.09892854612030433,-0.055985768825057444,0.1392131038634614
2,Fuzzy Choquet neural network [balanced],realized_volatility_20d,0.18299665779785804,0.18299665779785804,0.2,False,0.6666666666666666,False,False,False,1.0,unchanged (below absolute correlation threshold),375,training only (frozen before validation refit),0.09479091911175631,-0.11408465396610536,0.16033021901912536
2,Fuzzy Choquet neural network [balanced],term_spread_10y_2y_pct,-0.1123517032902064,0.1123517032902064,0.2,False,0.3333333333333333,False,False,False,1.0,unchanged (below absolute correlation threshold),375,training only (frozen before validation refit),-0.1952545881482783,0.011889709910387812,0.1956784648633146
2,Fuzzy Choquet neural network [balanced],vix,0.1825638428612152,0.1825638428612152,0.2,False,0.6666666666666666,False,False,False,1.0,unchanged (below absolute correlation threshold),375,training only (frozen before validation refit),-0.17649017315643767,0.045993664108315895,0.18262309584731903
2,Fuzzy Choquet neural network [unweighted],average_equity_correlation_60d,0.14655034739306583,0.14655034739306583,0.2,False,0.6666666666666666,False,False,False,1.0,unchanged (below absolute correlation threshold),375,training only (frozen before validation refit),0.0723717751502583,-0.004435016519560856,0.041530604306005726
2,Fuzzy Choquet neural network [unweighted],baa_credit_spread_pct,-0.16421747769315082,0.16421747769315082,0.2,False,0.6666666666666666,False,False,False,1.0,unchanged (below absolute correlation threshold),375,training only (frozen before validation refit),-0.13162277991261506,0.03594301339959469,-0.17813239633854452
2,Fuzzy Choquet neural network [unweighted],drawdown_severity,0.1584267552798891,0.1584267552798891,0.2,False,0.3333333333333333,False,False,False,1.0,unchanged (below absolute correlation threshold),375,training only (frozen before validation refit),-0.07411579310241131,-0.04294294658496126,0.13606119396515573
2,Fuzzy Choquet neural network [unweighted],lagged_portfolio_loss_1d,0.004446916246275081,0.004446916246275081,0.2,False,0.6666666666666666,False,False,False,1.0,unchanged (below absolute correlation threshold),375,training only (frozen before validation refit),0.050349935673501836,0.031113083440366177,-0.026694724936441233
2,Fuzzy Choquet neural network [unweighted],liquidity_stress_20d,0.06613228758720319,0.06613228758720319,0.2,False,0.3333333333333333,False,False,False,1.0,unchanged (below absolute correlation threshold),375,training only (frozen before validation refit),0.03428311233176967,-0.16549745459933718,-0.10287584753056328
2,Fuzzy Choquet neural network [unweighted],market_loss_1d,0.07559717551829127,0.07559717551829127,0.2,False,0.6666666666666666,False,False,False,1.0,unchanged (below absolute correlation threshold),375,training only (frozen before validation refit),-0.04141853265379819,0.07067454166668997,0.09999907337091075
2,Fuzzy Choquet neural network [unweighted],negative_momentum_21d,0.06985939780045711,0.06985939780045711,0.2,False,0.3333333333333333,False,False,False,1.0,unchanged (below absolute correlation threshold),375,training only (frozen before validation refit),-0.09892854612030433,-0.055985768825057444,0.1392131038634614
2,Fuzzy Choquet neural network [unweighted],realized_volatility_20d,0.18299665779785804,0.18299665779785804,0.2,False,0.6666666666666666,False,False,False,1.0,unchanged (below absolute correlation threshold),375,training only (frozen before validation refit),0.09479091911175631,-0.11408465396610536,0.16033021901912536
2,Fuzzy Choquet neural network [unweighted],term_spread_10y_2y_pct,-0.1123517032902064,0.1123517032902064,0.2,False,0.3333333333333333,False,False,False,1.0,unchanged (below absolute correlation threshold),375,training only (frozen before validation refit),-0.1952545881482783,0.011889709910387812,0.1956784648633146
2,Fuzzy Choquet neural network [unweighted],vix,0.1825638428612152,0.1825638428612152,0.2,False,0.6666666666666666,False,False,False,1.0,unchanged (below absolute correlation threshold),375,training only (frozen before validation refit),-0.17649017315643767,0.045993664108315895,0.18262309584731903
2,Logistic oriented [balanced],average_equity_correlation_60d,0.14655034739306583,0.14655034739306583,0.2,False,0.6666666666666666,False,False,False,1.0,unchanged (below absolute correlation threshold),375,training only (frozen before validation refit),0.0723717751502583,-0.004435016519560856,0.041530604306005726
2,Logistic oriented [balanced],baa_credit_spread_pct,-0.16421747769315082,0.16421747769315082,0.2,False,0.6666666666666666,False,False,False,1.0,unchanged (below absolute correlation threshold),375,training only (frozen before validation refit),-0.13162277991261506,0.03594301339959469,-0.17813239633854452
2,Logistic oriented [balanced],drawdown_severity,0.1584267552798891,0.1584267552798891,0.2,False,0.3333333333333333,False,False,False,1.0,unchanged (below absolute correlation threshold),375,training only (frozen before validation refit),-0.07411579310241131,-0.04294294658496126,0.13606119396515573
2,Logistic oriented [balanced],lagged_portfolio_loss_1d,0.004446916246275081,0.004446916246275081,0.2,False,0.6666666666666666,False,False,False,1.0,unchanged (below absolute correlation threshold),375,training only (frozen before validation refit),0.050349935673501836,0.031113083440366177,-0.026694724936441233
2,Logistic oriented [balanced],liquidity_stress_20d,0.06613228758720319,0.06613228758720319,0.2,False,0.3333333333333333,False,False,False,1.0,unchanged (below absolute correlation threshold),375,training only (frozen before validation refit),0.03428311233176967,-0.16549745459933718,-0.10287584753056328
2,Logistic oriented [balanced],market_loss_1d,0.07559717551829127,0.07559717551829127,0.2,False,0.6666666666666666,False,False,False,1.0,unchanged (below absolute correlation threshold),375,training only (frozen before validation refit),-0.04141853265379819,0.07067454166668997,0.09999907337091075
2,Logistic oriented [balanced],negative_momentum_21d,0.06985939780045711,0.06985939780045711,0.2,False,0.3333333333333333,False,False,False,1.0,unchanged (below absolute correlation threshold),375,training only (frozen before validation refit),-0.09892854612030433,-0.055985768825057444,0.1392131038634614
2,Logistic oriented [balanced],realized_volatility_20d,0.18299665779785804,0.18299665779785804,0.2,False,0.6666666666666666,False,False,False,1.0,unchanged (below absolute correlation threshold),375,training only (frozen before validation refit),0.09479091911175631,-0.11408465396610536,0.16033021901912536
2,Logistic oriented [balanced],term_spread_10y_2y_pct,-0.1123517032902064,0.1123517032902064,0.2,False,0.3333333333333333,False,False,False,1.0,unchanged (below absolute correlation threshold),375,training only (frozen before validation refit),-0.1952545881482783,0.011889709910387812,0.1956784648633146
2,Logistic oriented [balanced],vix,0.1825638428612152,0.1825638428612152,0.2,False,0.6666666666666666,False,False,False,1.0,unchanged (below absolute correlation threshold),375,training only (frozen before validation refit),-0.17649017315643767,0.045993664108315895,0.18262309584731903
2,Logistic oriented [unweighted],average_equity_correlation_60d,0.14655034739306583,0.14655034739306583,0.2,False,0.6666666666666666,False,False,False,1.0,unchanged (below absolute correlation threshold),375,training only (frozen before validation refit),0.0723717751502583,-0.004435016519560856,0.041530604306005726
2,Logistic oriented [unweighted],baa_credit_spread_pct,-0.16421747769315082,0.16421747769315082,0.2,False,0.6666666666666666,False,False,False,1.0,unchanged (below absolute correlation threshold),375,training only (frozen before validation refit),-0.13162277991261506,0.03594301339959469,-0.17813239633854452
2,Logistic oriented [unweighted],drawdown_severity,0.1584267552798891,0.1584267552798891,0.2,False,0.3333333333333333,False,False,False,1.0,unchanged (below absolute correlation threshold),375,training only (frozen before validation refit),-0.07411579310241131,-0.04294294658496126,0.13606119396515573
2,Logistic oriented [unweighted],lagged_portfolio_loss_1d,0.004446916246275081,0.004446916246275081,0.2,False,0.6666666666666666,False,False,False,1.0,unchanged (below absolute correlation threshold),375,training only (frozen before validation refit),0.050349935673501836,0.031113083440366177,-0.026694724936441233
2,Logistic oriented [unweighted],liquidity_stress_20d,0.06613228758720319,0.06613228758720319,0.2,False,0.3333333333333333,False,False,False,1.0,unchanged (below absolute correlation threshold),375,training only (frozen before validation refit),0.03428311233176967,-0.16549745459933718,-0.10287584753056328
2,Logistic oriented [unweighted],market_loss_1d,0.07559717551829127,0.07559717551829127,0.2,False,0.6666666666666666,False,False,False,1.0,unchanged (below absolute correlation threshold),375,training only (frozen before validation refit),-0.04141853265379819,0.07067454166668997,0.09999907337091075
2,Logistic oriented [unweighted],negative_momentum_21d,0.06985939780045711,0.06985939780045711,0.2,False,0.3333333333333333,False,False,False,1.0,unchanged (below absolute correlation threshold),375,training only (frozen before validation refit),-0.09892854612030433,-0.055985768825057444,0.1392131038634614
2,Logistic oriented [unweighted],realized_volatility_20d,0.18299665779785804,0.18299665779785804,0.2,False,0.6666666666666666,False,False,False,1.0,unchanged (below absolute correlation threshold),375,training only (frozen before validation refit),0.09479091911175631,-0.11408465396610536,0.16033021901912536
2,Logistic oriented [unweighted],term_spread_10y_2y_pct,-0.1123517032902064,0.1123517032902064,0.2,False,0.3333333333333333,False,False,False,1.0,unchanged (below absolute correlation threshold),375,training only (frozen before validation refit),-0.1952545881482783,0.011889709910387812,0.1956784648633146
2,Logistic oriented [unweighted],vix,0.1825638428612152,0.1825638428612152,0.2,False,0.6666666666666666,False,False,False,1.0,unchanged (below absolute correlation threshold),375,training only (frozen before validation refit),-0.17649017315643767,0.045993664108315895,0.18262309584731903
3,Choquistic 1-additive [balanced],average_equity_correlation_60d,0.10208678105770974,0.10208678105770974,0.2,False,1.0,True,False,False,1.0,unchanged (below absolute correlation threshold),374,training only (frozen before validation refit),0.038494546862389005,0.2824965182633722,0.004245585094077929
3,Choquistic 1-additive [balanced],baa_credit_spread_pct,-0.11515807979697662,0.11515807979697662,0.2,False,0.3333333333333333,False,False,False,1.0,unchanged (below absolute correlation threshold),374,training only (frozen before validation refit),-0.18179536086532747,0.2464497731653895,0.0482097490211615
3,Choquistic 1-additive [balanced],drawdown_severity,0.06022029197276527,0.06022029197276527,0.2,False,1.0,True,False,False,1.0,unchanged (below absolute correlation threshold),374,training only (frozen before validation refit),0.13465595096866373,0.2850100513127442,0.07688851593669635
3,Choquistic 1-additive [balanced],lagged_portfolio_loss_1d,0.05677608624646393,0.05677608624646393,0.2,False,0.6666666666666666,False,False,False,1.0,unchanged (below absolute correlation threshold),374,training only (frozen before validation refit),-0.02530991880277762,0.13356136345581351,0.010726611073929377
3,Choquistic 1-additive [balanced],liquidity_stress_20d,-0.04424113564618782,0.04424113564618782,0.2,False,0.3333333333333333,False,False,False,1.0,unchanged (below absolute correlation threshold),374,training only (frozen before validation refit),-0.10926418795973787,0.24610142470846644,0.08229829814599512
3,Choquistic 1-additive [balanced],market_loss_1d,0.11768797641279864,0.11768797641279864,0.2,False,0.6666666666666666,False,False,False,1.0,unchanged (below absolute correlation threshold),374,training only (frozen before validation refit),0.10158925013047042,0.16016085471939298,-0.026464561819248136
3,Choquistic 1-additive [balanced],negative_momentum_21d,0.1883864075952917,0.1883864075952917,0.2,False,1.0,True,False,False,1.0,unchanged (below absolute correlation threshold),374,training only (frozen before validation refit),0.13876021382778136,0.2620966102508991,0.1786635474858145
3,Choquistic 1-additive [balanced],realized_volatility_20d,0.196929372123175,0.196929372123175,0.2,False,1.0,True,False,False,1.0,unchanged (below absolute correlation threshold),374,training only (frozen before validation refit),0.16017177493559476,0.2856999599234349,0.08598960798547735
3,Choquistic 1-additive [balanced],term_spread_10y_2y_pct,0.15595423758710678,0.15595423758710678,0.2,False,0.3333333333333333,False,False,False,1.0,unchanged (below absolute correlation threshold),374,training only (frozen before validation refit),0.19836785323628464,-0.14057334218429512,-0.014780517038764776
3,Choquistic 1-additive [balanced],vix,0.25233313758515685,0.25233313758515685,0.2,True,1.0,True,False,True,1.0,unchanged (positive training correlation),374,training only (frozen before validation refit),0.18029741211340225,0.3297972322634863,0.18290690516895577
3,Choquistic 1-additive [unweighted],average_equity_correlation_60d,0.10208678105770974,0.10208678105770974,0.2,False,1.0,True,False,False,1.0,unchanged (below absolute correlation threshold),374,training only (frozen before validation refit),0.038494546862389005,0.2824965182633722,0.004245585094077929
3,Choquistic 1-additive [unweighted],baa_credit_spread_pct,-0.11515807979697662,0.11515807979697662,0.2,False,0.3333333333333333,False,False,False,1.0,unchanged (below absolute correlation threshold),374,training only (frozen before validation refit),-0.18179536086532747,0.2464497731653895,0.0482097490211615
3,Choquistic 1-additive [unweighted],drawdown_severity,0.06022029197276527,0.06022029197276527,0.2,False,1.0,True,False,False,1.0,unchanged (below absolute correlation threshold),374,training only (frozen before validation refit),0.13465595096866373,0.2850100513127442,0.07688851593669635
3,Choquistic 1-additive [unweighted],lagged_portfolio_loss_1d,0.05677608624646393,0.05677608624646393,0.2,False,0.6666666666666666,False,False,False,1.0,unchanged (below absolute correlation threshold),374,training only (frozen before validation refit),-0.02530991880277762,0.13356136345581351,0.010726611073929377
3,Choquistic 1-additive [unweighted],liquidity_stress_20d,-0.04424113564618782,0.04424113564618782,0.2,False,0.3333333333333333,False,False,False,1.0,unchanged (below absolute correlation threshold),374,training only (frozen before validation refit),-0.10926418795973787,0.24610142470846644,0.08229829814599512
3,Choquistic 1-additive [unweighted],market_loss_1d,0.11768797641279864,0.11768797641279864,0.2,False,0.6666666666666666,False,False,False,1.0,unchanged (below absolute correlation threshold),374,training only (frozen before validation refit),0.10158925013047042,0.16016085471939298,-0.026464561819248136
3,Choquistic 1-additive [unweighted],negative_momentum_21d,0.1883864075952917,0.1883864075952917,0.2,False,1.0,True,False,False,1.0,unchanged (below absolute correlation threshold),374,training only (frozen before validation refit),0.13876021382778136,0.2620966102508991,0.1786635474858145
3,Choquistic 1-additive [unweighted],realized_volatility_20d,0.196929372123175,0.196929372123175,0.2,False,1.0,True,False,False,1.0,unchanged (below absolute correlation threshold),374,training only (frozen before validation refit),0.16017177493559476,0.2856999599234349,0.08598960798547735
3,Choquistic 1-additive [unweighted],term_spread_10y_2y_pct,0.15595423758710678,0.15595423758710678,0.2,False,0.3333333333333333,False,False,False,1.0,unchanged (below absolute correlation threshold),374,training only (frozen before validation refit),0.19836785323628464,-0.14057334218429512,-0.014780517038764776
3,Choquistic 1-additive [unweighted],vix,0.25233313758515685,0.25233313758515685,0.2,True,1.0,True,False,True,1.0,unchanged (positive training correlation),374,training only (frozen before validation refit),0.18029741211340225,0.3297972322634863,0.18290690516895577
3,Choquistic 2-additive [balanced],average_equity_correlation_60d,0.10208678105770974,0.10208678105770974,0.2,False,1.0,True,False,False,1.0,unchanged (below absolute correlation threshold),374,training only (frozen before validation refit),0.038494546862389005,0.2824965182633722,0.004245585094077929
3,Choquistic 2-additive [balanced],baa_credit_spread_pct,-0.11515807979697662,0.11515807979697662,0.2,False,0.3333333333333333,False,False,False,1.0,unchanged (below absolute correlation threshold),374,training only (frozen before validation refit),-0.18179536086532747,0.2464497731653895,0.0482097490211615
3,Choquistic 2-additive [balanced],drawdown_severity,0.06022029197276527,0.06022029197276527,0.2,False,1.0,True,False,False,1.0,unchanged (below absolute correlation threshold),374,training only (frozen before validation refit),0.13465595096866373,0.2850100513127442,0.07688851593669635
3,Choquistic 2-additive [balanced],lagged_portfolio_loss_1d,0.05677608624646393,0.05677608624646393,0.2,False,0.6666666666666666,False,False,False,1.0,unchanged (below absolute correlation threshold),374,training only (frozen before validation refit),-0.02530991880277762,0.13356136345581351,0.010726611073929377
3,Choquistic 2-additive [balanced],liquidity_stress_20d,-0.04424113564618782,0.04424113564618782,0.2,False,0.3333333333333333,False,False,False,1.0,unchanged (below absolute correlation threshold),374,training only (frozen before validation refit),-0.10926418795973787,0.24610142470846644,0.08229829814599512
3,Choquistic 2-additive [balanced],market_loss_1d,0.11768797641279864,0.11768797641279864,0.2,False,0.6666666666666666,False,False,False,1.0,unchanged (below absolute correlation threshold),374,training only (frozen before validation refit),0.10158925013047042,0.16016085471939298,-0.026464561819248136
3,Choquistic 2-additive [balanced],negative_momentum_21d,0.1883864075952917,0.1883864075952917,0.2,False,1.0,True,False,False,1.0,unchanged (below absolute correlation threshold),374,training only (frozen before validation refit),0.13876021382778136,0.2620966102508991,0.1786635474858145
3,Choquistic 2-additive [balanced],realized_volatility_20d,0.196929372123175,0.196929372123175,0.2,False,1.0,True,False,False,1.0,unchanged (below absolute correlation threshold),374,training only (frozen before validation refit),0.16017177493559476,0.2856999599234349,0.08598960798547735
3,Choquistic 2-additive [balanced],term_spread_10y_2y_pct,0.15595423758710678,0.15595423758710678,0.2,False,0.3333333333333333,False,False,False,1.0,unchanged (below absolute correlation threshold),374,training only (frozen before validation refit),0.19836785323628464,-0.14057334218429512,-0.014780517038764776
3,Choquistic 2-additive [balanced],vix,0.25233313758515685,0.25233313758515685,0.2,True,1.0,True,False,True,1.0,unchanged (positive training correlation),374,training only (frozen before validation refit),0.18029741211340225,0.3297972322634863,0.18290690516895577
3,Choquistic 2-additive [unweighted],average_equity_correlation_60d,0.10208678105770974,0.10208678105770974,0.2,False,1.0,True,False,False,1.0,unchanged (below absolute correlation threshold),374,training only (frozen before validation refit),0.038494546862389005,0.2824965182633722,0.004245585094077929
3,Choquistic 2-additive [unweighted],baa_credit_spread_pct,-0.11515807979697662,0.11515807979697662,0.2,False,0.3333333333333333,False,False,False,1.0,unchanged (below absolute correlation threshold),374,training only (frozen before validation refit),-0.18179536086532747,0.2464497731653895,0.0482097490211615
3,Choquistic 2-additive [unweighted],drawdown_severity,0.06022029197276527,0.06022029197276527,0.2,False,1.0,True,False,False,1.0,unchanged (below absolute correlation threshold),374,training only (frozen before validation refit),0.13465595096866373,0.2850100513127442,0.07688851593669635
3,Choquistic 2-additive [unweighted],lagged_portfolio_loss_1d,0.05677608624646393,0.05677608624646393,0.2,False,0.6666666666666666,False,False,False,1.0,unchanged (below absolute correlation threshold),374,training only (frozen before validation refit),-0.02530991880277762,0.13356136345581351,0.010726611073929377
3,Choquistic 2-additive [unweighted],liquidity_stress_20d,-0.04424113564618782,0.04424113564618782,0.2,False,0.3333333333333333,False,False,False,1.0,unchanged (below absolute correlation threshold),374,training only (frozen before validation refit),-0.10926418795973787,0.24610142470846644,0.08229829814599512
3,Choquistic 2-additive [unweighted],market_loss_1d,0.11768797641279864,0.11768797641279864,0.2,False,0.6666666666666666,False,False,False,1.0,unchanged (below absolute correlation threshold),374,training only (frozen before validation refit),0.10158925013047042,0.16016085471939298,-0.026464561819248136
3,Choquistic 2-additive [unweighted],negative_momentum_21d,0.1883864075952917,0.1883864075952917,0.2,False,1.0,True,False,False,1.0,unchanged (below absolute correlation threshold),374,training only (frozen before validation refit),0.13876021382778136,0.2620966102508991,0.1786635474858145
3,Choquistic 2-additive [unweighted],realized_volatility_20d,0.196929372123175,0.196929372123175,0.2,False,1.0,True,False,False,1.0,unchanged (below absolute correlation threshold),374,training only (frozen before validation refit),0.16017177493559476,0.2856999599234349,0.08598960798547735
3,Choquistic 2-additive [unweighted],term_spread_10y_2y_pct,0.15595423758710678,0.15595423758710678,0.2,False,0.3333333333333333,False,False,False,1.0,unchanged (below absolute correlation threshold),374,training only (frozen before validation refit),0.19836785323628464,-0.14057334218429512,-0.014780517038764776
3,Choquistic 2-additive [unweighted],vix,0.25233313758515685,0.25233313758515685,0.2,True,1.0,True,False,True,1.0,unchanged (positive training correlation),374,training only (frozen before validation refit),0.18029741211340225,0.3297972322634863,0.18290690516895577
3,Fuzzy Choquet neural network [balanced],average_equity_correlation_60d,0.10208678105770974,0.10208678105770974,0.2,False,1.0,True,False,False,1.0,unchanged (below absolute correlation threshold),374,training only (frozen before validation refit),0.038494546862389005,0.2824965182633722,0.004245585094077929
3,Fuzzy Choquet neural network [balanced],baa_credit_spread_pct,-0.11515807979697662,0.11515807979697662,0.2,False,0.3333333333333333,False,False,False,1.0,unchanged (below absolute correlation threshold),374,training only (frozen before validation refit),-0.18179536086532747,0.2464497731653895,0.0482097490211615
3,Fuzzy Choquet neural network [balanced],drawdown_severity,0.06022029197276527,0.06022029197276527,0.2,False,1.0,True,False,False,1.0,unchanged (below absolute correlation threshold),374,training only (frozen before validation refit),0.13465595096866373,0.2850100513127442,0.07688851593669635
3,Fuzzy Choquet neural network [balanced],lagged_portfolio_loss_1d,0.05677608624646393,0.05677608624646393,0.2,False,0.6666666666666666,False,False,False,1.0,unchanged (below absolute correlation threshold),374,training only (frozen before validation refit),-0.02530991880277762,0.13356136345581351,0.010726611073929377
3,Fuzzy Choquet neural network [balanced],liquidity_stress_20d,-0.04424113564618782,0.04424113564618782,0.2,False,0.3333333333333333,False,False,False,1.0,unchanged (below absolute correlation threshold),374,training only (frozen before validation refit),-0.10926418795973787,0.24610142470846644,0.08229829814599512
3,Fuzzy Choquet neural network [balanced],market_loss_1d,0.11768797641279864,0.11768797641279864,0.2,False,0.6666666666666666,False,False,False,1.0,unchanged (below absolute correlation threshold),374,training only (frozen before validation refit),0.10158925013047042,0.16016085471939298,-0.026464561819248136
3,Fuzzy Choquet neural network [balanced],negative_momentum_21d,0.1883864075952917,0.1883864075952917,0.2,False,1.0,True,False,False,1.0,unchanged (below absolute correlation threshold),374,training only (frozen before validation refit),0.13876021382778136,0.2620966102508991,0.1786635474858145
3,Fuzzy Choquet neural network [balanced],realized_volatility_20d,0.196929372123175,0.196929372123175,0.2,False,1.0,True,False,False,1.0,unchanged (below absolute correlation threshold),374,training only (frozen before validation refit),0.16017177493559476,0.2856999599234349,0.08598960798547735
3,Fuzzy Choquet neural network [balanced],term_spread_10y_2y_pct,0.15595423758710678,0.15595423758710678,0.2,False,0.3333333333333333,False,False,False,1.0,unchanged (below absolute correlation threshold),374,training only (frozen before validation refit),0.19836785323628464,-0.14057334218429512,-0.014780517038764776
3,Fuzzy Choquet neural network [balanced],vix,0.25233313758515685,0.25233313758515685,0.2,True,1.0,True,False,True,1.0,unchanged (positive training correlation),374,training only (frozen before validation refit),0.18029741211340225,0.3297972322634863,0.18290690516895577
3,Fuzzy Choquet neural network [unweighted],average_equity_correlation_60d,0.10208678105770974,0.10208678105770974,0.2,False,1.0,True,False,False,1.0,unchanged (below absolute correlation threshold),374,training only (frozen before validation refit),0.038494546862389005,0.2824965182633722,0.004245585094077929
3,Fuzzy Choquet neural network [unweighted],baa_credit_spread_pct,-0.11515807979697662,0.11515807979697662,0.2,False,0.3333333333333333,False,False,False,1.0,unchanged (below absolute correlation threshold),374,training only (frozen before validation refit),-0.18179536086532747,0.2464497731653895,0.0482097490211615
3,Fuzzy Choquet neural network [unweighted],drawdown_severity,0.06022029197276527,0.06022029197276527,0.2,False,1.0,True,False,False,1.0,unchanged (below absolute correlation threshold),374,training only (frozen before validation refit),0.13465595096866373,0.2850100513127442,0.07688851593669635
3,Fuzzy Choquet neural network [unweighted],lagged_portfolio_loss_1d,0.05677608624646393,0.05677608624646393,0.2,False,0.6666666666666666,False,False,False,1.0,unchanged (below absolute correlation threshold),374,training only (frozen before validation refit),-0.02530991880277762,0.13356136345581351,0.010726611073929377
3,Fuzzy Choquet neural network [unweighted],liquidity_stress_20d,-0.04424113564618782,0.04424113564618782,0.2,False,0.3333333333333333,False,False,False,1.0,unchanged (below absolute correlation threshold),374,training only (frozen before validation refit),-0.10926418795973787,0.24610142470846644,0.08229829814599512
3,Fuzzy Choquet neural network [unweighted],market_loss_1d,0.11768797641279864,0.11768797641279864,0.2,False,0.6666666666666666,False,False,False,1.0,unchanged (below absolute correlation threshold),374,training only (frozen before validation refit),0.10158925013047042,0.16016085471939298,-0.026464561819248136
3,Fuzzy Choquet neural network [unweighted],negative_momentum_21d,0.1883864075952917,0.1883864075952917,0.2,False,1.0,True,False,False,1.0,unchanged (below absolute correlation threshold),374,training only (frozen before validation refit),0.13876021382778136,0.2620966102508991,0.1786635474858145
3,Fuzzy Choquet neural network [unweighted],realized_volatility_20d,0.196929372123175,0.196929372123175,0.2,False,1.0,True,False,False,1.0,unchanged (below absolute correlation threshold),374,training only (frozen before validation refit),0.16017177493559476,0.2856999599234349,0.08598960798547735
3,Fuzzy Choquet neural network [unweighted],term_spread_10y_2y_pct,0.15595423758710678,0.15595423758710678,0.2,False,0.3333333333333333,False,False,False,1.0,unchanged (below absolute correlation threshold),374,training only (frozen before validation refit),0.19836785323628464,-0.14057334218429512,-0.014780517038764776
3,Fuzzy Choquet neural network [unweighted],vix,0.25233313758515685,0.25233313758515685,0.2,True,1.0,True,False,True,1.0,unchanged (positive training correlation),374,training only (frozen before validation refit),0.18029741211340225,0.3297972322634863,0.18290690516895577
3,Logistic oriented [balanced],average_equity_correlation_60d,0.10208678105770974,0.10208678105770974,0.2,False,1.0,True,False,False,1.0,unchanged (below absolute correlation threshold),374,training only (frozen before validation refit),0.038494546862389005,0.2824965182633722,0.004245585094077929
3,Logistic oriented [balanced],baa_credit_spread_pct,-0.11515807979697662,0.11515807979697662,0.2,False,0.3333333333333333,False,False,False,1.0,unchanged (below absolute correlation threshold),374,training only (frozen before validation refit),-0.18179536086532747,0.2464497731653895,0.0482097490211615
3,Logistic oriented [balanced],drawdown_severity,0.06022029197276527,0.06022029197276527,0.2,False,1.0,True,False,False,1.0,unchanged (below absolute correlation threshold),374,training only (frozen before validation refit),0.13465595096866373,0.2850100513127442,0.07688851593669635
3,Logistic oriented [balanced],lagged_portfolio_loss_1d,0.05677608624646393,0.05677608624646393,0.2,False,0.6666666666666666,False,False,False,1.0,unchanged (below absolute correlation threshold),374,training only (frozen before validation refit),-0.02530991880277762,0.13356136345581351,0.010726611073929377
3,Logistic oriented [balanced],liquidity_stress_20d,-0.04424113564618782,0.04424113564618782,0.2,False,0.3333333333333333,False,False,False,1.0,unchanged (below absolute correlation threshold),374,training only (frozen before validation refit),-0.10926418795973787,0.24610142470846644,0.08229829814599512
3,Logistic oriented [balanced],market_loss_1d,0.11768797641279864,0.11768797641279864,0.2,False,0.6666666666666666,False,False,False,1.0,unchanged (below absolute correlation threshold),374,training only (frozen before validation refit),0.10158925013047042,0.16016085471939298,-0.026464561819248136
3,Logistic oriented [balanced],negative_momentum_21d,0.1883864075952917,0.1883864075952917,0.2,False,1.0,True,False,False,1.0,unchanged (below absolute correlation threshold),374,training only (frozen before validation refit),0.13876021382778136,0.2620966102508991,0.1786635474858145
3,Logistic oriented [balanced],realized_volatility_20d,0.196929372123175,0.196929372123175,0.2,False,1.0,True,False,False,1.0,unchanged (below absolute correlation threshold),374,training only (frozen before validation refit),0.16017177493559476,0.2856999599234349,0.08598960798547735
3,Logistic oriented [balanced],term_spread_10y_2y_pct,0.15595423758710678,0.15595423758710678,0.2,False,0.3333333333333333,False,False,False,1.0,unchanged (below absolute correlation threshold),374,training only (frozen before validation refit),0.19836785323628464,-0.14057334218429512,-0.014780517038764776
3,Logistic oriented [balanced],vix,0.25233313758515685,0.25233313758515685,0.2,True,1.0,True,False,True,1.0,unchanged (positive training correlation),374,training only (frozen before validation refit),0.18029741211340225,0.3297972322634863,0.18290690516895577
3,Logistic oriented [unweighted],average_equity_correlation_60d,0.10208678105770974,0.10208678105770974,0.2,False,1.0,True,False,False,1.0,unchanged (below absolute correlation threshold),374,training only (frozen before validation refit),0.038494546862389005,0.2824965182633722,0.004245585094077929
3,Logistic oriented [unweighted],baa_credit_spread_pct,-0.11515807979697662,0.11515807979697662,0.2,False,0.3333333333333333,False,False,False,1.0,unchanged (below absolute correlation threshold),374,training only (frozen before validation refit),-0.18179536086532747,0.2464497731653895,0.0482097490211615
3,Logistic oriented [unweighted],drawdown_severity,0.06022029197276527,0.06022029197276527,0.2,False,1.0,True,False,False,1.0,unchanged (below absolute correlation threshold),374,training only (frozen before validation refit),0.13465595096866373,0.2850100513127442,0.07688851593669635
3,Logistic oriented [unweighted],lagged_portfolio_loss_1d,0.05677608624646393,0.05677608624646393,0.2,False,0.6666666666666666,False,False,False,1.0,unchanged (below absolute correlation threshold),374,training only (frozen before validation refit),-0.02530991880277762,0.13356136345581351,0.010726611073929377
3,Logistic oriented [unweighted],liquidity_stress_20d,-0.04424113564618782,0.04424113564618782,0.2,False,0.3333333333333333,False,False,False,1.0,unchanged (below absolute correlation threshold),374,training only (frozen before validation refit),-0.10926418795973787,0.24610142470846644,0.08229829814599512
3,Logistic oriented [unweighted],market_loss_1d,0.11768797641279864,0.11768797641279864,0.2,False,0.6666666666666666,False,False,False,1.0,unchanged (below absolute correlation threshold),374,training only (frozen before validation refit),0.10158925013047042,0.16016085471939298,-0.026464561819248136
3,Logistic oriented [unweighted],negative_momentum_21d,0.1883864075952917,0.1883864075952917,0.2,False,1.0,True,False,False,1.0,unchanged (below absolute correlation threshold),374,training only (frozen before validation refit),0.13876021382778136,0.2620966102508991,0.1786635474858145
3,Logistic oriented [unweighted],realized_volatility_20d,0.196929372123175,0.196929372123175,0.2,False,1.0,True,False,False,1.0,unchanged (below absolute correlation threshold),374,training only (frozen before validation refit),0.16017177493559476,0.2856999599234349,0.08598960798547735
3,Logistic oriented [unweighted],term_spread_10y_2y_pct,0.15595423758710678,0.15595423758710678,0.2,False,0.3333333333333333,False,False,False,1.0,unchanged (below absolute correlation threshold),374,training only (frozen before validation refit),0.19836785323628464,-0.14057334218429512,-0.014780517038764776
3,Logistic oriented [unweighted],vix,0.25233313758515685,0.25233313758515685,0.2,True,1.0,True,False,True,1.0,unchanged (positive training correlation),374,training only (frozen before validation refit),0.18029741211340225,0.3297972322634863,0.18290690516895577
4,Choquistic 1-additive [balanced],average_equity_correlation_60d,0.11123066937180312,0.11123066937180312,0.2,False,1.0,True,False,False,1.0,unchanged (below absolute correlation threshold),376,training only (frozen before validation refit),0.008019448084477335,0.024138355335102037,0.010632111204787468
4,Choquistic 1-additive [balanced],baa_credit_spread_pct,0.11412322263519743,0.11412322263519743,0.2,False,0.6666666666666666,False,False,False,1.0,unchanged (below absolute correlation threshold),376,training only (frozen before validation refit),0.05023692678026865,0.07309144362139712,-0.05623814239651061
4,Choquistic 1-additive [balanced],drawdown_severity,0.1375419467873827,0.1375419467873827,0.2,False,1.0,True,False,False,1.0,unchanged (below absolute correlation threshold),376,training only (frozen before validation refit),0.08319406049663736,0.19529575296634896,0.13037867971593076
4,Choquistic 1-additive [balanced],lagged_portfolio_loss_1d,0.20906573248736704,0.20906573248736704,0.2,True,1.0,True,False,True,1.0,unchanged (positive training correlation),376,training only (frozen before validation refit),0.01184702676193392,0.11978095360080145,0.244404385402735
4,Choquistic 1-additive [balanced],liquidity_stress_20d,0.1709066492459368,0.1709066492459368,0.2,False,1.0,True,False,False,1.0,unchanged (below absolute correlation threshold),376,training only (frozen before validation refit),0.08285584365524501,0.11763533655021872,0.036785285245492294
4,Choquistic 1-additive [balanced],market_loss_1d,-0.09428768658653597,0.09428768658653597,0.2,False,1.0,True,False,False,1.0,unchanged (below absolute correlation threshold),376,training only (frozen before validation refit),-0.02575177488683792,-0.035916555909380865,-0.12533775110696346
4,Choquistic 1-additive [balanced],negative_momentum_21d,0.28842058262832077,0.28842058262832077,0.2,True,1.0,True,False,True,1.0,unchanged (positive training correlation),376,training only (frozen before validation refit),0.18619036870487815,0.2501609158817962,0.3036425665150123
4,Choquistic 1-additive [balanced],realized_volatility_20d,0.2371046229840062,0.2371046229840062,0.2,True,1.0,True,False,True,1.0,unchanged (positive training correlation),376,training only (frozen before validation refit),0.09166015783502184,0.14341410329381674,0.14179894827447645
4,Choquistic 1-additive [balanced],term_spread_10y_2y_pct,0.06640717330660856,0.06640717330660856,0.2,False,0.0,False,False,False,1.0,unchanged (below absolute correlation threshold),376,training only (frozen before validation refit),-0.017637256985246656,-0.17361920730110814,-0.16035750208791916
4,Choquistic 1-additive [balanced],vix,0.27636179427553065,0.27636179427553065,0.2,True,1.0,True,False,True,1.0,unchanged (positive training correlation),376,training only (frozen before validation refit),0.19834189490338575,0.1319922080901239,0.1695182630558566
4,Choquistic 1-additive [unweighted],average_equity_correlation_60d,0.11123066937180312,0.11123066937180312,0.2,False,1.0,True,False,False,1.0,unchanged (below absolute correlation threshold),376,training only (frozen before validation refit),0.008019448084477335,0.024138355335102037,0.010632111204787468
4,Choquistic 1-additive [unweighted],baa_credit_spread_pct,0.11412322263519743,0.11412322263519743,0.2,False,0.6666666666666666,False,False,False,1.0,unchanged (below absolute correlation threshold),376,training only (frozen before validation refit),0.05023692678026865,0.07309144362139712,-0.05623814239651061
4,Choquistic 1-additive [unweighted],drawdown_severity,0.1375419467873827,0.1375419467873827,0.2,False,1.0,True,False,False,1.0,unchanged (below absolute correlation threshold),376,training only (frozen before validation refit),0.08319406049663736,0.19529575296634896,0.13037867971593076
4,Choquistic 1-additive [unweighted],lagged_portfolio_loss_1d,0.20906573248736704,0.20906573248736704,0.2,True,1.0,True,False,True,1.0,unchanged (positive training correlation),376,training only (frozen before validation refit),0.01184702676193392,0.11978095360080145,0.244404385402735
4,Choquistic 1-additive [unweighted],liquidity_stress_20d,0.1709066492459368,0.1709066492459368,0.2,False,1.0,True,False,False,1.0,unchanged (below absolute correlation threshold),376,training only (frozen before validation refit),0.08285584365524501,0.11763533655021872,0.036785285245492294
4,Choquistic 1-additive [unweighted],market_loss_1d,-0.09428768658653597,0.09428768658653597,0.2,False,1.0,True,False,False,1.0,unchanged (below absolute correlation threshold),376,training only (frozen before validation refit),-0.02575177488683792,-0.035916555909380865,-0.12533775110696346
4,Choquistic 1-additive [unweighted],negative_momentum_21d,0.28842058262832077,0.28842058262832077,0.2,True,1.0,True,False,True,1.0,unchanged (positive training correlation),376,training only (frozen before validation refit),0.18619036870487815,0.2501609158817962,0.3036425665150123
4,Choquistic 1-additive [unweighted],realized_volatility_20d,0.2371046229840062,0.2371046229840062,0.2,True,1.0,True,False,True,1.0,unchanged (positive training correlation),376,training only (frozen before validation refit),0.09166015783502184,0.14341410329381674,0.14179894827447645
4,Choquistic 1-additive [unweighted],term_spread_10y_2y_pct,0.06640717330660856,0.06640717330660856,0.2,False,0.0,False,False,False,1.0,unchanged (below absolute correlation threshold),376,training only (frozen before validation refit),-0.017637256985246656,-0.17361920730110814,-0.16035750208791916
4,Choquistic 1-additive [unweighted],vix,0.27636179427553065,0.27636179427553065,0.2,True,1.0,True,False,True,1.0,unchanged (positive training correlation),376,training only (frozen before validation refit),0.19834189490338575,0.1319922080901239,0.1695182630558566
4,Choquistic 2-additive [balanced],average_equity_correlation_60d,0.11123066937180312,0.11123066937180312,0.2,False,1.0,True,False,False,1.0,unchanged (below absolute correlation threshold),376,training only (frozen before validation refit),0.008019448084477335,0.024138355335102037,0.010632111204787468
4,Choquistic 2-additive [balanced],baa_credit_spread_pct,0.11412322263519743,0.11412322263519743,0.2,False,0.6666666666666666,False,False,False,1.0,unchanged (below absolute correlation threshold),376,training only (frozen before validation refit),0.05023692678026865,0.07309144362139712,-0.05623814239651061
4,Choquistic 2-additive [balanced],drawdown_severity,0.1375419467873827,0.1375419467873827,0.2,False,1.0,True,False,False,1.0,unchanged (below absolute correlation threshold),376,training only (frozen before validation refit),0.08319406049663736,0.19529575296634896,0.13037867971593076
4,Choquistic 2-additive [balanced],lagged_portfolio_loss_1d,0.20906573248736704,0.20906573248736704,0.2,True,1.0,True,False,True,1.0,unchanged (positive training correlation),376,training only (frozen before validation refit),0.01184702676193392,0.11978095360080145,0.244404385402735
4,Choquistic 2-additive [balanced],liquidity_stress_20d,0.1709066492459368,0.1709066492459368,0.2,False,1.0,True,False,False,1.0,unchanged (below absolute correlation threshold),376,training only (frozen before validation refit),0.08285584365524501,0.11763533655021872,0.036785285245492294
4,Choquistic 2-additive [balanced],market_loss_1d,-0.09428768658653597,0.09428768658653597,0.2,False,1.0,True,False,False,1.0,unchanged (below absolute correlation threshold),376,training only (frozen before validation refit),-0.02575177488683792,-0.035916555909380865,-0.12533775110696346
4,Choquistic 2-additive [balanced],negative_momentum_21d,0.28842058262832077,0.28842058262832077,0.2,True,1.0,True,False,True,1.0,unchanged (positive training correlation),376,training only (frozen before validation refit),0.18619036870487815,0.2501609158817962,0.3036425665150123
4,Choquistic 2-additive [balanced],realized_volatility_20d,0.2371046229840062,0.2371046229840062,0.2,True,1.0,True,False,True,1.0,unchanged (positive training correlation),376,training only (frozen before validation refit),0.09166015783502184,0.14341410329381674,0.14179894827447645
4,Choquistic 2-additive [balanced],term_spread_10y_2y_pct,0.06640717330660856,0.06640717330660856,0.2,False,0.0,False,False,False,1.0,unchanged (below absolute correlation threshold),376,training only (frozen before validation refit),-0.017637256985246656,-0.17361920730110814,-0.16035750208791916
4,Choquistic 2-additive [balanced],vix,0.27636179427553065,0.27636179427553065,0.2,True,1.0,True,False,True,1.0,unchanged (positive training correlation),376,training only (frozen before validation refit),0.19834189490338575,0.1319922080901239,0.1695182630558566
4,Choquistic 2-additive [unweighted],average_equity_correlation_60d,0.11123066937180312,0.11123066937180312,0.2,False,1.0,True,False,False,1.0,unchanged (below absolute correlation threshold),376,training only (frozen before validation refit),0.008019448084477335,0.024138355335102037,0.010632111204787468
4,Choquistic 2-additive [unweighted],baa_credit_spread_pct,0.11412322263519743,0.11412322263519743,0.2,False,0.6666666666666666,False,False,False,1.0,unchanged (below absolute correlation threshold),376,training only (frozen before validation refit),0.05023692678026865,0.07309144362139712,-0.05623814239651061
4,Choquistic 2-additive [unweighted],drawdown_severity,0.1375419467873827,0.1375419467873827,0.2,False,1.0,True,False,False,1.0,unchanged (below absolute correlation threshold),376,training only (frozen before validation refit),0.08319406049663736,0.19529575296634896,0.13037867971593076
4,Choquistic 2-additive [unweighted],lagged_portfolio_loss_1d,0.20906573248736704,0.20906573248736704,0.2,True,1.0,True,False,True,1.0,unchanged (positive training correlation),376,training only (frozen before validation refit),0.01184702676193392,0.11978095360080145,0.244404385402735
4,Choquistic 2-additive [unweighted],liquidity_stress_20d,0.1709066492459368,0.1709066492459368,0.2,False,1.0,True,False,False,1.0,unchanged (below absolute correlation threshold),376,training only (frozen before validation refit),0.08285584365524501,0.11763533655021872,0.036785285245492294
4,Choquistic 2-additive [unweighted],market_loss_1d,-0.09428768658653597,0.09428768658653597,0.2,False,1.0,True,False,False,1.0,unchanged (below absolute correlation threshold),376,training only (frozen before validation refit),-0.02575177488683792,-0.035916555909380865,-0.12533775110696346
4,Choquistic 2-additive [unweighted],negative_momentum_21d,0.28842058262832077,0.28842058262832077,0.2,True,1.0,True,False,True,1.0,unchanged (positive training correlation),376,training only (frozen before validation refit),0.18619036870487815,0.2501609158817962,0.3036425665150123
4,Choquistic 2-additive [unweighted],realized_volatility_20d,0.2371046229840062,0.2371046229840062,0.2,True,1.0,True,False,True,1.0,unchanged (positive training correlation),376,training only (frozen before validation refit),0.09166015783502184,0.14341410329381674,0.14179894827447645
4,Choquistic 2-additive [unweighted],term_spread_10y_2y_pct,0.06640717330660856,0.06640717330660856,0.2,False,0.0,False,False,False,1.0,unchanged (below absolute correlation threshold),376,training only (frozen before validation refit),-0.017637256985246656,-0.17361920730110814,-0.16035750208791916
4,Choquistic 2-additive [unweighted],vix,0.27636179427553065,0.27636179427553065,0.2,True,1.0,True,False,True,1.0,unchanged (positive training correlation),376,training only (frozen before validation refit),0.19834189490338575,0.1319922080901239,0.1695182630558566
4,Fuzzy Choquet neural network [balanced],average_equity_correlation_60d,0.11123066937180312,0.11123066937180312,0.2,False,1.0,True,False,False,1.0,unchanged (below absolute correlation threshold),376,training only (frozen before validation refit),0.008019448084477335,0.024138355335102037,0.010632111204787468
4,Fuzzy Choquet neural network [balanced],baa_credit_spread_pct,0.11412322263519743,0.11412322263519743,0.2,False,0.6666666666666666,False,False,False,1.0,unchanged (below absolute correlation threshold),376,training only (frozen before validation refit),0.05023692678026865,0.07309144362139712,-0.05623814239651061
4,Fuzzy Choquet neural network [balanced],drawdown_severity,0.1375419467873827,0.1375419467873827,0.2,False,1.0,True,False,False,1.0,unchanged (below absolute correlation threshold),376,training only (frozen before validation refit),0.08319406049663736,0.19529575296634896,0.13037867971593076
4,Fuzzy Choquet neural network [balanced],lagged_portfolio_loss_1d,0.20906573248736704,0.20906573248736704,0.2,True,1.0,True,False,True,1.0,unchanged (positive training correlation),376,training only (frozen before validation refit),0.01184702676193392,0.11978095360080145,0.244404385402735
4,Fuzzy Choquet neural network [balanced],liquidity_stress_20d,0.1709066492459368,0.1709066492459368,0.2,False,1.0,True,False,False,1.0,unchanged (below absolute correlation threshold),376,training only (frozen before validation refit),0.08285584365524501,0.11763533655021872,0.036785285245492294
4,Fuzzy Choquet neural network [balanced],market_loss_1d,-0.09428768658653597,0.09428768658653597,0.2,False,1.0,True,False,False,1.0,unchanged (below absolute correlation threshold),376,training only (frozen before validation refit),-0.02575177488683792,-0.035916555909380865,-0.12533775110696346
4,Fuzzy Choquet neural network [balanced],negative_momentum_21d,0.28842058262832077,0.28842058262832077,0.2,True,1.0,True,False,True,1.0,unchanged (positive training correlation),376,training only (frozen before validation refit),0.18619036870487815,0.2501609158817962,0.3036425665150123
4,Fuzzy Choquet neural network [balanced],realized_volatility_20d,0.2371046229840062,0.2371046229840062,0.2,True,1.0,True,False,True,1.0,unchanged (positive training correlation),376,training only (frozen before validation refit),0.09166015783502184,0.14341410329381674,0.14179894827447645
4,Fuzzy Choquet neural network [balanced],term_spread_10y_2y_pct,0.06640717330660856,0.06640717330660856,0.2,False,0.0,False,False,False,1.0,unchanged (below absolute correlation threshold),376,training only (frozen before validation refit),-0.017637256985246656,-0.17361920730110814,-0.16035750208791916
4,Fuzzy Choquet neural network [balanced],vix,0.27636179427553065,0.27636179427553065,0.2,True,1.0,True,False,True,1.0,unchanged (positive training correlation),376,training only (frozen before validation refit),0.19834189490338575,0.1319922080901239,0.1695182630558566
4,Fuzzy Choquet neural network [unweighted],average_equity_correlation_60d,0.11123066937180312,0.11123066937180312,0.2,False,1.0,True,False,False,1.0,unchanged (below absolute correlation threshold),376,training only (frozen before validation refit),0.008019448084477335,0.024138355335102037,0.010632111204787468
4,Fuzzy Choquet neural network [unweighted],baa_credit_spread_pct,0.11412322263519743,0.11412322263519743,0.2,False,0.6666666666666666,False,False,False,1.0,unchanged (below absolute correlation threshold),376,training only (frozen before validation refit),0.05023692678026865,0.07309144362139712,-0.05623814239651061
4,Fuzzy Choquet neural network [unweighted],drawdown_severity,0.1375419467873827,0.1375419467873827,0.2,False,1.0,True,False,False,1.0,unchanged (below absolute correlation threshold),376,training only (frozen before validation refit),0.08319406049663736,0.19529575296634896,0.13037867971593076
4,Fuzzy Choquet neural network [unweighted],lagged_portfolio_loss_1d,0.20906573248736704,0.20906573248736704,0.2,True,1.0,True,False,True,1.0,unchanged (positive training correlation),376,training only (frozen before validation refit),0.01184702676193392,0.11978095360080145,0.244404385402735
4,Fuzzy Choquet neural network [unweighted],liquidity_stress_20d,0.1709066492459368,0.1709066492459368,0.2,False,1.0,True,False,False,1.0,unchanged (below absolute correlation threshold),376,training only (frozen before validation refit),0.08285584365524501,0.11763533655021872,0.036785285245492294
4,Fuzzy Choquet neural network [unweighted],market_loss_1d,-0.09428768658653597,0.09428768658653597,0.2,False,1.0,True,False,False,1.0,unchanged (below absolute correlation threshold),376,training only (frozen before validation refit),-0.02575177488683792,-0.035916555909380865,-0.12533775110696346
4,Fuzzy Choquet neural network [unweighted],negative_momentum_21d,0.28842058262832077,0.28842058262832077,0.2,True,1.0,True,False,True,1.0,unchanged (positive training correlation),376,training only (frozen before validation refit),0.18619036870487815,0.2501609158817962,0.3036425665150123
4,Fuzzy Choquet neural network [unweighted],realized_volatility_20d,0.2371046229840062,0.2371046229840062,0.2,True,1.0,True,False,True,1.0,unchanged (positive training correlation),376,training only (frozen before validation refit),0.09166015783502184,0.14341410329381674,0.14179894827447645
4,Fuzzy Choquet neural network [unweighted],term_spread_10y_2y_pct,0.06640717330660856,0.06640717330660856,0.2,False,0.0,False,False,False,1.0,unchanged (below absolute correlation threshold),376,training only (frozen before validation refit),-0.017637256985246656,-0.17361920730110814,-0.16035750208791916
4,Fuzzy Choquet neural network [unweighted],vix,0.27636179427553065,0.27636179427553065,0.2,True,1.0,True,False,True,1.0,unchanged (positive training correlation),376,training only (frozen before validation refit),0.19834189490338575,0.1319922080901239,0.1695182630558566
4,Logistic oriented [balanced],average_equity_correlation_60d,0.11123066937180312,0.11123066937180312,0.2,False,1.0,True,False,False,1.0,unchanged (below absolute correlation threshold),376,training only (frozen before validation refit),0.008019448084477335,0.024138355335102037,0.010632111204787468
4,Logistic oriented [balanced],baa_credit_spread_pct,0.11412322263519743,0.11412322263519743,0.2,False,0.6666666666666666,False,False,False,1.0,unchanged (below absolute correlation threshold),376,training only (frozen before validation refit),0.05023692678026865,0.07309144362139712,-0.05623814239651061
4,Logistic oriented [balanced],drawdown_severity,0.1375419467873827,0.1375419467873827,0.2,False,1.0,True,False,False,1.0,unchanged (below absolute correlation threshold),376,training only (frozen before validation refit),0.08319406049663736,0.19529575296634896,0.13037867971593076
4,Logistic oriented [balanced],lagged_portfolio_loss_1d,0.20906573248736704,0.20906573248736704,0.2,True,1.0,True,False,True,1.0,unchanged (positive training correlation),376,training only (frozen before validation refit),0.01184702676193392,0.11978095360080145,0.244404385402735
4,Logistic oriented [balanced],liquidity_stress_20d,0.1709066492459368,0.1709066492459368,0.2,False,1.0,True,False,False,1.0,unchanged (below absolute correlation threshold),376,training only (frozen before validation refit),0.08285584365524501,0.11763533655021872,0.036785285245492294
4,Logistic oriented [balanced],market_loss_1d,-0.09428768658653597,0.09428768658653597,0.2,False,1.0,True,False,False,1.0,unchanged (below absolute correlation threshold),376,training only (frozen before validation refit),-0.02575177488683792,-0.035916555909380865,-0.12533775110696346
4,Logistic oriented [balanced],negative_momentum_21d,0.28842058262832077,0.28842058262832077,0.2,True,1.0,True,False,True,1.0,unchanged (positive training correlation),376,training only (frozen before validation refit),0.18619036870487815,0.2501609158817962,0.3036425665150123
4,Logistic oriented [balanced],realized_volatility_20d,0.2371046229840062,0.2371046229840062,0.2,True,1.0,True,False,True,1.0,unchanged (positive training correlation),376,training only (frozen before validation refit),0.09166015783502184,0.14341410329381674,0.14179894827447645
4,Logistic oriented [balanced],term_spread_10y_2y_pct,0.06640717330660856,0.06640717330660856,0.2,False,0.0,False,False,False,1.0,unchanged (below absolute correlation threshold),376,training only (frozen before validation refit),-0.017637256985246656,-0.17361920730110814,-0.16035750208791916
4,Logistic oriented [balanced],vix,0.27636179427553065,0.27636179427553065,0.2,True,1.0,True,False,True,1.0,unchanged (positive training correlation),376,training only (frozen before validation refit),0.19834189490338575,0.1319922080901239,0.1695182630558566
4,Logistic oriented [unweighted],average_equity_correlation_60d,0.11123066937180312,0.11123066937180312,0.2,False,1.0,True,False,False,1.0,unchanged (below absolute correlation threshold),376,training only (frozen before validation refit),0.008019448084477335,0.024138355335102037,0.010632111204787468
4,Logistic oriented [unweighted],baa_credit_spread_pct,0.11412322263519743,0.11412322263519743,0.2,False,0.6666666666666666,False,False,False,1.0,unchanged (below absolute correlation threshold),376,training only (frozen before validation refit),0.05023692678026865,0.07309144362139712,-0.05623814239651061
4,Logistic oriented [unweighted],drawdown_severity,0.1375419467873827,0.1375419467873827,0.2,False,1.0,True,False,False,1.0,unchanged (below absolute correlation threshold),376,training only (frozen before validation refit),0.08319406049663736,0.19529575296634896,0.13037867971593076
4,Logistic oriented [unweighted],lagged_portfolio_loss_1d,0.20906573248736704,0.20906573248736704,0.2,True,1.0,True,False,True,1.0,unchanged (positive training correlation),376,training only (frozen before validation refit),0.01184702676193392,0.11978095360080145,0.244404385402735
4,Logistic oriented [unweighted],liquidity_stress_20d,0.1709066492459368,0.1709066492459368,0.2,False,1.0,True,False,False,1.0,unchanged (below absolute correlation threshold),376,training only (frozen before validation refit),0.08285584365524501,0.11763533655021872,0.036785285245492294
4,Logistic oriented [unweighted],market_loss_1d,-0.09428768658653597,0.09428768658653597,0.2,False,1.0,True,False,False,1.0,unchanged (below absolute correlation threshold),376,training only (frozen before validation refit),-0.02575177488683792,-0.035916555909380865,-0.12533775110696346
4,Logistic oriented [unweighted],negative_momentum_21d,0.28842058262832077,0.28842058262832077,0.2,True,1.0,True,False,True,1.0,unchanged (positive training correlation),376,training only (frozen before validation refit),0.18619036870487815,0.2501609158817962,0.3036425665150123
4,Logistic oriented [unweighted],realized_volatility_20d,0.2371046229840062,0.2371046229840062,0.2,True,1.0,True,False,True,1.0,unchanged (positive training correlation),376,training only (frozen before validation refit),0.09166015783502184,0.14341410329381674,0.14179894827447645
4,Logistic oriented [unweighted],term_spread_10y_2y_pct,0.06640717330660856,0.06640717330660856,0.2,False,0.0,False,False,False,1.0,unchanged (below absolute correlation threshold),376,training only (frozen before validation refit),-0.017637256985246656,-0.17361920730110814,-0.16035750208791916
4,Logistic oriented [unweighted],vix,0.27636179427553065,0.27636179427553065,0.2,True,1.0,True,False,True,1.0,unchanged (positive training correlation),376,training only (frozen before validation refit),0.19834189490338575,0.1319922080901239,0.1695182630558566
5,Choquistic 1-additive [balanced],average_equity_correlation_60d,0.19063883217899946,0.19063883217899946,0.2,False,0.3333333333333333,False,False,False,1.0,unchanged (below absolute correlation threshold),376,training only (frozen before validation refit),0.008781254023269342,-0.10448088578166821,0.0
5,Choquistic 1-additive [balanced],baa_credit_spread_pct,0.12124363554446531,0.12124363554446531,0.2,False,0.3333333333333333,False,False,False,1.0,unchanged (below absolute correlation threshold),376,training only (frozen before validation refit),-0.061331262294524805,0.07615832338611661,0.0
5,Choquistic 1-additive [balanced],drawdown_severity,0.2399109706527836,0.2399109706527836,0.2,True,0.6666666666666666,False,False,True,1.0,unchanged (positive training correlation),376,training only (frozen before validation refit),0.13156886749631777,0.029768923382206842,0.0
5,Choquistic 1-additive [balanced],lagged_portfolio_loss_1d,0.22868771338257948,0.22868771338257948,0.2,True,0.6666666666666666,False,False,True,1.0,unchanged (positive training correlation),376,training only (frozen before validation refit),0.24742017853267942,0.19471291939888838,0.0
5,Choquistic 1-additive [balanced],liquidity_stress_20d,0.17138414906021304,0.17138414906021304,0.2,False,0.3333333333333333,False,False,False,1.0,unchanged (below absolute correlation threshold),376,training only (frozen before validation refit),0.034429314339780116,-0.08994566146689992,0.0
5,Choquistic 1-additive [balanced],market_loss_1d,-0.08629739630800098,0.08629739630800098,0.2,False,0.3333333333333333,False,False,False,1.0,unchanged (below absolute correlation threshold),376,training only (frozen before validation refit),-0.1230869453675198,0.009002888431733884,0.0
5,Choquistic 1-additive [balanced],negative_momentum_21d,0.26700103172205564,0.26700103172205564,0.2,True,0.3333333333333333,False,False,True,1.0,unchanged (positive training correlation),376,training only (frozen before validation refit),0.30328588297945897,-0.07422749208078279,0.0
5,Choquistic 1-additive [balanced],realized_volatility_20d,0.23767715090087513,0.23767715090087513,0.2,True,0.3333333333333333,False,False,True,1.0,unchanged (positive training correlation),376,training only (frozen before validation refit),0.14054871963229443,-0.07399989440930299,0.0
5,Choquistic 1-additive [balanced],term_spread_10y_2y_pct,-0.2310754504887887,0.2310754504887887,0.2,True,0.6666666666666666,False,False,True,-1.0,multiplied by -1,376,training only (frozen before validation refit),-0.16581444859265548,-0.04370594017101502,0.0
5,Choquistic 1-additive [balanced],vix,0.25779976125722737,0.25779976125722737,0.2,True,0.6666666666666666,False,False,True,1.0,unchanged (positive training correlation),376,training only (frozen before validation refit),0.1677660077042479,0.1840608002455387,0.0
5,Choquistic 1-additive [unweighted],average_equity_correlation_60d,0.19063883217899946,0.19063883217899946,0.2,False,0.3333333333333333,False,False,False,1.0,unchanged (below absolute correlation threshold),376,training only (frozen before validation refit),0.008781254023269342,-0.10448088578166821,0.0
5,Choquistic 1-additive [unweighted],baa_credit_spread_pct,0.12124363554446531,0.12124363554446531,0.2,False,0.3333333333333333,False,False,False,1.0,unchanged (below absolute correlation threshold),376,training only (frozen before validation refit),-0.061331262294524805,0.07615832338611661,0.0
5,Choquistic 1-additive [unweighted],drawdown_severity,0.2399109706527836,0.2399109706527836,0.2,True,0.6666666666666666,False,False,True,1.0,unchanged (positive training correlation),376,training only (frozen before validation refit),0.13156886749631777,0.029768923382206842,0.0
5,Choquistic 1-additive [unweighted],lagged_portfolio_loss_1d,0.22868771338257948,0.22868771338257948,0.2,True,0.6666666666666666,False,False,True,1.0,unchanged (positive training correlation),376,training only (frozen before validation refit),0.24742017853267942,0.19471291939888838,0.0
5,Choquistic 1-additive [unweighted],liquidity_stress_20d,0.17138414906021304,0.17138414906021304,0.2,False,0.3333333333333333,False,False,False,1.0,unchanged (below absolute correlation threshold),376,training only (frozen before validation refit),0.034429314339780116,-0.08994566146689992,0.0
5,Choquistic 1-additive [unweighted],market_loss_1d,-0.08629739630800098,0.08629739630800098,0.2,False,0.3333333333333333,False,False,False,1.0,unchanged (below absolute correlation threshold),376,training only (frozen before validation refit),-0.1230869453675198,0.009002888431733884,0.0
5,Choquistic 1-additive [unweighted],negative_momentum_21d,0.26700103172205564,0.26700103172205564,0.2,True,0.3333333333333333,False,False,True,1.0,unchanged (positive training correlation),376,training only (frozen before validation refit),0.30328588297945897,-0.07422749208078279,0.0
5,Choquistic 1-additive [unweighted],realized_volatility_20d,0.23767715090087513,0.23767715090087513,0.2,True,0.3333333333333333,False,False,True,1.0,unchanged (positive training correlation),376,training only (frozen before validation refit),0.14054871963229443,-0.07399989440930299,0.0
5,Choquistic 1-additive [unweighted],term_spread_10y_2y_pct,-0.2310754504887887,0.2310754504887887,0.2,True,0.6666666666666666,False,False,True,-1.0,multiplied by -1,376,training only (frozen before validation refit),-0.16581444859265548,-0.04370594017101502,0.0
5,Choquistic 1-additive [unweighted],vix,0.25779976125722737,0.25779976125722737,0.2,True,0.6666666666666666,False,False,True,1.0,unchanged (positive training correlation),376,training only (frozen before validation refit),0.1677660077042479,0.1840608002455387,0.0
5,Choquistic 2-additive [balanced],average_equity_correlation_60d,0.19063883217899946,0.19063883217899946,0.2,False,0.3333333333333333,False,False,False,1.0,unchanged (below absolute correlation threshold),376,training only (frozen before validation refit),0.008781254023269342,-0.10448088578166821,0.0
5,Choquistic 2-additive [balanced],baa_credit_spread_pct,0.12124363554446531,0.12124363554446531,0.2,False,0.3333333333333333,False,False,False,1.0,unchanged (below absolute correlation threshold),376,training only (frozen before validation refit),-0.061331262294524805,0.07615832338611661,0.0
5,Choquistic 2-additive [balanced],drawdown_severity,0.2399109706527836,0.2399109706527836,0.2,True,0.6666666666666666,False,False,True,1.0,unchanged (positive training correlation),376,training only (frozen before validation refit),0.13156886749631777,0.029768923382206842,0.0
5,Choquistic 2-additive [balanced],lagged_portfolio_loss_1d,0.22868771338257948,0.22868771338257948,0.2,True,0.6666666666666666,False,False,True,1.0,unchanged (positive training correlation),376,training only (frozen before validation refit),0.24742017853267942,0.19471291939888838,0.0
5,Choquistic 2-additive [balanced],liquidity_stress_20d,0.17138414906021304,0.17138414906021304,0.2,False,0.3333333333333333,False,False,False,1.0,unchanged (below absolute correlation threshold),376,training only (frozen before validation refit),0.034429314339780116,-0.08994566146689992,0.0
5,Choquistic 2-additive [balanced],market_loss_1d,-0.08629739630800098,0.08629739630800098,0.2,False,0.3333333333333333,False,False,False,1.0,unchanged (below absolute correlation threshold),376,training only (frozen before validation refit),-0.1230869453675198,0.009002888431733884,0.0
5,Choquistic 2-additive [balanced],negative_momentum_21d,0.26700103172205564,0.26700103172205564,0.2,True,0.3333333333333333,False,False,True,1.0,unchanged (positive training correlation),376,training only (frozen before validation refit),0.30328588297945897,-0.07422749208078279,0.0
5,Choquistic 2-additive [balanced],realized_volatility_20d,0.23767715090087513,0.23767715090087513,0.2,True,0.3333333333333333,False,False,True,1.0,unchanged (positive training correlation),376,training only (frozen before validation refit),0.14054871963229443,-0.07399989440930299,0.0
5,Choquistic 2-additive [balanced],term_spread_10y_2y_pct,-0.2310754504887887,0.2310754504887887,0.2,True,0.6666666666666666,False,False,True,-1.0,multiplied by -1,376,training only (frozen before validation refit),-0.16581444859265548,-0.04370594017101502,0.0
5,Choquistic 2-additive [balanced],vix,0.25779976125722737,0.25779976125722737,0.2,True,0.6666666666666666,False,False,True,1.0,unchanged (positive training correlation),376,training only (frozen before validation refit),0.1677660077042479,0.1840608002455387,0.0
5,Choquistic 2-additive [unweighted],average_equity_correlation_60d,0.19063883217899946,0.19063883217899946,0.2,False,0.3333333333333333,False,False,False,1.0,unchanged (below absolute correlation threshold),376,training only (frozen before validation refit),0.008781254023269342,-0.10448088578166821,0.0
5,Choquistic 2-additive [unweighted],baa_credit_spread_pct,0.12124363554446531,0.12124363554446531,0.2,False,0.3333333333333333,False,False,False,1.0,unchanged (below absolute correlation threshold),376,training only (frozen before validation refit),-0.061331262294524805,0.07615832338611661,0.0
5,Choquistic 2-additive [unweighted],drawdown_severity,0.2399109706527836,0.2399109706527836,0.2,True,0.6666666666666666,False,False,True,1.0,unchanged (positive training correlation),376,training only (frozen before validation refit),0.13156886749631777,0.029768923382206842,0.0
5,Choquistic 2-additive [unweighted],lagged_portfolio_loss_1d,0.22868771338257948,0.22868771338257948,0.2,True,0.6666666666666666,False,False,True,1.0,unchanged (positive training correlation),376,training only (frozen before validation refit),0.24742017853267942,0.19471291939888838,0.0
5,Choquistic 2-additive [unweighted],liquidity_stress_20d,0.17138414906021304,0.17138414906021304,0.2,False,0.3333333333333333,False,False,False,1.0,unchanged (below absolute correlation threshold),376,training only (frozen before validation refit),0.034429314339780116,-0.08994566146689992,0.0
5,Choquistic 2-additive [unweighted],market_loss_1d,-0.08629739630800098,0.08629739630800098,0.2,False,0.3333333333333333,False,False,False,1.0,unchanged (below absolute correlation threshold),376,training only (frozen before validation refit),-0.1230869453675198,0.009002888431733884,0.0
5,Choquistic 2-additive [unweighted],negative_momentum_21d,0.26700103172205564,0.26700103172205564,0.2,True,0.3333333333333333,False,False,True,1.0,unchanged (positive training correlation),376,training only (frozen before validation refit),0.30328588297945897,-0.07422749208078279,0.0
5,Choquistic 2-additive [unweighted],realized_volatility_20d,0.23767715090087513,0.23767715090087513,0.2,True,0.3333333333333333,False,False,True,1.0,unchanged (positive training correlation),376,training only (frozen before validation refit),0.14054871963229443,-0.07399989440930299,0.0
5,Choquistic 2-additive [unweighted],term_spread_10y_2y_pct,-0.2310754504887887,0.2310754504887887,0.2,True,0.6666666666666666,False,False,True,-1.0,multiplied by -1,376,training only (frozen before validation refit),-0.16581444859265548,-0.04370594017101502,0.0
5,Choquistic 2-additive [unweighted],vix,0.25779976125722737,0.25779976125722737,0.2,True,0.6666666666666666,False,False,True,1.0,unchanged (positive training correlation),376,training only (frozen before validation refit),0.1677660077042479,0.1840608002455387,0.0
5,Fuzzy Choquet neural network [balanced],average_equity_correlation_60d,0.19063883217899946,0.19063883217899946,0.2,False,0.3333333333333333,False,False,False,1.0,unchanged (below absolute correlation threshold),376,training only (frozen before validation refit),0.008781254023269342,-0.10448088578166821,0.0
5,Fuzzy Choquet neural network [balanced],baa_credit_spread_pct,0.12124363554446531,0.12124363554446531,0.2,False,0.3333333333333333,False,False,False,1.0,unchanged (below absolute correlation threshold),376,training only (frozen before validation refit),-0.061331262294524805,0.07615832338611661,0.0
5,Fuzzy Choquet neural network [balanced],drawdown_severity,0.2399109706527836,0.2399109706527836,0.2,True,0.6666666666666666,False,False,True,1.0,unchanged (positive training correlation),376,training only (frozen before validation refit),0.13156886749631777,0.029768923382206842,0.0
5,Fuzzy Choquet neural network [balanced],lagged_portfolio_loss_1d,0.22868771338257948,0.22868771338257948,0.2,True,0.6666666666666666,False,False,True,1.0,unchanged (positive training correlation),376,training only (frozen before validation refit),0.24742017853267942,0.19471291939888838,0.0
5,Fuzzy Choquet neural network [balanced],liquidity_stress_20d,0.17138414906021304,0.17138414906021304,0.2,False,0.3333333333333333,False,False,False,1.0,unchanged (below absolute correlation threshold),376,training only (frozen before validation refit),0.034429314339780116,-0.08994566146689992,0.0
5,Fuzzy Choquet neural network [balanced],market_loss_1d,-0.08629739630800098,0.08629739630800098,0.2,False,0.3333333333333333,False,False,False,1.0,unchanged (below absolute correlation threshold),376,training only (frozen before validation refit),-0.1230869453675198,0.009002888431733884,0.0
5,Fuzzy Choquet neural network [balanced],negative_momentum_21d,0.26700103172205564,0.26700103172205564,0.2,True,0.3333333333333333,False,False,True,1.0,unchanged (positive training correlation),376,training only (frozen before validation refit),0.30328588297945897,-0.07422749208078279,0.0
5,Fuzzy Choquet neural network [balanced],realized_volatility_20d,0.23767715090087513,0.23767715090087513,0.2,True,0.3333333333333333,False,False,True,1.0,unchanged (positive training correlation),376,training only (frozen before validation refit),0.14054871963229443,-0.07399989440930299,0.0
5,Fuzzy Choquet neural network [balanced],term_spread_10y_2y_pct,-0.2310754504887887,0.2310754504887887,0.2,True,0.6666666666666666,False,False,True,-1.0,multiplied by -1,376,training only (frozen before validation refit),-0.16581444859265548,-0.04370594017101502,0.0
5,Fuzzy Choquet neural network [balanced],vix,0.25779976125722737,0.25779976125722737,0.2,True,0.6666666666666666,False,False,True,1.0,unchanged (positive training correlation),376,training only (frozen before validation refit),0.1677660077042479,0.1840608002455387,0.0
5,Fuzzy Choquet neural network [unweighted],average_equity_correlation_60d,0.19063883217899946,0.19063883217899946,0.2,False,0.3333333333333333,False,False,False,1.0,unchanged (below absolute correlation threshold),376,training only (frozen before validation refit),0.008781254023269342,-0.10448088578166821,0.0
5,Fuzzy Choquet neural network [unweighted],baa_credit_spread_pct,0.12124363554446531,0.12124363554446531,0.2,False,0.3333333333333333,False,False,False,1.0,unchanged (below absolute correlation threshold),376,training only (frozen before validation refit),-0.061331262294524805,0.07615832338611661,0.0
5,Fuzzy Choquet neural network [unweighted],drawdown_severity,0.2399109706527836,0.2399109706527836,0.2,True,0.6666666666666666,False,False,True,1.0,unchanged (positive training correlation),376,training only (frozen before validation refit),0.13156886749631777,0.029768923382206842,0.0
5,Fuzzy Choquet neural network [unweighted],lagged_portfolio_loss_1d,0.22868771338257948,0.22868771338257948,0.2,True,0.6666666666666666,False,False,True,1.0,unchanged (positive training correlation),376,training only (frozen before validation refit),0.24742017853267942,0.19471291939888838,0.0
5,Fuzzy Choquet neural network [unweighted],liquidity_stress_20d,0.17138414906021304,0.17138414906021304,0.2,False,0.3333333333333333,False,False,False,1.0,unchanged (below absolute correlation threshold),376,training only (frozen before validation refit),0.034429314339780116,-0.08994566146689992,0.0
5,Fuzzy Choquet neural network [unweighted],market_loss_1d,-0.08629739630800098,0.08629739630800098,0.2,False,0.3333333333333333,False,False,False,1.0,unchanged (below absolute correlation threshold),376,training only (frozen before validation refit),-0.1230869453675198,0.009002888431733884,0.0
5,Fuzzy Choquet neural network [unweighted],negative_momentum_21d,0.26700103172205564,0.26700103172205564,0.2,True,0.3333333333333333,False,False,True,1.0,unchanged (positive training correlation),376,training only (frozen before validation refit),0.30328588297945897,-0.07422749208078279,0.0
5,Fuzzy Choquet neural network [unweighted],realized_volatility_20d,0.23767715090087513,0.23767715090087513,0.2,True,0.3333333333333333,False,False,True,1.0,unchanged (positive training correlation),376,training only (frozen before validation refit),0.14054871963229443,-0.07399989440930299,0.0
5,Fuzzy Choquet neural network [unweighted],term_spread_10y_2y_pct,-0.2310754504887887,0.2310754504887887,0.2,True,0.6666666666666666,False,False,True,-1.0,multiplied by -1,376,training only (frozen before validation refit),-0.16581444859265548,-0.04370594017101502,0.0
5,Fuzzy Choquet neural network [unweighted],vix,0.25779976125722737,0.25779976125722737,0.2,True,0.6666666666666666,False,False,True,1.0,unchanged (positive training correlation),376,training only (frozen before validation refit),0.1677660077042479,0.1840608002455387,0.0
5,Logistic oriented [balanced],average_equity_correlation_60d,0.19063883217899946,0.19063883217899946,0.2,False,0.3333333333333333,False,False,False,1.0,unchanged (below absolute correlation threshold),376,training only (frozen before validation refit),0.008781254023269342,-0.10448088578166821,0.0
5,Logistic oriented [balanced],baa_credit_spread_pct,0.12124363554446531,0.12124363554446531,0.2,False,0.3333333333333333,False,False,False,1.0,unchanged (below absolute correlation threshold),376,training only (frozen before validation refit),-0.061331262294524805,0.07615832338611661,0.0
5,Logistic oriented [balanced],drawdown_severity,0.2399109706527836,0.2399109706527836,0.2,True,0.6666666666666666,False,False,True,1.0,unchanged (positive training correlation),376,training only (frozen before validation refit),0.13156886749631777,0.029768923382206842,0.0
5,Logistic oriented [balanced],lagged_portfolio_loss_1d,0.22868771338257948,0.22868771338257948,0.2,True,0.6666666666666666,False,False,True,1.0,unchanged (positive training correlation),376,training only (frozen before validation refit),0.24742017853267942,0.19471291939888838,0.0
5,Logistic oriented [balanced],liquidity_stress_20d,0.17138414906021304,0.17138414906021304,0.2,False,0.3333333333333333,False,False,False,1.0,unchanged (below absolute correlation threshold),376,training only (frozen before validation refit),0.034429314339780116,-0.08994566146689992,0.0
5,Logistic oriented [balanced],market_loss_1d,-0.08629739630800098,0.08629739630800098,0.2,False,0.3333333333333333,False,False,False,1.0,unchanged (below absolute correlation threshold),376,training only (frozen before validation refit),-0.1230869453675198,0.009002888431733884,0.0
5,Logistic oriented [balanced],negative_momentum_21d,0.26700103172205564,0.26700103172205564,0.2,True,0.3333333333333333,False,False,True,1.0,unchanged (positive training correlation),376,training only (frozen before validation refit),0.30328588297945897,-0.07422749208078279,0.0
5,Logistic oriented [balanced],realized_volatility_20d,0.23767715090087513,0.23767715090087513,0.2,True,0.3333333333333333,False,False,True,1.0,unchanged (positive training correlation),376,training only (frozen before validation refit),0.14054871963229443,-0.07399989440930299,0.0
5,Logistic oriented [balanced],term_spread_10y_2y_pct,-0.2310754504887887,0.2310754504887887,0.2,True,0.6666666666666666,False,False,True,-1.0,multiplied by -1,376,training only (frozen before validation refit),-0.16581444859265548,-0.04370594017101502,0.0
5,Logistic oriented [balanced],vix,0.25779976125722737,0.25779976125722737,0.2,True,0.6666666666666666,False,False,True,1.0,unchanged (positive training correlation),376,training only (frozen before validation refit),0.1677660077042479,0.1840608002455387,0.0
5,Logistic oriented [unweighted],average_equity_correlation_60d,0.19063883217899946,0.19063883217899946,0.2,False,0.3333333333333333,False,False,False,1.0,unchanged (below absolute correlation threshold),376,training only (frozen before validation refit),0.008781254023269342,-0.10448088578166821,0.0
5,Logistic oriented [unweighted],baa_credit_spread_pct,0.12124363554446531,0.12124363554446531,0.2,False,0.3333333333333333,False,False,False,1.0,unchanged (below absolute correlation threshold),376,training only (frozen before validation refit),-0.061331262294524805,0.07615832338611661,0.0
5,Logistic oriented [unweighted],drawdown_severity,0.2399109706527836,0.2399109706527836,0.2,True,0.6666666666666666,False,False,True,1.0,unchanged (positive training correlation),376,training only (frozen before validation refit),0.13156886749631777,0.029768923382206842,0.0
5,Logistic oriented [unweighted],lagged_portfolio_loss_1d,0.22868771338257948,0.22868771338257948,0.2,True,0.6666666666666666,False,False,True,1.0,unchanged (positive training correlation),376,training only (frozen before validation refit),0.24742017853267942,0.19471291939888838,0.0
5,Logistic oriented [unweighted],liquidity_stress_20d,0.17138414906021304,0.17138414906021304,0.2,False,0.3333333333333333,False,False,False,1.0,unchanged (below absolute correlation threshold),376,training only (frozen before validation refit),0.034429314339780116,-0.08994566146689992,0.0
5,Logistic oriented [unweighted],market_loss_1d,-0.08629739630800098,0.08629739630800098,0.2,False,0.3333333333333333,False,False,False,1.0,unchanged (below absolute correlation threshold),376,training only (frozen before validation refit),-0.1230869453675198,0.009002888431733884,0.0
5,Logistic oriented [unweighted],negative_momentum_21d,0.26700103172205564,0.26700103172205564,0.2,True,0.3333333333333333,False,False,True,1.0,unchanged (positive training correlation),376,training only (frozen before validation refit),0.30328588297945897,-0.07422749208078279,0.0
5,Logistic oriented [unweighted],realized_volatility_20d,0.23767715090087513,0.23767715090087513,0.2,True,0.3333333333333333,False,False,True,1.0,unchanged (positive training correlation),376,training only (frozen before validation refit),0.14054871963229443,-0.07399989440930299,0.0
5,Logistic oriented [unweighted],term_spread_10y_2y_pct,-0.2310754504887887,0.2310754504887887,0.2,True,0.6666666666666666,False,False,True,-1.0,multiplied by -1,376,training only (frozen before validation refit),-0.16581444859265548,-0.04370594017101502,0.0
5,Logistic oriented [unweighted],vix,0.25779976125722737,0.25779976125722737,0.2,True,0.6666666666666666,False,False,True,1.0,unchanged (positive training correlation),376,training only (frozen before validation refit),0.1677660077042479,0.1840608002455387,0.0
6,Choquistic 1-additive [balanced],average_equity_correlation_60d,0.1474707543748578,0.1474707543748578,0.2,False,0.3333333333333333,False,False,False,1.0,unchanged (below absolute correlation threshold),375,training only (frozen before validation refit),0.0,0.04332412962880192,-0.011815638794995002
6,Choquistic 1-additive [balanced],baa_credit_spread_pct,-0.0692750030686913,0.0692750030686913,0.2,False,0.6666666666666666,False,False,False,1.0,unchanged (below absolute correlation threshold),375,training only (frozen before validation refit),0.0,-0.16064955530233932,-0.12795970476421975
6,Choquistic 1-additive [balanced],drawdown_severity,0.1344460953153022,0.1344460953153022,0.2,False,0.3333333333333333,False,False,False,1.0,unchanged (below absolute correlation threshold),375,training only (frozen before validation refit),0.0,0.008665847176762942,-0.06634515446874605
6,Choquistic 1-additive [balanced],lagged_portfolio_loss_1d,0.08297592557357399,0.08297592557357399,0.2,False,0.6666666666666666,False,False,False,1.0,unchanged (below absolute correlation threshold),375,training only (frozen before validation refit),0.0,0.13802287553429146,0.03987807286458615
6,Choquistic 1-additive [balanced],liquidity_stress_20d,0.002057011255191076,0.002057011255191076,0.2,False,0.0,False,False,False,1.0,unchanged (below absolute correlation threshold),375,training only (frozen before validation refit),0.0,-0.0056881302519815975,-0.03820919422837049
6,Choquistic 1-additive [balanced],market_loss_1d,-0.0023739691398727103,0.0023739691398727103,0.2,False,0.6666666666666666,False,False,False,1.0,unchanged (below absolute correlation threshold),375,training only (frozen before validation refit),0.0,-0.08793675899154423,-0.021965188883415573
6,Choquistic 1-additive [balanced],negative_momentum_21d,0.09479572091925818,0.09479572091925818,0.2,False,0.0,False,False,False,1.0,unchanged (below absolute correlation threshold),375,training only (frozen before validation refit),0.0,-0.03653899349258235,-0.04111151088752376
6,Choquistic 1-additive [balanced],realized_volatility_20d,0.15445843481231397,0.15445843481231397,0.2,False,0.3333333333333333,False,False,False,1.0,unchanged (below absolute correlation threshold),375,training only (frozen before validation refit),0.0,0.04119552708744845,-0.07120077386366833
6,Choquistic 1-additive [balanced],term_spread_10y_2y_pct,-0.24301033005302905,0.24301033005302905,0.2,True,0.6666666666666666,False,False,True,-1.0,multiplied by -1,375,training only (frozen before validation refit),0.0,-0.007693401761758411,-0.018901434151175563
6,Choquistic 1-additive [balanced],vix,0.09264464496610592,0.09264464496610592,0.2,False,0.3333333333333333,False,False,False,1.0,unchanged (below absolute correlation threshold),375,training only (frozen before validation refit),0.0,0.0826587653702237,-0.14149232066203482
6,Choquistic 1-additive [unweighted],average_equity_correlation_60d,0.1474707543748578,0.1474707543748578,0.2,False,0.3333333333333333,False,False,False,1.0,unchanged (below absolute correlation threshold),375,training only (frozen before validation refit),0.0,0.04332412962880192,-0.011815638794995002
6,Choquistic 1-additive [unweighted],baa_credit_spread_pct,-0.0692750030686913,0.0692750030686913,0.2,False,0.6666666666666666,False,False,False,1.0,unchanged (below absolute correlation threshold),375,training only (frozen before validation refit),0.0,-0.16064955530233932,-0.12795970476421975
6,Choquistic 1-additive [unweighted],drawdown_severity,0.1344460953153022,0.1344460953153022,0.2,False,0.3333333333333333,False,False,False,1.0,unchanged (below absolute correlation threshold),375,training only (frozen before validation refit),0.0,0.008665847176762942,-0.06634515446874605
6,Choquistic 1-additive [unweighted],lagged_portfolio_loss_1d,0.08297592557357399,0.08297592557357399,0.2,False,0.6666666666666666,False,False,False,1.0,unchanged (below absolute correlation threshold),375,training only (frozen before validation refit),0.0,0.13802287553429146,0.03987807286458615
6,Choquistic 1-additive [unweighted],liquidity_stress_20d,0.002057011255191076,0.002057011255191076,0.2,False,0.0,False,False,False,1.0,unchanged (below absolute correlation threshold),375,training only (frozen before validation refit),0.0,-0.0056881302519815975,-0.03820919422837049
6,Choquistic 1-additive [unweighted],market_loss_1d,-0.0023739691398727103,0.0023739691398727103,0.2,False,0.6666666666666666,False,False,False,1.0,unchanged (below absolute correlation threshold),375,training only (frozen before validation refit),0.0,-0.08793675899154423,-0.021965188883415573
6,Choquistic 1-additive [unweighted],negative_momentum_21d,0.09479572091925818,0.09479572091925818,0.2,False,0.0,False,False,False,1.0,unchanged (below absolute correlation threshold),375,training only (frozen before validation refit),0.0,-0.03653899349258235,-0.04111151088752376
6,Choquistic 1-additive [unweighted],realized_volatility_20d,0.15445843481231397,0.15445843481231397,0.2,False,0.3333333333333333,False,False,False,1.0,unchanged (below absolute correlation threshold),375,training only (frozen before validation refit),0.0,0.04119552708744845,-0.07120077386366833
6,Choquistic 1-additive [unweighted],term_spread_10y_2y_pct,-0.24301033005302905,0.24301033005302905,0.2,True,0.6666666666666666,False,False,True,-1.0,multiplied by -1,375,training only (frozen before validation refit),0.0,-0.007693401761758411,-0.018901434151175563
6,Choquistic 1-additive [unweighted],vix,0.09264464496610592,0.09264464496610592,0.2,False,0.3333333333333333,False,False,False,1.0,unchanged (below absolute correlation threshold),375,training only (frozen before validation refit),0.0,0.0826587653702237,-0.14149232066203482
6,Choquistic 2-additive [balanced],average_equity_correlation_60d,0.1474707543748578,0.1474707543748578,0.2,False,0.3333333333333333,False,False,False,1.0,unchanged (below absolute correlation threshold),375,training only (frozen before validation refit),0.0,0.04332412962880192,-0.011815638794995002
6,Choquistic 2-additive [balanced],baa_credit_spread_pct,-0.0692750030686913,0.0692750030686913,0.2,False,0.6666666666666666,False,False,False,1.0,unchanged (below absolute correlation threshold),375,training only (frozen before validation refit),0.0,-0.16064955530233932,-0.12795970476421975
6,Choquistic 2-additive [balanced],drawdown_severity,0.1344460953153022,0.1344460953153022,0.2,False,0.3333333333333333,False,False,False,1.0,unchanged (below absolute correlation threshold),375,training only (frozen before validation refit),0.0,0.008665847176762942,-0.06634515446874605
6,Choquistic 2-additive [balanced],lagged_portfolio_loss_1d,0.08297592557357399,0.08297592557357399,0.2,False,0.6666666666666666,False,False,False,1.0,unchanged (below absolute correlation threshold),375,training only (frozen before validation refit),0.0,0.13802287553429146,0.03987807286458615
6,Choquistic 2-additive [balanced],liquidity_stress_20d,0.002057011255191076,0.002057011255191076,0.2,False,0.0,False,False,False,1.0,unchanged (below absolute correlation threshold),375,training only (frozen before validation refit),0.0,-0.0056881302519815975,-0.03820919422837049
6,Choquistic 2-additive [balanced],market_loss_1d,-0.0023739691398727103,0.0023739691398727103,0.2,False,0.6666666666666666,False,False,False,1.0,unchanged (below absolute correlation threshold),375,training only (frozen before validation refit),0.0,-0.08793675899154423,-0.021965188883415573
6,Choquistic 2-additive [balanced],negative_momentum_21d,0.09479572091925818,0.09479572091925818,0.2,False,0.0,False,False,False,1.0,unchanged (below absolute correlation threshold),375,training only (frozen before validation refit),0.0,-0.03653899349258235,-0.04111151088752376
6,Choquistic 2-additive [balanced],realized_volatility_20d,0.15445843481231397,0.15445843481231397,0.2,False,0.3333333333333333,False,False,False,1.0,unchanged (below absolute correlation threshold),375,training only (frozen before validation refit),0.0,0.04119552708744845,-0.07120077386366833
6,Choquistic 2-additive [balanced],term_spread_10y_2y_pct,-0.24301033005302905,0.24301033005302905,0.2,True,0.6666666666666666,False,False,True,-1.0,multiplied by -1,375,training only (frozen before validation refit),0.0,-0.007693401761758411,-0.018901434151175563
6,Choquistic 2-additive [balanced],vix,0.09264464496610592,0.09264464496610592,0.2,False,0.3333333333333333,False,False,False,1.0,unchanged (below absolute correlation threshold),375,training only (frozen before validation refit),0.0,0.0826587653702237,-0.14149232066203482
6,Choquistic 2-additive [unweighted],average_equity_correlation_60d,0.1474707543748578,0.1474707543748578,0.2,False,0.3333333333333333,False,False,False,1.0,unchanged (below absolute correlation threshold),375,training only (frozen before validation refit),0.0,0.04332412962880192,-0.011815638794995002
6,Choquistic 2-additive [unweighted],baa_credit_spread_pct,-0.0692750030686913,0.0692750030686913,0.2,False,0.6666666666666666,False,False,False,1.0,unchanged (below absolute correlation threshold),375,training only (frozen before validation refit),0.0,-0.16064955530233932,-0.12795970476421975
6,Choquistic 2-additive [unweighted],drawdown_severity,0.1344460953153022,0.1344460953153022,0.2,False,0.3333333333333333,False,False,False,1.0,unchanged (below absolute correlation threshold),375,training only (frozen before validation refit),0.0,0.008665847176762942,-0.06634515446874605
6,Choquistic 2-additive [unweighted],lagged_portfolio_loss_1d,0.08297592557357399,0.08297592557357399,0.2,False,0.6666666666666666,False,False,False,1.0,unchanged (below absolute correlation threshold),375,training only (frozen before validation refit),0.0,0.13802287553429146,0.03987807286458615
6,Choquistic 2-additive [unweighted],liquidity_stress_20d,0.002057011255191076,0.002057011255191076,0.2,False,0.0,False,False,False,1.0,unchanged (below absolute correlation threshold),375,training only (frozen before validation refit),0.0,-0.0056881302519815975,-0.03820919422837049
6,Choquistic 2-additive [unweighted],market_loss_1d,-0.0023739691398727103,0.0023739691398727103,0.2,False,0.6666666666666666,False,False,False,1.0,unchanged (below absolute correlation threshold),375,training only (frozen before validation refit),0.0,-0.08793675899154423,-0.021965188883415573
6,Choquistic 2-additive [unweighted],negative_momentum_21d,0.09479572091925818,0.09479572091925818,0.2,False,0.0,False,False,False,1.0,unchanged (below absolute correlation threshold),375,training only (frozen before validation refit),0.0,-0.03653899349258235,-0.04111151088752376
6,Choquistic 2-additive [unweighted],realized_volatility_20d,0.15445843481231397,0.15445843481231397,0.2,False,0.3333333333333333,False,False,False,1.0,unchanged (below absolute correlation threshold),375,training only (frozen before validation refit),0.0,0.04119552708744845,-0.07120077386366833
6,Choquistic 2-additive [unweighted],term_spread_10y_2y_pct,-0.24301033005302905,0.24301033005302905,0.2,True,0.6666666666666666,False,False,True,-1.0,multiplied by -1,375,training only (frozen before validation refit),0.0,-0.007693401761758411,-0.018901434151175563
6,Choquistic 2-additive [unweighted],vix,0.09264464496610592,0.09264464496610592,0.2,False,0.3333333333333333,False,False,False,1.0,unchanged (below absolute correlation threshold),375,training only (frozen before validation refit),0.0,0.0826587653702237,-0.14149232066203482
6,Fuzzy Choquet neural network [balanced],average_equity_correlation_60d,0.1474707543748578,0.1474707543748578,0.2,False,0.3333333333333333,False,False,False,1.0,unchanged (below absolute correlation threshold),375,training only (frozen before validation refit),0.0,0.04332412962880192,-0.011815638794995002
6,Fuzzy Choquet neural network [balanced],baa_credit_spread_pct,-0.0692750030686913,0.0692750030686913,0.2,False,0.6666666666666666,False,False,False,1.0,unchanged (below absolute correlation threshold),375,training only (frozen before validation refit),0.0,-0.16064955530233932,-0.12795970476421975
6,Fuzzy Choquet neural network [balanced],drawdown_severity,0.1344460953153022,0.1344460953153022,0.2,False,0.3333333333333333,False,False,False,1.0,unchanged (below absolute correlation threshold),375,training only (frozen before validation refit),0.0,0.008665847176762942,-0.06634515446874605
6,Fuzzy Choquet neural network [balanced],lagged_portfolio_loss_1d,0.08297592557357399,0.08297592557357399,0.2,False,0.6666666666666666,False,False,False,1.0,unchanged (below absolute correlation threshold),375,training only (frozen before validation refit),0.0,0.13802287553429146,0.03987807286458615
6,Fuzzy Choquet neural network [balanced],liquidity_stress_20d,0.002057011255191076,0.002057011255191076,0.2,False,0.0,False,False,False,1.0,unchanged (below absolute correlation threshold),375,training only (frozen before validation refit),0.0,-0.0056881302519815975,-0.03820919422837049
6,Fuzzy Choquet neural network [balanced],market_loss_1d,-0.0023739691398727103,0.0023739691398727103,0.2,False,0.6666666666666666,False,False,False,1.0,unchanged (below absolute correlation threshold),375,training only (frozen before validation refit),0.0,-0.08793675899154423,-0.021965188883415573
6,Fuzzy Choquet neural network [balanced],negative_momentum_21d,0.09479572091925818,0.09479572091925818,0.2,False,0.0,False,False,False,1.0,unchanged (below absolute correlation threshold),375,training only (frozen before validation refit),0.0,-0.03653899349258235,-0.04111151088752376
6,Fuzzy Choquet neural network [balanced],realized_volatility_20d,0.15445843481231397,0.15445843481231397,0.2,False,0.3333333333333333,False,False,False,1.0,unchanged (below absolute correlation threshold),375,training only (frozen before validation refit),0.0,0.04119552708744845,-0.07120077386366833
6,Fuzzy Choquet neural network [balanced],term_spread_10y_2y_pct,-0.24301033005302905,0.24301033005302905,0.2,True,0.6666666666666666,False,False,True,-1.0,multiplied by -1,375,training only (frozen before validation refit),0.0,-0.007693401761758411,-0.018901434151175563
6,Fuzzy Choquet neural network [balanced],vix,0.09264464496610592,0.09264464496610592,0.2,False,0.3333333333333333,False,False,False,1.0,unchanged (below absolute correlation threshold),375,training only (frozen before validation refit),0.0,0.0826587653702237,-0.14149232066203482
6,Fuzzy Choquet neural network [unweighted],average_equity_correlation_60d,0.1474707543748578,0.1474707543748578,0.2,False,0.3333333333333333,False,False,False,1.0,unchanged (below absolute correlation threshold),375,training only (frozen before validation refit),0.0,0.04332412962880192,-0.011815638794995002
6,Fuzzy Choquet neural network [unweighted],baa_credit_spread_pct,-0.0692750030686913,0.0692750030686913,0.2,False,0.6666666666666666,False,False,False,1.0,unchanged (below absolute correlation threshold),375,training only (frozen before validation refit),0.0,-0.16064955530233932,-0.12795970476421975
6,Fuzzy Choquet neural network [unweighted],drawdown_severity,0.1344460953153022,0.1344460953153022,0.2,False,0.3333333333333333,False,False,False,1.0,unchanged (below absolute correlation threshold),375,training only (frozen before validation refit),0.0,0.008665847176762942,-0.06634515446874605
6,Fuzzy Choquet neural network [unweighted],lagged_portfolio_loss_1d,0.08297592557357399,0.08297592557357399,0.2,False,0.6666666666666666,False,False,False,1.0,unchanged (below absolute correlation threshold),375,training only (frozen before validation refit),0.0,0.13802287553429146,0.03987807286458615
6,Fuzzy Choquet neural network [unweighted],liquidity_stress_20d,0.002057011255191076,0.002057011255191076,0.2,False,0.0,False,False,False,1.0,unchanged (below absolute correlation threshold),375,training only (frozen before validation refit),0.0,-0.0056881302519815975,-0.03820919422837049
6,Fuzzy Choquet neural network [unweighted],market_loss_1d,-0.0023739691398727103,0.0023739691398727103,0.2,False,0.6666666666666666,False,False,False,1.0,unchanged (below absolute correlation threshold),375,training only (frozen before validation refit),0.0,-0.08793675899154423,-0.021965188883415573
6,Fuzzy Choquet neural network [unweighted],negative_momentum_21d,0.09479572091925818,0.09479572091925818,0.2,False,0.0,False,False,False,1.0,unchanged (below absolute correlation threshold),375,training only (frozen before validation refit),0.0,-0.03653899349258235,-0.04111151088752376
6,Fuzzy Choquet neural network [unweighted],realized_volatility_20d,0.15445843481231397,0.15445843481231397,0.2,False,0.3333333333333333,False,False,False,1.0,unchanged (below absolute correlation threshold),375,training only (frozen before validation refit),0.0,0.04119552708744845,-0.07120077386366833
6,Fuzzy Choquet neural network [unweighted],term_spread_10y_2y_pct,-0.24301033005302905,0.24301033005302905,0.2,True,0.6666666666666666,False,False,True,-1.0,multiplied by -1,375,training only (frozen before validation refit),0.0,-0.007693401761758411,-0.018901434151175563
6,Fuzzy Choquet neural network [unweighted],vix,0.09264464496610592,0.09264464496610592,0.2,False,0.3333333333333333,False,False,False,1.0,unchanged (below absolute correlation threshold),375,training only (frozen before validation refit),0.0,0.0826587653702237,-0.14149232066203482
6,Logistic oriented [balanced],average_equity_correlation_60d,0.1474707543748578,0.1474707543748578,0.2,False,0.3333333333333333,False,False,False,1.0,unchanged (below absolute correlation threshold),375,training only (frozen before validation refit),0.0,0.04332412962880192,-0.011815638794995002
6,Logistic oriented [balanced],baa_credit_spread_pct,-0.0692750030686913,0.0692750030686913,0.2,False,0.6666666666666666,False,False,False,1.0,unchanged (below absolute correlation threshold),375,training only (frozen before validation refit),0.0,-0.16064955530233932,-0.12795970476421975
6,Logistic oriented [balanced],drawdown_severity,0.1344460953153022,0.1344460953153022,0.2,False,0.3333333333333333,False,False,False,1.0,unchanged (below absolute correlation threshold),375,training only (frozen before validation refit),0.0,0.008665847176762942,-0.06634515446874605
6,Logistic oriented [balanced],lagged_portfolio_loss_1d,0.08297592557357399,0.08297592557357399,0.2,False,0.6666666666666666,False,False,False,1.0,unchanged (below absolute correlation threshold),375,training only (frozen before validation refit),0.0,0.13802287553429146,0.03987807286458615
6,Logistic oriented [balanced],liquidity_stress_20d,0.002057011255191076,0.002057011255191076,0.2,False,0.0,False,False,False,1.0,unchanged (below absolute correlation threshold),375,training only (frozen before validation refit),0.0,-0.0056881302519815975,-0.03820919422837049
6,Logistic oriented [balanced],market_loss_1d,-0.0023739691398727103,0.0023739691398727103,0.2,False,0.6666666666666666,False,False,False,1.0,unchanged (below absolute correlation threshold),375,training only (frozen before validation refit),0.0,-0.08793675899154423,-0.021965188883415573
6,Logistic oriented [balanced],negative_momentum_21d,0.09479572091925818,0.09479572091925818,0.2,False,0.0,False,False,False,1.0,unchanged (below absolute correlation threshold),375,training only (frozen before validation refit),0.0,-0.03653899349258235,-0.04111151088752376
6,Logistic oriented [balanced],realized_volatility_20d,0.15445843481231397,0.15445843481231397,0.2,False,0.3333333333333333,False,False,False,1.0,unchanged (below absolute correlation threshold),375,training only (frozen before validation refit),0.0,0.04119552708744845,-0.07120077386366833
6,Logistic oriented [balanced],term_spread_10y_2y_pct,-0.24301033005302905,0.24301033005302905,0.2,True,0.6666666666666666,False,False,True,-1.0,multiplied by -1,375,training only (frozen before validation refit),0.0,-0.007693401761758411,-0.018901434151175563
6,Logistic oriented [balanced],vix,0.09264464496610592,0.09264464496610592,0.2,False,0.3333333333333333,False,False,False,1.0,unchanged (below absolute correlation threshold),375,training only (frozen before validation refit),0.0,0.0826587653702237,-0.14149232066203482
6,Logistic oriented [unweighted],average_equity_correlation_60d,0.1474707543748578,0.1474707543748578,0.2,False,0.3333333333333333,False,False,False,1.0,unchanged (below absolute correlation threshold),375,training only (frozen before validation refit),0.0,0.04332412962880192,-0.011815638794995002
6,Logistic oriented [unweighted],baa_credit_spread_pct,-0.0692750030686913,0.0692750030686913,0.2,False,0.6666666666666666,False,False,False,1.0,unchanged (below absolute correlation threshold),375,training only (frozen before validation refit),0.0,-0.16064955530233932,-0.12795970476421975
6,Logistic oriented [unweighted],drawdown_severity,0.1344460953153022,0.1344460953153022,0.2,False,0.3333333333333333,False,False,False,1.0,unchanged (below absolute correlation threshold),375,training only (frozen before validation refit),0.0,0.008665847176762942,-0.06634515446874605
6,Logistic oriented [unweighted],lagged_portfolio_loss_1d,0.08297592557357399,0.08297592557357399,0.2,False,0.6666666666666666,False,False,False,1.0,unchanged (below absolute correlation threshold),375,training only (frozen before validation refit),0.0,0.13802287553429146,0.03987807286458615
6,Logistic oriented [unweighted],liquidity_stress_20d,0.002057011255191076,0.002057011255191076,0.2,False,0.0,False,False,False,1.0,unchanged (below absolute correlation threshold),375,training only (frozen before validation refit),0.0,-0.0056881302519815975,-0.03820919422837049
6,Logistic oriented [unweighted],market_loss_1d,-0.0023739691398727103,0.0023739691398727103,0.2,False,0.6666666666666666,False,False,False,1.0,unchanged (below absolute correlation threshold),375,training only (frozen before validation refit),0.0,-0.08793675899154423,-0.021965188883415573
6,Logistic oriented [unweighted],negative_momentum_21d,0.09479572091925818,0.09479572091925818,0.2,False,0.0,False,False,False,1.0,unchanged (below absolute correlation threshold),375,training only (frozen before validation refit),0.0,-0.03653899349258235,-0.04111151088752376
6,Logistic oriented [unweighted],realized_volatility_20d,0.15445843481231397,0.15445843481231397,0.2,False,0.3333333333333333,False,False,False,1.0,unchanged (below absolute correlation threshold),375,training only (frozen before validation refit),0.0,0.04119552708744845,-0.07120077386366833
6,Logistic oriented [unweighted],term_spread_10y_2y_pct,-0.24301033005302905,0.24301033005302905,0.2,True,0.6666666666666666,False,False,True,-1.0,multiplied by -1,375,training only (frozen before validation refit),0.0,-0.007693401761758411,-0.018901434151175563
6,Logistic oriented [unweighted],vix,0.09264464496610592,0.09264464496610592,0.2,False,0.3333333333333333,False,False,False,1.0,unchanged (below absolute correlation threshold),375,training only (frozen before validation refit),0.0,0.0826587653702237,-0.14149232066203482
