date,Rolling prior probability,Rolling prior probability [sigmoid],Logistic [balanced],Logistic [balanced] [sigmoid],Logistic oriented [balanced],Logistic oriented [balanced] [sigmoid],Penalized logistic [balanced],Penalized logistic [balanced] [sigmoid],Gradient boosting [balanced],Gradient boosting [balanced] [sigmoid],Choquistic 1-additive [balanced],Choquistic 1-additive [balanced] [sigmoid],Choquistic 2-additive [balanced],Choquistic 2-additive [balanced] [sigmoid],Logistic [unweighted],Logistic [unweighted] [sigmoid],Logistic oriented [unweighted],Logistic oriented [unweighted] [sigmoid],Penalized logistic [unweighted],Penalized logistic [unweighted] [sigmoid],Gradient boosting [unweighted],Gradient boosting [unweighted] [sigmoid],Choquistic 1-additive [unweighted],Choquistic 1-additive [unweighted] [sigmoid],Choquistic 2-additive [unweighted],Choquistic 2-additive [unweighted] [sigmoid],Choquistic model aggregator [balanced],Choquistic model aggregator [balanced] [sigmoid],Choquistic model aggregator [unweighted],Choquistic model aggregator [unweighted] [sigmoid]
2020-01-02,0.01,0.01,5.814348883064486e-07,0.04887499225114831,5.814348883064486e-07,0.04887499225114831,1.0849892150215118e-06,0.048907082236010174,0.0026570911399073083,0.04755024430256599,0.027504565751509672,0.07361110045275439,0.0026969564204260632,0.04876525779791954,1.3588378574784303e-09,0.05008411361961264,1.3588378574784303e-09,0.05008411361961264,2.2791660417815425e-07,0.050091462018471464,0.0012493809594035638,0.04590157481859518,0.002864805698526316,0.06359579530728464,0.0010882258074600105,0.04925831772161098,0.05791117521057976,0.01,0.04750326206047503,0.050489557304724736
2020-01-03,0.01,0.01,5.814348883064486e-07,0.04887499225114831,5.814348883064486e-07,0.04887499225114831,1.0849892150215118e-06,0.048907082236010174,0.0026570911399073083,0.04755024430256599,0.027504565751509672,0.07361110045275439,0.0026969564204260632,0.04876525779791954,1.3588378574784303e-09,0.05008411361961264,1.3588378574784303e-09,0.05008411361961264,2.2791660417815425e-07,0.050091462018471464,0.0012493809594035638,0.04590157481859518,0.002864805698526316,0.06359579530728464,0.0010882258074600105,0.04925831772161098,0.05791117521057976,0.01,0.04750326206047503,0.050489557304724736
2020-01-06,0.01,0.01,5.814348883064486e-07,0.04887499225114831,5.814348883064486e-07,0.04887499225114831,1.0849892150215118e-06,0.048907082236010174,0.0026570911399073083,0.04755024430256599,0.027504565751509672,0.07361110045275439,0.0026969564204260632,0.04876525779791954,1.3588378574784303e-09,0.05008411361961264,1.3588378574784303e-09,0.05008411361961264,2.2791660417815425e-07,0.050091462018471464,0.0012493809594035638,0.04590157481859518,0.002864805698526316,0.06359579530728464,0.0010882258074600105,0.04925831772161098,0.05791117521057976,0.01,0.04750326206047503,0.050489557304724736
2020-01-07,0.01,0.01,5.814348883064486e-07,0.04887499225114831,5.814348883064486e-07,0.04887499225114831,1.0849892150215118e-06,0.048907082236010174,0.0026570911399073083,0.04755024430256599,0.027504565751509672,0.07361110045275439,0.0026969564204260632,0.04876525779791954,1.3588378574784303e-09,0.05008411361961264,1.3588378574784303e-09,0.05008411361961264,2.2791660417815425e-07,0.050091462018471464,0.0012493809594035638,0.04590157481859518,0.002864805698526316,0.06359579530728464,0.0010882258074600105,0.04925831772161098,0.05791117521057976,0.01,0.04750326206047503,0.050489557304724736
2020-01-08,0.01,0.01,5.814348883064486e-07,0.04887499225114831,5.814348883064486e-07,0.04887499225114831,1.0849892150215118e-06,0.048907082236010174,0.0026570911399073083,0.04755024430256599,0.027504565751509672,0.07361110045275439,0.0026969564204260632,0.04876525779791954,1.3588378574784303e-09,0.05008411361961264,1.3588378574784303e-09,0.05008411361961264,2.2791660417815425e-07,0.050091462018471464,0.0012493809594035638,0.04590157481859518,0.002864805698526316,0.06359579530728464,0.0010882258074600105,0.04925831772161098,0.05791117521057976,0.01,0.04750326206047503,0.050489557304724736
2020-01-09,0.01,0.01,5.814348883064486e-07,0.04887499225114831,5.814348883064486e-07,0.04887499225114831,1.0849892150215118e-06,0.048907082236010174,0.0026570911399073083,0.04755024430256599,0.027504565751509672,0.07361110045275439,0.0026969564204260632,0.04876525779791954,1.3588378574784303e-09,0.05008411361961264,1.3588378574784303e-09,0.05008411361961264,2.2791660417815425e-07,0.050091462018471464,0.0012493809594035638,0.04590157481859518,0.002864805698526316,0.06359579530728464,0.0010882258074600105,0.04925831772161098,0.05791117521057976,0.01,0.04750326206047503,0.050489557304724736
2020-01-10,0.01,0.01,5.814348883064486e-07,0.04887499225114831,5.814348883064486e-07,0.04887499225114831,1.0849892150215118e-06,0.048907082236010174,0.0026570911399073083,0.04755024430256599,0.027504565751509672,0.07361110045275439,0.0026969564204260632,0.04876525779791954,1.3588378574784303e-09,0.05008411361961264,1.3588378574784303e-09,0.05008411361961264,2.2791660417815425e-07,0.050091462018471464,0.0012493809594035638,0.04590157481859518,0.002864805698526316,0.06359579530728464,0.0010882258074600105,0.04925831772161098,0.05791117521057976,0.01,0.04750326206047503,0.050489557304724736
2020-01-13,0.01,0.01,5.814348883064486e-07,0.04887499225114831,5.814348883064486e-07,0.04887499225114831,1.0849892150215118e-06,0.048907082236010174,0.0026570911399073083,0.04755024430256599,0.027504565751509672,0.07361110045275439,0.0026969564204260632,0.04876525779791954,1.3588378574784303e-09,0.05008411361961264,1.3588378574784303e-09,0.05008411361961264,2.2791660417815425e-07,0.050091462018471464,0.0012493809594035638,0.04590157481859518,0.002864805698526316,0.06359579530728464,0.0010882258074600105,0.04925831772161098,0.05791117521057976,0.01,0.04750326206047503,0.050489557304724736
2020-01-14,0.01,0.01,5.814348883064486e-07,0.04887499225114831,5.814348883064486e-07,0.04887499225114831,1.0849892150215118e-06,0.048907082236010174,0.0026570911399073083,0.04755024430256599,0.027504565751509672,0.07361110045275439,0.0026969564204260632,0.04876525779791954,1.3588378574784303e-09,0.05008411361961264,1.3588378574784303e-09,0.05008411361961264,2.2791660417815425e-07,0.050091462018471464,0.0012493809594035638,0.04590157481859518,0.002864805698526316,0.06359579530728464,0.0010882258074600105,0.04925831772161098,0.05791117521057976,0.01,0.04750326206047503,0.050489557304724736
2020-01-15,0.01,0.01,5.814348883064486e-07,0.04887499225114831,5.814348883064486e-07,0.04887499225114831,1.0849892150215118e-06,0.048907082236010174,0.0026570911399073083,0.04755024430256599,0.027504565751509672,0.07361110045275439,0.0026969564204260632,0.04876525779791954,1.3588378574784303e-09,0.05008411361961264,1.3588378574784303e-09,0.05008411361961264,2.2791660417815425e-07,0.050091462018471464,0.0012493809594035638,0.04590157481859518,0.002864805698526316,0.06359579530728464,0.0010882258074600105,0.04925831772161098,0.05791117521057976,0.01,0.04750326206047503,0.050489557304724736
2020-01-16,0.01,0.01,5.814348883064486e-07,0.04887499225114831,5.814348883064486e-07,0.04887499225114831,1.0849892150215118e-06,0.048907082236010174,0.0026570911399073083,0.04755024430256599,0.027504565751509672,0.07361110045275439,0.0026969564204260632,0.04876525779791954,1.3588378574784303e-09,0.05008411361961264,1.3588378574784303e-09,0.05008411361961264,2.2791660417815425e-07,0.050091462018471464,0.0012493809594035638,0.04590157481859518,0.002864805698526316,0.06359579530728464,0.0010882258074600105,0.04925831772161098,0.05791117521057976,0.01,0.04750326206047503,0.050489557304724736
2020-01-17,0.01,0.01,5.814348883064486e-07,0.04887499225114831,5.814348883064486e-07,0.04887499225114831,1.0849892150215118e-06,0.048907082236010174,0.0026570911399073083,0.04755024430256599,0.027504565751509672,0.07361110045275439,0.0026969564204260632,0.04876525779791954,1.3588378574784303e-09,0.05008411361961264,1.3588378574784303e-09,0.05008411361961264,2.2791660417815425e-07,0.050091462018471464,0.0012493809594035638,0.04590157481859518,0.002864805698526316,0.06359579530728464,0.0010882258074600105,0.04925831772161098,0.05791117521057976,0.01,0.04750326206047503,0.050489557304724736
2020-01-21,0.01,0.01,5.814348883064486e-07,0.04887499225114831,5.814348883064486e-07,0.04887499225114831,1.0849892150215118e-06,0.048907082236010174,0.0026570911399073083,0.04755024430256599,0.027504565751509672,0.07361110045275439,0.0026969564204260632,0.04876525779791954,1.3588378574784303e-09,0.05008411361961264,1.3588378574784303e-09,0.05008411361961264,2.2791660417815425e-07,0.050091462018471464,0.0012493809594035638,0.04590157481859518,0.002864805698526316,0.06359579530728464,0.0010882258074600105,0.04925831772161098,0.05791117521057976,0.01,0.04750326206047503,0.050489557304724736
2020-01-22,0.01,0.01,5.814348883064486e-07,0.04887499225114831,5.814348883064486e-07,0.04887499225114831,1.0849892150215118e-06,0.048907082236010174,0.0026570911399073083,0.04755024430256599,0.027504565751509672,0.07361110045275439,0.0026969564204260632,0.04876525779791954,1.3588378574784303e-09,0.05008411361961264,1.3588378574784303e-09,0.05008411361961264,2.2791660417815425e-07,0.050091462018471464,0.0012493809594035638,0.04590157481859518,0.002864805698526316,0.06359579530728464,0.0010882258074600105,0.04925831772161098,0.05791117521057976,0.01,0.04750326206047503,0.050489557304724736
2020-01-23,0.01,0.01,5.814348883064486e-07,0.04887499225114831,5.814348883064486e-07,0.04887499225114831,1.0849892150215118e-06,0.048907082236010174,0.0026570911399073083,0.04755024430256599,0.027504565751509672,0.07361110045275439,0.0026969564204260632,0.04876525779791954,1.3588378574784303e-09,0.05008411361961264,1.3588378574784303e-09,0.05008411361961264,2.2791660417815425e-07,0.050091462018471464,0.0012493809594035638,0.04590157481859518,0.002864805698526316,0.06359579530728464,0.0010882258074600105,0.04925831772161098,0.05791117521057976,0.01,0.04750326206047503,0.050489557304724736
2020-01-24,0.01,0.01,5.814348883064486e-07,0.04887499225114831,5.814348883064486e-07,0.04887499225114831,1.0849892150215118e-06,0.048907082236010174,0.0026570911399073083,0.04755024430256599,0.027504565751509672,0.07361110045275439,0.0026969564204260632,0.04876525779791954,1.3588378574784303e-09,0.05008411361961264,1.3588378574784303e-09,0.05008411361961264,2.2791660417815425e-07,0.050091462018471464,0.0012493809594035638,0.04590157481859518,0.002864805698526316,0.06359579530728464,0.0010882258074600105,0.04925831772161098,0.05791117521057976,0.01,0.04750326206047503,0.050489557304724736
2020-01-27,0.01,0.01,5.814348883064486e-07,0.04887499225114831,5.814348883064486e-07,0.04887499225114831,1.0849892150215118e-06,0.048907082236010174,0.0026570911399073083,0.04755024430256599,0.027504565751509672,0.07361110045275439,0.0026969564204260632,0.04876525779791954,1.3588378574784303e-09,0.05008411361961264,1.3588378574784303e-09,0.05008411361961264,2.2791660417815425e-07,0.050091462018471464,0.0012493809594035638,0.04590157481859518,0.002864805698526316,0.06359579530728464,0.0010882258074600105,0.04925831772161098,0.05791117521057976,0.01,0.04750326206047503,0.050489557304724736
2020-01-28,0.01,0.01,5.814348883064486e-07,0.04887499225114831,5.814348883064486e-07,0.04887499225114831,1.0849892150215118e-06,0.048907082236010174,0.0026570911399073083,0.04755024430256599,0.027504565751509672,0.07361110045275439,0.0026969564204260632,0.04876525779791954,1.3588378574784303e-09,0.05008411361961264,1.3588378574784303e-09,0.05008411361961264,2.2791660417815425e-07,0.050091462018471464,0.0012493809594035638,0.04590157481859518,0.002864805698526316,0.06359579530728464,0.0010882258074600105,0.04925831772161098,0.05791117521057976,0.01,0.04750326206047503,0.050489557304724736
2020-01-29,0.01,0.01,5.814348883064486e-07,0.04887499225114831,5.814348883064486e-07,0.04887499225114831,1.0849892150215118e-06,0.048907082236010174,0.0026570911399073083,0.04755024430256599,0.027504565751509672,0.07361110045275439,0.0026969564204260632,0.04876525779791954,1.3588378574784303e-09,0.05008411361961264,1.3588378574784303e-09,0.05008411361961264,2.2791660417815425e-07,0.050091462018471464,0.0012493809594035638,0.04590157481859518,0.002864805698526316,0.06359579530728464,0.0010882258074600105,0.04925831772161098,0.05791117521057976,0.01,0.04750326206047503,0.050489557304724736
2020-01-30,0.01,0.01,5.814348883064486e-07,0.04887499225114831,5.814348883064486e-07,0.04887499225114831,1.0849892150215118e-06,0.048907082236010174,0.0026570911399073083,0.04755024430256599,0.027504565751509672,0.07361110045275439,0.0026969564204260632,0.04876525779791954,1.3588378574784303e-09,0.05008411361961264,1.3588378574784303e-09,0.05008411361961264,2.2791660417815425e-07,0.050091462018471464,0.0012493809594035638,0.04590157481859518,0.002864805698526316,0.06359579530728464,0.0010882258074600105,0.04925831772161098,0.05791117521057976,0.01,0.04750326206047503,0.050489557304724736
2020-01-31,0.01,0.01,5.814348883064486e-07,0.04887499225114831,5.814348883064486e-07,0.04887499225114831,1.0849892150215118e-06,0.048907082236010174,0.0026570911399073083,0.04755024430256599,0.027504565751509672,0.07361110045275439,0.0026969564204260632,0.04876525779791954,1.3588378574784303e-09,0.05008411361961264,1.3588378574784303e-09,0.05008411361961264,2.2791660417815425e-07,0.050091462018471464,0.0012493809594035638,0.04590157481859518,0.002864805698526316,0.06359579530728464,0.0010882258074600105,0.04925831772161098,0.05791117521057976,0.01,0.04750326206047503,0.050489557304724736
2020-02-03,0.01,0.01,5.814348883064486e-07,0.04887499225114831,5.814348883064486e-07,0.04887499225114831,1.0849892150215118e-06,0.048907082236010174,0.0026570911399073083,0.04755024430256599,0.027504565751509672,0.07361110045275439,0.0026969564204260632,0.04876525779791954,1.3588378574784303e-09,0.05008411361961264,1.3588378574784303e-09,0.05008411361961264,2.2791660417815425e-07,0.050091462018471464,0.0012493809594035638,0.04590157481859518,0.002864805698526316,0.06359579530728464,0.0010882258074600105,0.04925831772161098,0.05791117521057976,0.01,0.04750326206047503,0.050489557304724736
2020-02-04,0.01,0.01,5.814348883064486e-07,0.04887499225114831,5.814348883064486e-07,0.04887499225114831,1.0849892150215118e-06,0.048907082236010174,0.0026570911399073083,0.04755024430256599,0.027504565751509672,0.07361110045275439,0.0026969564204260632,0.04876525779791954,1.3588378574784303e-09,0.05008411361961264,1.3588378574784303e-09,0.05008411361961264,2.2791660417815425e-07,0.050091462018471464,0.0012493809594035638,0.04590157481859518,0.002864805698526316,0.06359579530728464,0.0010882258074600105,0.04925831772161098,0.05791117521057976,0.01,0.04750326206047503,0.050489557304724736
2020-02-05,0.01,0.01,5.814348883064486e-07,0.04887499225114831,5.814348883064486e-07,0.04887499225114831,1.0849892150215118e-06,0.048907082236010174,0.0026570911399073083,0.04755024430256599,0.027504565751509672,0.07361110045275439,0.0026969564204260632,0.04876525779791954,1.3588378574784303e-09,0.05008411361961264,1.3588378574784303e-09,0.05008411361961264,2.2791660417815425e-07,0.050091462018471464,0.0012493809594035638,0.04590157481859518,0.002864805698526316,0.06359579530728464,0.0010882258074600105,0.04925831772161098,0.05791117521057976,0.01,0.04750326206047503,0.050489557304724736
2020-02-06,0.01,0.01,5.814348883064486e-07,0.04887499225114831,5.814348883064486e-07,0.04887499225114831,1.0849892150215118e-06,0.048907082236010174,0.0026570911399073083,0.04755024430256599,0.027504565751509672,0.07361110045275439,0.0026969564204260632,0.04876525779791954,1.3588378574784303e-09,0.05008411361961264,1.3588378574784303e-09,0.05008411361961264,2.2791660417815425e-07,0.050091462018471464,0.0012493809594035638,0.04590157481859518,0.002864805698526316,0.06359579530728464,0.0010882258074600105,0.04925831772161098,0.05791117521057976,0.01,0.04750326206047503,0.050489557304724736
2020-02-07,0.01,0.01,5.814348883064486e-07,0.04887499225114831,5.814348883064486e-07,0.04887499225114831,1.0849892150215118e-06,0.048907082236010174,0.0026570911399073083,0.04755024430256599,0.027504565751509672,0.07361110045275439,0.0026969564204260632,0.04876525779791954,1.3588378574784303e-09,0.05008411361961264,1.3588378574784303e-09,0.05008411361961264,2.2791660417815425e-07,0.050091462018471464,0.0012493809594035638,0.04590157481859518,0.002864805698526316,0.06359579530728464,0.0010882258074600105,0.04925831772161098,0.05791117521057976,0.01,0.04750326206047503,0.050489557304724736
2020-02-10,0.01,0.01,5.814348883064486e-07,0.04887499225114831,5.814348883064486e-07,0.04887499225114831,1.0849892150215118e-06,0.048907082236010174,0.0026570911399073083,0.04755024430256599,0.027504565751509672,0.07361110045275439,0.0026969564204260632,0.04876525779791954,1.3588378574784303e-09,0.05008411361961264,1.3588378574784303e-09,0.05008411361961264,2.2791660417815425e-07,0.050091462018471464,0.0012493809594035638,0.04590157481859518,0.002864805698526316,0.06359579530728464,0.0010882258074600105,0.04925831772161098,0.05791117521057976,0.01,0.04750326206047503,0.050489557304724736
2020-02-11,0.01,0.01,5.814348883064486e-07,0.04887499225114831,5.814348883064486e-07,0.04887499225114831,1.0849892150215118e-06,0.048907082236010174,0.0026570911399073083,0.04755024430256599,0.027504565751509672,0.07361110045275439,0.0026969564204260632,0.04876525779791954,1.3588378574784303e-09,0.05008411361961264,1.3588378574784303e-09,0.05008411361961264,2.2791660417815425e-07,0.050091462018471464,0.0012493809594035638,0.04590157481859518,0.002864805698526316,0.06359579530728464,0.0010882258074600105,0.04925831772161098,0.05791117521057976,0.01,0.04750326206047503,0.050489557304724736
2020-02-12,0.01,0.01,5.814348883064486e-07,0.04887499225114831,5.814348883064486e-07,0.04887499225114831,1.0849892150215118e-06,0.048907082236010174,0.0026570911399073083,0.04755024430256599,0.027504565751509672,0.07361110045275439,0.0026969564204260632,0.04876525779791954,1.3588378574784303e-09,0.05008411361961264,1.3588378574784303e-09,0.05008411361961264,2.2791660417815425e-07,0.050091462018471464,0.0012493809594035638,0.04590157481859518,0.002864805698526316,0.06359579530728464,0.0010882258074600105,0.04925831772161098,0.05791117521057976,0.01,0.04750326206047503,0.050489557304724736
2020-02-13,0.01,0.01,5.814348883064486e-07,0.04887499225114831,5.814348883064486e-07,0.04887499225114831,1.0849892150215118e-06,0.048907082236010174,0.0026570911399073083,0.04755024430256599,0.027504565751509672,0.07361110045275439,0.0026969564204260632,0.04876525779791954,1.3588378574784303e-09,0.05008411361961264,1.3588378574784303e-09,0.05008411361961264,2.2791660417815425e-07,0.050091462018471464,0.0012493809594035638,0.04590157481859518,0.002864805698526316,0.06359579530728464,0.0010882258074600105,0.04925831772161098,0.05791117521057976,0.01,0.04750326206047503,0.050489557304724736
2020-02-14,0.01,0.01,5.814348883064486e-07,0.04887499225114831,5.814348883064486e-07,0.04887499225114831,1.0849892150215118e-06,0.048907082236010174,0.0026570911399073083,0.04755024430256599,0.027504565751509672,0.07361110045275439,0.0026969564204260632,0.04876525779791954,1.3588378574784303e-09,0.05008411361961264,1.3588378574784303e-09,0.05008411361961264,2.2791660417815425e-07,0.050091462018471464,0.0012493809594035638,0.04590157481859518,0.002864805698526316,0.06359579530728464,0.0010882258074600105,0.04925831772161098,0.05791117521057976,0.01,0.04750326206047503,0.050489557304724736
2020-02-18,0.01,0.01,5.814348883064486e-07,0.04887499225114831,5.814348883064486e-07,0.04887499225114831,1.0849892150215118e-06,0.048907082236010174,0.0026570911399073083,0.04755024430256599,0.027504565751509672,0.07361110045275439,0.0026969564204260632,0.04876525779791954,1.3588378574784303e-09,0.05008411361961264,1.3588378574784303e-09,0.05008411361961264,2.2791660417815425e-07,0.050091462018471464,0.0012493809594035638,0.04590157481859518,0.002864805698526316,0.06359579530728464,0.0010882258074600105,0.04925831772161098,0.05791117521057976,0.01,0.04750326206047503,0.050489557304724736
2020-02-19,0.01,0.01,5.814348883064486e-07,0.04887499225114831,5.814348883064486e-07,0.04887499225114831,1.0849892150215118e-06,0.048907082236010174,0.0026570911399073083,0.04755024430256599,0.027504565751509672,0.07361110045275439,0.0026969564204260632,0.04876525779791954,1.3588378574784303e-09,0.05008411361961264,1.3588378574784303e-09,0.05008411361961264,2.2791660417815425e-07,0.050091462018471464,0.0012493809594035638,0.04590157481859518,0.002864805698526316,0.06359579530728464,0.0010882258074600105,0.04925831772161098,0.05791117521057976,0.01,0.04750326206047503,0.050489557304724736
2020-02-20,0.01,0.01,5.814348883064486e-07,0.04887499225114831,5.814348883064486e-07,0.04887499225114831,1.0849892150215118e-06,0.048907082236010174,0.0026570911399073083,0.04755024430256599,0.027504565751509672,0.07361110045275439,0.0026969564204260632,0.04876525779791954,1.3588378574784303e-09,0.05008411361961264,1.3588378574784303e-09,0.05008411361961264,2.2791660417815425e-07,0.050091462018471464,0.0012493809594035638,0.04590157481859518,0.002864805698526316,0.06359579530728464,0.0010882258074600105,0.04925831772161098,0.05791117521057976,0.01,0.04750326206047503,0.050489557304724736
2020-02-21,0.01,0.01,5.814348883064486e-07,0.04887499225114831,5.814348883064486e-07,0.04887499225114831,1.0849892150215118e-06,0.048907082236010174,0.0026570911399073083,0.04755024430256599,0.027504565751509672,0.07361110045275439,0.0026969564204260632,0.04876525779791954,1.3588378574784303e-09,0.05008411361961264,1.3588378574784303e-09,0.05008411361961264,2.2791660417815425e-07,0.050091462018471464,0.0012493809594035638,0.04590157481859518,0.002864805698526316,0.06359579530728464,0.0010882258074600105,0.04925831772161098,0.05791117521057976,0.01,0.04750326206047503,0.050489557304724736
2020-02-24,0.01,0.01,5.814348883064486e-07,0.04887499225114831,5.814348883064486e-07,0.04887499225114831,1.0849892150215118e-06,0.048907082236010174,0.0026570911399073083,0.04755024430256599,0.027504565751509672,0.07361110045275439,0.0026969564204260632,0.04876525779791954,1.3588378574784303e-09,0.05008411361961264,1.3588378574784303e-09,0.05008411361961264,2.2791660417815425e-07,0.050091462018471464,0.0012493809594035638,0.04590157481859518,0.002864805698526316,0.06359579530728464,0.0010882258074600105,0.04925831772161098,0.05791117521057976,0.01,0.04750326206047503,0.050489557304724736
2020-02-25,0.01,0.01,5.814348883064486e-07,0.04887499225114831,5.814348883064486e-07,0.04887499225114831,1.0849892150215118e-06,0.048907082236010174,0.0026570911399073083,0.04755024430256599,0.027504565751509672,0.07361110045275439,0.0026969564204260632,0.04876525779791954,1.3588378574784303e-09,0.05008411361961264,1.3588378574784303e-09,0.05008411361961264,2.2791660417815425e-07,0.050091462018471464,0.0012493809594035638,0.04590157481859518,0.002864805698526316,0.06359579530728464,0.0010882258074600105,0.04925831772161098,0.05791117521057976,0.01,0.04750326206047503,0.050489557304724736
2020-02-26,0.01,0.01,5.814348883064486e-07,0.04887499225114831,5.814348883064486e-07,0.04887499225114831,1.0849892150215118e-06,0.048907082236010174,0.0026570911399073083,0.04755024430256599,0.027504565751509672,0.07361110045275439,0.0026969564204260632,0.04876525779791954,1.3588378574784303e-09,0.05008411361961264,1.3588378574784303e-09,0.05008411361961264,2.2791660417815425e-07,0.050091462018471464,0.0012493809594035638,0.04590157481859518,0.002864805698526316,0.06359579530728464,0.0010882258074600105,0.04925831772161098,0.05791117521057976,0.01,0.04750326206047503,0.050489557304724736
2020-02-27,0.01,0.01,5.814348883064486e-07,0.04887499225114831,5.814348883064486e-07,0.04887499225114831,1.0849892150215118e-06,0.048907082236010174,0.0026570911399073083,0.04755024430256599,0.027504565751509672,0.07361110045275439,0.0026969564204260632,0.04876525779791954,1.3588378574784303e-09,0.05008411361961264,1.3588378574784303e-09,0.05008411361961264,2.2791660417815425e-07,0.050091462018471464,0.0012493809594035638,0.04590157481859518,0.002864805698526316,0.06359579530728464,0.0010882258074600105,0.04925831772161098,0.05791117521057976,0.01,0.04750326206047503,0.050489557304724736
2020-02-28,0.01,0.01,5.814348883064486e-07,0.04887499225114831,5.814348883064486e-07,0.04887499225114831,1.0849892150215118e-06,0.048907082236010174,0.0026570911399073083,0.04755024430256599,0.027504565751509672,0.07361110045275439,0.0026969564204260632,0.04876525779791954,1.3588378574784303e-09,0.05008411361961264,1.3588378574784303e-09,0.05008411361961264,2.2791660417815425e-07,0.050091462018471464,0.0012493809594035638,0.04590157481859518,0.002864805698526316,0.06359579530728464,0.0010882258074600105,0.04925831772161098,0.05791117521057976,0.01,0.04750326206047503,0.050489557304724736
2020-03-02,0.01,0.01,5.814348883064486e-07,0.04887499225114831,5.814348883064486e-07,0.04887499225114831,1.0849892150215118e-06,0.048907082236010174,0.0026570911399073083,0.04755024430256599,0.027504565751509672,0.07361110045275439,0.0026969564204260632,0.04876525779791954,1.3588378574784303e-09,0.05008411361961264,1.3588378574784303e-09,0.05008411361961264,2.2791660417815425e-07,0.050091462018471464,0.0012493809594035638,0.04590157481859518,0.002864805698526316,0.06359579530728464,0.0010882258074600105,0.04925831772161098,0.05791117521057976,0.01,0.04750326206047503,0.050489557304724736
2020-03-03,0.01,0.01,5.814348883064486e-07,0.04887499225114831,5.814348883064486e-07,0.04887499225114831,1.0849892150215118e-06,0.048907082236010174,0.0026570911399073083,0.04755024430256599,0.027504565751509672,0.07361110045275439,0.0026969564204260632,0.04876525779791954,1.3588378574784303e-09,0.05008411361961264,1.3588378574784303e-09,0.05008411361961264,2.2791660417815425e-07,0.050091462018471464,0.0012493809594035638,0.04590157481859518,0.002864805698526316,0.06359579530728464,0.0010882258074600105,0.04925831772161098,0.05791117521057976,0.01,0.04750326206047503,0.050489557304724736
2020-03-04,0.01,0.01,5.814348883064486e-07,0.04887499225114831,5.814348883064486e-07,0.04887499225114831,1.0849892150215118e-06,0.048907082236010174,0.0026570911399073083,0.04755024430256599,0.027504565751509672,0.07361110045275439,0.0026969564204260632,0.04876525779791954,1.3588378574784303e-09,0.05008411361961264,1.3588378574784303e-09,0.05008411361961264,2.2791660417815425e-07,0.050091462018471464,0.0012493809594035638,0.04590157481859518,0.002864805698526316,0.06359579530728464,0.0010882258074600105,0.04925831772161098,0.05791117521057976,0.01,0.04750326206047503,0.050489557304724736
2020-03-05,0.01,0.01,5.814348883064486e-07,0.04887499225114831,5.814348883064486e-07,0.04887499225114831,1.0849892150215118e-06,0.048907082236010174,0.0026570911399073083,0.04755024430256599,0.027504565751509672,0.07361110045275439,0.0026969564204260632,0.04876525779791954,1.3588378574784303e-09,0.05008411361961264,1.3588378574784303e-09,0.05008411361961264,2.2791660417815425e-07,0.050091462018471464,0.0012493809594035638,0.04590157481859518,0.002864805698526316,0.06359579530728464,0.0010882258074600105,0.04925831772161098,0.05791117521057976,0.01,0.04750326206047503,0.050489557304724736
2020-03-06,0.01,0.01,5.814348883064486e-07,0.04887499225114831,5.814348883064486e-07,0.04887499225114831,1.0849892150215118e-06,0.048907082236010174,0.0026570911399073083,0.04755024430256599,0.027504565751509672,0.07361110045275439,0.0026969564204260632,0.04876525779791954,1.3588378574784303e-09,0.05008411361961264,1.3588378574784303e-09,0.05008411361961264,2.2791660417815425e-07,0.050091462018471464,0.0012493809594035638,0.04590157481859518,0.002864805698526316,0.06359579530728464,0.0010882258074600105,0.04925831772161098,0.05791117521057976,0.01,0.04750326206047503,0.050489557304724736
2020-03-09,0.01,0.01,5.814348883064486e-07,0.04887499225114831,5.814348883064486e-07,0.04887499225114831,1.0849892150215118e-06,0.048907082236010174,0.0026570911399073083,0.04755024430256599,0.027504565751509672,0.07361110045275439,0.0026969564204260632,0.04876525779791954,1.3588378574784303e-09,0.05008411361961264,1.3588378574784303e-09,0.05008411361961264,2.2791660417815425e-07,0.050091462018471464,0.0012493809594035638,0.04590157481859518,0.002864805698526316,0.06359579530728464,0.0010882258074600105,0.04925831772161098,0.05791117521057976,0.01,0.04750326206047503,0.050489557304724736
2020-03-10,0.01,0.01,5.814348883064486e-07,0.04887499225114831,5.814348883064486e-07,0.04887499225114831,1.0849892150215118e-06,0.048907082236010174,0.0026570911399073083,0.04755024430256599,0.027504565751509672,0.07361110045275439,0.0026969564204260632,0.04876525779791954,1.3588378574784303e-09,0.05008411361961264,1.3588378574784303e-09,0.05008411361961264,2.2791660417815425e-07,0.050091462018471464,0.0012493809594035638,0.04590157481859518,0.002864805698526316,0.06359579530728464,0.0010882258074600105,0.04925831772161098,0.05791117521057976,0.01,0.04750326206047503,0.050489557304724736
2020-03-11,0.01,0.01,5.814348883064486e-07,0.04887499225114831,5.814348883064486e-07,0.04887499225114831,1.0849892150215118e-06,0.048907082236010174,0.0026570911399073083,0.04755024430256599,0.027504565751509672,0.07361110045275439,0.0026969564204260632,0.04876525779791954,1.3588378574784303e-09,0.05008411361961264,1.3588378574784303e-09,0.05008411361961264,2.2791660417815425e-07,0.050091462018471464,0.0012493809594035638,0.04590157481859518,0.002864805698526316,0.06359579530728464,0.0010882258074600105,0.04925831772161098,0.05791117521057976,0.01,0.04750326206047503,0.050489557304724736
2020-03-12,0.01,0.01,5.814348883064486e-07,0.04887499225114831,5.814348883064486e-07,0.04887499225114831,1.0849892150215118e-06,0.048907082236010174,0.0026570911399073083,0.04755024430256599,0.027504565751509672,0.07361110045275439,0.0026969564204260632,0.04876525779791954,1.3588378574784303e-09,0.05008411361961264,1.3588378574784303e-09,0.05008411361961264,2.2791660417815425e-07,0.050091462018471464,0.0012493809594035638,0.04590157481859518,0.002864805698526316,0.06359579530728464,0.0010882258074600105,0.04925831772161098,0.05791117521057976,0.01,0.04750326206047503,0.050489557304724736
2020-03-13,0.01,0.01,5.814348883064486e-07,0.04887499225114831,5.814348883064486e-07,0.04887499225114831,1.0849892150215118e-06,0.048907082236010174,0.0026570911399073083,0.04755024430256599,0.027504565751509672,0.07361110045275439,0.0026969564204260632,0.04876525779791954,1.3588378574784303e-09,0.05008411361961264,1.3588378574784303e-09,0.05008411361961264,2.2791660417815425e-07,0.050091462018471464,0.0012493809594035638,0.04590157481859518,0.002864805698526316,0.06359579530728464,0.0010882258074600105,0.04925831772161098,0.05791117521057976,0.01,0.04750326206047503,0.050489557304724736
2020-03-16,0.01,0.01,5.814348883064486e-07,0.04887499225114831,5.814348883064486e-07,0.04887499225114831,1.0849892150215118e-06,0.048907082236010174,0.0026570911399073083,0.04755024430256599,0.027504565751509672,0.07361110045275439,0.0026969564204260632,0.04876525779791954,1.3588378574784303e-09,0.05008411361961264,1.3588378574784303e-09,0.05008411361961264,2.2791660417815425e-07,0.050091462018471464,0.0012493809594035638,0.04590157481859518,0.002864805698526316,0.06359579530728464,0.0010882258074600105,0.04925831772161098,0.05791117521057976,0.01,0.04750326206047503,0.050489557304724736
2020-03-17,0.01,0.01,5.814348883064486e-07,0.04887499225114831,5.814348883064486e-07,0.04887499225114831,1.0849892150215118e-06,0.048907082236010174,0.0026570911399073083,0.04755024430256599,0.027504565751509672,0.07361110045275439,0.0026969564204260632,0.04876525779791954,1.3588378574784303e-09,0.05008411361961264,1.3588378574784303e-09,0.05008411361961264,2.2791660417815425e-07,0.050091462018471464,0.0012493809594035638,0.04590157481859518,0.002864805698526316,0.06359579530728464,0.0010882258074600105,0.04925831772161098,0.05791117521057976,0.01,0.04750326206047503,0.050489557304724736
2020-03-18,0.01,0.01,5.814348883064486e-07,0.04887499225114831,5.814348883064486e-07,0.04887499225114831,1.0849892150215118e-06,0.048907082236010174,0.0026570911399073083,0.04755024430256599,0.027504565751509672,0.07361110045275439,0.0026969564204260632,0.04876525779791954,1.3588378574784303e-09,0.05008411361961264,1.3588378574784303e-09,0.05008411361961264,2.2791660417815425e-07,0.050091462018471464,0.0012493809594035638,0.04590157481859518,0.002864805698526316,0.06359579530728464,0.0010882258074600105,0.04925831772161098,0.05791117521057976,0.01,0.04750326206047503,0.050489557304724736
2020-03-19,0.01,0.01,5.814348883064486e-07,0.04887499225114831,5.814348883064486e-07,0.04887499225114831,1.0849892150215118e-06,0.048907082236010174,0.0026570911399073083,0.04755024430256599,0.027504565751509672,0.07361110045275439,0.0026969564204260632,0.04876525779791954,1.3588378574784303e-09,0.05008411361961264,1.3588378574784303e-09,0.05008411361961264,2.2791660417815425e-07,0.050091462018471464,0.0012493809594035638,0.04590157481859518,0.002864805698526316,0.06359579530728464,0.0010882258074600105,0.04925831772161098,0.05791117521057976,0.01,0.04750326206047503,0.050489557304724736
2020-03-20,0.01,0.01,5.814348883064486e-07,0.04887499225114831,5.814348883064486e-07,0.04887499225114831,1.0849892150215118e-06,0.048907082236010174,0.0026570911399073083,0.04755024430256599,0.027504565751509672,0.07361110045275439,0.0026969564204260632,0.04876525779791954,1.3588378574784303e-09,0.05008411361961264,1.3588378574784303e-09,0.05008411361961264,2.2791660417815425e-07,0.050091462018471464,0.0012493809594035638,0.04590157481859518,0.002864805698526316,0.06359579530728464,0.0010882258074600105,0.04925831772161098,0.05791117521057976,0.01,0.04750326206047503,0.050489557304724736
2020-03-23,0.01,0.01,5.814348883064486e-07,0.04887499225114831,5.814348883064486e-07,0.04887499225114831,1.0849892150215118e-06,0.048907082236010174,0.0026570911399073083,0.04755024430256599,0.027504565751509672,0.07361110045275439,0.0026969564204260632,0.04876525779791954,1.3588378574784303e-09,0.05008411361961264,1.3588378574784303e-09,0.05008411361961264,2.2791660417815425e-07,0.050091462018471464,0.0012493809594035638,0.04590157481859518,0.002864805698526316,0.06359579530728464,0.0010882258074600105,0.04925831772161098,0.05791117521057976,0.01,0.04750326206047503,0.050489557304724736
2020-03-24,0.01,0.01,5.814348883064486e-07,0.04887499225114831,5.814348883064486e-07,0.04887499225114831,1.0849892150215118e-06,0.048907082236010174,0.0026570911399073083,0.04755024430256599,0.027504565751509672,0.07361110045275439,0.0026969564204260632,0.04876525779791954,1.3588378574784303e-09,0.05008411361961264,1.3588378574784303e-09,0.05008411361961264,2.2791660417815425e-07,0.050091462018471464,0.0012493809594035638,0.04590157481859518,0.002864805698526316,0.06359579530728464,0.0010882258074600105,0.04925831772161098,0.05791117521057976,0.01,0.04750326206047503,0.050489557304724736
2020-03-25,0.01,0.01,5.814348883064486e-07,0.04887499225114831,5.814348883064486e-07,0.04887499225114831,1.0849892150215118e-06,0.048907082236010174,0.0026570911399073083,0.04755024430256599,0.027504565751509672,0.07361110045275439,0.0026969564204260632,0.04876525779791954,1.3588378574784303e-09,0.05008411361961264,1.3588378574784303e-09,0.05008411361961264,2.2791660417815425e-07,0.050091462018471464,0.0012493809594035638,0.04590157481859518,0.002864805698526316,0.06359579530728464,0.0010882258074600105,0.04925831772161098,0.05791117521057976,0.01,0.04750326206047503,0.050489557304724736
2020-03-26,0.01,0.01,5.814348883064486e-07,0.04887499225114831,5.814348883064486e-07,0.04887499225114831,1.0849892150215118e-06,0.048907082236010174,0.0026570911399073083,0.04755024430256599,0.027504565751509672,0.07361110045275439,0.0026969564204260632,0.04876525779791954,1.3588378574784303e-09,0.05008411361961264,1.3588378574784303e-09,0.05008411361961264,2.2791660417815425e-07,0.050091462018471464,0.0012493809594035638,0.04590157481859518,0.002864805698526316,0.06359579530728464,0.0010882258074600105,0.04925831772161098,0.05791117521057976,0.01,0.04750326206047503,0.050489557304724736
2020-03-27,0.01,0.01,5.814348883064486e-07,0.04887499225114831,5.814348883064486e-07,0.04887499225114831,1.0849892150215118e-06,0.048907082236010174,0.0026570911399073083,0.04755024430256599,0.027504565751509672,0.07361110045275439,0.0026969564204260632,0.04876525779791954,1.3588378574784303e-09,0.05008411361961264,1.3588378574784303e-09,0.05008411361961264,2.2791660417815425e-07,0.050091462018471464,0.0012493809594035638,0.04590157481859518,0.002864805698526316,0.06359579530728464,0.0010882258074600105,0.04925831772161098,0.05791117521057976,0.01,0.04750326206047503,0.050489557304724736
2020-03-30,0.01,0.01,5.814348883064486e-07,0.04887499225114831,5.814348883064486e-07,0.04887499225114831,1.0849892150215118e-06,0.048907082236010174,0.0026570911399073083,0.04755024430256599,0.027504565751509672,0.07361110045275439,0.0026969564204260632,0.04876525779791954,1.3588378574784303e-09,0.05008411361961264,1.3588378574784303e-09,0.05008411361961264,2.2791660417815425e-07,0.050091462018471464,0.0012493809594035638,0.04590157481859518,0.002864805698526316,0.06359579530728464,0.0010882258074600105,0.04925831772161098,0.05791117521057976,0.01,0.04750326206047503,0.050489557304724736
2020-03-31,0.01,0.01,5.814348883064486e-07,0.04887499225114831,5.814348883064486e-07,0.04887499225114831,1.0849892150215118e-06,0.048907082236010174,0.0026570911399073083,0.04755024430256599,0.027504565751509672,0.07361110045275439,0.0026969564204260632,0.04876525779791954,1.3588378574784303e-09,0.05008411361961264,1.3588378574784303e-09,0.05008411361961264,2.2791660417815425e-07,0.050091462018471464,0.0012493809594035638,0.04590157481859518,0.002864805698526316,0.06359579530728464,0.0010882258074600105,0.04925831772161098,0.05791117521057976,0.01,0.04750326206047503,0.050489557304724736
2020-04-01,0.01,0.01,5.814348883064486e-07,0.04887499225114831,5.814348883064486e-07,0.04887499225114831,1.0849892150215118e-06,0.048907082236010174,0.0026570911399073083,0.04755024430256599,0.027504565751509672,0.07361110045275439,0.0026969564204260632,0.04876525779791954,1.3588378574784303e-09,0.05008411361961264,1.3588378574784303e-09,0.05008411361961264,2.2791660417815425e-07,0.050091462018471464,0.0012493809594035638,0.04590157481859518,0.002864805698526316,0.06359579530728464,0.0010882258074600105,0.04925831772161098,0.05791117521057976,0.01,0.04750326206047503,0.050489557304724736
2020-04-02,0.01,0.01,5.814348883064486e-07,0.04887499225114831,5.814348883064486e-07,0.04887499225114831,1.0849892150215118e-06,0.048907082236010174,0.0026570911399073083,0.04755024430256599,0.027504565751509672,0.07361110045275439,0.0026969564204260632,0.04876525779791954,1.3588378574784303e-09,0.05008411361961264,1.3588378574784303e-09,0.05008411361961264,2.2791660417815425e-07,0.050091462018471464,0.0012493809594035638,0.04590157481859518,0.002864805698526316,0.06359579530728464,0.0010882258074600105,0.04925831772161098,0.05791117521057976,0.01,0.04750326206047503,0.050489557304724736
2020-04-03,0.01,0.01,5.814348883064486e-07,0.04887499225114831,5.814348883064486e-07,0.04887499225114831,1.0849892150215118e-06,0.048907082236010174,0.0026570911399073083,0.04755024430256599,0.027504565751509672,0.07361110045275439,0.0026969564204260632,0.04876525779791954,1.3588378574784303e-09,0.05008411361961264,1.3588378574784303e-09,0.05008411361961264,2.2791660417815425e-07,0.050091462018471464,0.0012493809594035638,0.04590157481859518,0.002864805698526316,0.06359579530728464,0.0010882258074600105,0.04925831772161098,0.05791117521057976,0.01,0.04750326206047503,0.050489557304724736
2020-04-06,0.01,0.01,5.814348883064486e-07,0.04887499225114831,5.814348883064486e-07,0.04887499225114831,1.0849892150215118e-06,0.048907082236010174,0.0026570911399073083,0.04755024430256599,0.027504565751509672,0.07361110045275439,0.0026969564204260632,0.04876525779791954,1.3588378574784303e-09,0.05008411361961264,1.3588378574784303e-09,0.05008411361961264,2.2791660417815425e-07,0.050091462018471464,0.0012493809594035638,0.04590157481859518,0.002864805698526316,0.06359579530728464,0.0010882258074600105,0.04925831772161098,0.05791117521057976,0.01,0.04750326206047503,0.050489557304724736
2020-04-07,0.01,0.01,5.814348883064486e-07,0.04887499225114831,5.814348883064486e-07,0.04887499225114831,1.0849892150215118e-06,0.048907082236010174,0.0026570911399073083,0.04755024430256599,0.027504565751509672,0.07361110045275439,0.0026969564204260632,0.04876525779791954,1.3588378574784303e-09,0.05008411361961264,1.3588378574784303e-09,0.05008411361961264,2.2791660417815425e-07,0.050091462018471464,0.0012493809594035638,0.04590157481859518,0.002864805698526316,0.06359579530728464,0.0010882258074600105,0.04925831772161098,0.05791117521057976,0.01,0.04750326206047503,0.050489557304724736
2020-04-08,0.01,0.01,5.814348883064486e-07,0.04887499225114831,5.814348883064486e-07,0.04887499225114831,1.0849892150215118e-06,0.048907082236010174,0.0026570911399073083,0.04755024430256599,0.027504565751509672,0.07361110045275439,0.0026969564204260632,0.04876525779791954,1.3588378574784303e-09,0.05008411361961264,1.3588378574784303e-09,0.05008411361961264,2.2791660417815425e-07,0.050091462018471464,0.0012493809594035638,0.04590157481859518,0.002864805698526316,0.06359579530728464,0.0010882258074600105,0.04925831772161098,0.05791117521057976,0.01,0.04750326206047503,0.050489557304724736
2020-04-09,0.01,0.01,5.814348883064486e-07,0.04887499225114831,5.814348883064486e-07,0.04887499225114831,1.0849892150215118e-06,0.048907082236010174,0.0026570911399073083,0.04755024430256599,0.027504565751509672,0.07361110045275439,0.0026969564204260632,0.04876525779791954,1.3588378574784303e-09,0.05008411361961264,1.3588378574784303e-09,0.05008411361961264,2.2791660417815425e-07,0.050091462018471464,0.0012493809594035638,0.04590157481859518,0.002864805698526316,0.06359579530728464,0.0010882258074600105,0.04925831772161098,0.05791117521057976,0.01,0.04750326206047503,0.050489557304724736
2020-04-13,0.01,0.01,5.814348883064486e-07,0.04887499225114831,5.814348883064486e-07,0.04887499225114831,1.0849892150215118e-06,0.048907082236010174,0.0026570911399073083,0.04755024430256599,0.027504565751509672,0.07361110045275439,0.0026969564204260632,0.04876525779791954,1.3588378574784303e-09,0.05008411361961264,1.3588378574784303e-09,0.05008411361961264,2.2791660417815425e-07,0.050091462018471464,0.0012493809594035638,0.04590157481859518,0.002864805698526316,0.06359579530728464,0.0010882258074600105,0.04925831772161098,0.05791117521057976,0.01,0.04750326206047503,0.050489557304724736
2020-04-14,0.01,0.01,5.814348883064486e-07,0.04887499225114831,5.814348883064486e-07,0.04887499225114831,1.0849892150215118e-06,0.048907082236010174,0.0026570911399073083,0.04755024430256599,0.027504565751509672,0.07361110045275439,0.0026969564204260632,0.04876525779791954,1.3588378574784303e-09,0.05008411361961264,1.3588378574784303e-09,0.05008411361961264,2.2791660417815425e-07,0.050091462018471464,0.0012493809594035638,0.04590157481859518,0.002864805698526316,0.06359579530728464,0.0010882258074600105,0.04925831772161098,0.05791117521057976,0.01,0.04750326206047503,0.050489557304724736
2020-04-15,0.01,0.01,5.814348883064486e-07,0.04887499225114831,5.814348883064486e-07,0.04887499225114831,1.0849892150215118e-06,0.048907082236010174,0.0026570911399073083,0.04755024430256599,0.027504565751509672,0.07361110045275439,0.0026969564204260632,0.04876525779791954,1.3588378574784303e-09,0.05008411361961264,1.3588378574784303e-09,0.05008411361961264,2.2791660417815425e-07,0.050091462018471464,0.0012493809594035638,0.04590157481859518,0.002864805698526316,0.06359579530728464,0.0010882258074600105,0.04925831772161098,0.05791117521057976,0.01,0.04750326206047503,0.050489557304724736
2020-04-16,0.01,0.01,5.814348883064486e-07,0.04887499225114831,5.814348883064486e-07,0.04887499225114831,1.0849892150215118e-06,0.048907082236010174,0.0026570911399073083,0.04755024430256599,0.027504565751509672,0.07361110045275439,0.0026969564204260632,0.04876525779791954,1.3588378574784303e-09,0.05008411361961264,1.3588378574784303e-09,0.05008411361961264,2.2791660417815425e-07,0.050091462018471464,0.0012493809594035638,0.04590157481859518,0.002864805698526316,0.06359579530728464,0.0010882258074600105,0.04925831772161098,0.05791117521057976,0.01,0.04750326206047503,0.050489557304724736
2020-04-17,0.01,0.01,5.814348883064486e-07,0.04887499225114831,5.814348883064486e-07,0.04887499225114831,1.0849892150215118e-06,0.048907082236010174,0.0026570911399073083,0.04755024430256599,0.027504565751509672,0.07361110045275439,0.0026969564204260632,0.04876525779791954,1.3588378574784303e-09,0.05008411361961264,1.3588378574784303e-09,0.05008411361961264,2.2791660417815425e-07,0.050091462018471464,0.0012493809594035638,0.04590157481859518,0.002864805698526316,0.06359579530728464,0.0010882258074600105,0.04925831772161098,0.05791117521057976,0.01,0.04750326206047503,0.050489557304724736
2020-04-20,0.01,0.01,5.814348883064486e-07,0.04887499225114831,5.814348883064486e-07,0.04887499225114831,1.0849892150215118e-06,0.048907082236010174,0.0026570911399073083,0.04755024430256599,0.027504565751509672,0.07361110045275439,0.0026969564204260632,0.04876525779791954,1.3588378574784303e-09,0.05008411361961264,1.3588378574784303e-09,0.05008411361961264,2.2791660417815425e-07,0.050091462018471464,0.0012493809594035638,0.04590157481859518,0.002864805698526316,0.06359579530728464,0.0010882258074600105,0.04925831772161098,0.05791117521057976,0.01,0.04750326206047503,0.050489557304724736
2020-04-21,0.01,0.01,5.814348883064486e-07,0.04887499225114831,5.814348883064486e-07,0.04887499225114831,1.0849892150215118e-06,0.048907082236010174,0.0026570911399073083,0.04755024430256599,0.027504565751509672,0.07361110045275439,0.0026969564204260632,0.04876525779791954,1.3588378574784303e-09,0.05008411361961264,1.3588378574784303e-09,0.05008411361961264,2.2791660417815425e-07,0.050091462018471464,0.0012493809594035638,0.04590157481859518,0.002864805698526316,0.06359579530728464,0.0010882258074600105,0.04925831772161098,0.05791117521057976,0.01,0.04750326206047503,0.050489557304724736
2020-04-22,0.01,0.01,5.814348883064486e-07,0.04887499225114831,5.814348883064486e-07,0.04887499225114831,1.0849892150215118e-06,0.048907082236010174,0.0026570911399073083,0.04755024430256599,0.027504565751509672,0.07361110045275439,0.0026969564204260632,0.04876525779791954,1.3588378574784303e-09,0.05008411361961264,1.3588378574784303e-09,0.05008411361961264,2.2791660417815425e-07,0.050091462018471464,0.0012493809594035638,0.04590157481859518,0.002864805698526316,0.06359579530728464,0.0010882258074600105,0.04925831772161098,0.05791117521057976,0.01,0.04750326206047503,0.050489557304724736
2020-04-23,0.01,0.01,5.814348883064486e-07,0.04887499225114831,5.814348883064486e-07,0.04887499225114831,1.0849892150215118e-06,0.048907082236010174,0.0026570911399073083,0.04755024430256599,0.027504565751509672,0.07361110045275439,0.0026969564204260632,0.04876525779791954,1.3588378574784303e-09,0.05008411361961264,1.3588378574784303e-09,0.05008411361961264,2.2791660417815425e-07,0.050091462018471464,0.0012493809594035638,0.04590157481859518,0.002864805698526316,0.06359579530728464,0.0010882258074600105,0.04925831772161098,0.05791117521057976,0.01,0.04750326206047503,0.050489557304724736
2020-04-24,0.01,0.01,5.814348883064486e-07,0.04887499225114831,5.814348883064486e-07,0.04887499225114831,1.0849892150215118e-06,0.048907082236010174,0.0026570911399073083,0.04755024430256599,0.027504565751509672,0.07361110045275439,0.0026969564204260632,0.04876525779791954,1.3588378574784303e-09,0.05008411361961264,1.3588378574784303e-09,0.05008411361961264,2.2791660417815425e-07,0.050091462018471464,0.0012493809594035638,0.04590157481859518,0.002864805698526316,0.06359579530728464,0.0010882258074600105,0.04925831772161098,0.05791117521057976,0.01,0.04750326206047503,0.050489557304724736
2020-04-27,0.01,0.01,5.814348883064486e-07,0.04887499225114831,5.814348883064486e-07,0.04887499225114831,1.0849892150215118e-06,0.048907082236010174,0.0026570911399073083,0.04755024430256599,0.027504565751509672,0.07361110045275439,0.0026969564204260632,0.04876525779791954,1.3588378574784303e-09,0.05008411361961264,1.3588378574784303e-09,0.05008411361961264,2.2791660417815425e-07,0.050091462018471464,0.0012493809594035638,0.04590157481859518,0.002864805698526316,0.06359579530728464,0.0010882258074600105,0.04925831772161098,0.05791117521057976,0.01,0.04750326206047503,0.050489557304724736
2020-04-28,0.01,0.01,5.814348883064486e-07,0.04887499225114831,5.814348883064486e-07,0.04887499225114831,1.0849892150215118e-06,0.048907082236010174,0.0026570911399073083,0.04755024430256599,0.027504565751509672,0.07361110045275439,0.0026969564204260632,0.04876525779791954,1.3588378574784303e-09,0.05008411361961264,1.3588378574784303e-09,0.05008411361961264,2.2791660417815425e-07,0.050091462018471464,0.0012493809594035638,0.04590157481859518,0.002864805698526316,0.06359579530728464,0.0010882258074600105,0.04925831772161098,0.05791117521057976,0.01,0.04750326206047503,0.050489557304724736
2020-04-29,0.01,0.01,5.814348883064486e-07,0.04887499225114831,5.814348883064486e-07,0.04887499225114831,1.0849892150215118e-06,0.048907082236010174,0.0026570911399073083,0.04755024430256599,0.027504565751509672,0.07361110045275439,0.0026969564204260632,0.04876525779791954,1.3588378574784303e-09,0.05008411361961264,1.3588378574784303e-09,0.05008411361961264,2.2791660417815425e-07,0.050091462018471464,0.0012493809594035638,0.04590157481859518,0.002864805698526316,0.06359579530728464,0.0010882258074600105,0.04925831772161098,0.05791117521057976,0.01,0.04750326206047503,0.050489557304724736
2020-04-30,0.01,0.01,5.814348883064486e-07,0.04887499225114831,5.814348883064486e-07,0.04887499225114831,1.0849892150215118e-06,0.048907082236010174,0.0026570911399073083,0.04755024430256599,0.027504565751509672,0.07361110045275439,0.0026969564204260632,0.04876525779791954,1.3588378574784303e-09,0.05008411361961264,1.3588378574784303e-09,0.05008411361961264,2.2791660417815425e-07,0.050091462018471464,0.0012493809594035638,0.04590157481859518,0.002864805698526316,0.06359579530728464,0.0010882258074600105,0.04925831772161098,0.05791117521057976,0.01,0.04750326206047503,0.050489557304724736
2020-05-01,0.01,0.01,5.814348883064486e-07,0.04887499225114831,5.814348883064486e-07,0.04887499225114831,1.0849892150215118e-06,0.048907082236010174,0.0026570911399073083,0.04755024430256599,0.027504565751509672,0.07361110045275439,0.0026969564204260632,0.04876525779791954,1.3588378574784303e-09,0.05008411361961264,1.3588378574784303e-09,0.05008411361961264,2.2791660417815425e-07,0.050091462018471464,0.0012493809594035638,0.04590157481859518,0.002864805698526316,0.06359579530728464,0.0010882258074600105,0.04925831772161098,0.05791117521057976,0.01,0.04750326206047503,0.050489557304724736
2020-05-04,0.01,0.01,5.814348883064486e-07,0.04887499225114831,5.814348883064486e-07,0.04887499225114831,1.0849892150215118e-06,0.048907082236010174,0.0026570911399073083,0.04755024430256599,0.027504565751509672,0.07361110045275439,0.0026969564204260632,0.04876525779791954,1.3588378574784303e-09,0.05008411361961264,1.3588378574784303e-09,0.05008411361961264,2.2791660417815425e-07,0.050091462018471464,0.0012493809594035638,0.04590157481859518,0.002864805698526316,0.06359579530728464,0.0010882258074600105,0.04925831772161098,0.05791117521057976,0.01,0.04750326206047503,0.050489557304724736
2020-05-05,0.01,0.01,5.814348883064486e-07,0.04887499225114831,5.814348883064486e-07,0.04887499225114831,1.0849892150215118e-06,0.048907082236010174,0.0026570911399073083,0.04755024430256599,0.027504565751509672,0.07361110045275439,0.0026969564204260632,0.04876525779791954,1.3588378574784303e-09,0.05008411361961264,1.3588378574784303e-09,0.05008411361961264,2.2791660417815425e-07,0.050091462018471464,0.0012493809594035638,0.04590157481859518,0.002864805698526316,0.06359579530728464,0.0010882258074600105,0.04925831772161098,0.05791117521057976,0.01,0.04750326206047503,0.050489557304724736
2020-05-06,0.01,0.01,5.814348883064486e-07,0.04887499225114831,5.814348883064486e-07,0.04887499225114831,1.0849892150215118e-06,0.048907082236010174,0.0026570911399073083,0.04755024430256599,0.027504565751509672,0.07361110045275439,0.0026969564204260632,0.04876525779791954,1.3588378574784303e-09,0.05008411361961264,1.3588378574784303e-09,0.05008411361961264,2.2791660417815425e-07,0.050091462018471464,0.0012493809594035638,0.04590157481859518,0.002864805698526316,0.06359579530728464,0.0010882258074600105,0.04925831772161098,0.05791117521057976,0.01,0.04750326206047503,0.050489557304724736
2020-05-07,0.01,0.01,5.814348883064486e-07,0.04887499225114831,5.814348883064486e-07,0.04887499225114831,1.0849892150215118e-06,0.048907082236010174,0.0026570911399073083,0.04755024430256599,0.027504565751509672,0.07361110045275439,0.0026969564204260632,0.04876525779791954,1.3588378574784303e-09,0.05008411361961264,1.3588378574784303e-09,0.05008411361961264,2.2791660417815425e-07,0.050091462018471464,0.0012493809594035638,0.04590157481859518,0.002864805698526316,0.06359579530728464,0.0010882258074600105,0.04925831772161098,0.05791117521057976,0.01,0.04750326206047503,0.050489557304724736
2020-05-08,0.01,0.01,5.814348883064486e-07,0.04887499225114831,5.814348883064486e-07,0.04887499225114831,1.0849892150215118e-06,0.048907082236010174,0.0026570911399073083,0.04755024430256599,0.027504565751509672,0.07361110045275439,0.0026969564204260632,0.04876525779791954,1.3588378574784303e-09,0.05008411361961264,1.3588378574784303e-09,0.05008411361961264,2.2791660417815425e-07,0.050091462018471464,0.0012493809594035638,0.04590157481859518,0.002864805698526316,0.06359579530728464,0.0010882258074600105,0.04925831772161098,0.05791117521057976,0.01,0.04750326206047503,0.050489557304724736
2020-05-11,0.01,0.01,5.814348883064486e-07,0.04887499225114831,5.814348883064486e-07,0.04887499225114831,1.0849892150215118e-06,0.048907082236010174,0.0026570911399073083,0.04755024430256599,0.027504565751509672,0.07361110045275439,0.0026969564204260632,0.04876525779791954,1.3588378574784303e-09,0.05008411361961264,1.3588378574784303e-09,0.05008411361961264,2.2791660417815425e-07,0.050091462018471464,0.0012493809594035638,0.04590157481859518,0.002864805698526316,0.06359579530728464,0.0010882258074600105,0.04925831772161098,0.05791117521057976,0.01,0.04750326206047503,0.050489557304724736
2020-05-12,0.01,0.01,5.814348883064486e-07,0.04887499225114831,5.814348883064486e-07,0.04887499225114831,1.0849892150215118e-06,0.048907082236010174,0.0026570911399073083,0.04755024430256599,0.027504565751509672,0.07361110045275439,0.0026969564204260632,0.04876525779791954,1.3588378574784303e-09,0.05008411361961264,1.3588378574784303e-09,0.05008411361961264,2.2791660417815425e-07,0.050091462018471464,0.0012493809594035638,0.04590157481859518,0.002864805698526316,0.06359579530728464,0.0010882258074600105,0.04925831772161098,0.05791117521057976,0.01,0.04750326206047503,0.050489557304724736
2020-05-13,0.01,0.01,5.814348883064486e-07,0.04887499225114831,5.814348883064486e-07,0.04887499225114831,1.0849892150215118e-06,0.048907082236010174,0.0026570911399073083,0.04755024430256599,0.027504565751509672,0.07361110045275439,0.0026969564204260632,0.04876525779791954,1.3588378574784303e-09,0.05008411361961264,1.3588378574784303e-09,0.05008411361961264,2.2791660417815425e-07,0.050091462018471464,0.0012493809594035638,0.04590157481859518,0.002864805698526316,0.06359579530728464,0.0010882258074600105,0.04925831772161098,0.05791117521057976,0.01,0.04750326206047503,0.050489557304724736
2020-05-14,0.01,0.01,5.814348883064486e-07,0.04887499225114831,5.814348883064486e-07,0.04887499225114831,1.0849892150215118e-06,0.048907082236010174,0.0026570911399073083,0.04755024430256599,0.027504565751509672,0.07361110045275439,0.0026969564204260632,0.04876525779791954,1.3588378574784303e-09,0.05008411361961264,1.3588378574784303e-09,0.05008411361961264,2.2791660417815425e-07,0.050091462018471464,0.0012493809594035638,0.04590157481859518,0.002864805698526316,0.06359579530728464,0.0010882258074600105,0.04925831772161098,0.05791117521057976,0.01,0.04750326206047503,0.050489557304724736
2020-05-15,0.01,0.01,5.814348883064486e-07,0.04887499225114831,5.814348883064486e-07,0.04887499225114831,1.0849892150215118e-06,0.048907082236010174,0.0026570911399073083,0.04755024430256599,0.027504565751509672,0.07361110045275439,0.0026969564204260632,0.04876525779791954,1.3588378574784303e-09,0.05008411361961264,1.3588378574784303e-09,0.05008411361961264,2.2791660417815425e-07,0.050091462018471464,0.0012493809594035638,0.04590157481859518,0.002864805698526316,0.06359579530728464,0.0010882258074600105,0.04925831772161098,0.05791117521057976,0.01,0.04750326206047503,0.050489557304724736
2020-05-18,0.01,0.01,5.814348883064486e-07,0.04887499225114831,5.814348883064486e-07,0.04887499225114831,1.0849892150215118e-06,0.048907082236010174,0.0026570911399073083,0.04755024430256599,0.027504565751509672,0.07361110045275439,0.0026969564204260632,0.04876525779791954,1.3588378574784303e-09,0.05008411361961264,1.3588378574784303e-09,0.05008411361961264,2.2791660417815425e-07,0.050091462018471464,0.0012493809594035638,0.04590157481859518,0.002864805698526316,0.06359579530728464,0.0010882258074600105,0.04925831772161098,0.05791117521057976,0.01,0.04750326206047503,0.050489557304724736
2020-05-19,0.01,0.01,5.814348883064486e-07,0.04887499225114831,5.814348883064486e-07,0.04887499225114831,1.0849892150215118e-06,0.048907082236010174,0.0026570911399073083,0.04755024430256599,0.027504565751509672,0.07361110045275439,0.0026969564204260632,0.04876525779791954,1.3588378574784303e-09,0.05008411361961264,1.3588378574784303e-09,0.05008411361961264,2.2791660417815425e-07,0.050091462018471464,0.0012493809594035638,0.04590157481859518,0.002864805698526316,0.06359579530728464,0.0010882258074600105,0.04925831772161098,0.05791117521057976,0.01,0.04750326206047503,0.050489557304724736
2020-05-20,0.01,0.01,5.814348883064486e-07,0.04887499225114831,5.814348883064486e-07,0.04887499225114831,1.0849892150215118e-06,0.048907082236010174,0.0026570911399073083,0.04755024430256599,0.027504565751509672,0.07361110045275439,0.0026969564204260632,0.04876525779791954,1.3588378574784303e-09,0.05008411361961264,1.3588378574784303e-09,0.05008411361961264,2.2791660417815425e-07,0.050091462018471464,0.0012493809594035638,0.04590157481859518,0.002864805698526316,0.06359579530728464,0.0010882258074600105,0.04925831772161098,0.05791117521057976,0.01,0.04750326206047503,0.050489557304724736
2020-05-21,0.01,0.01,5.814348883064486e-07,0.04887499225114831,5.814348883064486e-07,0.04887499225114831,1.0849892150215118e-06,0.048907082236010174,0.0026570911399073083,0.04755024430256599,0.027504565751509672,0.07361110045275439,0.0026969564204260632,0.04876525779791954,1.3588378574784303e-09,0.05008411361961264,1.3588378574784303e-09,0.05008411361961264,2.2791660417815425e-07,0.050091462018471464,0.0012493809594035638,0.04590157481859518,0.002864805698526316,0.06359579530728464,0.0010882258074600105,0.04925831772161098,0.05791117521057976,0.01,0.04750326206047503,0.050489557304724736
2020-05-22,0.01,0.01,5.814348883064486e-07,0.04887499225114831,5.814348883064486e-07,0.04887499225114831,1.0849892150215118e-06,0.048907082236010174,0.0026570911399073083,0.04755024430256599,0.027504565751509672,0.07361110045275439,0.0026969564204260632,0.04876525779791954,1.3588378574784303e-09,0.05008411361961264,1.3588378574784303e-09,0.05008411361961264,2.2791660417815425e-07,0.050091462018471464,0.0012493809594035638,0.04590157481859518,0.002864805698526316,0.06359579530728464,0.0010882258074600105,0.04925831772161098,0.05791117521057976,0.01,0.04750326206047503,0.050489557304724736
2020-05-26,0.01,0.01,5.814348883064486e-07,0.04887499225114831,5.814348883064486e-07,0.04887499225114831,1.0849892150215118e-06,0.048907082236010174,0.0026570911399073083,0.04755024430256599,0.027504565751509672,0.07361110045275439,0.0026969564204260632,0.04876525779791954,1.3588378574784303e-09,0.05008411361961264,1.3588378574784303e-09,0.05008411361961264,2.2791660417815425e-07,0.050091462018471464,0.0012493809594035638,0.04590157481859518,0.002864805698526316,0.06359579530728464,0.0010882258074600105,0.04925831772161098,0.05791117521057976,0.01,0.04750326206047503,0.050489557304724736
2020-05-27,0.01,0.01,5.814348883064486e-07,0.04887499225114831,5.814348883064486e-07,0.04887499225114831,1.0849892150215118e-06,0.048907082236010174,0.0026570911399073083,0.04755024430256599,0.027504565751509672,0.07361110045275439,0.0026969564204260632,0.04876525779791954,1.3588378574784303e-09,0.05008411361961264,1.3588378574784303e-09,0.05008411361961264,2.2791660417815425e-07,0.050091462018471464,0.0012493809594035638,0.04590157481859518,0.002864805698526316,0.06359579530728464,0.0010882258074600105,0.04925831772161098,0.05791117521057976,0.01,0.04750326206047503,0.050489557304724736
2020-05-28,0.01,0.01,5.814348883064486e-07,0.04887499225114831,5.814348883064486e-07,0.04887499225114831,1.0849892150215118e-06,0.048907082236010174,0.0026570911399073083,0.04755024430256599,0.027504565751509672,0.07361110045275439,0.0026969564204260632,0.04876525779791954,1.3588378574784303e-09,0.05008411361961264,1.3588378574784303e-09,0.05008411361961264,2.2791660417815425e-07,0.050091462018471464,0.0012493809594035638,0.04590157481859518,0.002864805698526316,0.06359579530728464,0.0010882258074600105,0.04925831772161098,0.05791117521057976,0.01,0.04750326206047503,0.050489557304724736
2020-05-29,0.01,0.01,5.814348883064486e-07,0.04887499225114831,5.814348883064486e-07,0.04887499225114831,1.0849892150215118e-06,0.048907082236010174,0.0026570911399073083,0.04755024430256599,0.027504565751509672,0.07361110045275439,0.0026969564204260632,0.04876525779791954,1.3588378574784303e-09,0.05008411361961264,1.3588378574784303e-09,0.05008411361961264,2.2791660417815425e-07,0.050091462018471464,0.0012493809594035638,0.04590157481859518,0.002864805698526316,0.06359579530728464,0.0010882258074600105,0.04925831772161098,0.05791117521057976,0.01,0.04750326206047503,0.050489557304724736
2020-06-01,0.01,0.01,5.814348883064486e-07,0.04887499225114831,5.814348883064486e-07,0.04887499225114831,1.0849892150215118e-06,0.048907082236010174,0.0026570911399073083,0.04755024430256599,0.027504565751509672,0.07361110045275439,0.0026969564204260632,0.04876525779791954,1.3588378574784303e-09,0.05008411361961264,1.3588378574784303e-09,0.05008411361961264,2.2791660417815425e-07,0.050091462018471464,0.0012493809594035638,0.04590157481859518,0.002864805698526316,0.06359579530728464,0.0010882258074600105,0.04925831772161098,0.05791117521057976,0.01,0.04750326206047503,0.050489557304724736
2020-06-02,0.01,0.01,5.814348883064486e-07,0.04887499225114831,5.814348883064486e-07,0.04887499225114831,1.0849892150215118e-06,0.048907082236010174,0.0026570911399073083,0.04755024430256599,0.027504565751509672,0.07361110045275439,0.0026969564204260632,0.04876525779791954,1.3588378574784303e-09,0.05008411361961264,1.3588378574784303e-09,0.05008411361961264,2.2791660417815425e-07,0.050091462018471464,0.0012493809594035638,0.04590157481859518,0.002864805698526316,0.06359579530728464,0.0010882258074600105,0.04925831772161098,0.05791117521057976,0.01,0.04750326206047503,0.050489557304724736
2020-06-03,0.01,0.01,5.814348883064486e-07,0.04887499225114831,5.814348883064486e-07,0.04887499225114831,1.0849892150215118e-06,0.048907082236010174,0.0026570911399073083,0.04755024430256599,0.027504565751509672,0.07361110045275439,0.0026969564204260632,0.04876525779791954,1.3588378574784303e-09,0.05008411361961264,1.3588378574784303e-09,0.05008411361961264,2.2791660417815425e-07,0.050091462018471464,0.0012493809594035638,0.04590157481859518,0.002864805698526316,0.06359579530728464,0.0010882258074600105,0.04925831772161098,0.05791117521057976,0.01,0.04750326206047503,0.050489557304724736
2020-06-04,0.01,0.01,5.814348883064486e-07,0.04887499225114831,5.814348883064486e-07,0.04887499225114831,1.0849892150215118e-06,0.048907082236010174,0.0026570911399073083,0.04755024430256599,0.027504565751509672,0.07361110045275439,0.0026969564204260632,0.04876525779791954,1.3588378574784303e-09,0.05008411361961264,1.3588378574784303e-09,0.05008411361961264,2.2791660417815425e-07,0.050091462018471464,0.0012493809594035638,0.04590157481859518,0.002864805698526316,0.06359579530728464,0.0010882258074600105,0.04925831772161098,0.05791117521057976,0.01,0.04750326206047503,0.050489557304724736
2020-06-05,0.01,0.01,5.814348883064486e-07,0.04887499225114831,5.814348883064486e-07,0.04887499225114831,1.0849892150215118e-06,0.048907082236010174,0.0026570911399073083,0.04755024430256599,0.027504565751509672,0.07361110045275439,0.0026969564204260632,0.04876525779791954,1.3588378574784303e-09,0.05008411361961264,1.3588378574784303e-09,0.05008411361961264,2.2791660417815425e-07,0.050091462018471464,0.0012493809594035638,0.04590157481859518,0.002864805698526316,0.06359579530728464,0.0010882258074600105,0.04925831772161098,0.05791117521057976,0.01,0.04750326206047503,0.050489557304724736
2020-06-08,0.01,0.01,5.814348883064486e-07,0.04887499225114831,5.814348883064486e-07,0.04887499225114831,1.0849892150215118e-06,0.048907082236010174,0.0026570911399073083,0.04755024430256599,0.027504565751509672,0.07361110045275439,0.0026969564204260632,0.04876525779791954,1.3588378574784303e-09,0.05008411361961264,1.3588378574784303e-09,0.05008411361961264,2.2791660417815425e-07,0.050091462018471464,0.0012493809594035638,0.04590157481859518,0.002864805698526316,0.06359579530728464,0.0010882258074600105,0.04925831772161098,0.05791117521057976,0.01,0.04750326206047503,0.050489557304724736
2020-06-09,0.01,0.01,5.814348883064486e-07,0.04887499225114831,5.814348883064486e-07,0.04887499225114831,1.0849892150215118e-06,0.048907082236010174,0.0026570911399073083,0.04755024430256599,0.027504565751509672,0.07361110045275439,0.0026969564204260632,0.04876525779791954,1.3588378574784303e-09,0.05008411361961264,1.3588378574784303e-09,0.05008411361961264,2.2791660417815425e-07,0.050091462018471464,0.0012493809594035638,0.04590157481859518,0.002864805698526316,0.06359579530728464,0.0010882258074600105,0.04925831772161098,0.05791117521057976,0.01,0.04750326206047503,0.050489557304724736
2020-06-10,0.01,0.01,5.814348883064486e-07,0.04887499225114831,5.814348883064486e-07,0.04887499225114831,1.0849892150215118e-06,0.048907082236010174,0.0026570911399073083,0.04755024430256599,0.027504565751509672,0.07361110045275439,0.0026969564204260632,0.04876525779791954,1.3588378574784303e-09,0.05008411361961264,1.3588378574784303e-09,0.05008411361961264,2.2791660417815425e-07,0.050091462018471464,0.0012493809594035638,0.04590157481859518,0.002864805698526316,0.06359579530728464,0.0010882258074600105,0.04925831772161098,0.05791117521057976,0.01,0.04750326206047503,0.050489557304724736
2020-06-11,0.01,0.01,5.814348883064486e-07,0.04887499225114831,5.814348883064486e-07,0.04887499225114831,1.0849892150215118e-06,0.048907082236010174,0.0026570911399073083,0.04755024430256599,0.027504565751509672,0.07361110045275439,0.0026969564204260632,0.04876525779791954,1.3588378574784303e-09,0.05008411361961264,1.3588378574784303e-09,0.05008411361961264,2.2791660417815425e-07,0.050091462018471464,0.0012493809594035638,0.04590157481859518,0.002864805698526316,0.06359579530728464,0.0010882258074600105,0.04925831772161098,0.05791117521057976,0.01,0.04750326206047503,0.050489557304724736
2020-06-12,0.01,0.01,5.814348883064486e-07,0.04887499225114831,5.814348883064486e-07,0.04887499225114831,1.0849892150215118e-06,0.048907082236010174,0.0026570911399073083,0.04755024430256599,0.027504565751509672,0.07361110045275439,0.0026969564204260632,0.04876525779791954,1.3588378574784303e-09,0.05008411361961264,1.3588378574784303e-09,0.05008411361961264,2.2791660417815425e-07,0.050091462018471464,0.0012493809594035638,0.04590157481859518,0.002864805698526316,0.06359579530728464,0.0010882258074600105,0.04925831772161098,0.05791117521057976,0.01,0.04750326206047503,0.050489557304724736
2020-06-15,0.01,0.01,5.814348883064486e-07,0.04887499225114831,5.814348883064486e-07,0.04887499225114831,1.0849892150215118e-06,0.048907082236010174,0.0026570911399073083,0.04755024430256599,0.027504565751509672,0.07361110045275439,0.0026969564204260632,0.04876525779791954,1.3588378574784303e-09,0.05008411361961264,1.3588378574784303e-09,0.05008411361961264,2.2791660417815425e-07,0.050091462018471464,0.0012493809594035638,0.04590157481859518,0.002864805698526316,0.06359579530728464,0.0010882258074600105,0.04925831772161098,0.05791117521057976,0.01,0.04750326206047503,0.050489557304724736
2020-06-16,0.01,0.01,5.814348883064486e-07,0.04887499225114831,5.814348883064486e-07,0.04887499225114831,1.0849892150215118e-06,0.048907082236010174,0.0026570911399073083,0.04755024430256599,0.027504565751509672,0.07361110045275439,0.0026969564204260632,0.04876525779791954,1.3588378574784303e-09,0.05008411361961264,1.3588378574784303e-09,0.05008411361961264,2.2791660417815425e-07,0.050091462018471464,0.0012493809594035638,0.04590157481859518,0.002864805698526316,0.06359579530728464,0.0010882258074600105,0.04925831772161098,0.05791117521057976,0.01,0.04750326206047503,0.050489557304724736
2020-06-17,0.01,0.01,5.814348883064486e-07,0.04887499225114831,5.814348883064486e-07,0.04887499225114831,1.0849892150215118e-06,0.048907082236010174,0.0026570911399073083,0.04755024430256599,0.027504565751509672,0.07361110045275439,0.0026969564204260632,0.04876525779791954,1.3588378574784303e-09,0.05008411361961264,1.3588378574784303e-09,0.05008411361961264,2.2791660417815425e-07,0.050091462018471464,0.0012493809594035638,0.04590157481859518,0.002864805698526316,0.06359579530728464,0.0010882258074600105,0.04925831772161098,0.05791117521057976,0.01,0.04750326206047503,0.050489557304724736
2020-06-18,0.01,0.01,5.814348883064486e-07,0.04887499225114831,5.814348883064486e-07,0.04887499225114831,1.0849892150215118e-06,0.048907082236010174,0.0026570911399073083,0.04755024430256599,0.027504565751509672,0.07361110045275439,0.0026969564204260632,0.04876525779791954,1.3588378574784303e-09,0.05008411361961264,1.3588378574784303e-09,0.05008411361961264,2.2791660417815425e-07,0.050091462018471464,0.0012493809594035638,0.04590157481859518,0.002864805698526316,0.06359579530728464,0.0010882258074600105,0.04925831772161098,0.05791117521057976,0.01,0.04750326206047503,0.050489557304724736
2020-06-19,0.01,0.01,5.814348883064486e-07,0.04887499225114831,5.814348883064486e-07,0.04887499225114831,1.0849892150215118e-06,0.048907082236010174,0.0026570911399073083,0.04755024430256599,0.027504565751509672,0.07361110045275439,0.0026969564204260632,0.04876525779791954,1.3588378574784303e-09,0.05008411361961264,1.3588378574784303e-09,0.05008411361961264,2.2791660417815425e-07,0.050091462018471464,0.0012493809594035638,0.04590157481859518,0.002864805698526316,0.06359579530728464,0.0010882258074600105,0.04925831772161098,0.05791117521057976,0.01,0.04750326206047503,0.050489557304724736
2020-06-22,0.01,0.01,5.814348883064486e-07,0.04887499225114831,5.814348883064486e-07,0.04887499225114831,1.0849892150215118e-06,0.048907082236010174,0.0026570911399073083,0.04755024430256599,0.027504565751509672,0.07361110045275439,0.0026969564204260632,0.04876525779791954,1.3588378574784303e-09,0.05008411361961264,1.3588378574784303e-09,0.05008411361961264,2.2791660417815425e-07,0.050091462018471464,0.0012493809594035638,0.04590157481859518,0.002864805698526316,0.06359579530728464,0.0010882258074600105,0.04925831772161098,0.05791117521057976,0.01,0.04750326206047503,0.050489557304724736
2020-06-23,0.01,0.01,5.814348883064486e-07,0.04887499225114831,5.814348883064486e-07,0.04887499225114831,1.0849892150215118e-06,0.048907082236010174,0.0026570911399073083,0.04755024430256599,0.027504565751509672,0.07361110045275439,0.0026969564204260632,0.04876525779791954,1.3588378574784303e-09,0.05008411361961264,1.3588378574784303e-09,0.05008411361961264,2.2791660417815425e-07,0.050091462018471464,0.0012493809594035638,0.04590157481859518,0.002864805698526316,0.06359579530728464,0.0010882258074600105,0.04925831772161098,0.05791117521057976,0.01,0.04750326206047503,0.050489557304724736
2020-06-24,0.01,0.01,5.814348883064486e-07,0.04887499225114831,5.814348883064486e-07,0.04887499225114831,1.0849892150215118e-06,0.048907082236010174,0.0026570911399073083,0.04755024430256599,0.027504565751509672,0.07361110045275439,0.0026969564204260632,0.04876525779791954,1.3588378574784303e-09,0.05008411361961264,1.3588378574784303e-09,0.05008411361961264,2.2791660417815425e-07,0.050091462018471464,0.0012493809594035638,0.04590157481859518,0.002864805698526316,0.06359579530728464,0.0010882258074600105,0.04925831772161098,0.05791117521057976,0.01,0.04750326206047503,0.050489557304724736
2020-06-25,0.01,0.01,5.814348883064486e-07,0.04887499225114831,5.814348883064486e-07,0.04887499225114831,1.0849892150215118e-06,0.048907082236010174,0.0026570911399073083,0.04755024430256599,0.027504565751509672,0.07361110045275439,0.0026969564204260632,0.04876525779791954,1.3588378574784303e-09,0.05008411361961264,1.3588378574784303e-09,0.05008411361961264,2.2791660417815425e-07,0.050091462018471464,0.0012493809594035638,0.04590157481859518,0.002864805698526316,0.06359579530728464,0.0010882258074600105,0.04925831772161098,0.05791117521057976,0.01,0.04750326206047503,0.050489557304724736
2020-06-26,0.01,0.01,5.814348883064486e-07,0.04887499225114831,5.814348883064486e-07,0.04887499225114831,1.0849892150215118e-06,0.048907082236010174,0.0026570911399073083,0.04755024430256599,0.027504565751509672,0.07361110045275439,0.0026969564204260632,0.04876525779791954,1.3588378574784303e-09,0.05008411361961264,1.3588378574784303e-09,0.05008411361961264,2.2791660417815425e-07,0.050091462018471464,0.0012493809594035638,0.04590157481859518,0.002864805698526316,0.06359579530728464,0.0010882258074600105,0.04925831772161098,0.05791117521057976,0.01,0.04750326206047503,0.050489557304724736
2020-06-29,0.01,0.01,5.814348883064486e-07,0.04887499225114831,5.814348883064486e-07,0.04887499225114831,1.0849892150215118e-06,0.048907082236010174,0.0026570911399073083,0.04755024430256599,0.027504565751509672,0.07361110045275439,0.0026969564204260632,0.04876525779791954,1.3588378574784303e-09,0.05008411361961264,1.3588378574784303e-09,0.05008411361961264,2.2791660417815425e-07,0.050091462018471464,0.0012493809594035638,0.04590157481859518,0.002864805698526316,0.06359579530728464,0.0010882258074600105,0.04925831772161098,0.05791117521057976,0.01,0.04750326206047503,0.050489557304724736
2020-06-30,0.01,0.01,5.814348883064486e-07,0.04887499225114831,5.814348883064486e-07,0.04887499225114831,1.0849892150215118e-06,0.048907082236010174,0.0026570911399073083,0.04755024430256599,0.027504565751509672,0.07361110045275439,0.0026969564204260632,0.04876525779791954,1.3588378574784303e-09,0.05008411361961264,1.3588378574784303e-09,0.05008411361961264,2.2791660417815425e-07,0.050091462018471464,0.0012493809594035638,0.04590157481859518,0.002864805698526316,0.06359579530728464,0.0010882258074600105,0.04925831772161098,0.05791117521057976,0.01,0.04750326206047503,0.050489557304724736
2020-07-01,0.01,0.01,5.814348883064486e-07,0.04887499225114831,5.814348883064486e-07,0.04887499225114831,1.0849892150215118e-06,0.048907082236010174,0.0026570911399073083,0.04755024430256599,0.027504565751509672,0.07361110045275439,0.0026969564204260632,0.04876525779791954,1.3588378574784303e-09,0.05008411361961264,1.3588378574784303e-09,0.05008411361961264,2.2791660417815425e-07,0.050091462018471464,0.0012493809594035638,0.04590157481859518,0.002864805698526316,0.06359579530728464,0.0010882258074600105,0.04925831772161098,0.05791117521057976,0.01,0.04750326206047503,0.050489557304724736
2020-07-02,0.01,0.01,5.814348883064486e-07,0.04887499225114831,5.814348883064486e-07,0.04887499225114831,1.0849892150215118e-06,0.048907082236010174,0.0026570911399073083,0.04755024430256599,0.027504565751509672,0.07361110045275439,0.0026969564204260632,0.04876525779791954,1.3588378574784303e-09,0.05008411361961264,1.3588378574784303e-09,0.05008411361961264,2.2791660417815425e-07,0.050091462018471464,0.0012493809594035638,0.04590157481859518,0.002864805698526316,0.06359579530728464,0.0010882258074600105,0.04925831772161098,0.05791117521057976,0.01,0.04750326206047503,0.050489557304724736
2020-07-06,0.01,0.01,5.814348883064486e-07,0.04887499225114831,5.814348883064486e-07,0.04887499225114831,1.0849892150215118e-06,0.048907082236010174,0.0026570911399073083,0.04755024430256599,0.027504565751509672,0.07361110045275439,0.0026969564204260632,0.04876525779791954,1.3588378574784303e-09,0.05008411361961264,1.3588378574784303e-09,0.05008411361961264,2.2791660417815425e-07,0.050091462018471464,0.0012493809594035638,0.04590157481859518,0.002864805698526316,0.06359579530728464,0.0010882258074600105,0.04925831772161098,0.05791117521057976,0.01,0.04750326206047503,0.050489557304724736
2020-07-07,0.01,0.01,5.814348883064486e-07,0.04887499225114831,5.814348883064486e-07,0.04887499225114831,1.0849892150215118e-06,0.048907082236010174,0.0026570911399073083,0.04755024430256599,0.027504565751509672,0.07361110045275439,0.0026969564204260632,0.04876525779791954,1.3588378574784303e-09,0.05008411361961264,1.3588378574784303e-09,0.05008411361961264,2.2791660417815425e-07,0.050091462018471464,0.0012493809594035638,0.04590157481859518,0.002864805698526316,0.06359579530728464,0.0010882258074600105,0.04925831772161098,0.05791117521057976,0.01,0.04750326206047503,0.050489557304724736
2020-07-08,0.01,0.01,5.814348883064486e-07,0.04887499225114831,5.814348883064486e-07,0.04887499225114831,1.0849892150215118e-06,0.048907082236010174,0.0026570911399073083,0.04755024430256599,0.027504565751509672,0.07361110045275439,0.0026969564204260632,0.04876525779791954,1.3588378574784303e-09,0.05008411361961264,1.3588378574784303e-09,0.05008411361961264,2.2791660417815425e-07,0.050091462018471464,0.0012493809594035638,0.04590157481859518,0.002864805698526316,0.06359579530728464,0.0010882258074600105,0.04925831772161098,0.05791117521057976,0.01,0.04750326206047503,0.050489557304724736
2020-07-09,0.01,0.01,5.814348883064486e-07,0.04887499225114831,5.814348883064486e-07,0.04887499225114831,1.0849892150215118e-06,0.048907082236010174,0.0026570911399073083,0.04755024430256599,0.027504565751509672,0.07361110045275439,0.0026969564204260632,0.04876525779791954,1.3588378574784303e-09,0.05008411361961264,1.3588378574784303e-09,0.05008411361961264,2.2791660417815425e-07,0.050091462018471464,0.0012493809594035638,0.04590157481859518,0.002864805698526316,0.06359579530728464,0.0010882258074600105,0.04925831772161098,0.05791117521057976,0.01,0.04750326206047503,0.050489557304724736
2020-07-10,0.01,0.01,5.814348883064486e-07,0.04887499225114831,5.814348883064486e-07,0.04887499225114831,1.0849892150215118e-06,0.048907082236010174,0.0026570911399073083,0.04755024430256599,0.027504565751509672,0.07361110045275439,0.0026969564204260632,0.04876525779791954,1.3588378574784303e-09,0.05008411361961264,1.3588378574784303e-09,0.05008411361961264,2.2791660417815425e-07,0.050091462018471464,0.0012493809594035638,0.04590157481859518,0.002864805698526316,0.06359579530728464,0.0010882258074600105,0.04925831772161098,0.05791117521057976,0.01,0.04750326206047503,0.050489557304724736
2020-07-13,0.01,0.01,5.814348883064486e-07,0.04887499225114831,5.814348883064486e-07,0.04887499225114831,1.0849892150215118e-06,0.048907082236010174,0.0026570911399073083,0.04755024430256599,0.027504565751509672,0.07361110045275439,0.0026969564204260632,0.04876525779791954,1.3588378574784303e-09,0.05008411361961264,1.3588378574784303e-09,0.05008411361961264,2.2791660417815425e-07,0.050091462018471464,0.0012493809594035638,0.04590157481859518,0.002864805698526316,0.06359579530728464,0.0010882258074600105,0.04925831772161098,0.05791117521057976,0.01,0.04750326206047503,0.050489557304724736
2020-07-14,0.01,0.01,5.814348883064486e-07,0.04887499225114831,5.814348883064486e-07,0.04887499225114831,1.0849892150215118e-06,0.048907082236010174,0.0026570911399073083,0.04755024430256599,0.027504565751509672,0.07361110045275439,0.0026969564204260632,0.04876525779791954,1.3588378574784303e-09,0.05008411361961264,1.3588378574784303e-09,0.05008411361961264,2.2791660417815425e-07,0.050091462018471464,0.0012493809594035638,0.04590157481859518,0.002864805698526316,0.06359579530728464,0.0010882258074600105,0.04925831772161098,0.05791117521057976,0.01,0.04750326206047503,0.050489557304724736
2020-07-15,0.01,0.01,5.814348883064486e-07,0.04887499225114831,5.814348883064486e-07,0.04887499225114831,1.0849892150215118e-06,0.048907082236010174,0.0026570911399073083,0.04755024430256599,0.027504565751509672,0.07361110045275439,0.0026969564204260632,0.04876525779791954,1.3588378574784303e-09,0.05008411361961264,1.3588378574784303e-09,0.05008411361961264,2.2791660417815425e-07,0.050091462018471464,0.0012493809594035638,0.04590157481859518,0.002864805698526316,0.06359579530728464,0.0010882258074600105,0.04925831772161098,0.05791117521057976,0.01,0.04750326206047503,0.050489557304724736
2020-07-16,0.01,0.01,5.814348883064486e-07,0.04887499225114831,5.814348883064486e-07,0.04887499225114831,1.0849892150215118e-06,0.048907082236010174,0.0026570911399073083,0.04755024430256599,0.027504565751509672,0.07361110045275439,0.0026969564204260632,0.04876525779791954,1.3588378574784303e-09,0.05008411361961264,1.3588378574784303e-09,0.05008411361961264,2.2791660417815425e-07,0.050091462018471464,0.0012493809594035638,0.04590157481859518,0.002864805698526316,0.06359579530728464,0.0010882258074600105,0.04925831772161098,0.05791117521057976,0.01,0.04750326206047503,0.050489557304724736
2020-07-17,0.01,0.01,5.814348883064486e-07,0.04887499225114831,5.814348883064486e-07,0.04887499225114831,1.0849892150215118e-06,0.048907082236010174,0.0026570911399073083,0.04755024430256599,0.027504565751509672,0.07361110045275439,0.0026969564204260632,0.04876525779791954,1.3588378574784303e-09,0.05008411361961264,1.3588378574784303e-09,0.05008411361961264,2.2791660417815425e-07,0.050091462018471464,0.0012493809594035638,0.04590157481859518,0.002864805698526316,0.06359579530728464,0.0010882258074600105,0.04925831772161098,0.05791117521057976,0.01,0.04750326206047503,0.050489557304724736
2020-07-20,0.01,0.01,5.814348883064486e-07,0.04887499225114831,5.814348883064486e-07,0.04887499225114831,1.0849892150215118e-06,0.048907082236010174,0.0026570911399073083,0.04755024430256599,0.027504565751509672,0.07361110045275439,0.0026969564204260632,0.04876525779791954,1.3588378574784303e-09,0.05008411361961264,1.3588378574784303e-09,0.05008411361961264,2.2791660417815425e-07,0.050091462018471464,0.0012493809594035638,0.04590157481859518,0.002864805698526316,0.06359579530728464,0.0010882258074600105,0.04925831772161098,0.05791117521057976,0.01,0.04750326206047503,0.050489557304724736
2020-07-21,0.01,0.01,5.814348883064486e-07,0.04887499225114831,5.814348883064486e-07,0.04887499225114831,1.0849892150215118e-06,0.048907082236010174,0.0026570911399073083,0.04755024430256599,0.027504565751509672,0.07361110045275439,0.0026969564204260632,0.04876525779791954,1.3588378574784303e-09,0.05008411361961264,1.3588378574784303e-09,0.05008411361961264,2.2791660417815425e-07,0.050091462018471464,0.0012493809594035638,0.04590157481859518,0.002864805698526316,0.06359579530728464,0.0010882258074600105,0.04925831772161098,0.05791117521057976,0.01,0.04750326206047503,0.050489557304724736
2020-07-22,0.01,0.01,5.814348883064486e-07,0.04887499225114831,5.814348883064486e-07,0.04887499225114831,1.0849892150215118e-06,0.048907082236010174,0.0026570911399073083,0.04755024430256599,0.027504565751509672,0.07361110045275439,0.0026969564204260632,0.04876525779791954,1.3588378574784303e-09,0.05008411361961264,1.3588378574784303e-09,0.05008411361961264,2.2791660417815425e-07,0.050091462018471464,0.0012493809594035638,0.04590157481859518,0.002864805698526316,0.06359579530728464,0.0010882258074600105,0.04925831772161098,0.05791117521057976,0.01,0.04750326206047503,0.050489557304724736
2020-07-23,0.01,0.01,5.814348883064486e-07,0.04887499225114831,5.814348883064486e-07,0.04887499225114831,1.0849892150215118e-06,0.048907082236010174,0.0026570911399073083,0.04755024430256599,0.027504565751509672,0.07361110045275439,0.0026969564204260632,0.04876525779791954,1.3588378574784303e-09,0.05008411361961264,1.3588378574784303e-09,0.05008411361961264,2.2791660417815425e-07,0.050091462018471464,0.0012493809594035638,0.04590157481859518,0.002864805698526316,0.06359579530728464,0.0010882258074600105,0.04925831772161098,0.05791117521057976,0.01,0.04750326206047503,0.050489557304724736
2020-07-24,0.01,0.01,5.814348883064486e-07,0.04887499225114831,5.814348883064486e-07,0.04887499225114831,1.0849892150215118e-06,0.048907082236010174,0.0026570911399073083,0.04755024430256599,0.027504565751509672,0.07361110045275439,0.0026969564204260632,0.04876525779791954,1.3588378574784303e-09,0.05008411361961264,1.3588378574784303e-09,0.05008411361961264,2.2791660417815425e-07,0.050091462018471464,0.0012493809594035638,0.04590157481859518,0.002864805698526316,0.06359579530728464,0.0010882258074600105,0.04925831772161098,0.05791117521057976,0.01,0.04750326206047503,0.050489557304724736
2020-07-27,0.01,0.01,5.814348883064486e-07,0.04887499225114831,5.814348883064486e-07,0.04887499225114831,1.0849892150215118e-06,0.048907082236010174,0.0026570911399073083,0.04755024430256599,0.027504565751509672,0.07361110045275439,0.0026969564204260632,0.04876525779791954,1.3588378574784303e-09,0.05008411361961264,1.3588378574784303e-09,0.05008411361961264,2.2791660417815425e-07,0.050091462018471464,0.0012493809594035638,0.04590157481859518,0.002864805698526316,0.06359579530728464,0.0010882258074600105,0.04925831772161098,0.05791117521057976,0.01,0.04750326206047503,0.050489557304724736
2020-07-28,0.01,0.01,5.814348883064486e-07,0.04887499225114831,5.814348883064486e-07,0.04887499225114831,1.0849892150215118e-06,0.048907082236010174,0.0026570911399073083,0.04755024430256599,0.027504565751509672,0.07361110045275439,0.0026969564204260632,0.04876525779791954,1.3588378574784303e-09,0.05008411361961264,1.3588378574784303e-09,0.05008411361961264,2.2791660417815425e-07,0.050091462018471464,0.0012493809594035638,0.04590157481859518,0.002864805698526316,0.06359579530728464,0.0010882258074600105,0.04925831772161098,0.05791117521057976,0.01,0.04750326206047503,0.050489557304724736
2020-07-29,0.01,0.01,5.814348883064486e-07,0.04887499225114831,5.814348883064486e-07,0.04887499225114831,1.0849892150215118e-06,0.048907082236010174,0.0026570911399073083,0.04755024430256599,0.027504565751509672,0.07361110045275439,0.0026969564204260632,0.04876525779791954,1.3588378574784303e-09,0.05008411361961264,1.3588378574784303e-09,0.05008411361961264,2.2791660417815425e-07,0.050091462018471464,0.0012493809594035638,0.04590157481859518,0.002864805698526316,0.06359579530728464,0.0010882258074600105,0.04925831772161098,0.05791117521057976,0.01,0.04750326206047503,0.050489557304724736
2020-07-30,0.01,0.01,5.814348883064486e-07,0.04887499225114831,5.814348883064486e-07,0.04887499225114831,1.0849892150215118e-06,0.048907082236010174,0.0026570911399073083,0.04755024430256599,0.027504565751509672,0.07361110045275439,0.0026969564204260632,0.04876525779791954,1.3588378574784303e-09,0.05008411361961264,1.3588378574784303e-09,0.05008411361961264,2.2791660417815425e-07,0.050091462018471464,0.0012493809594035638,0.04590157481859518,0.002864805698526316,0.06359579530728464,0.0010882258074600105,0.04925831772161098,0.05791117521057976,0.01,0.04750326206047503,0.050489557304724736
2020-07-31,0.01,0.01,5.814348883064486e-07,0.04887499225114831,5.814348883064486e-07,0.04887499225114831,1.0849892150215118e-06,0.048907082236010174,0.0026570911399073083,0.04755024430256599,0.027504565751509672,0.07361110045275439,0.0026969564204260632,0.04876525779791954,1.3588378574784303e-09,0.05008411361961264,1.3588378574784303e-09,0.05008411361961264,2.2791660417815425e-07,0.050091462018471464,0.0012493809594035638,0.04590157481859518,0.002864805698526316,0.06359579530728464,0.0010882258074600105,0.04925831772161098,0.05791117521057976,0.01,0.04750326206047503,0.050489557304724736
2020-08-03,0.01,0.01,5.814348883064486e-07,0.04887499225114831,5.814348883064486e-07,0.04887499225114831,1.0849892150215118e-06,0.048907082236010174,0.0026570911399073083,0.04755024430256599,0.027504565751509672,0.07361110045275439,0.0026969564204260632,0.04876525779791954,1.3588378574784303e-09,0.05008411361961264,1.3588378574784303e-09,0.05008411361961264,2.2791660417815425e-07,0.050091462018471464,0.0012493809594035638,0.04590157481859518,0.002864805698526316,0.06359579530728464,0.0010882258074600105,0.04925831772161098,0.05791117521057976,0.01,0.04750326206047503,0.050489557304724736
2020-08-04,0.01,0.01,5.814348883064486e-07,0.04887499225114831,5.814348883064486e-07,0.04887499225114831,1.0849892150215118e-06,0.048907082236010174,0.0026570911399073083,0.04755024430256599,0.027504565751509672,0.07361110045275439,0.0026969564204260632,0.04876525779791954,1.3588378574784303e-09,0.05008411361961264,1.3588378574784303e-09,0.05008411361961264,2.2791660417815425e-07,0.050091462018471464,0.0012493809594035638,0.04590157481859518,0.002864805698526316,0.06359579530728464,0.0010882258074600105,0.04925831772161098,0.05791117521057976,0.01,0.04750326206047503,0.050489557304724736
2020-08-05,0.01,0.01,5.814348883064486e-07,0.04887499225114831,5.814348883064486e-07,0.04887499225114831,1.0849892150215118e-06,0.048907082236010174,0.0026570911399073083,0.04755024430256599,0.027504565751509672,0.07361110045275439,0.0026969564204260632,0.04876525779791954,1.3588378574784303e-09,0.05008411361961264,1.3588378574784303e-09,0.05008411361961264,2.2791660417815425e-07,0.050091462018471464,0.0012493809594035638,0.04590157481859518,0.002864805698526316,0.06359579530728464,0.0010882258074600105,0.04925831772161098,0.05791117521057976,0.01,0.04750326206047503,0.050489557304724736
2020-08-06,0.01,0.01,5.814348883064486e-07,0.04887499225114831,5.814348883064486e-07,0.04887499225114831,1.0849892150215118e-06,0.048907082236010174,0.0026570911399073083,0.04755024430256599,0.027504565751509672,0.07361110045275439,0.0026969564204260632,0.04876525779791954,1.3588378574784303e-09,0.05008411361961264,1.3588378574784303e-09,0.05008411361961264,2.2791660417815425e-07,0.050091462018471464,0.0012493809594035638,0.04590157481859518,0.002864805698526316,0.06359579530728464,0.0010882258074600105,0.04925831772161098,0.05791117521057976,0.01,0.04750326206047503,0.050489557304724736
2020-08-07,0.01,0.01,5.814348883064486e-07,0.04887499225114831,5.814348883064486e-07,0.04887499225114831,1.0849892150215118e-06,0.048907082236010174,0.0026570911399073083,0.04755024430256599,0.027504565751509672,0.07361110045275439,0.0026969564204260632,0.04876525779791954,1.3588378574784303e-09,0.05008411361961264,1.3588378574784303e-09,0.05008411361961264,2.2791660417815425e-07,0.050091462018471464,0.0012493809594035638,0.04590157481859518,0.002864805698526316,0.06359579530728464,0.0010882258074600105,0.04925831772161098,0.05791117521057976,0.01,0.04750326206047503,0.050489557304724736
2020-08-10,0.01,0.01,5.814348883064486e-07,0.04887499225114831,5.814348883064486e-07,0.04887499225114831,1.0849892150215118e-06,0.048907082236010174,0.0026570911399073083,0.04755024430256599,0.027504565751509672,0.07361110045275439,0.0026969564204260632,0.04876525779791954,1.3588378574784303e-09,0.05008411361961264,1.3588378574784303e-09,0.05008411361961264,2.2791660417815425e-07,0.050091462018471464,0.0012493809594035638,0.04590157481859518,0.002864805698526316,0.06359579530728464,0.0010882258074600105,0.04925831772161098,0.05791117521057976,0.01,0.04750326206047503,0.050489557304724736
2020-08-11,0.01,0.01,5.814348883064486e-07,0.04887499225114831,5.814348883064486e-07,0.04887499225114831,1.0849892150215118e-06,0.048907082236010174,0.0026570911399073083,0.04755024430256599,0.027504565751509672,0.07361110045275439,0.0026969564204260632,0.04876525779791954,1.3588378574784303e-09,0.05008411361961264,1.3588378574784303e-09,0.05008411361961264,2.2791660417815425e-07,0.050091462018471464,0.0012493809594035638,0.04590157481859518,0.002864805698526316,0.06359579530728464,0.0010882258074600105,0.04925831772161098,0.05791117521057976,0.01,0.04750326206047503,0.050489557304724736
2020-08-12,0.01,0.01,5.814348883064486e-07,0.04887499225114831,5.814348883064486e-07,0.04887499225114831,1.0849892150215118e-06,0.048907082236010174,0.0026570911399073083,0.04755024430256599,0.027504565751509672,0.07361110045275439,0.0026969564204260632,0.04876525779791954,1.3588378574784303e-09,0.05008411361961264,1.3588378574784303e-09,0.05008411361961264,2.2791660417815425e-07,0.050091462018471464,0.0012493809594035638,0.04590157481859518,0.002864805698526316,0.06359579530728464,0.0010882258074600105,0.04925831772161098,0.05791117521057976,0.01,0.04750326206047503,0.050489557304724736
2020-08-13,0.01,0.01,5.814348883064486e-07,0.04887499225114831,5.814348883064486e-07,0.04887499225114831,1.0849892150215118e-06,0.048907082236010174,0.0026570911399073083,0.04755024430256599,0.027504565751509672,0.07361110045275439,0.0026969564204260632,0.04876525779791954,1.3588378574784303e-09,0.05008411361961264,1.3588378574784303e-09,0.05008411361961264,2.2791660417815425e-07,0.050091462018471464,0.0012493809594035638,0.04590157481859518,0.002864805698526316,0.06359579530728464,0.0010882258074600105,0.04925831772161098,0.05791117521057976,0.01,0.04750326206047503,0.050489557304724736
2020-08-14,0.01,0.01,5.814348883064486e-07,0.04887499225114831,5.814348883064486e-07,0.04887499225114831,1.0849892150215118e-06,0.048907082236010174,0.0026570911399073083,0.04755024430256599,0.027504565751509672,0.07361110045275439,0.0026969564204260632,0.04876525779791954,1.3588378574784303e-09,0.05008411361961264,1.3588378574784303e-09,0.05008411361961264,2.2791660417815425e-07,0.050091462018471464,0.0012493809594035638,0.04590157481859518,0.002864805698526316,0.06359579530728464,0.0010882258074600105,0.04925831772161098,0.05791117521057976,0.01,0.04750326206047503,0.050489557304724736
2020-08-17,0.01,0.01,5.814348883064486e-07,0.04887499225114831,5.814348883064486e-07,0.04887499225114831,1.0849892150215118e-06,0.048907082236010174,0.0026570911399073083,0.04755024430256599,0.027504565751509672,0.07361110045275439,0.0026969564204260632,0.04876525779791954,1.3588378574784303e-09,0.05008411361961264,1.3588378574784303e-09,0.05008411361961264,2.2791660417815425e-07,0.050091462018471464,0.0012493809594035638,0.04590157481859518,0.002864805698526316,0.06359579530728464,0.0010882258074600105,0.04925831772161098,0.05791117521057976,0.01,0.04750326206047503,0.050489557304724736
2020-08-18,0.01,0.01,5.814348883064486e-07,0.04887499225114831,5.814348883064486e-07,0.04887499225114831,1.0849892150215118e-06,0.048907082236010174,0.0026570911399073083,0.04755024430256599,0.027504565751509672,0.07361110045275439,0.0026969564204260632,0.04876525779791954,1.3588378574784303e-09,0.05008411361961264,1.3588378574784303e-09,0.05008411361961264,2.2791660417815425e-07,0.050091462018471464,0.0012493809594035638,0.04590157481859518,0.002864805698526316,0.06359579530728464,0.0010882258074600105,0.04925831772161098,0.05791117521057976,0.01,0.04750326206047503,0.050489557304724736
2020-08-19,0.01,0.01,5.814348883064486e-07,0.04887499225114831,5.814348883064486e-07,0.04887499225114831,1.0849892150215118e-06,0.048907082236010174,0.0026570911399073083,0.04755024430256599,0.027504565751509672,0.07361110045275439,0.0026969564204260632,0.04876525779791954,1.3588378574784303e-09,0.05008411361961264,1.3588378574784303e-09,0.05008411361961264,2.2791660417815425e-07,0.050091462018471464,0.0012493809594035638,0.04590157481859518,0.002864805698526316,0.06359579530728464,0.0010882258074600105,0.04925831772161098,0.05791117521057976,0.01,0.04750326206047503,0.050489557304724736
2020-08-20,0.01,0.01,5.814348883064486e-07,0.04887499225114831,5.814348883064486e-07,0.04887499225114831,1.0849892150215118e-06,0.048907082236010174,0.0026570911399073083,0.04755024430256599,0.027504565751509672,0.07361110045275439,0.0026969564204260632,0.04876525779791954,1.3588378574784303e-09,0.05008411361961264,1.3588378574784303e-09,0.05008411361961264,2.2791660417815425e-07,0.050091462018471464,0.0012493809594035638,0.04590157481859518,0.002864805698526316,0.06359579530728464,0.0010882258074600105,0.04925831772161098,0.05791117521057976,0.01,0.04750326206047503,0.050489557304724736
2020-08-21,0.01,0.01,5.814348883064486e-07,0.04887499225114831,5.814348883064486e-07,0.04887499225114831,1.0849892150215118e-06,0.048907082236010174,0.0026570911399073083,0.04755024430256599,0.027504565751509672,0.07361110045275439,0.0026969564204260632,0.04876525779791954,1.3588378574784303e-09,0.05008411361961264,1.3588378574784303e-09,0.05008411361961264,2.2791660417815425e-07,0.050091462018471464,0.0012493809594035638,0.04590157481859518,0.002864805698526316,0.06359579530728464,0.0010882258074600105,0.04925831772161098,0.05791117521057976,0.01,0.04750326206047503,0.050489557304724736
2020-08-24,0.01,0.01,5.814348883064486e-07,0.04887499225114831,5.814348883064486e-07,0.04887499225114831,1.0849892150215118e-06,0.048907082236010174,0.0026570911399073083,0.04755024430256599,0.027504565751509672,0.07361110045275439,0.0026969564204260632,0.04876525779791954,1.3588378574784303e-09,0.05008411361961264,1.3588378574784303e-09,0.05008411361961264,2.2791660417815425e-07,0.050091462018471464,0.0012493809594035638,0.04590157481859518,0.002864805698526316,0.06359579530728464,0.0010882258074600105,0.04925831772161098,0.05791117521057976,0.01,0.04750326206047503,0.050489557304724736
2020-08-25,0.01,0.01,5.814348883064486e-07,0.04887499225114831,5.814348883064486e-07,0.04887499225114831,1.0849892150215118e-06,0.048907082236010174,0.0026570911399073083,0.04755024430256599,0.027504565751509672,0.07361110045275439,0.0026969564204260632,0.04876525779791954,1.3588378574784303e-09,0.05008411361961264,1.3588378574784303e-09,0.05008411361961264,2.2791660417815425e-07,0.050091462018471464,0.0012493809594035638,0.04590157481859518,0.002864805698526316,0.06359579530728464,0.0010882258074600105,0.04925831772161098,0.05791117521057976,0.01,0.04750326206047503,0.050489557304724736
2020-08-26,0.01,0.01,5.814348883064486e-07,0.04887499225114831,5.814348883064486e-07,0.04887499225114831,1.0849892150215118e-06,0.048907082236010174,0.0026570911399073083,0.04755024430256599,0.027504565751509672,0.07361110045275439,0.0026969564204260632,0.04876525779791954,1.3588378574784303e-09,0.05008411361961264,1.3588378574784303e-09,0.05008411361961264,2.2791660417815425e-07,0.050091462018471464,0.0012493809594035638,0.04590157481859518,0.002864805698526316,0.06359579530728464,0.0010882258074600105,0.04925831772161098,0.05791117521057976,0.01,0.04750326206047503,0.050489557304724736
2020-08-27,0.01,0.01,5.814348883064486e-07,0.04887499225114831,5.814348883064486e-07,0.04887499225114831,1.0849892150215118e-06,0.048907082236010174,0.0026570911399073083,0.04755024430256599,0.027504565751509672,0.07361110045275439,0.0026969564204260632,0.04876525779791954,1.3588378574784303e-09,0.05008411361961264,1.3588378574784303e-09,0.05008411361961264,2.2791660417815425e-07,0.050091462018471464,0.0012493809594035638,0.04590157481859518,0.002864805698526316,0.06359579530728464,0.0010882258074600105,0.04925831772161098,0.05791117521057976,0.01,0.04750326206047503,0.050489557304724736
2020-08-28,0.01,0.01,5.814348883064486e-07,0.04887499225114831,5.814348883064486e-07,0.04887499225114831,1.0849892150215118e-06,0.048907082236010174,0.0026570911399073083,0.04755024430256599,0.027504565751509672,0.07361110045275439,0.0026969564204260632,0.04876525779791954,1.3588378574784303e-09,0.05008411361961264,1.3588378574784303e-09,0.05008411361961264,2.2791660417815425e-07,0.050091462018471464,0.0012493809594035638,0.04590157481859518,0.002864805698526316,0.06359579530728464,0.0010882258074600105,0.04925831772161098,0.05791117521057976,0.01,0.04750326206047503,0.050489557304724736
2020-08-31,0.01,0.01,5.814348883064486e-07,0.04887499225114831,5.814348883064486e-07,0.04887499225114831,1.0849892150215118e-06,0.048907082236010174,0.0026570911399073083,0.04755024430256599,0.027504565751509672,0.07361110045275439,0.0026969564204260632,0.04876525779791954,1.3588378574784303e-09,0.05008411361961264,1.3588378574784303e-09,0.05008411361961264,2.2791660417815425e-07,0.050091462018471464,0.0012493809594035638,0.04590157481859518,0.002864805698526316,0.06359579530728464,0.0010882258074600105,0.04925831772161098,0.05791117521057976,0.01,0.04750326206047503,0.050489557304724736
2020-09-01,0.01,0.01,5.814348883064486e-07,0.04887499225114831,5.814348883064486e-07,0.04887499225114831,1.0849892150215118e-06,0.048907082236010174,0.0026570911399073083,0.04755024430256599,0.027504565751509672,0.07361110045275439,0.0026969564204260632,0.04876525779791954,1.3588378574784303e-09,0.05008411361961264,1.3588378574784303e-09,0.05008411361961264,2.2791660417815425e-07,0.050091462018471464,0.0012493809594035638,0.04590157481859518,0.002864805698526316,0.06359579530728464,0.0010882258074600105,0.04925831772161098,0.05791117521057976,0.01,0.04750326206047503,0.050489557304724736
2020-09-02,0.01,0.01,5.814348883064486e-07,0.04887499225114831,5.814348883064486e-07,0.04887499225114831,1.0849892150215118e-06,0.048907082236010174,0.0026570911399073083,0.04755024430256599,0.027504565751509672,0.07361110045275439,0.0026969564204260632,0.04876525779791954,1.3588378574784303e-09,0.05008411361961264,1.3588378574784303e-09,0.05008411361961264,2.2791660417815425e-07,0.050091462018471464,0.0012493809594035638,0.04590157481859518,0.002864805698526316,0.06359579530728464,0.0010882258074600105,0.04925831772161098,0.05791117521057976,0.01,0.04750326206047503,0.050489557304724736
2020-09-03,0.01,0.01,5.814348883064486e-07,0.04887499225114831,5.814348883064486e-07,0.04887499225114831,1.0849892150215118e-06,0.048907082236010174,0.0026570911399073083,0.04755024430256599,0.027504565751509672,0.07361110045275439,0.0026969564204260632,0.04876525779791954,1.3588378574784303e-09,0.05008411361961264,1.3588378574784303e-09,0.05008411361961264,2.2791660417815425e-07,0.050091462018471464,0.0012493809594035638,0.04590157481859518,0.002864805698526316,0.06359579530728464,0.0010882258074600105,0.04925831772161098,0.05791117521057976,0.01,0.04750326206047503,0.050489557304724736
2020-09-04,0.01,0.01,5.814348883064486e-07,0.04887499225114831,5.814348883064486e-07,0.04887499225114831,1.0849892150215118e-06,0.048907082236010174,0.0026570911399073083,0.04755024430256599,0.027504565751509672,0.07361110045275439,0.0026969564204260632,0.04876525779791954,1.3588378574784303e-09,0.05008411361961264,1.3588378574784303e-09,0.05008411361961264,2.2791660417815425e-07,0.050091462018471464,0.0012493809594035638,0.04590157481859518,0.002864805698526316,0.06359579530728464,0.0010882258074600105,0.04925831772161098,0.05791117521057976,0.01,0.04750326206047503,0.050489557304724736
2020-09-08,0.01,0.01,5.814348883064486e-07,0.04887499225114831,5.814348883064486e-07,0.04887499225114831,1.0849892150215118e-06,0.048907082236010174,0.0026570911399073083,0.04755024430256599,0.027504565751509672,0.07361110045275439,0.0026969564204260632,0.04876525779791954,1.3588378574784303e-09,0.05008411361961264,1.3588378574784303e-09,0.05008411361961264,2.2791660417815425e-07,0.050091462018471464,0.0012493809594035638,0.04590157481859518,0.002864805698526316,0.06359579530728464,0.0010882258074600105,0.04925831772161098,0.05791117521057976,0.01,0.04750326206047503,0.050489557304724736
2020-09-09,0.01,0.01,5.814348883064486e-07,0.04887499225114831,5.814348883064486e-07,0.04887499225114831,1.0849892150215118e-06,0.048907082236010174,0.0026570911399073083,0.04755024430256599,0.027504565751509672,0.07361110045275439,0.0026969564204260632,0.04876525779791954,1.3588378574784303e-09,0.05008411361961264,1.3588378574784303e-09,0.05008411361961264,2.2791660417815425e-07,0.050091462018471464,0.0012493809594035638,0.04590157481859518,0.002864805698526316,0.06359579530728464,0.0010882258074600105,0.04925831772161098,0.05791117521057976,0.01,0.04750326206047503,0.050489557304724736
2020-09-10,0.01,0.01,5.814348883064486e-07,0.04887499225114831,5.814348883064486e-07,0.04887499225114831,1.0849892150215118e-06,0.048907082236010174,0.0026570911399073083,0.04755024430256599,0.027504565751509672,0.07361110045275439,0.0026969564204260632,0.04876525779791954,1.3588378574784303e-09,0.05008411361961264,1.3588378574784303e-09,0.05008411361961264,2.2791660417815425e-07,0.050091462018471464,0.0012493809594035638,0.04590157481859518,0.002864805698526316,0.06359579530728464,0.0010882258074600105,0.04925831772161098,0.05791117521057976,0.01,0.04750326206047503,0.050489557304724736
2020-09-11,0.01,0.01,5.814348883064486e-07,0.04887499225114831,5.814348883064486e-07,0.04887499225114831,1.0849892150215118e-06,0.048907082236010174,0.0026570911399073083,0.04755024430256599,0.027504565751509672,0.07361110045275439,0.0026969564204260632,0.04876525779791954,1.3588378574784303e-09,0.05008411361961264,1.3588378574784303e-09,0.05008411361961264,2.2791660417815425e-07,0.050091462018471464,0.0012493809594035638,0.04590157481859518,0.002864805698526316,0.06359579530728464,0.0010882258074600105,0.04925831772161098,0.05791117521057976,0.01,0.04750326206047503,0.050489557304724736
2020-09-14,0.01,0.01,5.814348883064486e-07,0.04887499225114831,5.814348883064486e-07,0.04887499225114831,1.0849892150215118e-06,0.048907082236010174,0.0026570911399073083,0.04755024430256599,0.027504565751509672,0.07361110045275439,0.0026969564204260632,0.04876525779791954,1.3588378574784303e-09,0.05008411361961264,1.3588378574784303e-09,0.05008411361961264,2.2791660417815425e-07,0.050091462018471464,0.0012493809594035638,0.04590157481859518,0.002864805698526316,0.06359579530728464,0.0010882258074600105,0.04925831772161098,0.05791117521057976,0.01,0.04750326206047503,0.050489557304724736
2020-09-15,0.01,0.01,5.814348883064486e-07,0.04887499225114831,5.814348883064486e-07,0.04887499225114831,1.0849892150215118e-06,0.048907082236010174,0.0026570911399073083,0.04755024430256599,0.027504565751509672,0.07361110045275439,0.0026969564204260632,0.04876525779791954,1.3588378574784303e-09,0.05008411361961264,1.3588378574784303e-09,0.05008411361961264,2.2791660417815425e-07,0.050091462018471464,0.0012493809594035638,0.04590157481859518,0.002864805698526316,0.06359579530728464,0.0010882258074600105,0.04925831772161098,0.05791117521057976,0.01,0.04750326206047503,0.050489557304724736
2020-09-16,0.01,0.01,5.814348883064486e-07,0.04887499225114831,5.814348883064486e-07,0.04887499225114831,1.0849892150215118e-06,0.048907082236010174,0.0026570911399073083,0.04755024430256599,0.027504565751509672,0.07361110045275439,0.0026969564204260632,0.04876525779791954,1.3588378574784303e-09,0.05008411361961264,1.3588378574784303e-09,0.05008411361961264,2.2791660417815425e-07,0.050091462018471464,0.0012493809594035638,0.04590157481859518,0.002864805698526316,0.06359579530728464,0.0010882258074600105,0.04925831772161098,0.05791117521057976,0.01,0.04750326206047503,0.050489557304724736
2020-09-17,0.01,0.01,5.814348883064486e-07,0.04887499225114831,5.814348883064486e-07,0.04887499225114831,1.0849892150215118e-06,0.048907082236010174,0.0026570911399073083,0.04755024430256599,0.027504565751509672,0.07361110045275439,0.0026969564204260632,0.04876525779791954,1.3588378574784303e-09,0.05008411361961264,1.3588378574784303e-09,0.05008411361961264,2.2791660417815425e-07,0.050091462018471464,0.0012493809594035638,0.04590157481859518,0.002864805698526316,0.06359579530728464,0.0010882258074600105,0.04925831772161098,0.05791117521057976,0.01,0.04750326206047503,0.050489557304724736
2020-09-18,0.01,0.01,5.814348883064486e-07,0.04887499225114831,5.814348883064486e-07,0.04887499225114831,1.0849892150215118e-06,0.048907082236010174,0.0026570911399073083,0.04755024430256599,0.027504565751509672,0.07361110045275439,0.0026969564204260632,0.04876525779791954,1.3588378574784303e-09,0.05008411361961264,1.3588378574784303e-09,0.05008411361961264,2.2791660417815425e-07,0.050091462018471464,0.0012493809594035638,0.04590157481859518,0.002864805698526316,0.06359579530728464,0.0010882258074600105,0.04925831772161098,0.05791117521057976,0.01,0.04750326206047503,0.050489557304724736
2020-09-21,0.01,0.01,5.814348883064486e-07,0.04887499225114831,5.814348883064486e-07,0.04887499225114831,1.0849892150215118e-06,0.048907082236010174,0.0026570911399073083,0.04755024430256599,0.027504565751509672,0.07361110045275439,0.0026969564204260632,0.04876525779791954,1.3588378574784303e-09,0.05008411361961264,1.3588378574784303e-09,0.05008411361961264,2.2791660417815425e-07,0.050091462018471464,0.0012493809594035638,0.04590157481859518,0.002864805698526316,0.06359579530728464,0.0010882258074600105,0.04925831772161098,0.05791117521057976,0.01,0.04750326206047503,0.050489557304724736
2020-09-22,0.01,0.01,5.814348883064486e-07,0.04887499225114831,5.814348883064486e-07,0.04887499225114831,1.0849892150215118e-06,0.048907082236010174,0.0026570911399073083,0.04755024430256599,0.027504565751509672,0.07361110045275439,0.0026969564204260632,0.04876525779791954,1.3588378574784303e-09,0.05008411361961264,1.3588378574784303e-09,0.05008411361961264,2.2791660417815425e-07,0.050091462018471464,0.0012493809594035638,0.04590157481859518,0.002864805698526316,0.06359579530728464,0.0010882258074600105,0.04925831772161098,0.05791117521057976,0.01,0.04750326206047503,0.050489557304724736
2020-09-23,0.01,0.01,5.814348883064486e-07,0.04887499225114831,5.814348883064486e-07,0.04887499225114831,1.0849892150215118e-06,0.048907082236010174,0.0026570911399073083,0.04755024430256599,0.027504565751509672,0.07361110045275439,0.0026969564204260632,0.04876525779791954,1.3588378574784303e-09,0.05008411361961264,1.3588378574784303e-09,0.05008411361961264,2.2791660417815425e-07,0.050091462018471464,0.0012493809594035638,0.04590157481859518,0.002864805698526316,0.06359579530728464,0.0010882258074600105,0.04925831772161098,0.05791117521057976,0.01,0.04750326206047503,0.050489557304724736
2020-09-24,0.01,0.01,5.814348883064486e-07,0.04887499225114831,5.814348883064486e-07,0.04887499225114831,1.0849892150215118e-06,0.048907082236010174,0.0026570911399073083,0.04755024430256599,0.027504565751509672,0.07361110045275439,0.0026969564204260632,0.04876525779791954,1.3588378574784303e-09,0.05008411361961264,1.3588378574784303e-09,0.05008411361961264,2.2791660417815425e-07,0.050091462018471464,0.0012493809594035638,0.04590157481859518,0.002864805698526316,0.06359579530728464,0.0010882258074600105,0.04925831772161098,0.05791117521057976,0.01,0.04750326206047503,0.050489557304724736
2020-09-25,0.01,0.01,5.814348883064486e-07,0.04887499225114831,5.814348883064486e-07,0.04887499225114831,1.0849892150215118e-06,0.048907082236010174,0.0026570911399073083,0.04755024430256599,0.027504565751509672,0.07361110045275439,0.0026969564204260632,0.04876525779791954,1.3588378574784303e-09,0.05008411361961264,1.3588378574784303e-09,0.05008411361961264,2.2791660417815425e-07,0.050091462018471464,0.0012493809594035638,0.04590157481859518,0.002864805698526316,0.06359579530728464,0.0010882258074600105,0.04925831772161098,0.05791117521057976,0.01,0.04750326206047503,0.050489557304724736
2020-09-28,0.01,0.01,5.814348883064486e-07,0.04887499225114831,5.814348883064486e-07,0.04887499225114831,1.0849892150215118e-06,0.048907082236010174,0.0026570911399073083,0.04755024430256599,0.027504565751509672,0.07361110045275439,0.0026969564204260632,0.04876525779791954,1.3588378574784303e-09,0.05008411361961264,1.3588378574784303e-09,0.05008411361961264,2.2791660417815425e-07,0.050091462018471464,0.0012493809594035638,0.04590157481859518,0.002864805698526316,0.06359579530728464,0.0010882258074600105,0.04925831772161098,0.05791117521057976,0.01,0.04750326206047503,0.050489557304724736
2020-09-29,0.01,0.01,5.814348883064486e-07,0.04887499225114831,5.814348883064486e-07,0.04887499225114831,1.0849892150215118e-06,0.048907082236010174,0.0026570911399073083,0.04755024430256599,0.027504565751509672,0.07361110045275439,0.0026969564204260632,0.04876525779791954,1.3588378574784303e-09,0.05008411361961264,1.3588378574784303e-09,0.05008411361961264,2.2791660417815425e-07,0.050091462018471464,0.0012493809594035638,0.04590157481859518,0.002864805698526316,0.06359579530728464,0.0010882258074600105,0.04925831772161098,0.05791117521057976,0.01,0.04750326206047503,0.050489557304724736
2020-09-30,0.01,0.01,5.814348883064486e-07,0.04887499225114831,5.814348883064486e-07,0.04887499225114831,1.0849892150215118e-06,0.048907082236010174,0.0026570911399073083,0.04755024430256599,0.027504565751509672,0.07361110045275439,0.0026969564204260632,0.04876525779791954,1.3588378574784303e-09,0.05008411361961264,1.3588378574784303e-09,0.05008411361961264,2.2791660417815425e-07,0.050091462018471464,0.0012493809594035638,0.04590157481859518,0.002864805698526316,0.06359579530728464,0.0010882258074600105,0.04925831772161098,0.05791117521057976,0.01,0.04750326206047503,0.050489557304724736
2020-10-01,0.01,0.01,5.814348883064486e-07,0.04887499225114831,5.814348883064486e-07,0.04887499225114831,1.0849892150215118e-06,0.048907082236010174,0.0026570911399073083,0.04755024430256599,0.027504565751509672,0.07361110045275439,0.0026969564204260632,0.04876525779791954,1.3588378574784303e-09,0.05008411361961264,1.3588378574784303e-09,0.05008411361961264,2.2791660417815425e-07,0.050091462018471464,0.0012493809594035638,0.04590157481859518,0.002864805698526316,0.06359579530728464,0.0010882258074600105,0.04925831772161098,0.05791117521057976,0.01,0.04750326206047503,0.050489557304724736
2020-10-02,0.01,0.01,5.814348883064486e-07,0.04887499225114831,5.814348883064486e-07,0.04887499225114831,1.0849892150215118e-06,0.048907082236010174,0.0026570911399073083,0.04755024430256599,0.027504565751509672,0.07361110045275439,0.0026969564204260632,0.04876525779791954,1.3588378574784303e-09,0.05008411361961264,1.3588378574784303e-09,0.05008411361961264,2.2791660417815425e-07,0.050091462018471464,0.0012493809594035638,0.04590157481859518,0.002864805698526316,0.06359579530728464,0.0010882258074600105,0.04925831772161098,0.05791117521057976,0.01,0.04750326206047503,0.050489557304724736
2020-10-05,0.01,0.01,5.814348883064486e-07,0.04887499225114831,5.814348883064486e-07,0.04887499225114831,1.0849892150215118e-06,0.048907082236010174,0.0026570911399073083,0.04755024430256599,0.027504565751509672,0.07361110045275439,0.0026969564204260632,0.04876525779791954,1.3588378574784303e-09,0.05008411361961264,1.3588378574784303e-09,0.05008411361961264,2.2791660417815425e-07,0.050091462018471464,0.0012493809594035638,0.04590157481859518,0.002864805698526316,0.06359579530728464,0.0010882258074600105,0.04925831772161098,0.05791117521057976,0.01,0.04750326206047503,0.050489557304724736
2020-10-06,0.01,0.01,5.814348883064486e-07,0.04887499225114831,5.814348883064486e-07,0.04887499225114831,1.0849892150215118e-06,0.048907082236010174,0.0026570911399073083,0.04755024430256599,0.027504565751509672,0.07361110045275439,0.0026969564204260632,0.04876525779791954,1.3588378574784303e-09,0.05008411361961264,1.3588378574784303e-09,0.05008411361961264,2.2791660417815425e-07,0.050091462018471464,0.0012493809594035638,0.04590157481859518,0.002864805698526316,0.06359579530728464,0.0010882258074600105,0.04925831772161098,0.05791117521057976,0.01,0.04750326206047503,0.050489557304724736
2020-10-07,0.01,0.01,5.814348883064486e-07,0.04887499225114831,5.814348883064486e-07,0.04887499225114831,1.0849892150215118e-06,0.048907082236010174,0.0026570911399073083,0.04755024430256599,0.027504565751509672,0.07361110045275439,0.0026969564204260632,0.04876525779791954,1.3588378574784303e-09,0.05008411361961264,1.3588378574784303e-09,0.05008411361961264,2.2791660417815425e-07,0.050091462018471464,0.0012493809594035638,0.04590157481859518,0.002864805698526316,0.06359579530728464,0.0010882258074600105,0.04925831772161098,0.05791117521057976,0.01,0.04750326206047503,0.050489557304724736
2020-10-08,0.01,0.01,5.814348883064486e-07,0.04887499225114831,5.814348883064486e-07,0.04887499225114831,1.0849892150215118e-06,0.048907082236010174,0.0026570911399073083,0.04755024430256599,0.027504565751509672,0.07361110045275439,0.0026969564204260632,0.04876525779791954,1.3588378574784303e-09,0.05008411361961264,1.3588378574784303e-09,0.05008411361961264,2.2791660417815425e-07,0.050091462018471464,0.0012493809594035638,0.04590157481859518,0.002864805698526316,0.06359579530728464,0.0010882258074600105,0.04925831772161098,0.05791117521057976,0.01,0.04750326206047503,0.050489557304724736
2020-10-09,0.01,0.01,5.814348883064486e-07,0.04887499225114831,5.814348883064486e-07,0.04887499225114831,1.0849892150215118e-06,0.048907082236010174,0.0026570911399073083,0.04755024430256599,0.027504565751509672,0.07361110045275439,0.0026969564204260632,0.04876525779791954,1.3588378574784303e-09,0.05008411361961264,1.3588378574784303e-09,0.05008411361961264,2.2791660417815425e-07,0.050091462018471464,0.0012493809594035638,0.04590157481859518,0.002864805698526316,0.06359579530728464,0.0010882258074600105,0.04925831772161098,0.05791117521057976,0.01,0.04750326206047503,0.050489557304724736
2020-10-12,0.01,0.01,5.814348883064486e-07,0.04887499225114831,5.814348883064486e-07,0.04887499225114831,1.0849892150215118e-06,0.048907082236010174,0.0026570911399073083,0.04755024430256599,0.027504565751509672,0.07361110045275439,0.0026969564204260632,0.04876525779791954,1.3588378574784303e-09,0.05008411361961264,1.3588378574784303e-09,0.05008411361961264,2.2791660417815425e-07,0.050091462018471464,0.0012493809594035638,0.04590157481859518,0.002864805698526316,0.06359579530728464,0.0010882258074600105,0.04925831772161098,0.05791117521057976,0.01,0.04750326206047503,0.050489557304724736
2020-10-13,0.01,0.01,5.814348883064486e-07,0.04887499225114831,5.814348883064486e-07,0.04887499225114831,1.0849892150215118e-06,0.048907082236010174,0.0026570911399073083,0.04755024430256599,0.027504565751509672,0.07361110045275439,0.0026969564204260632,0.04876525779791954,1.3588378574784303e-09,0.05008411361961264,1.3588378574784303e-09,0.05008411361961264,2.2791660417815425e-07,0.050091462018471464,0.0012493809594035638,0.04590157481859518,0.002864805698526316,0.06359579530728464,0.0010882258074600105,0.04925831772161098,0.05791117521057976,0.01,0.04750326206047503,0.050489557304724736
2020-10-14,0.01,0.01,5.814348883064486e-07,0.04887499225114831,5.814348883064486e-07,0.04887499225114831,1.0849892150215118e-06,0.048907082236010174,0.0026570911399073083,0.04755024430256599,0.027504565751509672,0.07361110045275439,0.0026969564204260632,0.04876525779791954,1.3588378574784303e-09,0.05008411361961264,1.3588378574784303e-09,0.05008411361961264,2.2791660417815425e-07,0.050091462018471464,0.0012493809594035638,0.04590157481859518,0.002864805698526316,0.06359579530728464,0.0010882258074600105,0.04925831772161098,0.05791117521057976,0.01,0.04750326206047503,0.050489557304724736
2020-10-15,0.01,0.01,5.814348883064486e-07,0.04887499225114831,5.814348883064486e-07,0.04887499225114831,1.0849892150215118e-06,0.048907082236010174,0.0026570911399073083,0.04755024430256599,0.027504565751509672,0.07361110045275439,0.0026969564204260632,0.04876525779791954,1.3588378574784303e-09,0.05008411361961264,1.3588378574784303e-09,0.05008411361961264,2.2791660417815425e-07,0.050091462018471464,0.0012493809594035638,0.04590157481859518,0.002864805698526316,0.06359579530728464,0.0010882258074600105,0.04925831772161098,0.05791117521057976,0.01,0.04750326206047503,0.050489557304724736
2020-10-16,0.01,0.01,5.814348883064486e-07,0.04887499225114831,5.814348883064486e-07,0.04887499225114831,1.0849892150215118e-06,0.048907082236010174,0.0026570911399073083,0.04755024430256599,0.027504565751509672,0.07361110045275439,0.0026969564204260632,0.04876525779791954,1.3588378574784303e-09,0.05008411361961264,1.3588378574784303e-09,0.05008411361961264,2.2791660417815425e-07,0.050091462018471464,0.0012493809594035638,0.04590157481859518,0.002864805698526316,0.06359579530728464,0.0010882258074600105,0.04925831772161098,0.05791117521057976,0.01,0.04750326206047503,0.050489557304724736
2020-10-19,0.01,0.01,5.814348883064486e-07,0.04887499225114831,5.814348883064486e-07,0.04887499225114831,1.0849892150215118e-06,0.048907082236010174,0.0026570911399073083,0.04755024430256599,0.027504565751509672,0.07361110045275439,0.0026969564204260632,0.04876525779791954,1.3588378574784303e-09,0.05008411361961264,1.3588378574784303e-09,0.05008411361961264,2.2791660417815425e-07,0.050091462018471464,0.0012493809594035638,0.04590157481859518,0.002864805698526316,0.06359579530728464,0.0010882258074600105,0.04925831772161098,0.05791117521057976,0.01,0.04750326206047503,0.050489557304724736
2020-10-20,0.01,0.01,5.814348883064486e-07,0.04887499225114831,5.814348883064486e-07,0.04887499225114831,1.0849892150215118e-06,0.048907082236010174,0.0026570911399073083,0.04755024430256599,0.027504565751509672,0.07361110045275439,0.0026969564204260632,0.04876525779791954,1.3588378574784303e-09,0.05008411361961264,1.3588378574784303e-09,0.05008411361961264,2.2791660417815425e-07,0.050091462018471464,0.0012493809594035638,0.04590157481859518,0.002864805698526316,0.06359579530728464,0.0010882258074600105,0.04925831772161098,0.05791117521057976,0.01,0.04750326206047503,0.050489557304724736
2020-10-21,0.01,0.01,5.814348883064486e-07,0.04887499225114831,5.814348883064486e-07,0.04887499225114831,1.0849892150215118e-06,0.048907082236010174,0.0026570911399073083,0.04755024430256599,0.027504565751509672,0.07361110045275439,0.0026969564204260632,0.04876525779791954,1.3588378574784303e-09,0.05008411361961264,1.3588378574784303e-09,0.05008411361961264,2.2791660417815425e-07,0.050091462018471464,0.0012493809594035638,0.04590157481859518,0.002864805698526316,0.06359579530728464,0.0010882258074600105,0.04925831772161098,0.05791117521057976,0.01,0.04750326206047503,0.050489557304724736
2020-10-22,0.01,0.01,5.814348883064486e-07,0.04887499225114831,5.814348883064486e-07,0.04887499225114831,1.0849892150215118e-06,0.048907082236010174,0.0026570911399073083,0.04755024430256599,0.027504565751509672,0.07361110045275439,0.0026969564204260632,0.04876525779791954,1.3588378574784303e-09,0.05008411361961264,1.3588378574784303e-09,0.05008411361961264,2.2791660417815425e-07,0.050091462018471464,0.0012493809594035638,0.04590157481859518,0.002864805698526316,0.06359579530728464,0.0010882258074600105,0.04925831772161098,0.05791117521057976,0.01,0.04750326206047503,0.050489557304724736
2020-10-23,0.01,0.01,5.814348883064486e-07,0.04887499225114831,5.814348883064486e-07,0.04887499225114831,1.0849892150215118e-06,0.048907082236010174,0.0026570911399073083,0.04755024430256599,0.027504565751509672,0.07361110045275439,0.0026969564204260632,0.04876525779791954,1.3588378574784303e-09,0.05008411361961264,1.3588378574784303e-09,0.05008411361961264,2.2791660417815425e-07,0.050091462018471464,0.0012493809594035638,0.04590157481859518,0.002864805698526316,0.06359579530728464,0.0010882258074600105,0.04925831772161098,0.05791117521057976,0.01,0.04750326206047503,0.050489557304724736
2020-10-26,0.01,0.01,5.814348883064486e-07,0.04887499225114831,5.814348883064486e-07,0.04887499225114831,1.0849892150215118e-06,0.048907082236010174,0.0026570911399073083,0.04755024430256599,0.027504565751509672,0.07361110045275439,0.0026969564204260632,0.04876525779791954,1.3588378574784303e-09,0.05008411361961264,1.3588378574784303e-09,0.05008411361961264,2.2791660417815425e-07,0.050091462018471464,0.0012493809594035638,0.04590157481859518,0.002864805698526316,0.06359579530728464,0.0010882258074600105,0.04925831772161098,0.05791117521057976,0.01,0.04750326206047503,0.050489557304724736
2020-10-27,0.01,0.01,5.814348883064486e-07,0.04887499225114831,5.814348883064486e-07,0.04887499225114831,1.0849892150215118e-06,0.048907082236010174,0.0026570911399073083,0.04755024430256599,0.027504565751509672,0.07361110045275439,0.0026969564204260632,0.04876525779791954,1.3588378574784303e-09,0.05008411361961264,1.3588378574784303e-09,0.05008411361961264,2.2791660417815425e-07,0.050091462018471464,0.0012493809594035638,0.04590157481859518,0.002864805698526316,0.06359579530728464,0.0010882258074600105,0.04925831772161098,0.05791117521057976,0.01,0.04750326206047503,0.050489557304724736
2020-10-28,0.01,0.01,5.814348883064486e-07,0.04887499225114831,5.814348883064486e-07,0.04887499225114831,1.0849892150215118e-06,0.048907082236010174,0.0026570911399073083,0.04755024430256599,0.027504565751509672,0.07361110045275439,0.0026969564204260632,0.04876525779791954,1.3588378574784303e-09,0.05008411361961264,1.3588378574784303e-09,0.05008411361961264,2.2791660417815425e-07,0.050091462018471464,0.0012493809594035638,0.04590157481859518,0.002864805698526316,0.06359579530728464,0.0010882258074600105,0.04925831772161098,0.05791117521057976,0.01,0.04750326206047503,0.050489557304724736
2020-10-29,0.01,0.01,5.814348883064486e-07,0.04887499225114831,5.814348883064486e-07,0.04887499225114831,1.0849892150215118e-06,0.048907082236010174,0.0026570911399073083,0.04755024430256599,0.027504565751509672,0.07361110045275439,0.0026969564204260632,0.04876525779791954,1.3588378574784303e-09,0.05008411361961264,1.3588378574784303e-09,0.05008411361961264,2.2791660417815425e-07,0.050091462018471464,0.0012493809594035638,0.04590157481859518,0.002864805698526316,0.06359579530728464,0.0010882258074600105,0.04925831772161098,0.05791117521057976,0.01,0.04750326206047503,0.050489557304724736
2020-10-30,0.01,0.01,5.814348883064486e-07,0.04887499225114831,5.814348883064486e-07,0.04887499225114831,1.0849892150215118e-06,0.048907082236010174,0.0026570911399073083,0.04755024430256599,0.027504565751509672,0.07361110045275439,0.0026969564204260632,0.04876525779791954,1.3588378574784303e-09,0.05008411361961264,1.3588378574784303e-09,0.05008411361961264,2.2791660417815425e-07,0.050091462018471464,0.0012493809594035638,0.04590157481859518,0.002864805698526316,0.06359579530728464,0.0010882258074600105,0.04925831772161098,0.05791117521057976,0.01,0.04750326206047503,0.050489557304724736
2020-11-02,0.01,0.01,5.814348883064486e-07,0.04887499225114831,5.814348883064486e-07,0.04887499225114831,1.0849892150215118e-06,0.048907082236010174,0.0026570911399073083,0.04755024430256599,0.027504565751509672,0.07361110045275439,0.0026969564204260632,0.04876525779791954,1.3588378574784303e-09,0.05008411361961264,1.3588378574784303e-09,0.05008411361961264,2.2791660417815425e-07,0.050091462018471464,0.0012493809594035638,0.04590157481859518,0.002864805698526316,0.06359579530728464,0.0010882258074600105,0.04925831772161098,0.05791117521057976,0.01,0.04750326206047503,0.050489557304724736
2020-11-03,0.01,0.01,5.814348883064486e-07,0.04887499225114831,5.814348883064486e-07,0.04887499225114831,1.0849892150215118e-06,0.048907082236010174,0.0026570911399073083,0.04755024430256599,0.027504565751509672,0.07361110045275439,0.0026969564204260632,0.04876525779791954,1.3588378574784303e-09,0.05008411361961264,1.3588378574784303e-09,0.05008411361961264,2.2791660417815425e-07,0.050091462018471464,0.0012493809594035638,0.04590157481859518,0.002864805698526316,0.06359579530728464,0.0010882258074600105,0.04925831772161098,0.05791117521057976,0.01,0.04750326206047503,0.050489557304724736
2020-11-04,0.01,0.01,5.814348883064486e-07,0.04887499225114831,5.814348883064486e-07,0.04887499225114831,1.0849892150215118e-06,0.048907082236010174,0.0026570911399073083,0.04755024430256599,0.027504565751509672,0.07361110045275439,0.0026969564204260632,0.04876525779791954,1.3588378574784303e-09,0.05008411361961264,1.3588378574784303e-09,0.05008411361961264,2.2791660417815425e-07,0.050091462018471464,0.0012493809594035638,0.04590157481859518,0.002864805698526316,0.06359579530728464,0.0010882258074600105,0.04925831772161098,0.05791117521057976,0.01,0.04750326206047503,0.050489557304724736
2020-11-05,0.01,0.01,5.814348883064486e-07,0.04887499225114831,5.814348883064486e-07,0.04887499225114831,1.0849892150215118e-06,0.048907082236010174,0.0026570911399073083,0.04755024430256599,0.027504565751509672,0.07361110045275439,0.0026969564204260632,0.04876525779791954,1.3588378574784303e-09,0.05008411361961264,1.3588378574784303e-09,0.05008411361961264,2.2791660417815425e-07,0.050091462018471464,0.0012493809594035638,0.04590157481859518,0.002864805698526316,0.06359579530728464,0.0010882258074600105,0.04925831772161098,0.05791117521057976,0.01,0.04750326206047503,0.050489557304724736
2020-11-06,0.01,0.01,5.814348883064486e-07,0.04887499225114831,5.814348883064486e-07,0.04887499225114831,1.0849892150215118e-06,0.048907082236010174,0.0026570911399073083,0.04755024430256599,0.027504565751509672,0.07361110045275439,0.0026969564204260632,0.04876525779791954,1.3588378574784303e-09,0.05008411361961264,1.3588378574784303e-09,0.05008411361961264,2.2791660417815425e-07,0.050091462018471464,0.0012493809594035638,0.04590157481859518,0.002864805698526316,0.06359579530728464,0.0010882258074600105,0.04925831772161098,0.05791117521057976,0.01,0.04750326206047503,0.050489557304724736
2020-11-09,0.01,0.01,5.814348883064486e-07,0.04887499225114831,5.814348883064486e-07,0.04887499225114831,1.0849892150215118e-06,0.048907082236010174,0.0026570911399073083,0.04755024430256599,0.027504565751509672,0.07361110045275439,0.0026969564204260632,0.04876525779791954,1.3588378574784303e-09,0.05008411361961264,1.3588378574784303e-09,0.05008411361961264,2.2791660417815425e-07,0.050091462018471464,0.0012493809594035638,0.04590157481859518,0.002864805698526316,0.06359579530728464,0.0010882258074600105,0.04925831772161098,0.05791117521057976,0.01,0.04750326206047503,0.050489557304724736
2020-11-10,0.01,0.01,5.814348883064486e-07,0.04887499225114831,5.814348883064486e-07,0.04887499225114831,1.0849892150215118e-06,0.048907082236010174,0.0026570911399073083,0.04755024430256599,0.027504565751509672,0.07361110045275439,0.0026969564204260632,0.04876525779791954,1.3588378574784303e-09,0.05008411361961264,1.3588378574784303e-09,0.05008411361961264,2.2791660417815425e-07,0.050091462018471464,0.0012493809594035638,0.04590157481859518,0.002864805698526316,0.06359579530728464,0.0010882258074600105,0.04925831772161098,0.05791117521057976,0.01,0.04750326206047503,0.050489557304724736
2020-11-11,0.01,0.01,5.814348883064486e-07,0.04887499225114831,5.814348883064486e-07,0.04887499225114831,1.0849892150215118e-06,0.048907082236010174,0.0026570911399073083,0.04755024430256599,0.027504565751509672,0.07361110045275439,0.0026969564204260632,0.04876525779791954,1.3588378574784303e-09,0.05008411361961264,1.3588378574784303e-09,0.05008411361961264,2.2791660417815425e-07,0.050091462018471464,0.0012493809594035638,0.04590157481859518,0.002864805698526316,0.06359579530728464,0.0010882258074600105,0.04925831772161098,0.05791117521057976,0.01,0.04750326206047503,0.050489557304724736
2020-11-12,0.01,0.01,5.814348883064486e-07,0.04887499225114831,5.814348883064486e-07,0.04887499225114831,1.0849892150215118e-06,0.048907082236010174,0.0026570911399073083,0.04755024430256599,0.027504565751509672,0.07361110045275439,0.0026969564204260632,0.04876525779791954,1.3588378574784303e-09,0.05008411361961264,1.3588378574784303e-09,0.05008411361961264,2.2791660417815425e-07,0.050091462018471464,0.0012493809594035638,0.04590157481859518,0.002864805698526316,0.06359579530728464,0.0010882258074600105,0.04925831772161098,0.05791117521057976,0.01,0.04750326206047503,0.050489557304724736
2020-11-13,0.01,0.01,5.814348883064486e-07,0.04887499225114831,5.814348883064486e-07,0.04887499225114831,1.0849892150215118e-06,0.048907082236010174,0.0026570911399073083,0.04755024430256599,0.027504565751509672,0.07361110045275439,0.0026969564204260632,0.04876525779791954,1.3588378574784303e-09,0.05008411361961264,1.3588378574784303e-09,0.05008411361961264,2.2791660417815425e-07,0.050091462018471464,0.0012493809594035638,0.04590157481859518,0.002864805698526316,0.06359579530728464,0.0010882258074600105,0.04925831772161098,0.05791117521057976,0.01,0.04750326206047503,0.050489557304724736
2020-11-16,0.01,0.01,5.814348883064486e-07,0.04887499225114831,5.814348883064486e-07,0.04887499225114831,1.0849892150215118e-06,0.048907082236010174,0.0026570911399073083,0.04755024430256599,0.027504565751509672,0.07361110045275439,0.0026969564204260632,0.04876525779791954,1.3588378574784303e-09,0.05008411361961264,1.3588378574784303e-09,0.05008411361961264,2.2791660417815425e-07,0.050091462018471464,0.0012493809594035638,0.04590157481859518,0.002864805698526316,0.06359579530728464,0.0010882258074600105,0.04925831772161098,0.05791117521057976,0.01,0.04750326206047503,0.050489557304724736
2020-11-17,0.01,0.01,5.814348883064486e-07,0.04887499225114831,5.814348883064486e-07,0.04887499225114831,1.0849892150215118e-06,0.048907082236010174,0.0026570911399073083,0.04755024430256599,0.027504565751509672,0.07361110045275439,0.0026969564204260632,0.04876525779791954,1.3588378574784303e-09,0.05008411361961264,1.3588378574784303e-09,0.05008411361961264,2.2791660417815425e-07,0.050091462018471464,0.0012493809594035638,0.04590157481859518,0.002864805698526316,0.06359579530728464,0.0010882258074600105,0.04925831772161098,0.05791117521057976,0.01,0.04750326206047503,0.050489557304724736
2020-11-18,0.01,0.01,5.814348883064486e-07,0.04887499225114831,5.814348883064486e-07,0.04887499225114831,1.0849892150215118e-06,0.048907082236010174,0.0026570911399073083,0.04755024430256599,0.027504565751509672,0.07361110045275439,0.0026969564204260632,0.04876525779791954,1.3588378574784303e-09,0.05008411361961264,1.3588378574784303e-09,0.05008411361961264,2.2791660417815425e-07,0.050091462018471464,0.0012493809594035638,0.04590157481859518,0.002864805698526316,0.06359579530728464,0.0010882258074600105,0.04925831772161098,0.05791117521057976,0.01,0.04750326206047503,0.050489557304724736
2020-11-19,0.01,0.01,5.814348883064486e-07,0.04887499225114831,5.814348883064486e-07,0.04887499225114831,1.0849892150215118e-06,0.048907082236010174,0.0026570911399073083,0.04755024430256599,0.027504565751509672,0.07361110045275439,0.0026969564204260632,0.04876525779791954,1.3588378574784303e-09,0.05008411361961264,1.3588378574784303e-09,0.05008411361961264,2.2791660417815425e-07,0.050091462018471464,0.0012493809594035638,0.04590157481859518,0.002864805698526316,0.06359579530728464,0.0010882258074600105,0.04925831772161098,0.05791117521057976,0.01,0.04750326206047503,0.050489557304724736
2020-11-20,0.01,0.01,5.814348883064486e-07,0.04887499225114831,5.814348883064486e-07,0.04887499225114831,1.0849892150215118e-06,0.048907082236010174,0.0026570911399073083,0.04755024430256599,0.027504565751509672,0.07361110045275439,0.0026969564204260632,0.04876525779791954,1.3588378574784303e-09,0.05008411361961264,1.3588378574784303e-09,0.05008411361961264,2.2791660417815425e-07,0.050091462018471464,0.0012493809594035638,0.04590157481859518,0.002864805698526316,0.06359579530728464,0.0010882258074600105,0.04925831772161098,0.05791117521057976,0.01,0.04750326206047503,0.050489557304724736
2020-11-23,0.01,0.01,5.814348883064486e-07,0.04887499225114831,5.814348883064486e-07,0.04887499225114831,1.0849892150215118e-06,0.048907082236010174,0.0026570911399073083,0.04755024430256599,0.027504565751509672,0.07361110045275439,0.0026969564204260632,0.04876525779791954,1.3588378574784303e-09,0.05008411361961264,1.3588378574784303e-09,0.05008411361961264,2.2791660417815425e-07,0.050091462018471464,0.0012493809594035638,0.04590157481859518,0.002864805698526316,0.06359579530728464,0.0010882258074600105,0.04925831772161098,0.05791117521057976,0.01,0.04750326206047503,0.050489557304724736
2020-11-24,0.01,0.01,5.814348883064486e-07,0.04887499225114831,5.814348883064486e-07,0.04887499225114831,1.0849892150215118e-06,0.048907082236010174,0.0026570911399073083,0.04755024430256599,0.027504565751509672,0.07361110045275439,0.0026969564204260632,0.04876525779791954,1.3588378574784303e-09,0.05008411361961264,1.3588378574784303e-09,0.05008411361961264,2.2791660417815425e-07,0.050091462018471464,0.0012493809594035638,0.04590157481859518,0.002864805698526316,0.06359579530728464,0.0010882258074600105,0.04925831772161098,0.05791117521057976,0.01,0.04750326206047503,0.050489557304724736
2020-11-25,0.01,0.01,5.814348883064486e-07,0.04887499225114831,5.814348883064486e-07,0.04887499225114831,1.0849892150215118e-06,0.048907082236010174,0.0026570911399073083,0.04755024430256599,0.027504565751509672,0.07361110045275439,0.0026969564204260632,0.04876525779791954,1.3588378574784303e-09,0.05008411361961264,1.3588378574784303e-09,0.05008411361961264,2.2791660417815425e-07,0.050091462018471464,0.0012493809594035638,0.04590157481859518,0.002864805698526316,0.06359579530728464,0.0010882258074600105,0.04925831772161098,0.05791117521057976,0.01,0.04750326206047503,0.050489557304724736
2020-11-27,0.01,0.01,5.814348883064486e-07,0.04887499225114831,5.814348883064486e-07,0.04887499225114831,1.0849892150215118e-06,0.048907082236010174,0.0026570911399073083,0.04755024430256599,0.027504565751509672,0.07361110045275439,0.0026969564204260632,0.04876525779791954,1.3588378574784303e-09,0.05008411361961264,1.3588378574784303e-09,0.05008411361961264,2.2791660417815425e-07,0.050091462018471464,0.0012493809594035638,0.04590157481859518,0.002864805698526316,0.06359579530728464,0.0010882258074600105,0.04925831772161098,0.05791117521057976,0.01,0.04750326206047503,0.050489557304724736
2020-11-30,0.01,0.01,5.814348883064486e-07,0.04887499225114831,5.814348883064486e-07,0.04887499225114831,1.0849892150215118e-06,0.048907082236010174,0.0026570911399073083,0.04755024430256599,0.027504565751509672,0.07361110045275439,0.0026969564204260632,0.04876525779791954,1.3588378574784303e-09,0.05008411361961264,1.3588378574784303e-09,0.05008411361961264,2.2791660417815425e-07,0.050091462018471464,0.0012493809594035638,0.04590157481859518,0.002864805698526316,0.06359579530728464,0.0010882258074600105,0.04925831772161098,0.05791117521057976,0.01,0.04750326206047503,0.050489557304724736
2020-12-01,0.01,0.01,5.814348883064486e-07,0.04887499225114831,5.814348883064486e-07,0.04887499225114831,1.0849892150215118e-06,0.048907082236010174,0.0026570911399073083,0.04755024430256599,0.027504565751509672,0.07361110045275439,0.0026969564204260632,0.04876525779791954,1.3588378574784303e-09,0.05008411361961264,1.3588378574784303e-09,0.05008411361961264,2.2791660417815425e-07,0.050091462018471464,0.0012493809594035638,0.04590157481859518,0.002864805698526316,0.06359579530728464,0.0010882258074600105,0.04925831772161098,0.05791117521057976,0.01,0.04750326206047503,0.050489557304724736
2020-12-02,0.01,0.01,5.814348883064486e-07,0.04887499225114831,5.814348883064486e-07,0.04887499225114831,1.0849892150215118e-06,0.048907082236010174,0.0026570911399073083,0.04755024430256599,0.027504565751509672,0.07361110045275439,0.0026969564204260632,0.04876525779791954,1.3588378574784303e-09,0.05008411361961264,1.3588378574784303e-09,0.05008411361961264,2.2791660417815425e-07,0.050091462018471464,0.0012493809594035638,0.04590157481859518,0.002864805698526316,0.06359579530728464,0.0010882258074600105,0.04925831772161098,0.05791117521057976,0.01,0.04750326206047503,0.050489557304724736
2020-12-03,0.01,0.01,5.814348883064486e-07,0.04887499225114831,5.814348883064486e-07,0.04887499225114831,1.0849892150215118e-06,0.048907082236010174,0.0026570911399073083,0.04755024430256599,0.027504565751509672,0.07361110045275439,0.0026969564204260632,0.04876525779791954,1.3588378574784303e-09,0.05008411361961264,1.3588378574784303e-09,0.05008411361961264,2.2791660417815425e-07,0.050091462018471464,0.0012493809594035638,0.04590157481859518,0.002864805698526316,0.06359579530728464,0.0010882258074600105,0.04925831772161098,0.05791117521057976,0.01,0.04750326206047503,0.050489557304724736
2020-12-04,0.01,0.01,5.814348883064486e-07,0.04887499225114831,5.814348883064486e-07,0.04887499225114831,1.0849892150215118e-06,0.048907082236010174,0.0026570911399073083,0.04755024430256599,0.027504565751509672,0.07361110045275439,0.0026969564204260632,0.04876525779791954,1.3588378574784303e-09,0.05008411361961264,1.3588378574784303e-09,0.05008411361961264,2.2791660417815425e-07,0.050091462018471464,0.0012493809594035638,0.04590157481859518,0.002864805698526316,0.06359579530728464,0.0010882258074600105,0.04925831772161098,0.05791117521057976,0.01,0.04750326206047503,0.050489557304724736
2020-12-07,0.01,0.01,5.814348883064486e-07,0.04887499225114831,5.814348883064486e-07,0.04887499225114831,1.0849892150215118e-06,0.048907082236010174,0.0026570911399073083,0.04755024430256599,0.027504565751509672,0.07361110045275439,0.0026969564204260632,0.04876525779791954,1.3588378574784303e-09,0.05008411361961264,1.3588378574784303e-09,0.05008411361961264,2.2791660417815425e-07,0.050091462018471464,0.0012493809594035638,0.04590157481859518,0.002864805698526316,0.06359579530728464,0.0010882258074600105,0.04925831772161098,0.05791117521057976,0.01,0.04750326206047503,0.050489557304724736
2020-12-08,0.01,0.01,5.814348883064486e-07,0.04887499225114831,5.814348883064486e-07,0.04887499225114831,1.0849892150215118e-06,0.048907082236010174,0.0026570911399073083,0.04755024430256599,0.027504565751509672,0.07361110045275439,0.0026969564204260632,0.04876525779791954,1.3588378574784303e-09,0.05008411361961264,1.3588378574784303e-09,0.05008411361961264,2.2791660417815425e-07,0.050091462018471464,0.0012493809594035638,0.04590157481859518,0.002864805698526316,0.06359579530728464,0.0010882258074600105,0.04925831772161098,0.05791117521057976,0.01,0.04750326206047503,0.050489557304724736
2020-12-09,0.01,0.01,5.814348883064486e-07,0.04887499225114831,5.814348883064486e-07,0.04887499225114831,1.0849892150215118e-06,0.048907082236010174,0.0026570911399073083,0.04755024430256599,0.027504565751509672,0.07361110045275439,0.0026969564204260632,0.04876525779791954,1.3588378574784303e-09,0.05008411361961264,1.3588378574784303e-09,0.05008411361961264,2.2791660417815425e-07,0.050091462018471464,0.0012493809594035638,0.04590157481859518,0.002864805698526316,0.06359579530728464,0.0010882258074600105,0.04925831772161098,0.05791117521057976,0.01,0.04750326206047503,0.050489557304724736
2020-12-10,0.01,0.01,5.814348883064486e-07,0.04887499225114831,5.814348883064486e-07,0.04887499225114831,1.0849892150215118e-06,0.048907082236010174,0.0026570911399073083,0.04755024430256599,0.027504565751509672,0.07361110045275439,0.0026969564204260632,0.04876525779791954,1.3588378574784303e-09,0.05008411361961264,1.3588378574784303e-09,0.05008411361961264,2.2791660417815425e-07,0.050091462018471464,0.0012493809594035638,0.04590157481859518,0.002864805698526316,0.06359579530728464,0.0010882258074600105,0.04925831772161098,0.05791117521057976,0.01,0.04750326206047503,0.050489557304724736
2020-12-11,0.01,0.01,5.814348883064486e-07,0.04887499225114831,5.814348883064486e-07,0.04887499225114831,1.0849892150215118e-06,0.048907082236010174,0.0026570911399073083,0.04755024430256599,0.027504565751509672,0.07361110045275439,0.0026969564204260632,0.04876525779791954,1.3588378574784303e-09,0.05008411361961264,1.3588378574784303e-09,0.05008411361961264,2.2791660417815425e-07,0.050091462018471464,0.0012493809594035638,0.04590157481859518,0.002864805698526316,0.06359579530728464,0.0010882258074600105,0.04925831772161098,0.05791117521057976,0.01,0.04750326206047503,0.050489557304724736
2020-12-14,0.01,0.01,5.814348883064486e-07,0.04887499225114831,5.814348883064486e-07,0.04887499225114831,1.0849892150215118e-06,0.048907082236010174,0.0026570911399073083,0.04755024430256599,0.027504565751509672,0.07361110045275439,0.0026969564204260632,0.04876525779791954,1.3588378574784303e-09,0.05008411361961264,1.3588378574784303e-09,0.05008411361961264,2.2791660417815425e-07,0.050091462018471464,0.0012493809594035638,0.04590157481859518,0.002864805698526316,0.06359579530728464,0.0010882258074600105,0.04925831772161098,0.05791117521057976,0.01,0.04750326206047503,0.050489557304724736
2020-12-15,0.01,0.01,5.814348883064486e-07,0.04887499225114831,5.814348883064486e-07,0.04887499225114831,1.0849892150215118e-06,0.048907082236010174,0.0026570911399073083,0.04755024430256599,0.027504565751509672,0.07361110045275439,0.0026969564204260632,0.04876525779791954,1.3588378574784303e-09,0.05008411361961264,1.3588378574784303e-09,0.05008411361961264,2.2791660417815425e-07,0.050091462018471464,0.0012493809594035638,0.04590157481859518,0.002864805698526316,0.06359579530728464,0.0010882258074600105,0.04925831772161098,0.05791117521057976,0.01,0.04750326206047503,0.050489557304724736
2020-12-16,0.01,0.01,5.814348883064486e-07,0.04887499225114831,5.814348883064486e-07,0.04887499225114831,1.0849892150215118e-06,0.048907082236010174,0.0026570911399073083,0.04755024430256599,0.027504565751509672,0.07361110045275439,0.0026969564204260632,0.04876525779791954,1.3588378574784303e-09,0.05008411361961264,1.3588378574784303e-09,0.05008411361961264,2.2791660417815425e-07,0.050091462018471464,0.0012493809594035638,0.04590157481859518,0.002864805698526316,0.06359579530728464,0.0010882258074600105,0.04925831772161098,0.05791117521057976,0.01,0.04750326206047503,0.050489557304724736
2020-12-17,0.01,0.01,5.814348883064486e-07,0.04887499225114831,5.814348883064486e-07,0.04887499225114831,1.0849892150215118e-06,0.048907082236010174,0.0026570911399073083,0.04755024430256599,0.027504565751509672,0.07361110045275439,0.0026969564204260632,0.04876525779791954,1.3588378574784303e-09,0.05008411361961264,1.3588378574784303e-09,0.05008411361961264,2.2791660417815425e-07,0.050091462018471464,0.0012493809594035638,0.04590157481859518,0.002864805698526316,0.06359579530728464,0.0010882258074600105,0.04925831772161098,0.05791117521057976,0.01,0.04750326206047503,0.050489557304724736
2020-12-18,0.01,0.01,5.814348883064486e-07,0.04887499225114831,5.814348883064486e-07,0.04887499225114831,1.0849892150215118e-06,0.048907082236010174,0.0026570911399073083,0.04755024430256599,0.027504565751509672,0.07361110045275439,0.0026969564204260632,0.04876525779791954,1.3588378574784303e-09,0.05008411361961264,1.3588378574784303e-09,0.05008411361961264,2.2791660417815425e-07,0.050091462018471464,0.0012493809594035638,0.04590157481859518,0.002864805698526316,0.06359579530728464,0.0010882258074600105,0.04925831772161098,0.05791117521057976,0.01,0.04750326206047503,0.050489557304724736
2020-12-21,0.01,0.01,5.814348883064486e-07,0.04887499225114831,5.814348883064486e-07,0.04887499225114831,1.0849892150215118e-06,0.048907082236010174,0.0026570911399073083,0.04755024430256599,0.027504565751509672,0.07361110045275439,0.0026969564204260632,0.04876525779791954,1.3588378574784303e-09,0.05008411361961264,1.3588378574784303e-09,0.05008411361961264,2.2791660417815425e-07,0.050091462018471464,0.0012493809594035638,0.04590157481859518,0.002864805698526316,0.06359579530728464,0.0010882258074600105,0.04925831772161098,0.05791117521057976,0.01,0.04750326206047503,0.050489557304724736
2020-12-22,0.01,0.01,5.814348883064486e-07,0.04887499225114831,5.814348883064486e-07,0.04887499225114831,1.0849892150215118e-06,0.048907082236010174,0.0026570911399073083,0.04755024430256599,0.027504565751509672,0.07361110045275439,0.0026969564204260632,0.04876525779791954,1.3588378574784303e-09,0.05008411361961264,1.3588378574784303e-09,0.05008411361961264,2.2791660417815425e-07,0.050091462018471464,0.0012493809594035638,0.04590157481859518,0.002864805698526316,0.06359579530728464,0.0010882258074600105,0.04925831772161098,0.05791117521057976,0.01,0.04750326206047503,0.050489557304724736
2020-12-23,0.01,0.01,5.814348883064486e-07,0.04887499225114831,5.814348883064486e-07,0.04887499225114831,1.0849892150215118e-06,0.048907082236010174,0.0026570911399073083,0.04755024430256599,0.027504565751509672,0.07361110045275439,0.0026969564204260632,0.04876525779791954,1.3588378574784303e-09,0.05008411361961264,1.3588378574784303e-09,0.05008411361961264,2.2791660417815425e-07,0.050091462018471464,0.0012493809594035638,0.04590157481859518,0.002864805698526316,0.06359579530728464,0.0010882258074600105,0.04925831772161098,0.05791117521057976,0.01,0.04750326206047503,0.050489557304724736
2020-12-24,0.01,0.01,5.814348883064486e-07,0.04887499225114831,5.814348883064486e-07,0.04887499225114831,1.0849892150215118e-06,0.048907082236010174,0.0026570911399073083,0.04755024430256599,0.027504565751509672,0.07361110045275439,0.0026969564204260632,0.04876525779791954,1.3588378574784303e-09,0.05008411361961264,1.3588378574784303e-09,0.05008411361961264,2.2791660417815425e-07,0.050091462018471464,0.0012493809594035638,0.04590157481859518,0.002864805698526316,0.06359579530728464,0.0010882258074600105,0.04925831772161098,0.05791117521057976,0.01,0.04750326206047503,0.050489557304724736
2020-12-28,0.01,0.01,5.814348883064486e-07,0.04887499225114831,5.814348883064486e-07,0.04887499225114831,1.0849892150215118e-06,0.048907082236010174,0.0026570911399073083,0.04755024430256599,0.027504565751509672,0.07361110045275439,0.0026969564204260632,0.04876525779791954,1.3588378574784303e-09,0.05008411361961264,1.3588378574784303e-09,0.05008411361961264,2.2791660417815425e-07,0.050091462018471464,0.0012493809594035638,0.04590157481859518,0.002864805698526316,0.06359579530728464,0.0010882258074600105,0.04925831772161098,0.05791117521057976,0.01,0.04750326206047503,0.050489557304724736
2020-12-29,0.01,0.01,5.814348883064486e-07,0.04887499225114831,5.814348883064486e-07,0.04887499225114831,1.0849892150215118e-06,0.048907082236010174,0.0026570911399073083,0.04755024430256599,0.027504565751509672,0.07361110045275439,0.0026969564204260632,0.04876525779791954,1.3588378574784303e-09,0.05008411361961264,1.3588378574784303e-09,0.05008411361961264,2.2791660417815425e-07,0.050091462018471464,0.0012493809594035638,0.04590157481859518,0.002864805698526316,0.06359579530728464,0.0010882258074600105,0.04925831772161098,0.05791117521057976,0.01,0.04750326206047503,0.050489557304724736
2020-12-30,0.01,0.01,5.814348883064486e-07,0.04887499225114831,5.814348883064486e-07,0.04887499225114831,1.0849892150215118e-06,0.048907082236010174,0.0026570911399073083,0.04755024430256599,0.027504565751509672,0.07361110045275439,0.0026969564204260632,0.04876525779791954,1.3588378574784303e-09,0.05008411361961264,1.3588378574784303e-09,0.05008411361961264,2.2791660417815425e-07,0.050091462018471464,0.0012493809594035638,0.04590157481859518,0.002864805698526316,0.06359579530728464,0.0010882258074600105,0.04925831772161098,0.05791117521057976,0.01,0.04750326206047503,0.050489557304724736
2020-12-31,0.01,0.01,5.814348883064486e-07,0.04887499225114831,5.814348883064486e-07,0.04887499225114831,1.0849892150215118e-06,0.048907082236010174,0.0026570911399073083,0.04755024430256599,0.027504565751509672,0.07361110045275439,0.0026969564204260632,0.04876525779791954,1.3588378574784303e-09,0.05008411361961264,1.3588378574784303e-09,0.05008411361961264,2.2791660417815425e-07,0.050091462018471464,0.0012493809594035638,0.04590157481859518,0.002864805698526316,0.06359579530728464,0.0010882258074600105,0.04925831772161098,0.05791117521057976,0.01,0.04750326206047503,0.050489557304724736
2021-01-04,0.01,0.01,6.114128603470789e-161,0.05704952580815823,6.114128603470789e-161,0.05704952580815823,0.05569429528619317,0.06774267268556847,2.1906879572882736e-05,0.030881900826191373,9.918915247954084e-30,0.06448927101785505,8.142663677143593e-22,0.07137342066526517,9.973681575280234e-106,0.028775405896627273,9.973681575280234e-106,0.028775405896627273,0.00891539941514548,0.061952764616651224,2.1135727607196648e-05,0.02664282738808981,6.046928321617093e-14,0.06392981919605883,1.7186861645880738e-10,0.05631720987397326,0.06501975655889995,0.10768242379980814,0.050151990025762636,0.0428984653563036
2021-01-05,0.01,0.01,6.114128603470789e-161,0.05704952580815823,6.114128603470789e-161,0.05704952580815823,0.05569429528619317,0.06774267268556847,2.1906879572882736e-05,0.030881900826191373,9.918915247954084e-30,0.06448927101785505,8.142663677143593e-22,0.07137342066526517,9.973681575280234e-106,0.028775405896627273,9.973681575280234e-106,0.028775405896627273,0.00891539941514548,0.061952764616651224,2.1135727607196648e-05,0.02664282738808981,6.046928321617093e-14,0.06392981919605883,1.7186861645880738e-10,0.05631720987397326,0.06501975655889995,0.10768242379980814,0.050151990025762636,0.0428984653563036
2021-01-06,0.01,0.01,6.114128603470789e-161,0.05704952580815823,6.114128603470789e-161,0.05704952580815823,0.05569429528619317,0.06774267268556847,2.1906879572882736e-05,0.030881900826191373,9.918915247954084e-30,0.06448927101785505,8.142663677143593e-22,0.07137342066526517,9.973681575280234e-106,0.028775405896627273,9.973681575280234e-106,0.028775405896627273,0.00891539941514548,0.061952764616651224,2.1135727607196648e-05,0.02664282738808981,6.046928321617093e-14,0.06392981919605883,1.7186861645880738e-10,0.05631720987397326,0.06501975655889995,0.10768242379980814,0.050151990025762636,0.0428984653563036
2021-01-07,0.01,0.01,6.114128603470789e-161,0.05704952580815823,6.114128603470789e-161,0.05704952580815823,0.05569429528619317,0.06774267268556847,2.1906879572882736e-05,0.030881900826191373,9.918915247954084e-30,0.06448927101785505,8.142663677143593e-22,0.07137342066526517,9.973681575280234e-106,0.028775405896627273,9.973681575280234e-106,0.028775405896627273,0.00891539941514548,0.061952764616651224,2.1135727607196648e-05,0.02664282738808981,6.046928321617093e-14,0.06392981919605883,1.7186861645880738e-10,0.05631720987397326,0.06501975655889995,0.10768242379980814,0.050151990025762636,0.0428984653563036
2021-01-08,0.01,0.01,6.114128603470789e-161,0.05704952580815823,6.114128603470789e-161,0.05704952580815823,0.05569429528619317,0.06774267268556847,2.1906879572882736e-05,0.030881900826191373,9.918915247954084e-30,0.06448927101785505,8.142663677143593e-22,0.07137342066526517,9.973681575280234e-106,0.028775405896627273,9.973681575280234e-106,0.028775405896627273,0.00891539941514548,0.061952764616651224,2.1135727607196648e-05,0.02664282738808981,6.046928321617093e-14,0.06392981919605883,1.7186861645880738e-10,0.05631720987397326,0.06501975655889995,0.10768242379980814,0.050151990025762636,0.0428984653563036
2021-01-11,0.01,0.01,6.114128603470789e-161,0.05704952580815823,6.114128603470789e-161,0.05704952580815823,0.05569429528619317,0.06774267268556847,2.1906879572882736e-05,0.030881900826191373,9.918915247954084e-30,0.06448927101785505,8.142663677143593e-22,0.07137342066526517,9.973681575280234e-106,0.028775405896627273,9.973681575280234e-106,0.028775405896627273,0.00891539941514548,0.061952764616651224,2.1135727607196648e-05,0.02664282738808981,6.046928321617093e-14,0.06392981919605883,1.7186861645880738e-10,0.05631720987397326,0.06501975655889995,0.10768242379980814,0.050151990025762636,0.0428984653563036
2021-01-12,0.01,0.01,6.114128603470789e-161,0.05704952580815823,6.114128603470789e-161,0.05704952580815823,0.05569429528619317,0.06774267268556847,2.1906879572882736e-05,0.030881900826191373,9.918915247954084e-30,0.06448927101785505,8.142663677143593e-22,0.07137342066526517,9.973681575280234e-106,0.028775405896627273,9.973681575280234e-106,0.028775405896627273,0.00891539941514548,0.061952764616651224,2.1135727607196648e-05,0.02664282738808981,6.046928321617093e-14,0.06392981919605883,1.7186861645880738e-10,0.05631720987397326,0.06501975655889995,0.10768242379980814,0.050151990025762636,0.0428984653563036
2021-01-13,0.01,0.01,6.114128603470789e-161,0.05704952580815823,6.114128603470789e-161,0.05704952580815823,0.05569429528619317,0.06774267268556847,2.1906879572882736e-05,0.030881900826191373,9.918915247954084e-30,0.06448927101785505,8.142663677143593e-22,0.07137342066526517,9.973681575280234e-106,0.028775405896627273,9.973681575280234e-106,0.028775405896627273,0.00891539941514548,0.061952764616651224,2.1135727607196648e-05,0.02664282738808981,6.046928321617093e-14,0.06392981919605883,1.7186861645880738e-10,0.05631720987397326,0.06501975655889995,0.10768242379980814,0.050151990025762636,0.0428984653563036
2021-01-14,0.01,0.01,6.114128603470789e-161,0.05704952580815823,6.114128603470789e-161,0.05704952580815823,0.05569429528619317,0.06774267268556847,2.1906879572882736e-05,0.030881900826191373,9.918915247954084e-30,0.06448927101785505,8.142663677143593e-22,0.07137342066526517,9.973681575280234e-106,0.028775405896627273,9.973681575280234e-106,0.028775405896627273,0.00891539941514548,0.061952764616651224,2.1135727607196648e-05,0.02664282738808981,6.046928321617093e-14,0.06392981919605883,1.7186861645880738e-10,0.05631720987397326,0.06501975655889995,0.10768242379980814,0.050151990025762636,0.0428984653563036
2021-01-15,0.01,0.01,6.114128603470789e-161,0.05704952580815823,6.114128603470789e-161,0.05704952580815823,0.05569429528619317,0.06774267268556847,2.1906879572882736e-05,0.030881900826191373,9.918915247954084e-30,0.06448927101785505,8.142663677143593e-22,0.07137342066526517,9.973681575280234e-106,0.028775405896627273,9.973681575280234e-106,0.028775405896627273,0.00891539941514548,0.061952764616651224,2.1135727607196648e-05,0.02664282738808981,6.046928321617093e-14,0.06392981919605883,1.7186861645880738e-10,0.05631720987397326,0.06501975655889995,0.10768242379980814,0.050151990025762636,0.0428984653563036
2021-01-19,0.01,0.01,6.114128603470789e-161,0.05704952580815823,6.114128603470789e-161,0.05704952580815823,0.05569429528619317,0.06774267268556847,2.1906879572882736e-05,0.030881900826191373,9.918915247954084e-30,0.06448927101785505,8.142663677143593e-22,0.07137342066526517,9.973681575280234e-106,0.028775405896627273,9.973681575280234e-106,0.028775405896627273,0.00891539941514548,0.061952764616651224,2.1135727607196648e-05,0.02664282738808981,6.046928321617093e-14,0.06392981919605883,1.7186861645880738e-10,0.05631720987397326,0.06501975655889995,0.10768242379980814,0.050151990025762636,0.0428984653563036
2021-01-20,0.01,0.01,6.114128603470789e-161,0.05704952580815823,6.114128603470789e-161,0.05704952580815823,0.05569429528619317,0.06774267268556847,2.1906879572882736e-05,0.030881900826191373,9.918915247954084e-30,0.06448927101785505,8.142663677143593e-22,0.07137342066526517,9.973681575280234e-106,0.028775405896627273,9.973681575280234e-106,0.028775405896627273,0.00891539941514548,0.061952764616651224,2.1135727607196648e-05,0.02664282738808981,6.046928321617093e-14,0.06392981919605883,1.7186861645880738e-10,0.05631720987397326,0.06501975655889995,0.10768242379980814,0.050151990025762636,0.0428984653563036
2021-01-21,0.01,0.01,6.114128603470789e-161,0.05704952580815823,6.114128603470789e-161,0.05704952580815823,0.05569429528619317,0.06774267268556847,2.1906879572882736e-05,0.030881900826191373,9.918915247954084e-30,0.06448927101785505,8.142663677143593e-22,0.07137342066526517,9.973681575280234e-106,0.028775405896627273,9.973681575280234e-106,0.028775405896627273,0.00891539941514548,0.061952764616651224,2.1135727607196648e-05,0.02664282738808981,6.046928321617093e-14,0.06392981919605883,1.7186861645880738e-10,0.05631720987397326,0.06501975655889995,0.10768242379980814,0.050151990025762636,0.0428984653563036
2021-01-22,0.01,0.01,6.114128603470789e-161,0.05704952580815823,6.114128603470789e-161,0.05704952580815823,0.05569429528619317,0.06774267268556847,2.1906879572882736e-05,0.030881900826191373,9.918915247954084e-30,0.06448927101785505,8.142663677143593e-22,0.07137342066526517,9.973681575280234e-106,0.028775405896627273,9.973681575280234e-106,0.028775405896627273,0.00891539941514548,0.061952764616651224,2.1135727607196648e-05,0.02664282738808981,6.046928321617093e-14,0.06392981919605883,1.7186861645880738e-10,0.05631720987397326,0.06501975655889995,0.10768242379980814,0.050151990025762636,0.0428984653563036
2021-01-25,0.01,0.01,6.114128603470789e-161,0.05704952580815823,6.114128603470789e-161,0.05704952580815823,0.05569429528619317,0.06774267268556847,2.1906879572882736e-05,0.030881900826191373,9.918915247954084e-30,0.06448927101785505,8.142663677143593e-22,0.07137342066526517,9.973681575280234e-106,0.028775405896627273,9.973681575280234e-106,0.028775405896627273,0.00891539941514548,0.061952764616651224,2.1135727607196648e-05,0.02664282738808981,6.046928321617093e-14,0.06392981919605883,1.7186861645880738e-10,0.05631720987397326,0.06501975655889995,0.10768242379980814,0.050151990025762636,0.0428984653563036
2021-01-26,0.01,0.01,6.114128603470789e-161,0.05704952580815823,6.114128603470789e-161,0.05704952580815823,0.05569429528619317,0.06774267268556847,2.1906879572882736e-05,0.030881900826191373,9.918915247954084e-30,0.06448927101785505,8.142663677143593e-22,0.07137342066526517,9.973681575280234e-106,0.028775405896627273,9.973681575280234e-106,0.028775405896627273,0.00891539941514548,0.061952764616651224,2.1135727607196648e-05,0.02664282738808981,6.046928321617093e-14,0.06392981919605883,1.7186861645880738e-10,0.05631720987397326,0.06501975655889995,0.10768242379980814,0.050151990025762636,0.0428984653563036
2021-01-27,0.01,0.01,6.114128603470789e-161,0.05704952580815823,6.114128603470789e-161,0.05704952580815823,0.05569429528619317,0.06774267268556847,2.1906879572882736e-05,0.030881900826191373,9.918915247954084e-30,0.06448927101785505,8.142663677143593e-22,0.07137342066526517,9.973681575280234e-106,0.028775405896627273,9.973681575280234e-106,0.028775405896627273,0.00891539941514548,0.061952764616651224,2.1135727607196648e-05,0.02664282738808981,6.046928321617093e-14,0.06392981919605883,1.7186861645880738e-10,0.05631720987397326,0.06501975655889995,0.10768242379980814,0.050151990025762636,0.0428984653563036
2021-01-28,0.01,0.01,6.114128603470789e-161,0.05704952580815823,6.114128603470789e-161,0.05704952580815823,0.05569429528619317,0.06774267268556847,2.1906879572882736e-05,0.030881900826191373,9.918915247954084e-30,0.06448927101785505,8.142663677143593e-22,0.07137342066526517,9.973681575280234e-106,0.028775405896627273,9.973681575280234e-106,0.028775405896627273,0.00891539941514548,0.061952764616651224,2.1135727607196648e-05,0.02664282738808981,6.046928321617093e-14,0.06392981919605883,1.7186861645880738e-10,0.05631720987397326,0.06501975655889995,0.10768242379980814,0.050151990025762636,0.0428984653563036
2021-01-29,0.01,0.01,6.114128603470789e-161,0.05704952580815823,6.114128603470789e-161,0.05704952580815823,0.05569429528619317,0.06774267268556847,2.1906879572882736e-05,0.030881900826191373,9.918915247954084e-30,0.06448927101785505,8.142663677143593e-22,0.07137342066526517,9.973681575280234e-106,0.028775405896627273,9.973681575280234e-106,0.028775405896627273,0.00891539941514548,0.061952764616651224,2.1135727607196648e-05,0.02664282738808981,6.046928321617093e-14,0.06392981919605883,1.7186861645880738e-10,0.05631720987397326,0.06501975655889995,0.10768242379980814,0.050151990025762636,0.0428984653563036
2021-02-01,0.01,0.01,6.114128603470789e-161,0.05704952580815823,6.114128603470789e-161,0.05704952580815823,0.05569429528619317,0.06774267268556847,2.1906879572882736e-05,0.030881900826191373,9.918915247954084e-30,0.06448927101785505,8.142663677143593e-22,0.07137342066526517,9.973681575280234e-106,0.028775405896627273,9.973681575280234e-106,0.028775405896627273,0.00891539941514548,0.061952764616651224,2.1135727607196648e-05,0.02664282738808981,6.046928321617093e-14,0.06392981919605883,1.7186861645880738e-10,0.05631720987397326,0.06501975655889995,0.10768242379980814,0.050151990025762636,0.0428984653563036
2021-02-02,0.01,0.01,6.114128603470789e-161,0.05704952580815823,6.114128603470789e-161,0.05704952580815823,0.05569429528619317,0.06774267268556847,2.1906879572882736e-05,0.030881900826191373,9.918915247954084e-30,0.06448927101785505,8.142663677143593e-22,0.07137342066526517,9.973681575280234e-106,0.028775405896627273,9.973681575280234e-106,0.028775405896627273,0.00891539941514548,0.061952764616651224,2.1135727607196648e-05,0.02664282738808981,6.046928321617093e-14,0.06392981919605883,1.7186861645880738e-10,0.05631720987397326,0.06501975655889995,0.10768242379980814,0.050151990025762636,0.0428984653563036
2021-02-03,0.01,0.01,6.114128603470789e-161,0.05704952580815823,6.114128603470789e-161,0.05704952580815823,0.05569429528619317,0.06774267268556847,2.1906879572882736e-05,0.030881900826191373,9.918915247954084e-30,0.06448927101785505,8.142663677143593e-22,0.07137342066526517,9.973681575280234e-106,0.028775405896627273,9.973681575280234e-106,0.028775405896627273,0.00891539941514548,0.061952764616651224,2.1135727607196648e-05,0.02664282738808981,6.046928321617093e-14,0.06392981919605883,1.7186861645880738e-10,0.05631720987397326,0.06501975655889995,0.10768242379980814,0.050151990025762636,0.0428984653563036
2021-02-04,0.01,0.01,6.114128603470789e-161,0.05704952580815823,6.114128603470789e-161,0.05704952580815823,0.05569429528619317,0.06774267268556847,2.1906879572882736e-05,0.030881900826191373,9.918915247954084e-30,0.06448927101785505,8.142663677143593e-22,0.07137342066526517,9.973681575280234e-106,0.028775405896627273,9.973681575280234e-106,0.028775405896627273,0.00891539941514548,0.061952764616651224,2.1135727607196648e-05,0.02664282738808981,6.046928321617093e-14,0.06392981919605883,1.7186861645880738e-10,0.05631720987397326,0.06501975655889995,0.10768242379980814,0.050151990025762636,0.0428984653563036
2021-02-05,0.01,0.01,6.114128603470789e-161,0.05704952580815823,6.114128603470789e-161,0.05704952580815823,0.05569429528619317,0.06774267268556847,2.1906879572882736e-05,0.030881900826191373,9.918915247954084e-30,0.06448927101785505,8.142663677143593e-22,0.07137342066526517,9.973681575280234e-106,0.028775405896627273,9.973681575280234e-106,0.028775405896627273,0.00891539941514548,0.061952764616651224,2.1135727607196648e-05,0.02664282738808981,6.046928321617093e-14,0.06392981919605883,1.7186861645880738e-10,0.05631720987397326,0.06501975655889995,0.10768242379980814,0.050151990025762636,0.0428984653563036
2021-02-08,0.01,0.01,6.114128603470789e-161,0.05704952580815823,6.114128603470789e-161,0.05704952580815823,0.05569429528619317,0.06774267268556847,2.1906879572882736e-05,0.030881900826191373,9.918915247954084e-30,0.06448927101785505,8.142663677143593e-22,0.07137342066526517,9.973681575280234e-106,0.028775405896627273,9.973681575280234e-106,0.028775405896627273,0.00891539941514548,0.061952764616651224,2.1135727607196648e-05,0.02664282738808981,6.046928321617093e-14,0.06392981919605883,1.7186861645880738e-10,0.05631720987397326,0.06501975655889995,0.10768242379980814,0.050151990025762636,0.0428984653563036
2021-02-09,0.01,0.01,6.114128603470789e-161,0.05704952580815823,6.114128603470789e-161,0.05704952580815823,0.05569429528619317,0.06774267268556847,2.1906879572882736e-05,0.030881900826191373,9.918915247954084e-30,0.06448927101785505,8.142663677143593e-22,0.07137342066526517,9.973681575280234e-106,0.028775405896627273,9.973681575280234e-106,0.028775405896627273,0.00891539941514548,0.061952764616651224,2.1135727607196648e-05,0.02664282738808981,6.046928321617093e-14,0.06392981919605883,1.7186861645880738e-10,0.05631720987397326,0.06501975655889995,0.10768242379980814,0.050151990025762636,0.0428984653563036
2021-02-10,0.01,0.01,6.114128603470789e-161,0.05704952580815823,6.114128603470789e-161,0.05704952580815823,0.05569429528619317,0.06774267268556847,2.1906879572882736e-05,0.030881900826191373,9.918915247954084e-30,0.06448927101785505,8.142663677143593e-22,0.07137342066526517,9.973681575280234e-106,0.028775405896627273,9.973681575280234e-106,0.028775405896627273,0.00891539941514548,0.061952764616651224,2.1135727607196648e-05,0.02664282738808981,6.046928321617093e-14,0.06392981919605883,1.7186861645880738e-10,0.05631720987397326,0.06501975655889995,0.10768242379980814,0.050151990025762636,0.0428984653563036
2021-02-11,0.01,0.01,6.114128603470789e-161,0.05704952580815823,6.114128603470789e-161,0.05704952580815823,0.05569429528619317,0.06774267268556847,2.1906879572882736e-05,0.030881900826191373,9.918915247954084e-30,0.06448927101785505,8.142663677143593e-22,0.07137342066526517,9.973681575280234e-106,0.028775405896627273,9.973681575280234e-106,0.028775405896627273,0.00891539941514548,0.061952764616651224,2.1135727607196648e-05,0.02664282738808981,6.046928321617093e-14,0.06392981919605883,1.7186861645880738e-10,0.05631720987397326,0.06501975655889995,0.10768242379980814,0.050151990025762636,0.0428984653563036
2021-02-12,0.01,0.01,6.114128603470789e-161,0.05704952580815823,6.114128603470789e-161,0.05704952580815823,0.05569429528619317,0.06774267268556847,2.1906879572882736e-05,0.030881900826191373,9.918915247954084e-30,0.06448927101785505,8.142663677143593e-22,0.07137342066526517,9.973681575280234e-106,0.028775405896627273,9.973681575280234e-106,0.028775405896627273,0.00891539941514548,0.061952764616651224,2.1135727607196648e-05,0.02664282738808981,6.046928321617093e-14,0.06392981919605883,1.7186861645880738e-10,0.05631720987397326,0.06501975655889995,0.10768242379980814,0.050151990025762636,0.0428984653563036
2021-02-16,0.01,0.01,6.114128603470789e-161,0.05704952580815823,6.114128603470789e-161,0.05704952580815823,0.05569429528619317,0.06774267268556847,2.1906879572882736e-05,0.030881900826191373,9.918915247954084e-30,0.06448927101785505,8.142663677143593e-22,0.07137342066526517,9.973681575280234e-106,0.028775405896627273,9.973681575280234e-106,0.028775405896627273,0.00891539941514548,0.061952764616651224,2.1135727607196648e-05,0.02664282738808981,6.046928321617093e-14,0.06392981919605883,1.7186861645880738e-10,0.05631720987397326,0.06501975655889995,0.10768242379980814,0.050151990025762636,0.0428984653563036
2021-02-17,0.01,0.01,6.114128603470789e-161,0.05704952580815823,6.114128603470789e-161,0.05704952580815823,0.05569429528619317,0.06774267268556847,2.1906879572882736e-05,0.030881900826191373,9.918915247954084e-30,0.06448927101785505,8.142663677143593e-22,0.07137342066526517,9.973681575280234e-106,0.028775405896627273,9.973681575280234e-106,0.028775405896627273,0.00891539941514548,0.061952764616651224,2.1135727607196648e-05,0.02664282738808981,6.046928321617093e-14,0.06392981919605883,1.7186861645880738e-10,0.05631720987397326,0.06501975655889995,0.10768242379980814,0.050151990025762636,0.0428984653563036
2021-02-18,0.01,0.01,6.114128603470789e-161,0.05704952580815823,6.114128603470789e-161,0.05704952580815823,0.05569429528619317,0.06774267268556847,2.1906879572882736e-05,0.030881900826191373,9.918915247954084e-30,0.06448927101785505,8.142663677143593e-22,0.07137342066526517,9.973681575280234e-106,0.028775405896627273,9.973681575280234e-106,0.028775405896627273,0.00891539941514548,0.061952764616651224,2.1135727607196648e-05,0.02664282738808981,6.046928321617093e-14,0.06392981919605883,1.7186861645880738e-10,0.05631720987397326,0.06501975655889995,0.10768242379980814,0.050151990025762636,0.0428984653563036
2021-02-19,0.01,0.01,6.114128603470789e-161,0.05704952580815823,6.114128603470789e-161,0.05704952580815823,0.05569429528619317,0.06774267268556847,2.1906879572882736e-05,0.030881900826191373,9.918915247954084e-30,0.06448927101785505,8.142663677143593e-22,0.07137342066526517,9.973681575280234e-106,0.028775405896627273,9.973681575280234e-106,0.028775405896627273,0.00891539941514548,0.061952764616651224,2.1135727607196648e-05,0.02664282738808981,6.046928321617093e-14,0.06392981919605883,1.7186861645880738e-10,0.05631720987397326,0.06501975655889995,0.10768242379980814,0.050151990025762636,0.0428984653563036
2021-02-22,0.01,0.01,6.114128603470789e-161,0.05704952580815823,6.114128603470789e-161,0.05704952580815823,0.05569429528619317,0.06774267268556847,2.1906879572882736e-05,0.030881900826191373,9.918915247954084e-30,0.06448927101785505,8.142663677143593e-22,0.07137342066526517,9.973681575280234e-106,0.028775405896627273,9.973681575280234e-106,0.028775405896627273,0.00891539941514548,0.061952764616651224,2.1135727607196648e-05,0.02664282738808981,6.046928321617093e-14,0.06392981919605883,1.7186861645880738e-10,0.05631720987397326,0.06501975655889995,0.10768242379980814,0.050151990025762636,0.0428984653563036
2021-02-23,0.01,0.01,6.114128603470789e-161,0.05704952580815823,6.114128603470789e-161,0.05704952580815823,0.05569429528619317,0.06774267268556847,2.1906879572882736e-05,0.030881900826191373,9.918915247954084e-30,0.06448927101785505,8.142663677143593e-22,0.07137342066526517,9.973681575280234e-106,0.028775405896627273,9.973681575280234e-106,0.028775405896627273,0.00891539941514548,0.061952764616651224,2.1135727607196648e-05,0.02664282738808981,6.046928321617093e-14,0.06392981919605883,1.7186861645880738e-10,0.05631720987397326,0.06501975655889995,0.10768242379980814,0.050151990025762636,0.0428984653563036
2021-02-24,0.01,0.01,6.114128603470789e-161,0.05704952580815823,6.114128603470789e-161,0.05704952580815823,0.05569429528619317,0.06774267268556847,2.1906879572882736e-05,0.030881900826191373,9.918915247954084e-30,0.06448927101785505,8.142663677143593e-22,0.07137342066526517,9.973681575280234e-106,0.028775405896627273,9.973681575280234e-106,0.028775405896627273,0.00891539941514548,0.061952764616651224,2.1135727607196648e-05,0.02664282738808981,6.046928321617093e-14,0.06392981919605883,1.7186861645880738e-10,0.05631720987397326,0.06501975655889995,0.10768242379980814,0.050151990025762636,0.0428984653563036
2021-02-25,0.01,0.01,6.114128603470789e-161,0.05704952580815823,6.114128603470789e-161,0.05704952580815823,0.05569429528619317,0.06774267268556847,2.1906879572882736e-05,0.030881900826191373,9.918915247954084e-30,0.06448927101785505,8.142663677143593e-22,0.07137342066526517,9.973681575280234e-106,0.028775405896627273,9.973681575280234e-106,0.028775405896627273,0.00891539941514548,0.061952764616651224,2.1135727607196648e-05,0.02664282738808981,6.046928321617093e-14,0.06392981919605883,1.7186861645880738e-10,0.05631720987397326,0.06501975655889995,0.10768242379980814,0.050151990025762636,0.0428984653563036
2021-02-26,0.01,0.01,6.114128603470789e-161,0.05704952580815823,6.114128603470789e-161,0.05704952580815823,0.05569429528619317,0.06774267268556847,2.1906879572882736e-05,0.030881900826191373,9.918915247954084e-30,0.06448927101785505,8.142663677143593e-22,0.07137342066526517,9.973681575280234e-106,0.028775405896627273,9.973681575280234e-106,0.028775405896627273,0.00891539941514548,0.061952764616651224,2.1135727607196648e-05,0.02664282738808981,6.046928321617093e-14,0.06392981919605883,1.7186861645880738e-10,0.05631720987397326,0.06501975655889995,0.10768242379980814,0.050151990025762636,0.0428984653563036
2021-03-01,0.01,0.01,6.114128603470789e-161,0.05704952580815823,6.114128603470789e-161,0.05704952580815823,0.05569429528619317,0.06774267268556847,2.1906879572882736e-05,0.030881900826191373,9.918915247954084e-30,0.06448927101785505,8.142663677143593e-22,0.07137342066526517,9.973681575280234e-106,0.028775405896627273,9.973681575280234e-106,0.028775405896627273,0.00891539941514548,0.061952764616651224,2.1135727607196648e-05,0.02664282738808981,6.046928321617093e-14,0.06392981919605883,1.7186861645880738e-10,0.05631720987397326,0.06501975655889995,0.10768242379980814,0.050151990025762636,0.0428984653563036
2021-03-02,0.01,0.01,6.114128603470789e-161,0.05704952580815823,6.114128603470789e-161,0.05704952580815823,0.05569429528619317,0.06774267268556847,2.1906879572882736e-05,0.030881900826191373,9.918915247954084e-30,0.06448927101785505,8.142663677143593e-22,0.07137342066526517,9.973681575280234e-106,0.028775405896627273,9.973681575280234e-106,0.028775405896627273,0.00891539941514548,0.061952764616651224,2.1135727607196648e-05,0.02664282738808981,6.046928321617093e-14,0.06392981919605883,1.7186861645880738e-10,0.05631720987397326,0.06501975655889995,0.10768242379980814,0.050151990025762636,0.0428984653563036
2021-03-03,0.01,0.01,6.114128603470789e-161,0.05704952580815823,6.114128603470789e-161,0.05704952580815823,0.05569429528619317,0.06774267268556847,2.1906879572882736e-05,0.030881900826191373,9.918915247954084e-30,0.06448927101785505,8.142663677143593e-22,0.07137342066526517,9.973681575280234e-106,0.028775405896627273,9.973681575280234e-106,0.028775405896627273,0.00891539941514548,0.061952764616651224,2.1135727607196648e-05,0.02664282738808981,6.046928321617093e-14,0.06392981919605883,1.7186861645880738e-10,0.05631720987397326,0.06501975655889995,0.10768242379980814,0.050151990025762636,0.0428984653563036
2021-03-04,0.01,0.01,6.114128603470789e-161,0.05704952580815823,6.114128603470789e-161,0.05704952580815823,0.05569429528619317,0.06774267268556847,2.1906879572882736e-05,0.030881900826191373,9.918915247954084e-30,0.06448927101785505,8.142663677143593e-22,0.07137342066526517,9.973681575280234e-106,0.028775405896627273,9.973681575280234e-106,0.028775405896627273,0.00891539941514548,0.061952764616651224,2.1135727607196648e-05,0.02664282738808981,6.046928321617093e-14,0.06392981919605883,1.7186861645880738e-10,0.05631720987397326,0.06501975655889995,0.10768242379980814,0.050151990025762636,0.0428984653563036
2021-03-05,0.01,0.01,6.114128603470789e-161,0.05704952580815823,6.114128603470789e-161,0.05704952580815823,0.05569429528619317,0.06774267268556847,2.1906879572882736e-05,0.030881900826191373,9.918915247954084e-30,0.06448927101785505,8.142663677143593e-22,0.07137342066526517,9.973681575280234e-106,0.028775405896627273,9.973681575280234e-106,0.028775405896627273,0.00891539941514548,0.061952764616651224,2.1135727607196648e-05,0.02664282738808981,6.046928321617093e-14,0.06392981919605883,1.7186861645880738e-10,0.05631720987397326,0.06501975655889995,0.10768242379980814,0.050151990025762636,0.0428984653563036
2021-03-08,0.01,0.01,6.114128603470789e-161,0.05704952580815823,6.114128603470789e-161,0.05704952580815823,0.05569429528619317,0.06774267268556847,2.1906879572882736e-05,0.030881900826191373,9.918915247954084e-30,0.06448927101785505,8.142663677143593e-22,0.07137342066526517,9.973681575280234e-106,0.028775405896627273,9.973681575280234e-106,0.028775405896627273,0.00891539941514548,0.061952764616651224,2.1135727607196648e-05,0.02664282738808981,6.046928321617093e-14,0.06392981919605883,1.7186861645880738e-10,0.05631720987397326,0.06501975655889995,0.10768242379980814,0.050151990025762636,0.0428984653563036
2021-03-09,0.01,0.01,6.114128603470789e-161,0.05704952580815823,6.114128603470789e-161,0.05704952580815823,0.05569429528619317,0.06774267268556847,2.1906879572882736e-05,0.030881900826191373,9.918915247954084e-30,0.06448927101785505,8.142663677143593e-22,0.07137342066526517,9.973681575280234e-106,0.028775405896627273,9.973681575280234e-106,0.028775405896627273,0.00891539941514548,0.061952764616651224,2.1135727607196648e-05,0.02664282738808981,6.046928321617093e-14,0.06392981919605883,1.7186861645880738e-10,0.05631720987397326,0.06501975655889995,0.10768242379980814,0.050151990025762636,0.0428984653563036
2021-03-10,0.01,0.01,6.114128603470789e-161,0.05704952580815823,6.114128603470789e-161,0.05704952580815823,0.05569429528619317,0.06774267268556847,2.1906879572882736e-05,0.030881900826191373,9.918915247954084e-30,0.06448927101785505,8.142663677143593e-22,0.07137342066526517,9.973681575280234e-106,0.028775405896627273,9.973681575280234e-106,0.028775405896627273,0.00891539941514548,0.061952764616651224,2.1135727607196648e-05,0.02664282738808981,6.046928321617093e-14,0.06392981919605883,1.7186861645880738e-10,0.05631720987397326,0.06501975655889995,0.10768242379980814,0.050151990025762636,0.0428984653563036
2021-03-11,0.01,0.01,6.114128603470789e-161,0.05704952580815823,6.114128603470789e-161,0.05704952580815823,0.05569429528619317,0.06774267268556847,2.1906879572882736e-05,0.030881900826191373,9.918915247954084e-30,0.06448927101785505,8.142663677143593e-22,0.07137342066526517,9.973681575280234e-106,0.028775405896627273,9.973681575280234e-106,0.028775405896627273,0.00891539941514548,0.061952764616651224,2.1135727607196648e-05,0.02664282738808981,6.046928321617093e-14,0.06392981919605883,1.7186861645880738e-10,0.05631720987397326,0.06501975655889995,0.10768242379980814,0.050151990025762636,0.0428984653563036
2021-03-12,0.01,0.01,6.114128603470789e-161,0.05704952580815823,6.114128603470789e-161,0.05704952580815823,0.05569429528619317,0.06774267268556847,2.1906879572882736e-05,0.030881900826191373,9.918915247954084e-30,0.06448927101785505,8.142663677143593e-22,0.07137342066526517,9.973681575280234e-106,0.028775405896627273,9.973681575280234e-106,0.028775405896627273,0.00891539941514548,0.061952764616651224,2.1135727607196648e-05,0.02664282738808981,6.046928321617093e-14,0.06392981919605883,1.7186861645880738e-10,0.05631720987397326,0.06501975655889995,0.10768242379980814,0.050151990025762636,0.0428984653563036
2021-03-15,0.01,0.01,6.114128603470789e-161,0.05704952580815823,6.114128603470789e-161,0.05704952580815823,0.05569429528619317,0.06774267268556847,2.1906879572882736e-05,0.030881900826191373,9.918915247954084e-30,0.06448927101785505,8.142663677143593e-22,0.07137342066526517,9.973681575280234e-106,0.028775405896627273,9.973681575280234e-106,0.028775405896627273,0.00891539941514548,0.061952764616651224,2.1135727607196648e-05,0.02664282738808981,6.046928321617093e-14,0.06392981919605883,1.7186861645880738e-10,0.05631720987397326,0.06501975655889995,0.10768242379980814,0.050151990025762636,0.0428984653563036
2021-03-16,0.01,0.01,6.114128603470789e-161,0.05704952580815823,6.114128603470789e-161,0.05704952580815823,0.05569429528619317,0.06774267268556847,2.1906879572882736e-05,0.030881900826191373,9.918915247954084e-30,0.06448927101785505,8.142663677143593e-22,0.07137342066526517,9.973681575280234e-106,0.028775405896627273,9.973681575280234e-106,0.028775405896627273,0.00891539941514548,0.061952764616651224,2.1135727607196648e-05,0.02664282738808981,6.046928321617093e-14,0.06392981919605883,1.7186861645880738e-10,0.05631720987397326,0.06501975655889995,0.10768242379980814,0.050151990025762636,0.0428984653563036
2021-03-17,0.01,0.01,6.114128603470789e-161,0.05704952580815823,6.114128603470789e-161,0.05704952580815823,0.05569429528619317,0.06774267268556847,2.1906879572882736e-05,0.030881900826191373,9.918915247954084e-30,0.06448927101785505,8.142663677143593e-22,0.07137342066526517,9.973681575280234e-106,0.028775405896627273,9.973681575280234e-106,0.028775405896627273,0.00891539941514548,0.061952764616651224,2.1135727607196648e-05,0.02664282738808981,6.046928321617093e-14,0.06392981919605883,1.7186861645880738e-10,0.05631720987397326,0.06501975655889995,0.10768242379980814,0.050151990025762636,0.0428984653563036
2021-03-18,0.01,0.01,6.114128603470789e-161,0.05704952580815823,6.114128603470789e-161,0.05704952580815823,0.05569429528619317,0.06774267268556847,2.1906879572882736e-05,0.030881900826191373,9.918915247954084e-30,0.06448927101785505,8.142663677143593e-22,0.07137342066526517,9.973681575280234e-106,0.028775405896627273,9.973681575280234e-106,0.028775405896627273,0.00891539941514548,0.061952764616651224,2.1135727607196648e-05,0.02664282738808981,6.046928321617093e-14,0.06392981919605883,1.7186861645880738e-10,0.05631720987397326,0.06501975655889995,0.10768242379980814,0.050151990025762636,0.0428984653563036
2021-03-19,0.01,0.01,6.114128603470789e-161,0.05704952580815823,6.114128603470789e-161,0.05704952580815823,0.05569429528619317,0.06774267268556847,2.1906879572882736e-05,0.030881900826191373,9.918915247954084e-30,0.06448927101785505,8.142663677143593e-22,0.07137342066526517,9.973681575280234e-106,0.028775405896627273,9.973681575280234e-106,0.028775405896627273,0.00891539941514548,0.061952764616651224,2.1135727607196648e-05,0.02664282738808981,6.046928321617093e-14,0.06392981919605883,1.7186861645880738e-10,0.05631720987397326,0.06501975655889995,0.10768242379980814,0.050151990025762636,0.0428984653563036
2021-03-22,0.01,0.01,6.114128603470789e-161,0.05704952580815823,6.114128603470789e-161,0.05704952580815823,0.05569429528619317,0.06774267268556847,2.1906879572882736e-05,0.030881900826191373,9.918915247954084e-30,0.06448927101785505,8.142663677143593e-22,0.07137342066526517,9.973681575280234e-106,0.028775405896627273,9.973681575280234e-106,0.028775405896627273,0.00891539941514548,0.061952764616651224,2.1135727607196648e-05,0.02664282738808981,6.046928321617093e-14,0.06392981919605883,1.7186861645880738e-10,0.05631720987397326,0.06501975655889995,0.10768242379980814,0.050151990025762636,0.0428984653563036
2021-03-23,0.01,0.01,6.114128603470789e-161,0.05704952580815823,6.114128603470789e-161,0.05704952580815823,0.05569429528619317,0.06774267268556847,2.1906879572882736e-05,0.030881900826191373,9.918915247954084e-30,0.06448927101785505,8.142663677143593e-22,0.07137342066526517,9.973681575280234e-106,0.028775405896627273,9.973681575280234e-106,0.028775405896627273,0.00891539941514548,0.061952764616651224,2.1135727607196648e-05,0.02664282738808981,6.046928321617093e-14,0.06392981919605883,1.7186861645880738e-10,0.05631720987397326,0.06501975655889995,0.10768242379980814,0.050151990025762636,0.0428984653563036
2021-03-24,0.01,0.01,6.114128603470789e-161,0.05704952580815823,6.114128603470789e-161,0.05704952580815823,0.05569429528619317,0.06774267268556847,2.1906879572882736e-05,0.030881900826191373,9.918915247954084e-30,0.06448927101785505,8.142663677143593e-22,0.07137342066526517,9.973681575280234e-106,0.028775405896627273,9.973681575280234e-106,0.028775405896627273,0.00891539941514548,0.061952764616651224,2.1135727607196648e-05,0.02664282738808981,6.046928321617093e-14,0.06392981919605883,1.7186861645880738e-10,0.05631720987397326,0.06501975655889995,0.10768242379980814,0.050151990025762636,0.0428984653563036
2021-03-25,0.01,0.01,6.114128603470789e-161,0.05704952580815823,6.114128603470789e-161,0.05704952580815823,0.05569429528619317,0.06774267268556847,2.1906879572882736e-05,0.030881900826191373,9.918915247954084e-30,0.06448927101785505,8.142663677143593e-22,0.07137342066526517,9.973681575280234e-106,0.028775405896627273,9.973681575280234e-106,0.028775405896627273,0.00891539941514548,0.061952764616651224,2.1135727607196648e-05,0.02664282738808981,6.046928321617093e-14,0.06392981919605883,1.7186861645880738e-10,0.05631720987397326,0.06501975655889995,0.10768242379980814,0.050151990025762636,0.0428984653563036
2021-03-26,0.01,0.01,6.114128603470789e-161,0.05704952580815823,6.114128603470789e-161,0.05704952580815823,0.05569429528619317,0.06774267268556847,2.1906879572882736e-05,0.030881900826191373,9.918915247954084e-30,0.06448927101785505,8.142663677143593e-22,0.07137342066526517,9.973681575280234e-106,0.028775405896627273,9.973681575280234e-106,0.028775405896627273,0.00891539941514548,0.061952764616651224,2.1135727607196648e-05,0.02664282738808981,6.046928321617093e-14,0.06392981919605883,1.7186861645880738e-10,0.05631720987397326,0.06501975655889995,0.10768242379980814,0.050151990025762636,0.0428984653563036
2021-03-29,0.01,0.01,6.114128603470789e-161,0.05704952580815823,6.114128603470789e-161,0.05704952580815823,0.05569429528619317,0.06774267268556847,2.1906879572882736e-05,0.030881900826191373,9.918915247954084e-30,0.06448927101785505,8.142663677143593e-22,0.07137342066526517,9.973681575280234e-106,0.028775405896627273,9.973681575280234e-106,0.028775405896627273,0.00891539941514548,0.061952764616651224,2.1135727607196648e-05,0.02664282738808981,6.046928321617093e-14,0.06392981919605883,1.7186861645880738e-10,0.05631720987397326,0.06501975655889995,0.10768242379980814,0.050151990025762636,0.0428984653563036
2021-03-30,0.01,0.01,6.114128603470789e-161,0.05704952580815823,6.114128603470789e-161,0.05704952580815823,0.05569429528619317,0.06774267268556847,2.1906879572882736e-05,0.030881900826191373,9.918915247954084e-30,0.06448927101785505,8.142663677143593e-22,0.07137342066526517,9.973681575280234e-106,0.028775405896627273,9.973681575280234e-106,0.028775405896627273,0.00891539941514548,0.061952764616651224,2.1135727607196648e-05,0.02664282738808981,6.046928321617093e-14,0.06392981919605883,1.7186861645880738e-10,0.05631720987397326,0.06501975655889995,0.10768242379980814,0.050151990025762636,0.0428984653563036
2021-03-31,0.01,0.01,6.114128603470789e-161,0.05704952580815823,6.114128603470789e-161,0.05704952580815823,0.05569429528619317,0.06774267268556847,2.1906879572882736e-05,0.030881900826191373,9.918915247954084e-30,0.06448927101785505,8.142663677143593e-22,0.07137342066526517,9.973681575280234e-106,0.028775405896627273,9.973681575280234e-106,0.028775405896627273,0.00891539941514548,0.061952764616651224,2.1135727607196648e-05,0.02664282738808981,6.046928321617093e-14,0.06392981919605883,1.7186861645880738e-10,0.05631720987397326,0.06501975655889995,0.10768242379980814,0.050151990025762636,0.0428984653563036
2021-04-01,0.01,0.01,6.114128603470789e-161,0.05704952580815823,6.114128603470789e-161,0.05704952580815823,0.05569429528619317,0.06774267268556847,2.1906879572882736e-05,0.030881900826191373,9.918915247954084e-30,0.06448927101785505,8.142663677143593e-22,0.07137342066526517,9.973681575280234e-106,0.028775405896627273,9.973681575280234e-106,0.028775405896627273,0.00891539941514548,0.061952764616651224,2.1135727607196648e-05,0.02664282738808981,6.046928321617093e-14,0.06392981919605883,1.7186861645880738e-10,0.05631720987397326,0.06501975655889995,0.10768242379980814,0.050151990025762636,0.0428984653563036
2021-04-05,0.01,0.01,6.114128603470789e-161,0.05704952580815823,6.114128603470789e-161,0.05704952580815823,0.05569429528619317,0.06774267268556847,2.1906879572882736e-05,0.030881900826191373,9.918915247954084e-30,0.06448927101785505,8.142663677143593e-22,0.07137342066526517,9.973681575280234e-106,0.028775405896627273,9.973681575280234e-106,0.028775405896627273,0.00891539941514548,0.061952764616651224,2.1135727607196648e-05,0.02664282738808981,6.046928321617093e-14,0.06392981919605883,1.7186861645880738e-10,0.05631720987397326,0.06501975655889995,0.10768242379980814,0.050151990025762636,0.0428984653563036
2021-04-06,0.01,0.01,6.114128603470789e-161,0.05704952580815823,6.114128603470789e-161,0.05704952580815823,0.05569429528619317,0.06774267268556847,2.1906879572882736e-05,0.030881900826191373,9.918915247954084e-30,0.06448927101785505,8.142663677143593e-22,0.07137342066526517,9.973681575280234e-106,0.028775405896627273,9.973681575280234e-106,0.028775405896627273,0.00891539941514548,0.061952764616651224,2.1135727607196648e-05,0.02664282738808981,6.046928321617093e-14,0.06392981919605883,1.7186861645880738e-10,0.05631720987397326,0.06501975655889995,0.10768242379980814,0.050151990025762636,0.0428984653563036
2021-04-07,0.01,0.01,6.114128603470789e-161,0.05704952580815823,6.114128603470789e-161,0.05704952580815823,0.05569429528619317,0.06774267268556847,2.1906879572882736e-05,0.030881900826191373,9.918915247954084e-30,0.06448927101785505,8.142663677143593e-22,0.07137342066526517,9.973681575280234e-106,0.028775405896627273,9.973681575280234e-106,0.028775405896627273,0.00891539941514548,0.061952764616651224,2.1135727607196648e-05,0.02664282738808981,6.046928321617093e-14,0.06392981919605883,1.7186861645880738e-10,0.05631720987397326,0.06501975655889995,0.10768242379980814,0.050151990025762636,0.0428984653563036
2021-04-08,0.01,0.01,6.114128603470789e-161,0.05704952580815823,6.114128603470789e-161,0.05704952580815823,0.05569429528619317,0.06774267268556847,2.1906879572882736e-05,0.030881900826191373,9.918915247954084e-30,0.06448927101785505,8.142663677143593e-22,0.07137342066526517,9.973681575280234e-106,0.028775405896627273,9.973681575280234e-106,0.028775405896627273,0.00891539941514548,0.061952764616651224,2.1135727607196648e-05,0.02664282738808981,6.046928321617093e-14,0.06392981919605883,1.7186861645880738e-10,0.05631720987397326,0.06501975655889995,0.10768242379980814,0.050151990025762636,0.0428984653563036
2021-04-09,0.01,0.01,6.114128603470789e-161,0.05704952580815823,6.114128603470789e-161,0.05704952580815823,0.05569429528619317,0.06774267268556847,2.1906879572882736e-05,0.030881900826191373,9.918915247954084e-30,0.06448927101785505,8.142663677143593e-22,0.07137342066526517,9.973681575280234e-106,0.028775405896627273,9.973681575280234e-106,0.028775405896627273,0.00891539941514548,0.061952764616651224,2.1135727607196648e-05,0.02664282738808981,6.046928321617093e-14,0.06392981919605883,1.7186861645880738e-10,0.05631720987397326,0.06501975655889995,0.10768242379980814,0.050151990025762636,0.0428984653563036
2021-04-12,0.01,0.01,6.114128603470789e-161,0.05704952580815823,6.114128603470789e-161,0.05704952580815823,0.05569429528619317,0.06774267268556847,2.1906879572882736e-05,0.030881900826191373,9.918915247954084e-30,0.06448927101785505,8.142663677143593e-22,0.07137342066526517,9.973681575280234e-106,0.028775405896627273,9.973681575280234e-106,0.028775405896627273,0.00891539941514548,0.061952764616651224,2.1135727607196648e-05,0.02664282738808981,6.046928321617093e-14,0.06392981919605883,1.7186861645880738e-10,0.05631720987397326,0.06501975655889995,0.10768242379980814,0.050151990025762636,0.0428984653563036
2021-04-13,0.01,0.01,6.114128603470789e-161,0.05704952580815823,6.114128603470789e-161,0.05704952580815823,0.05569429528619317,0.06774267268556847,2.1906879572882736e-05,0.030881900826191373,9.918915247954084e-30,0.06448927101785505,8.142663677143593e-22,0.07137342066526517,9.973681575280234e-106,0.028775405896627273,9.973681575280234e-106,0.028775405896627273,0.00891539941514548,0.061952764616651224,2.1135727607196648e-05,0.02664282738808981,6.046928321617093e-14,0.06392981919605883,1.7186861645880738e-10,0.05631720987397326,0.06501975655889995,0.10768242379980814,0.050151990025762636,0.0428984653563036
2021-04-14,0.01,0.01,6.114128603470789e-161,0.05704952580815823,6.114128603470789e-161,0.05704952580815823,0.05569429528619317,0.06774267268556847,2.1906879572882736e-05,0.030881900826191373,9.918915247954084e-30,0.06448927101785505,8.142663677143593e-22,0.07137342066526517,9.973681575280234e-106,0.028775405896627273,9.973681575280234e-106,0.028775405896627273,0.00891539941514548,0.061952764616651224,2.1135727607196648e-05,0.02664282738808981,6.046928321617093e-14,0.06392981919605883,1.7186861645880738e-10,0.05631720987397326,0.06501975655889995,0.10768242379980814,0.050151990025762636,0.0428984653563036
2021-04-15,0.01,0.01,6.114128603470789e-161,0.05704952580815823,6.114128603470789e-161,0.05704952580815823,0.05569429528619317,0.06774267268556847,2.1906879572882736e-05,0.030881900826191373,9.918915247954084e-30,0.06448927101785505,8.142663677143593e-22,0.07137342066526517,9.973681575280234e-106,0.028775405896627273,9.973681575280234e-106,0.028775405896627273,0.00891539941514548,0.061952764616651224,2.1135727607196648e-05,0.02664282738808981,6.046928321617093e-14,0.06392981919605883,1.7186861645880738e-10,0.05631720987397326,0.06501975655889995,0.10768242379980814,0.050151990025762636,0.0428984653563036
2021-04-16,0.01,0.01,6.114128603470789e-161,0.05704952580815823,6.114128603470789e-161,0.05704952580815823,0.05569429528619317,0.06774267268556847,2.1906879572882736e-05,0.030881900826191373,9.918915247954084e-30,0.06448927101785505,8.142663677143593e-22,0.07137342066526517,9.973681575280234e-106,0.028775405896627273,9.973681575280234e-106,0.028775405896627273,0.00891539941514548,0.061952764616651224,2.1135727607196648e-05,0.02664282738808981,6.046928321617093e-14,0.06392981919605883,1.7186861645880738e-10,0.05631720987397326,0.06501975655889995,0.10768242379980814,0.050151990025762636,0.0428984653563036
2021-04-19,0.01,0.01,6.114128603470789e-161,0.05704952580815823,6.114128603470789e-161,0.05704952580815823,0.05569429528619317,0.06774267268556847,2.1906879572882736e-05,0.030881900826191373,9.918915247954084e-30,0.06448927101785505,8.142663677143593e-22,0.07137342066526517,9.973681575280234e-106,0.028775405896627273,9.973681575280234e-106,0.028775405896627273,0.00891539941514548,0.061952764616651224,2.1135727607196648e-05,0.02664282738808981,6.046928321617093e-14,0.06392981919605883,1.7186861645880738e-10,0.05631720987397326,0.06501975655889995,0.10768242379980814,0.050151990025762636,0.0428984653563036
2021-04-20,0.01,0.01,6.114128603470789e-161,0.05704952580815823,6.114128603470789e-161,0.05704952580815823,0.05569429528619317,0.06774267268556847,2.1906879572882736e-05,0.030881900826191373,9.918915247954084e-30,0.06448927101785505,8.142663677143593e-22,0.07137342066526517,9.973681575280234e-106,0.028775405896627273,9.973681575280234e-106,0.028775405896627273,0.00891539941514548,0.061952764616651224,2.1135727607196648e-05,0.02664282738808981,6.046928321617093e-14,0.06392981919605883,1.7186861645880738e-10,0.05631720987397326,0.06501975655889995,0.10768242379980814,0.050151990025762636,0.0428984653563036
2021-04-21,0.01,0.01,6.114128603470789e-161,0.05704952580815823,6.114128603470789e-161,0.05704952580815823,0.05569429528619317,0.06774267268556847,2.1906879572882736e-05,0.030881900826191373,9.918915247954084e-30,0.06448927101785505,8.142663677143593e-22,0.07137342066526517,9.973681575280234e-106,0.028775405896627273,9.973681575280234e-106,0.028775405896627273,0.00891539941514548,0.061952764616651224,2.1135727607196648e-05,0.02664282738808981,6.046928321617093e-14,0.06392981919605883,1.7186861645880738e-10,0.05631720987397326,0.06501975655889995,0.10768242379980814,0.050151990025762636,0.0428984653563036
2021-04-22,0.01,0.01,6.114128603470789e-161,0.05704952580815823,6.114128603470789e-161,0.05704952580815823,0.05569429528619317,0.06774267268556847,2.1906879572882736e-05,0.030881900826191373,9.918915247954084e-30,0.06448927101785505,8.142663677143593e-22,0.07137342066526517,9.973681575280234e-106,0.028775405896627273,9.973681575280234e-106,0.028775405896627273,0.00891539941514548,0.061952764616651224,2.1135727607196648e-05,0.02664282738808981,6.046928321617093e-14,0.06392981919605883,1.7186861645880738e-10,0.05631720987397326,0.06501975655889995,0.10768242379980814,0.050151990025762636,0.0428984653563036
2021-04-23,0.01,0.01,6.114128603470789e-161,0.05704952580815823,6.114128603470789e-161,0.05704952580815823,0.05569429528619317,0.06774267268556847,2.1906879572882736e-05,0.030881900826191373,9.918915247954084e-30,0.06448927101785505,8.142663677143593e-22,0.07137342066526517,9.973681575280234e-106,0.028775405896627273,9.973681575280234e-106,0.028775405896627273,0.00891539941514548,0.061952764616651224,2.1135727607196648e-05,0.02664282738808981,6.046928321617093e-14,0.06392981919605883,1.7186861645880738e-10,0.05631720987397326,0.06501975655889995,0.10768242379980814,0.050151990025762636,0.0428984653563036
2021-04-26,0.01,0.01,6.114128603470789e-161,0.05704952580815823,6.114128603470789e-161,0.05704952580815823,0.05569429528619317,0.06774267268556847,2.1906879572882736e-05,0.030881900826191373,9.918915247954084e-30,0.06448927101785505,8.142663677143593e-22,0.07137342066526517,9.973681575280234e-106,0.028775405896627273,9.973681575280234e-106,0.028775405896627273,0.00891539941514548,0.061952764616651224,2.1135727607196648e-05,0.02664282738808981,6.046928321617093e-14,0.06392981919605883,1.7186861645880738e-10,0.05631720987397326,0.06501975655889995,0.10768242379980814,0.050151990025762636,0.0428984653563036
2021-04-27,0.01,0.01,6.114128603470789e-161,0.05704952580815823,6.114128603470789e-161,0.05704952580815823,0.05569429528619317,0.06774267268556847,2.1906879572882736e-05,0.030881900826191373,9.918915247954084e-30,0.06448927101785505,8.142663677143593e-22,0.07137342066526517,9.973681575280234e-106,0.028775405896627273,9.973681575280234e-106,0.028775405896627273,0.00891539941514548,0.061952764616651224,2.1135727607196648e-05,0.02664282738808981,6.046928321617093e-14,0.06392981919605883,1.7186861645880738e-10,0.05631720987397326,0.06501975655889995,0.10768242379980814,0.050151990025762636,0.0428984653563036
2021-04-28,0.01,0.01,6.114128603470789e-161,0.05704952580815823,6.114128603470789e-161,0.05704952580815823,0.05569429528619317,0.06774267268556847,2.1906879572882736e-05,0.030881900826191373,9.918915247954084e-30,0.06448927101785505,8.142663677143593e-22,0.07137342066526517,9.973681575280234e-106,0.028775405896627273,9.973681575280234e-106,0.028775405896627273,0.00891539941514548,0.061952764616651224,2.1135727607196648e-05,0.02664282738808981,6.046928321617093e-14,0.06392981919605883,1.7186861645880738e-10,0.05631720987397326,0.06501975655889995,0.10768242379980814,0.050151990025762636,0.0428984653563036
2021-04-29,0.01,0.01,6.114128603470789e-161,0.05704952580815823,6.114128603470789e-161,0.05704952580815823,0.05569429528619317,0.06774267268556847,2.1906879572882736e-05,0.030881900826191373,9.918915247954084e-30,0.06448927101785505,8.142663677143593e-22,0.07137342066526517,9.973681575280234e-106,0.028775405896627273,9.973681575280234e-106,0.028775405896627273,0.00891539941514548,0.061952764616651224,2.1135727607196648e-05,0.02664282738808981,6.046928321617093e-14,0.06392981919605883,1.7186861645880738e-10,0.05631720987397326,0.06501975655889995,0.10768242379980814,0.050151990025762636,0.0428984653563036
2021-04-30,0.01,0.01,6.114128603470789e-161,0.05704952580815823,6.114128603470789e-161,0.05704952580815823,0.05569429528619317,0.06774267268556847,2.1906879572882736e-05,0.030881900826191373,9.918915247954084e-30,0.06448927101785505,8.142663677143593e-22,0.07137342066526517,9.973681575280234e-106,0.028775405896627273,9.973681575280234e-106,0.028775405896627273,0.00891539941514548,0.061952764616651224,2.1135727607196648e-05,0.02664282738808981,6.046928321617093e-14,0.06392981919605883,1.7186861645880738e-10,0.05631720987397326,0.06501975655889995,0.10768242379980814,0.050151990025762636,0.0428984653563036
2021-05-03,0.01,0.01,6.114128603470789e-161,0.05704952580815823,6.114128603470789e-161,0.05704952580815823,0.05569429528619317,0.06774267268556847,2.1906879572882736e-05,0.030881900826191373,9.918915247954084e-30,0.06448927101785505,8.142663677143593e-22,0.07137342066526517,9.973681575280234e-106,0.028775405896627273,9.973681575280234e-106,0.028775405896627273,0.00891539941514548,0.061952764616651224,2.1135727607196648e-05,0.02664282738808981,6.046928321617093e-14,0.06392981919605883,1.7186861645880738e-10,0.05631720987397326,0.06501975655889995,0.10768242379980814,0.050151990025762636,0.0428984653563036
2021-05-04,0.01,0.01,6.114128603470789e-161,0.05704952580815823,6.114128603470789e-161,0.05704952580815823,0.05569429528619317,0.06774267268556847,2.1906879572882736e-05,0.030881900826191373,9.918915247954084e-30,0.06448927101785505,8.142663677143593e-22,0.07137342066526517,9.973681575280234e-106,0.028775405896627273,9.973681575280234e-106,0.028775405896627273,0.00891539941514548,0.061952764616651224,2.1135727607196648e-05,0.02664282738808981,6.046928321617093e-14,0.06392981919605883,1.7186861645880738e-10,0.05631720987397326,0.06501975655889995,0.10768242379980814,0.050151990025762636,0.0428984653563036
2021-05-05,0.01,0.01,6.114128603470789e-161,0.05704952580815823,6.114128603470789e-161,0.05704952580815823,0.05569429528619317,0.06774267268556847,2.1906879572882736e-05,0.030881900826191373,9.918915247954084e-30,0.06448927101785505,8.142663677143593e-22,0.07137342066526517,9.973681575280234e-106,0.028775405896627273,9.973681575280234e-106,0.028775405896627273,0.00891539941514548,0.061952764616651224,2.1135727607196648e-05,0.02664282738808981,6.046928321617093e-14,0.06392981919605883,1.7186861645880738e-10,0.05631720987397326,0.06501975655889995,0.10768242379980814,0.050151990025762636,0.0428984653563036
2021-05-06,0.01,0.01,6.114128603470789e-161,0.05704952580815823,6.114128603470789e-161,0.05704952580815823,0.05569429528619317,0.06774267268556847,2.1906879572882736e-05,0.030881900826191373,9.918915247954084e-30,0.06448927101785505,8.142663677143593e-22,0.07137342066526517,9.973681575280234e-106,0.028775405896627273,9.973681575280234e-106,0.028775405896627273,0.00891539941514548,0.061952764616651224,2.1135727607196648e-05,0.02664282738808981,6.046928321617093e-14,0.06392981919605883,1.7186861645880738e-10,0.05631720987397326,0.06501975655889995,0.10768242379980814,0.050151990025762636,0.0428984653563036
2021-05-07,0.01,0.01,6.114128603470789e-161,0.05704952580815823,6.114128603470789e-161,0.05704952580815823,0.05569429528619317,0.06774267268556847,2.1906879572882736e-05,0.030881900826191373,9.918915247954084e-30,0.06448927101785505,8.142663677143593e-22,0.07137342066526517,9.973681575280234e-106,0.028775405896627273,9.973681575280234e-106,0.028775405896627273,0.00891539941514548,0.061952764616651224,2.1135727607196648e-05,0.02664282738808981,6.046928321617093e-14,0.06392981919605883,1.7186861645880738e-10,0.05631720987397326,0.06501975655889995,0.10768242379980814,0.050151990025762636,0.0428984653563036
2021-05-10,0.01,0.01,6.114128603470789e-161,0.05704952580815823,6.114128603470789e-161,0.05704952580815823,0.05569429528619317,0.06774267268556847,2.1906879572882736e-05,0.030881900826191373,9.918915247954084e-30,0.06448927101785505,8.142663677143593e-22,0.07137342066526517,9.973681575280234e-106,0.028775405896627273,9.973681575280234e-106,0.028775405896627273,0.00891539941514548,0.061952764616651224,2.1135727607196648e-05,0.02664282738808981,6.046928321617093e-14,0.06392981919605883,1.7186861645880738e-10,0.05631720987397326,0.06501975655889995,0.10768242379980814,0.050151990025762636,0.0428984653563036
2021-05-11,0.01,0.01,6.114128603470789e-161,0.05704952580815823,6.114128603470789e-161,0.05704952580815823,0.05569429528619317,0.06774267268556847,2.1906879572882736e-05,0.030881900826191373,9.918915247954084e-30,0.06448927101785505,8.142663677143593e-22,0.07137342066526517,9.973681575280234e-106,0.028775405896627273,9.973681575280234e-106,0.028775405896627273,0.00891539941514548,0.061952764616651224,2.1135727607196648e-05,0.02664282738808981,6.046928321617093e-14,0.06392981919605883,1.7186861645880738e-10,0.05631720987397326,0.06501975655889995,0.10768242379980814,0.050151990025762636,0.0428984653563036
2021-05-12,0.01,0.01,6.114128603470789e-161,0.05704952580815823,6.114128603470789e-161,0.05704952580815823,0.05569429528619317,0.06774267268556847,2.1906879572882736e-05,0.030881900826191373,9.918915247954084e-30,0.06448927101785505,8.142663677143593e-22,0.07137342066526517,9.973681575280234e-106,0.028775405896627273,9.973681575280234e-106,0.028775405896627273,0.00891539941514548,0.061952764616651224,2.1135727607196648e-05,0.02664282738808981,6.046928321617093e-14,0.06392981919605883,1.7186861645880738e-10,0.05631720987397326,0.06501975655889995,0.10768242379980814,0.050151990025762636,0.0428984653563036
2021-05-13,0.01,0.01,6.114128603470789e-161,0.05704952580815823,6.114128603470789e-161,0.05704952580815823,0.05569429528619317,0.06774267268556847,2.1906879572882736e-05,0.030881900826191373,9.918915247954084e-30,0.06448927101785505,8.142663677143593e-22,0.07137342066526517,9.973681575280234e-106,0.028775405896627273,9.973681575280234e-106,0.028775405896627273,0.00891539941514548,0.061952764616651224,2.1135727607196648e-05,0.02664282738808981,6.046928321617093e-14,0.06392981919605883,1.7186861645880738e-10,0.05631720987397326,0.06501975655889995,0.10768242379980814,0.050151990025762636,0.0428984653563036
2021-05-14,0.01,0.01,6.114128603470789e-161,0.05704952580815823,6.114128603470789e-161,0.05704952580815823,0.05569429528619317,0.06774267268556847,2.1906879572882736e-05,0.030881900826191373,9.918915247954084e-30,0.06448927101785505,8.142663677143593e-22,0.07137342066526517,9.973681575280234e-106,0.028775405896627273,9.973681575280234e-106,0.028775405896627273,0.00891539941514548,0.061952764616651224,2.1135727607196648e-05,0.02664282738808981,6.046928321617093e-14,0.06392981919605883,1.7186861645880738e-10,0.05631720987397326,0.06501975655889995,0.10768242379980814,0.050151990025762636,0.0428984653563036
2021-05-17,0.01,0.01,6.114128603470789e-161,0.05704952580815823,6.114128603470789e-161,0.05704952580815823,0.05569429528619317,0.06774267268556847,2.1906879572882736e-05,0.030881900826191373,9.918915247954084e-30,0.06448927101785505,8.142663677143593e-22,0.07137342066526517,9.973681575280234e-106,0.028775405896627273,9.973681575280234e-106,0.028775405896627273,0.00891539941514548,0.061952764616651224,2.1135727607196648e-05,0.02664282738808981,6.046928321617093e-14,0.06392981919605883,1.7186861645880738e-10,0.05631720987397326,0.06501975655889995,0.10768242379980814,0.050151990025762636,0.0428984653563036
2021-05-18,0.01,0.01,6.114128603470789e-161,0.05704952580815823,6.114128603470789e-161,0.05704952580815823,0.05569429528619317,0.06774267268556847,2.1906879572882736e-05,0.030881900826191373,9.918915247954084e-30,0.06448927101785505,8.142663677143593e-22,0.07137342066526517,9.973681575280234e-106,0.028775405896627273,9.973681575280234e-106,0.028775405896627273,0.00891539941514548,0.061952764616651224,2.1135727607196648e-05,0.02664282738808981,6.046928321617093e-14,0.06392981919605883,1.7186861645880738e-10,0.05631720987397326,0.06501975655889995,0.10768242379980814,0.050151990025762636,0.0428984653563036
2021-05-19,0.01,0.01,6.114128603470789e-161,0.05704952580815823,6.114128603470789e-161,0.05704952580815823,0.05569429528619317,0.06774267268556847,2.1906879572882736e-05,0.030881900826191373,9.918915247954084e-30,0.06448927101785505,8.142663677143593e-22,0.07137342066526517,9.973681575280234e-106,0.028775405896627273,9.973681575280234e-106,0.028775405896627273,0.00891539941514548,0.061952764616651224,2.1135727607196648e-05,0.02664282738808981,6.046928321617093e-14,0.06392981919605883,1.7186861645880738e-10,0.05631720987397326,0.06501975655889995,0.10768242379980814,0.050151990025762636,0.0428984653563036
2021-05-20,0.01,0.01,6.114128603470789e-161,0.05704952580815823,6.114128603470789e-161,0.05704952580815823,0.05569429528619317,0.06774267268556847,2.1906879572882736e-05,0.030881900826191373,9.918915247954084e-30,0.06448927101785505,8.142663677143593e-22,0.07137342066526517,9.973681575280234e-106,0.028775405896627273,9.973681575280234e-106,0.028775405896627273,0.00891539941514548,0.061952764616651224,2.1135727607196648e-05,0.02664282738808981,6.046928321617093e-14,0.06392981919605883,1.7186861645880738e-10,0.05631720987397326,0.06501975655889995,0.10768242379980814,0.050151990025762636,0.0428984653563036
2021-05-21,0.01,0.01,6.114128603470789e-161,0.05704952580815823,6.114128603470789e-161,0.05704952580815823,0.05569429528619317,0.06774267268556847,2.1906879572882736e-05,0.030881900826191373,9.918915247954084e-30,0.06448927101785505,8.142663677143593e-22,0.07137342066526517,9.973681575280234e-106,0.028775405896627273,9.973681575280234e-106,0.028775405896627273,0.00891539941514548,0.061952764616651224,2.1135727607196648e-05,0.02664282738808981,6.046928321617093e-14,0.06392981919605883,1.7186861645880738e-10,0.05631720987397326,0.06501975655889995,0.10768242379980814,0.050151990025762636,0.0428984653563036
2021-05-24,0.01,0.01,6.114128603470789e-161,0.05704952580815823,6.114128603470789e-161,0.05704952580815823,0.05569429528619317,0.06774267268556847,2.1906879572882736e-05,0.030881900826191373,9.918915247954084e-30,0.06448927101785505,8.142663677143593e-22,0.07137342066526517,9.973681575280234e-106,0.028775405896627273,9.973681575280234e-106,0.028775405896627273,0.00891539941514548,0.061952764616651224,2.1135727607196648e-05,0.02664282738808981,6.046928321617093e-14,0.06392981919605883,1.7186861645880738e-10,0.05631720987397326,0.06501975655889995,0.10768242379980814,0.050151990025762636,0.0428984653563036
2021-05-25,0.01,0.01,6.114128603470789e-161,0.05704952580815823,6.114128603470789e-161,0.05704952580815823,0.05569429528619317,0.06774267268556847,2.1906879572882736e-05,0.030881900826191373,9.918915247954084e-30,0.06448927101785505,8.142663677143593e-22,0.07137342066526517,9.973681575280234e-106,0.028775405896627273,9.973681575280234e-106,0.028775405896627273,0.00891539941514548,0.061952764616651224,2.1135727607196648e-05,0.02664282738808981,6.046928321617093e-14,0.06392981919605883,1.7186861645880738e-10,0.05631720987397326,0.06501975655889995,0.10768242379980814,0.050151990025762636,0.0428984653563036
2021-05-26,0.01,0.01,6.114128603470789e-161,0.05704952580815823,6.114128603470789e-161,0.05704952580815823,0.05569429528619317,0.06774267268556847,2.1906879572882736e-05,0.030881900826191373,9.918915247954084e-30,0.06448927101785505,8.142663677143593e-22,0.07137342066526517,9.973681575280234e-106,0.028775405896627273,9.973681575280234e-106,0.028775405896627273,0.00891539941514548,0.061952764616651224,2.1135727607196648e-05,0.02664282738808981,6.046928321617093e-14,0.06392981919605883,1.7186861645880738e-10,0.05631720987397326,0.06501975655889995,0.10768242379980814,0.050151990025762636,0.0428984653563036
2021-05-27,0.01,0.01,6.114128603470789e-161,0.05704952580815823,6.114128603470789e-161,0.05704952580815823,0.05569429528619317,0.06774267268556847,2.1906879572882736e-05,0.030881900826191373,9.918915247954084e-30,0.06448927101785505,8.142663677143593e-22,0.07137342066526517,9.973681575280234e-106,0.028775405896627273,9.973681575280234e-106,0.028775405896627273,0.00891539941514548,0.061952764616651224,2.1135727607196648e-05,0.02664282738808981,6.046928321617093e-14,0.06392981919605883,1.7186861645880738e-10,0.05631720987397326,0.06501975655889995,0.10768242379980814,0.050151990025762636,0.0428984653563036
2021-05-28,0.01,0.01,6.114128603470789e-161,0.05704952580815823,6.114128603470789e-161,0.05704952580815823,0.05569429528619317,0.06774267268556847,2.1906879572882736e-05,0.030881900826191373,9.918915247954084e-30,0.06448927101785505,8.142663677143593e-22,0.07137342066526517,9.973681575280234e-106,0.028775405896627273,9.973681575280234e-106,0.028775405896627273,0.00891539941514548,0.061952764616651224,2.1135727607196648e-05,0.02664282738808981,6.046928321617093e-14,0.06392981919605883,1.7186861645880738e-10,0.05631720987397326,0.06501975655889995,0.10768242379980814,0.050151990025762636,0.0428984653563036
2021-06-01,0.01,0.01,6.114128603470789e-161,0.05704952580815823,6.114128603470789e-161,0.05704952580815823,0.05569429528619317,0.06774267268556847,2.1906879572882736e-05,0.030881900826191373,9.918915247954084e-30,0.06448927101785505,8.142663677143593e-22,0.07137342066526517,9.973681575280234e-106,0.028775405896627273,9.973681575280234e-106,0.028775405896627273,0.00891539941514548,0.061952764616651224,2.1135727607196648e-05,0.02664282738808981,6.046928321617093e-14,0.06392981919605883,1.7186861645880738e-10,0.05631720987397326,0.06501975655889995,0.10768242379980814,0.050151990025762636,0.0428984653563036
2021-06-02,0.01,0.01,6.114128603470789e-161,0.05704952580815823,6.114128603470789e-161,0.05704952580815823,0.05569429528619317,0.06774267268556847,2.1906879572882736e-05,0.030881900826191373,9.918915247954084e-30,0.06448927101785505,8.142663677143593e-22,0.07137342066526517,9.973681575280234e-106,0.028775405896627273,9.973681575280234e-106,0.028775405896627273,0.00891539941514548,0.061952764616651224,2.1135727607196648e-05,0.02664282738808981,6.046928321617093e-14,0.06392981919605883,1.7186861645880738e-10,0.05631720987397326,0.06501975655889995,0.10768242379980814,0.050151990025762636,0.0428984653563036
2021-06-03,0.01,0.01,6.114128603470789e-161,0.05704952580815823,6.114128603470789e-161,0.05704952580815823,0.05569429528619317,0.06774267268556847,2.1906879572882736e-05,0.030881900826191373,9.918915247954084e-30,0.06448927101785505,8.142663677143593e-22,0.07137342066526517,9.973681575280234e-106,0.028775405896627273,9.973681575280234e-106,0.028775405896627273,0.00891539941514548,0.061952764616651224,2.1135727607196648e-05,0.02664282738808981,6.046928321617093e-14,0.06392981919605883,1.7186861645880738e-10,0.05631720987397326,0.06501975655889995,0.10768242379980814,0.050151990025762636,0.0428984653563036
2021-06-04,0.01,0.01,6.114128603470789e-161,0.05704952580815823,6.114128603470789e-161,0.05704952580815823,0.05569429528619317,0.06774267268556847,2.1906879572882736e-05,0.030881900826191373,9.918915247954084e-30,0.06448927101785505,8.142663677143593e-22,0.07137342066526517,9.973681575280234e-106,0.028775405896627273,9.973681575280234e-106,0.028775405896627273,0.00891539941514548,0.061952764616651224,2.1135727607196648e-05,0.02664282738808981,6.046928321617093e-14,0.06392981919605883,1.7186861645880738e-10,0.05631720987397326,0.06501975655889995,0.10768242379980814,0.050151990025762636,0.0428984653563036
2021-06-07,0.01,0.01,6.114128603470789e-161,0.05704952580815823,6.114128603470789e-161,0.05704952580815823,0.05569429528619317,0.06774267268556847,2.1906879572882736e-05,0.030881900826191373,9.918915247954084e-30,0.06448927101785505,8.142663677143593e-22,0.07137342066526517,9.973681575280234e-106,0.028775405896627273,9.973681575280234e-106,0.028775405896627273,0.00891539941514548,0.061952764616651224,2.1135727607196648e-05,0.02664282738808981,6.046928321617093e-14,0.06392981919605883,1.7186861645880738e-10,0.05631720987397326,0.06501975655889995,0.10768242379980814,0.050151990025762636,0.0428984653563036
2021-06-08,0.01,0.01,6.114128603470789e-161,0.05704952580815823,6.114128603470789e-161,0.05704952580815823,0.05569429528619317,0.06774267268556847,2.1906879572882736e-05,0.030881900826191373,9.918915247954084e-30,0.06448927101785505,8.142663677143593e-22,0.07137342066526517,9.973681575280234e-106,0.028775405896627273,9.973681575280234e-106,0.028775405896627273,0.00891539941514548,0.061952764616651224,2.1135727607196648e-05,0.02664282738808981,6.046928321617093e-14,0.06392981919605883,1.7186861645880738e-10,0.05631720987397326,0.06501975655889995,0.10768242379980814,0.050151990025762636,0.0428984653563036
2021-06-09,0.01,0.01,6.114128603470789e-161,0.05704952580815823,6.114128603470789e-161,0.05704952580815823,0.05569429528619317,0.06774267268556847,2.1906879572882736e-05,0.030881900826191373,9.918915247954084e-30,0.06448927101785505,8.142663677143593e-22,0.07137342066526517,9.973681575280234e-106,0.028775405896627273,9.973681575280234e-106,0.028775405896627273,0.00891539941514548,0.061952764616651224,2.1135727607196648e-05,0.02664282738808981,6.046928321617093e-14,0.06392981919605883,1.7186861645880738e-10,0.05631720987397326,0.06501975655889995,0.10768242379980814,0.050151990025762636,0.0428984653563036
2021-06-10,0.01,0.01,6.114128603470789e-161,0.05704952580815823,6.114128603470789e-161,0.05704952580815823,0.05569429528619317,0.06774267268556847,2.1906879572882736e-05,0.030881900826191373,9.918915247954084e-30,0.06448927101785505,8.142663677143593e-22,0.07137342066526517,9.973681575280234e-106,0.028775405896627273,9.973681575280234e-106,0.028775405896627273,0.00891539941514548,0.061952764616651224,2.1135727607196648e-05,0.02664282738808981,6.046928321617093e-14,0.06392981919605883,1.7186861645880738e-10,0.05631720987397326,0.06501975655889995,0.10768242379980814,0.050151990025762636,0.0428984653563036
2021-06-11,0.01,0.01,6.114128603470789e-161,0.05704952580815823,6.114128603470789e-161,0.05704952580815823,0.05569429528619317,0.06774267268556847,2.1906879572882736e-05,0.030881900826191373,9.918915247954084e-30,0.06448927101785505,8.142663677143593e-22,0.07137342066526517,9.973681575280234e-106,0.028775405896627273,9.973681575280234e-106,0.028775405896627273,0.00891539941514548,0.061952764616651224,2.1135727607196648e-05,0.02664282738808981,6.046928321617093e-14,0.06392981919605883,1.7186861645880738e-10,0.05631720987397326,0.06501975655889995,0.10768242379980814,0.050151990025762636,0.0428984653563036
2021-06-14,0.01,0.01,6.114128603470789e-161,0.05704952580815823,6.114128603470789e-161,0.05704952580815823,0.05569429528619317,0.06774267268556847,2.1906879572882736e-05,0.030881900826191373,9.918915247954084e-30,0.06448927101785505,8.142663677143593e-22,0.07137342066526517,9.973681575280234e-106,0.028775405896627273,9.973681575280234e-106,0.028775405896627273,0.00891539941514548,0.061952764616651224,2.1135727607196648e-05,0.02664282738808981,6.046928321617093e-14,0.06392981919605883,1.7186861645880738e-10,0.05631720987397326,0.06501975655889995,0.10768242379980814,0.050151990025762636,0.0428984653563036
2021-06-15,0.01,0.01,6.114128603470789e-161,0.05704952580815823,6.114128603470789e-161,0.05704952580815823,0.05569429528619317,0.06774267268556847,2.1906879572882736e-05,0.030881900826191373,9.918915247954084e-30,0.06448927101785505,8.142663677143593e-22,0.07137342066526517,9.973681575280234e-106,0.028775405896627273,9.973681575280234e-106,0.028775405896627273,0.00891539941514548,0.061952764616651224,2.1135727607196648e-05,0.02664282738808981,6.046928321617093e-14,0.06392981919605883,1.7186861645880738e-10,0.05631720987397326,0.06501975655889995,0.10768242379980814,0.050151990025762636,0.0428984653563036
2021-06-16,0.01,0.01,6.114128603470789e-161,0.05704952580815823,6.114128603470789e-161,0.05704952580815823,0.05569429528619317,0.06774267268556847,2.1906879572882736e-05,0.030881900826191373,9.918915247954084e-30,0.06448927101785505,8.142663677143593e-22,0.07137342066526517,9.973681575280234e-106,0.028775405896627273,9.973681575280234e-106,0.028775405896627273,0.00891539941514548,0.061952764616651224,2.1135727607196648e-05,0.02664282738808981,6.046928321617093e-14,0.06392981919605883,1.7186861645880738e-10,0.05631720987397326,0.06501975655889995,0.10768242379980814,0.050151990025762636,0.0428984653563036
2021-06-17,0.01,0.01,6.114128603470789e-161,0.05704952580815823,6.114128603470789e-161,0.05704952580815823,0.05569429528619317,0.06774267268556847,2.1906879572882736e-05,0.030881900826191373,9.918915247954084e-30,0.06448927101785505,8.142663677143593e-22,0.07137342066526517,9.973681575280234e-106,0.028775405896627273,9.973681575280234e-106,0.028775405896627273,0.00891539941514548,0.061952764616651224,2.1135727607196648e-05,0.02664282738808981,6.046928321617093e-14,0.06392981919605883,1.7186861645880738e-10,0.05631720987397326,0.06501975655889995,0.10768242379980814,0.050151990025762636,0.0428984653563036
2021-06-18,0.01,0.01,6.114128603470789e-161,0.05704952580815823,6.114128603470789e-161,0.05704952580815823,0.05569429528619317,0.06774267268556847,2.1906879572882736e-05,0.030881900826191373,9.918915247954084e-30,0.06448927101785505,8.142663677143593e-22,0.07137342066526517,9.973681575280234e-106,0.028775405896627273,9.973681575280234e-106,0.028775405896627273,0.00891539941514548,0.061952764616651224,2.1135727607196648e-05,0.02664282738808981,6.046928321617093e-14,0.06392981919605883,1.7186861645880738e-10,0.05631720987397326,0.06501975655889995,0.10768242379980814,0.050151990025762636,0.0428984653563036
2021-06-21,0.01,0.01,6.114128603470789e-161,0.05704952580815823,6.114128603470789e-161,0.05704952580815823,0.05569429528619317,0.06774267268556847,2.1906879572882736e-05,0.030881900826191373,9.918915247954084e-30,0.06448927101785505,8.142663677143593e-22,0.07137342066526517,9.973681575280234e-106,0.028775405896627273,9.973681575280234e-106,0.028775405896627273,0.00891539941514548,0.061952764616651224,2.1135727607196648e-05,0.02664282738808981,6.046928321617093e-14,0.06392981919605883,1.7186861645880738e-10,0.05631720987397326,0.06501975655889995,0.10768242379980814,0.050151990025762636,0.0428984653563036
2021-06-22,0.01,0.01,6.114128603470789e-161,0.05704952580815823,6.114128603470789e-161,0.05704952580815823,0.05569429528619317,0.06774267268556847,2.1906879572882736e-05,0.030881900826191373,9.918915247954084e-30,0.06448927101785505,8.142663677143593e-22,0.07137342066526517,9.973681575280234e-106,0.028775405896627273,9.973681575280234e-106,0.028775405896627273,0.00891539941514548,0.061952764616651224,2.1135727607196648e-05,0.02664282738808981,6.046928321617093e-14,0.06392981919605883,1.7186861645880738e-10,0.05631720987397326,0.06501975655889995,0.10768242379980814,0.050151990025762636,0.0428984653563036
2021-06-23,0.01,0.01,6.114128603470789e-161,0.05704952580815823,6.114128603470789e-161,0.05704952580815823,0.05569429528619317,0.06774267268556847,2.1906879572882736e-05,0.030881900826191373,9.918915247954084e-30,0.06448927101785505,8.142663677143593e-22,0.07137342066526517,9.973681575280234e-106,0.028775405896627273,9.973681575280234e-106,0.028775405896627273,0.00891539941514548,0.061952764616651224,2.1135727607196648e-05,0.02664282738808981,6.046928321617093e-14,0.06392981919605883,1.7186861645880738e-10,0.05631720987397326,0.06501975655889995,0.10768242379980814,0.050151990025762636,0.0428984653563036
2021-06-24,0.01,0.01,6.114128603470789e-161,0.05704952580815823,6.114128603470789e-161,0.05704952580815823,0.05569429528619317,0.06774267268556847,2.1906879572882736e-05,0.030881900826191373,9.918915247954084e-30,0.06448927101785505,8.142663677143593e-22,0.07137342066526517,9.973681575280234e-106,0.028775405896627273,9.973681575280234e-106,0.028775405896627273,0.00891539941514548,0.061952764616651224,2.1135727607196648e-05,0.02664282738808981,6.046928321617093e-14,0.06392981919605883,1.7186861645880738e-10,0.05631720987397326,0.06501975655889995,0.10768242379980814,0.050151990025762636,0.0428984653563036
2021-06-25,0.01,0.01,6.114128603470789e-161,0.05704952580815823,6.114128603470789e-161,0.05704952580815823,0.05569429528619317,0.06774267268556847,2.1906879572882736e-05,0.030881900826191373,9.918915247954084e-30,0.06448927101785505,8.142663677143593e-22,0.07137342066526517,9.973681575280234e-106,0.028775405896627273,9.973681575280234e-106,0.028775405896627273,0.00891539941514548,0.061952764616651224,2.1135727607196648e-05,0.02664282738808981,6.046928321617093e-14,0.06392981919605883,1.7186861645880738e-10,0.05631720987397326,0.06501975655889995,0.10768242379980814,0.050151990025762636,0.0428984653563036
2021-06-28,0.01,0.01,6.114128603470789e-161,0.05704952580815823,6.114128603470789e-161,0.05704952580815823,0.05569429528619317,0.06774267268556847,2.1906879572882736e-05,0.030881900826191373,9.918915247954084e-30,0.06448927101785505,8.142663677143593e-22,0.07137342066526517,9.973681575280234e-106,0.028775405896627273,9.973681575280234e-106,0.028775405896627273,0.00891539941514548,0.061952764616651224,2.1135727607196648e-05,0.02664282738808981,6.046928321617093e-14,0.06392981919605883,1.7186861645880738e-10,0.05631720987397326,0.06501975655889995,0.10768242379980814,0.050151990025762636,0.0428984653563036
2021-06-29,0.01,0.01,6.114128603470789e-161,0.05704952580815823,6.114128603470789e-161,0.05704952580815823,0.05569429528619317,0.06774267268556847,2.1906879572882736e-05,0.030881900826191373,9.918915247954084e-30,0.06448927101785505,8.142663677143593e-22,0.07137342066526517,9.973681575280234e-106,0.028775405896627273,9.973681575280234e-106,0.028775405896627273,0.00891539941514548,0.061952764616651224,2.1135727607196648e-05,0.02664282738808981,6.046928321617093e-14,0.06392981919605883,1.7186861645880738e-10,0.05631720987397326,0.06501975655889995,0.10768242379980814,0.050151990025762636,0.0428984653563036
2021-06-30,0.01,0.01,6.114128603470789e-161,0.05704952580815823,6.114128603470789e-161,0.05704952580815823,0.05569429528619317,0.06774267268556847,2.1906879572882736e-05,0.030881900826191373,9.918915247954084e-30,0.06448927101785505,8.142663677143593e-22,0.07137342066526517,9.973681575280234e-106,0.028775405896627273,9.973681575280234e-106,0.028775405896627273,0.00891539941514548,0.061952764616651224,2.1135727607196648e-05,0.02664282738808981,6.046928321617093e-14,0.06392981919605883,1.7186861645880738e-10,0.05631720987397326,0.06501975655889995,0.10768242379980814,0.050151990025762636,0.0428984653563036
2021-07-01,0.01,0.01,6.114128603470789e-161,0.05704952580815823,6.114128603470789e-161,0.05704952580815823,0.05569429528619317,0.06774267268556847,2.1906879572882736e-05,0.030881900826191373,9.918915247954084e-30,0.06448927101785505,8.142663677143593e-22,0.07137342066526517,9.973681575280234e-106,0.028775405896627273,9.973681575280234e-106,0.028775405896627273,0.00891539941514548,0.061952764616651224,2.1135727607196648e-05,0.02664282738808981,6.046928321617093e-14,0.06392981919605883,1.7186861645880738e-10,0.05631720987397326,0.06501975655889995,0.10768242379980814,0.050151990025762636,0.0428984653563036
2021-07-02,0.01,0.01,6.114128603470789e-161,0.05704952580815823,6.114128603470789e-161,0.05704952580815823,0.05569429528619317,0.06774267268556847,2.1906879572882736e-05,0.030881900826191373,9.918915247954084e-30,0.06448927101785505,8.142663677143593e-22,0.07137342066526517,9.973681575280234e-106,0.028775405896627273,9.973681575280234e-106,0.028775405896627273,0.00891539941514548,0.061952764616651224,2.1135727607196648e-05,0.02664282738808981,6.046928321617093e-14,0.06392981919605883,1.7186861645880738e-10,0.05631720987397326,0.06501975655889995,0.10768242379980814,0.050151990025762636,0.0428984653563036
2021-07-06,0.01,0.01,6.114128603470789e-161,0.05704952580815823,6.114128603470789e-161,0.05704952580815823,0.05569429528619317,0.06774267268556847,2.1906879572882736e-05,0.030881900826191373,9.918915247954084e-30,0.06448927101785505,8.142663677143593e-22,0.07137342066526517,9.973681575280234e-106,0.028775405896627273,9.973681575280234e-106,0.028775405896627273,0.00891539941514548,0.061952764616651224,2.1135727607196648e-05,0.02664282738808981,6.046928321617093e-14,0.06392981919605883,1.7186861645880738e-10,0.05631720987397326,0.06501975655889995,0.10768242379980814,0.050151990025762636,0.0428984653563036
2021-07-07,0.01,0.01,6.114128603470789e-161,0.05704952580815823,6.114128603470789e-161,0.05704952580815823,0.05569429528619317,0.06774267268556847,2.1906879572882736e-05,0.030881900826191373,9.918915247954084e-30,0.06448927101785505,8.142663677143593e-22,0.07137342066526517,9.973681575280234e-106,0.028775405896627273,9.973681575280234e-106,0.028775405896627273,0.00891539941514548,0.061952764616651224,2.1135727607196648e-05,0.02664282738808981,6.046928321617093e-14,0.06392981919605883,1.7186861645880738e-10,0.05631720987397326,0.06501975655889995,0.10768242379980814,0.050151990025762636,0.0428984653563036
2021-07-08,0.01,0.01,6.114128603470789e-161,0.05704952580815823,6.114128603470789e-161,0.05704952580815823,0.05569429528619317,0.06774267268556847,2.1906879572882736e-05,0.030881900826191373,9.918915247954084e-30,0.06448927101785505,8.142663677143593e-22,0.07137342066526517,9.973681575280234e-106,0.028775405896627273,9.973681575280234e-106,0.028775405896627273,0.00891539941514548,0.061952764616651224,2.1135727607196648e-05,0.02664282738808981,6.046928321617093e-14,0.06392981919605883,1.7186861645880738e-10,0.05631720987397326,0.06501975655889995,0.10768242379980814,0.050151990025762636,0.0428984653563036
2021-07-09,0.01,0.01,6.114128603470789e-161,0.05704952580815823,6.114128603470789e-161,0.05704952580815823,0.05569429528619317,0.06774267268556847,2.1906879572882736e-05,0.030881900826191373,9.918915247954084e-30,0.06448927101785505,8.142663677143593e-22,0.07137342066526517,9.973681575280234e-106,0.028775405896627273,9.973681575280234e-106,0.028775405896627273,0.00891539941514548,0.061952764616651224,2.1135727607196648e-05,0.02664282738808981,6.046928321617093e-14,0.06392981919605883,1.7186861645880738e-10,0.05631720987397326,0.06501975655889995,0.10768242379980814,0.050151990025762636,0.0428984653563036
2021-07-12,0.01,0.01,6.114128603470789e-161,0.05704952580815823,6.114128603470789e-161,0.05704952580815823,0.05569429528619317,0.06774267268556847,2.1906879572882736e-05,0.030881900826191373,9.918915247954084e-30,0.06448927101785505,8.142663677143593e-22,0.07137342066526517,9.973681575280234e-106,0.028775405896627273,9.973681575280234e-106,0.028775405896627273,0.00891539941514548,0.061952764616651224,2.1135727607196648e-05,0.02664282738808981,6.046928321617093e-14,0.06392981919605883,1.7186861645880738e-10,0.05631720987397326,0.06501975655889995,0.10768242379980814,0.050151990025762636,0.0428984653563036
2021-07-13,0.01,0.01,6.114128603470789e-161,0.05704952580815823,6.114128603470789e-161,0.05704952580815823,0.05569429528619317,0.06774267268556847,2.1906879572882736e-05,0.030881900826191373,9.918915247954084e-30,0.06448927101785505,8.142663677143593e-22,0.07137342066526517,9.973681575280234e-106,0.028775405896627273,9.973681575280234e-106,0.028775405896627273,0.00891539941514548,0.061952764616651224,2.1135727607196648e-05,0.02664282738808981,6.046928321617093e-14,0.06392981919605883,1.7186861645880738e-10,0.05631720987397326,0.06501975655889995,0.10768242379980814,0.050151990025762636,0.0428984653563036
2021-07-14,0.01,0.01,6.114128603470789e-161,0.05704952580815823,6.114128603470789e-161,0.05704952580815823,0.05569429528619317,0.06774267268556847,2.1906879572882736e-05,0.030881900826191373,9.918915247954084e-30,0.06448927101785505,8.142663677143593e-22,0.07137342066526517,9.973681575280234e-106,0.028775405896627273,9.973681575280234e-106,0.028775405896627273,0.00891539941514548,0.061952764616651224,2.1135727607196648e-05,0.02664282738808981,6.046928321617093e-14,0.06392981919605883,1.7186861645880738e-10,0.05631720987397326,0.06501975655889995,0.10768242379980814,0.050151990025762636,0.0428984653563036
2021-07-15,0.01,0.01,6.114128603470789e-161,0.05704952580815823,6.114128603470789e-161,0.05704952580815823,0.05569429528619317,0.06774267268556847,2.1906879572882736e-05,0.030881900826191373,9.918915247954084e-30,0.06448927101785505,8.142663677143593e-22,0.07137342066526517,9.973681575280234e-106,0.028775405896627273,9.973681575280234e-106,0.028775405896627273,0.00891539941514548,0.061952764616651224,2.1135727607196648e-05,0.02664282738808981,6.046928321617093e-14,0.06392981919605883,1.7186861645880738e-10,0.05631720987397326,0.06501975655889995,0.10768242379980814,0.050151990025762636,0.0428984653563036
2021-07-16,0.01,0.01,6.114128603470789e-161,0.05704952580815823,6.114128603470789e-161,0.05704952580815823,0.05569429528619317,0.06774267268556847,2.1906879572882736e-05,0.030881900826191373,9.918915247954084e-30,0.06448927101785505,8.142663677143593e-22,0.07137342066526517,9.973681575280234e-106,0.028775405896627273,9.973681575280234e-106,0.028775405896627273,0.00891539941514548,0.061952764616651224,2.1135727607196648e-05,0.02664282738808981,6.046928321617093e-14,0.06392981919605883,1.7186861645880738e-10,0.05631720987397326,0.06501975655889995,0.10768242379980814,0.050151990025762636,0.0428984653563036
2021-07-19,0.01,0.01,6.114128603470789e-161,0.05704952580815823,6.114128603470789e-161,0.05704952580815823,0.05569429528619317,0.06774267268556847,2.1906879572882736e-05,0.030881900826191373,9.918915247954084e-30,0.06448927101785505,8.142663677143593e-22,0.07137342066526517,9.973681575280234e-106,0.028775405896627273,9.973681575280234e-106,0.028775405896627273,0.00891539941514548,0.061952764616651224,2.1135727607196648e-05,0.02664282738808981,6.046928321617093e-14,0.06392981919605883,1.7186861645880738e-10,0.05631720987397326,0.06501975655889995,0.10768242379980814,0.050151990025762636,0.0428984653563036
2021-07-20,0.01,0.01,6.114128603470789e-161,0.05704952580815823,6.114128603470789e-161,0.05704952580815823,0.05569429528619317,0.06774267268556847,2.1906879572882736e-05,0.030881900826191373,9.918915247954084e-30,0.06448927101785505,8.142663677143593e-22,0.07137342066526517,9.973681575280234e-106,0.028775405896627273,9.973681575280234e-106,0.028775405896627273,0.00891539941514548,0.061952764616651224,2.1135727607196648e-05,0.02664282738808981,6.046928321617093e-14,0.06392981919605883,1.7186861645880738e-10,0.05631720987397326,0.06501975655889995,0.10768242379980814,0.050151990025762636,0.0428984653563036
2021-07-21,0.01,0.01,6.114128603470789e-161,0.05704952580815823,6.114128603470789e-161,0.05704952580815823,0.05569429528619317,0.06774267268556847,2.1906879572882736e-05,0.030881900826191373,9.918915247954084e-30,0.06448927101785505,8.142663677143593e-22,0.07137342066526517,9.973681575280234e-106,0.028775405896627273,9.973681575280234e-106,0.028775405896627273,0.00891539941514548,0.061952764616651224,2.1135727607196648e-05,0.02664282738808981,6.046928321617093e-14,0.06392981919605883,1.7186861645880738e-10,0.05631720987397326,0.06501975655889995,0.10768242379980814,0.050151990025762636,0.0428984653563036
2021-07-22,0.01,0.01,6.114128603470789e-161,0.05704952580815823,6.114128603470789e-161,0.05704952580815823,0.05569429528619317,0.06774267268556847,2.1906879572882736e-05,0.030881900826191373,9.918915247954084e-30,0.06448927101785505,8.142663677143593e-22,0.07137342066526517,9.973681575280234e-106,0.028775405896627273,9.973681575280234e-106,0.028775405896627273,0.00891539941514548,0.061952764616651224,2.1135727607196648e-05,0.02664282738808981,6.046928321617093e-14,0.06392981919605883,1.7186861645880738e-10,0.05631720987397326,0.06501975655889995,0.10768242379980814,0.050151990025762636,0.0428984653563036
2021-07-23,0.01,0.01,6.114128603470789e-161,0.05704952580815823,6.114128603470789e-161,0.05704952580815823,0.05569429528619317,0.06774267268556847,2.1906879572882736e-05,0.030881900826191373,9.918915247954084e-30,0.06448927101785505,8.142663677143593e-22,0.07137342066526517,9.973681575280234e-106,0.028775405896627273,9.973681575280234e-106,0.028775405896627273,0.00891539941514548,0.061952764616651224,2.1135727607196648e-05,0.02664282738808981,6.046928321617093e-14,0.06392981919605883,1.7186861645880738e-10,0.05631720987397326,0.06501975655889995,0.10768242379980814,0.050151990025762636,0.0428984653563036
2021-07-26,0.01,0.01,6.114128603470789e-161,0.05704952580815823,6.114128603470789e-161,0.05704952580815823,0.05569429528619317,0.06774267268556847,2.1906879572882736e-05,0.030881900826191373,9.918915247954084e-30,0.06448927101785505,8.142663677143593e-22,0.07137342066526517,9.973681575280234e-106,0.028775405896627273,9.973681575280234e-106,0.028775405896627273,0.00891539941514548,0.061952764616651224,2.1135727607196648e-05,0.02664282738808981,6.046928321617093e-14,0.06392981919605883,1.7186861645880738e-10,0.05631720987397326,0.06501975655889995,0.10768242379980814,0.050151990025762636,0.0428984653563036
2021-07-27,0.01,0.01,6.114128603470789e-161,0.05704952580815823,6.114128603470789e-161,0.05704952580815823,0.05569429528619317,0.06774267268556847,2.1906879572882736e-05,0.030881900826191373,9.918915247954084e-30,0.06448927101785505,8.142663677143593e-22,0.07137342066526517,9.973681575280234e-106,0.028775405896627273,9.973681575280234e-106,0.028775405896627273,0.00891539941514548,0.061952764616651224,2.1135727607196648e-05,0.02664282738808981,6.046928321617093e-14,0.06392981919605883,1.7186861645880738e-10,0.05631720987397326,0.06501975655889995,0.10768242379980814,0.050151990025762636,0.0428984653563036
2021-07-28,0.01,0.01,6.114128603470789e-161,0.05704952580815823,6.114128603470789e-161,0.05704952580815823,0.05569429528619317,0.06774267268556847,2.1906879572882736e-05,0.030881900826191373,9.918915247954084e-30,0.06448927101785505,8.142663677143593e-22,0.07137342066526517,9.973681575280234e-106,0.028775405896627273,9.973681575280234e-106,0.028775405896627273,0.00891539941514548,0.061952764616651224,2.1135727607196648e-05,0.02664282738808981,6.046928321617093e-14,0.06392981919605883,1.7186861645880738e-10,0.05631720987397326,0.06501975655889995,0.10768242379980814,0.050151990025762636,0.0428984653563036
2021-07-29,0.01,0.01,6.114128603470789e-161,0.05704952580815823,6.114128603470789e-161,0.05704952580815823,0.05569429528619317,0.06774267268556847,2.1906879572882736e-05,0.030881900826191373,9.918915247954084e-30,0.06448927101785505,8.142663677143593e-22,0.07137342066526517,9.973681575280234e-106,0.028775405896627273,9.973681575280234e-106,0.028775405896627273,0.00891539941514548,0.061952764616651224,2.1135727607196648e-05,0.02664282738808981,6.046928321617093e-14,0.06392981919605883,1.7186861645880738e-10,0.05631720987397326,0.06501975655889995,0.10768242379980814,0.050151990025762636,0.0428984653563036
2021-07-30,0.01,0.01,6.114128603470789e-161,0.05704952580815823,6.114128603470789e-161,0.05704952580815823,0.05569429528619317,0.06774267268556847,2.1906879572882736e-05,0.030881900826191373,9.918915247954084e-30,0.06448927101785505,8.142663677143593e-22,0.07137342066526517,9.973681575280234e-106,0.028775405896627273,9.973681575280234e-106,0.028775405896627273,0.00891539941514548,0.061952764616651224,2.1135727607196648e-05,0.02664282738808981,6.046928321617093e-14,0.06392981919605883,1.7186861645880738e-10,0.05631720987397326,0.06501975655889995,0.10768242379980814,0.050151990025762636,0.0428984653563036
2021-08-02,0.01,0.01,6.114128603470789e-161,0.05704952580815823,6.114128603470789e-161,0.05704952580815823,0.05569429528619317,0.06774267268556847,2.1906879572882736e-05,0.030881900826191373,9.918915247954084e-30,0.06448927101785505,8.142663677143593e-22,0.07137342066526517,9.973681575280234e-106,0.028775405896627273,9.973681575280234e-106,0.028775405896627273,0.00891539941514548,0.061952764616651224,2.1135727607196648e-05,0.02664282738808981,6.046928321617093e-14,0.06392981919605883,1.7186861645880738e-10,0.05631720987397326,0.06501975655889995,0.10768242379980814,0.050151990025762636,0.0428984653563036
2021-08-03,0.01,0.01,6.114128603470789e-161,0.05704952580815823,6.114128603470789e-161,0.05704952580815823,0.05569429528619317,0.06774267268556847,2.1906879572882736e-05,0.030881900826191373,9.918915247954084e-30,0.06448927101785505,8.142663677143593e-22,0.07137342066526517,9.973681575280234e-106,0.028775405896627273,9.973681575280234e-106,0.028775405896627273,0.00891539941514548,0.061952764616651224,2.1135727607196648e-05,0.02664282738808981,6.046928321617093e-14,0.06392981919605883,1.7186861645880738e-10,0.05631720987397326,0.06501975655889995,0.10768242379980814,0.050151990025762636,0.0428984653563036
2021-08-04,0.01,0.01,6.114128603470789e-161,0.05704952580815823,6.114128603470789e-161,0.05704952580815823,0.05569429528619317,0.06774267268556847,2.1906879572882736e-05,0.030881900826191373,9.918915247954084e-30,0.06448927101785505,8.142663677143593e-22,0.07137342066526517,9.973681575280234e-106,0.028775405896627273,9.973681575280234e-106,0.028775405896627273,0.00891539941514548,0.061952764616651224,2.1135727607196648e-05,0.02664282738808981,6.046928321617093e-14,0.06392981919605883,1.7186861645880738e-10,0.05631720987397326,0.06501975655889995,0.10768242379980814,0.050151990025762636,0.0428984653563036
2021-08-05,0.01,0.01,6.114128603470789e-161,0.05704952580815823,6.114128603470789e-161,0.05704952580815823,0.05569429528619317,0.06774267268556847,2.1906879572882736e-05,0.030881900826191373,9.918915247954084e-30,0.06448927101785505,8.142663677143593e-22,0.07137342066526517,9.973681575280234e-106,0.028775405896627273,9.973681575280234e-106,0.028775405896627273,0.00891539941514548,0.061952764616651224,2.1135727607196648e-05,0.02664282738808981,6.046928321617093e-14,0.06392981919605883,1.7186861645880738e-10,0.05631720987397326,0.06501975655889995,0.10768242379980814,0.050151990025762636,0.0428984653563036
2021-08-06,0.01,0.01,6.114128603470789e-161,0.05704952580815823,6.114128603470789e-161,0.05704952580815823,0.05569429528619317,0.06774267268556847,2.1906879572882736e-05,0.030881900826191373,9.918915247954084e-30,0.06448927101785505,8.142663677143593e-22,0.07137342066526517,9.973681575280234e-106,0.028775405896627273,9.973681575280234e-106,0.028775405896627273,0.00891539941514548,0.061952764616651224,2.1135727607196648e-05,0.02664282738808981,6.046928321617093e-14,0.06392981919605883,1.7186861645880738e-10,0.05631720987397326,0.06501975655889995,0.10768242379980814,0.050151990025762636,0.0428984653563036
2021-08-09,0.01,0.01,6.114128603470789e-161,0.05704952580815823,6.114128603470789e-161,0.05704952580815823,0.05569429528619317,0.06774267268556847,2.1906879572882736e-05,0.030881900826191373,9.918915247954084e-30,0.06448927101785505,8.142663677143593e-22,0.07137342066526517,9.973681575280234e-106,0.028775405896627273,9.973681575280234e-106,0.028775405896627273,0.00891539941514548,0.061952764616651224,2.1135727607196648e-05,0.02664282738808981,6.046928321617093e-14,0.06392981919605883,1.7186861645880738e-10,0.05631720987397326,0.06501975655889995,0.10768242379980814,0.050151990025762636,0.0428984653563036
2021-08-10,0.01,0.01,6.114128603470789e-161,0.05704952580815823,6.114128603470789e-161,0.05704952580815823,0.05569429528619317,0.06774267268556847,2.1906879572882736e-05,0.030881900826191373,9.918915247954084e-30,0.06448927101785505,8.142663677143593e-22,0.07137342066526517,9.973681575280234e-106,0.028775405896627273,9.973681575280234e-106,0.028775405896627273,0.00891539941514548,0.061952764616651224,2.1135727607196648e-05,0.02664282738808981,6.046928321617093e-14,0.06392981919605883,1.7186861645880738e-10,0.05631720987397326,0.06501975655889995,0.10768242379980814,0.050151990025762636,0.0428984653563036
2021-08-11,0.01,0.01,6.114128603470789e-161,0.05704952580815823,6.114128603470789e-161,0.05704952580815823,0.05569429528619317,0.06774267268556847,2.1906879572882736e-05,0.030881900826191373,9.918915247954084e-30,0.06448927101785505,8.142663677143593e-22,0.07137342066526517,9.973681575280234e-106,0.028775405896627273,9.973681575280234e-106,0.028775405896627273,0.00891539941514548,0.061952764616651224,2.1135727607196648e-05,0.02664282738808981,6.046928321617093e-14,0.06392981919605883,1.7186861645880738e-10,0.05631720987397326,0.06501975655889995,0.10768242379980814,0.050151990025762636,0.0428984653563036
2021-08-12,0.01,0.01,6.114128603470789e-161,0.05704952580815823,6.114128603470789e-161,0.05704952580815823,0.05569429528619317,0.06774267268556847,2.1906879572882736e-05,0.030881900826191373,9.918915247954084e-30,0.06448927101785505,8.142663677143593e-22,0.07137342066526517,9.973681575280234e-106,0.028775405896627273,9.973681575280234e-106,0.028775405896627273,0.00891539941514548,0.061952764616651224,2.1135727607196648e-05,0.02664282738808981,6.046928321617093e-14,0.06392981919605883,1.7186861645880738e-10,0.05631720987397326,0.06501975655889995,0.10768242379980814,0.050151990025762636,0.0428984653563036
2021-08-13,0.01,0.01,6.114128603470789e-161,0.05704952580815823,6.114128603470789e-161,0.05704952580815823,0.05569429528619317,0.06774267268556847,2.1906879572882736e-05,0.030881900826191373,9.918915247954084e-30,0.06448927101785505,8.142663677143593e-22,0.07137342066526517,9.973681575280234e-106,0.028775405896627273,9.973681575280234e-106,0.028775405896627273,0.00891539941514548,0.061952764616651224,2.1135727607196648e-05,0.02664282738808981,6.046928321617093e-14,0.06392981919605883,1.7186861645880738e-10,0.05631720987397326,0.06501975655889995,0.10768242379980814,0.050151990025762636,0.0428984653563036
2021-08-16,0.01,0.01,6.114128603470789e-161,0.05704952580815823,6.114128603470789e-161,0.05704952580815823,0.05569429528619317,0.06774267268556847,2.1906879572882736e-05,0.030881900826191373,9.918915247954084e-30,0.06448927101785505,8.142663677143593e-22,0.07137342066526517,9.973681575280234e-106,0.028775405896627273,9.973681575280234e-106,0.028775405896627273,0.00891539941514548,0.061952764616651224,2.1135727607196648e-05,0.02664282738808981,6.046928321617093e-14,0.06392981919605883,1.7186861645880738e-10,0.05631720987397326,0.06501975655889995,0.10768242379980814,0.050151990025762636,0.0428984653563036
2021-08-17,0.01,0.01,6.114128603470789e-161,0.05704952580815823,6.114128603470789e-161,0.05704952580815823,0.05569429528619317,0.06774267268556847,2.1906879572882736e-05,0.030881900826191373,9.918915247954084e-30,0.06448927101785505,8.142663677143593e-22,0.07137342066526517,9.973681575280234e-106,0.028775405896627273,9.973681575280234e-106,0.028775405896627273,0.00891539941514548,0.061952764616651224,2.1135727607196648e-05,0.02664282738808981,6.046928321617093e-14,0.06392981919605883,1.7186861645880738e-10,0.05631720987397326,0.06501975655889995,0.10768242379980814,0.050151990025762636,0.0428984653563036
2021-08-18,0.01,0.01,6.114128603470789e-161,0.05704952580815823,6.114128603470789e-161,0.05704952580815823,0.05569429528619317,0.06774267268556847,2.1906879572882736e-05,0.030881900826191373,9.918915247954084e-30,0.06448927101785505,8.142663677143593e-22,0.07137342066526517,9.973681575280234e-106,0.028775405896627273,9.973681575280234e-106,0.028775405896627273,0.00891539941514548,0.061952764616651224,2.1135727607196648e-05,0.02664282738808981,6.046928321617093e-14,0.06392981919605883,1.7186861645880738e-10,0.05631720987397326,0.06501975655889995,0.10768242379980814,0.050151990025762636,0.0428984653563036
2021-08-19,0.01,0.01,6.114128603470789e-161,0.05704952580815823,6.114128603470789e-161,0.05704952580815823,0.05569429528619317,0.06774267268556847,2.1906879572882736e-05,0.030881900826191373,9.918915247954084e-30,0.06448927101785505,8.142663677143593e-22,0.07137342066526517,9.973681575280234e-106,0.028775405896627273,9.973681575280234e-106,0.028775405896627273,0.00891539941514548,0.061952764616651224,2.1135727607196648e-05,0.02664282738808981,6.046928321617093e-14,0.06392981919605883,1.7186861645880738e-10,0.05631720987397326,0.06501975655889995,0.10768242379980814,0.050151990025762636,0.0428984653563036
2021-08-20,0.01,0.01,6.114128603470789e-161,0.05704952580815823,6.114128603470789e-161,0.05704952580815823,0.05569429528619317,0.06774267268556847,2.1906879572882736e-05,0.030881900826191373,9.918915247954084e-30,0.06448927101785505,8.142663677143593e-22,0.07137342066526517,9.973681575280234e-106,0.028775405896627273,9.973681575280234e-106,0.028775405896627273,0.00891539941514548,0.061952764616651224,2.1135727607196648e-05,0.02664282738808981,6.046928321617093e-14,0.06392981919605883,1.7186861645880738e-10,0.05631720987397326,0.06501975655889995,0.10768242379980814,0.050151990025762636,0.0428984653563036
2021-08-23,0.01,0.01,6.114128603470789e-161,0.05704952580815823,6.114128603470789e-161,0.05704952580815823,0.05569429528619317,0.06774267268556847,2.1906879572882736e-05,0.030881900826191373,9.918915247954084e-30,0.06448927101785505,8.142663677143593e-22,0.07137342066526517,9.973681575280234e-106,0.028775405896627273,9.973681575280234e-106,0.028775405896627273,0.00891539941514548,0.061952764616651224,2.1135727607196648e-05,0.02664282738808981,6.046928321617093e-14,0.06392981919605883,1.7186861645880738e-10,0.05631720987397326,0.06501975655889995,0.10768242379980814,0.050151990025762636,0.0428984653563036
2021-08-24,0.01,0.01,6.114128603470789e-161,0.05704952580815823,6.114128603470789e-161,0.05704952580815823,0.05569429528619317,0.06774267268556847,2.1906879572882736e-05,0.030881900826191373,9.918915247954084e-30,0.06448927101785505,8.142663677143593e-22,0.07137342066526517,9.973681575280234e-106,0.028775405896627273,9.973681575280234e-106,0.028775405896627273,0.00891539941514548,0.061952764616651224,2.1135727607196648e-05,0.02664282738808981,6.046928321617093e-14,0.06392981919605883,1.7186861645880738e-10,0.05631720987397326,0.06501975655889995,0.10768242379980814,0.050151990025762636,0.0428984653563036
2021-08-25,0.01,0.01,6.114128603470789e-161,0.05704952580815823,6.114128603470789e-161,0.05704952580815823,0.05569429528619317,0.06774267268556847,2.1906879572882736e-05,0.030881900826191373,9.918915247954084e-30,0.06448927101785505,8.142663677143593e-22,0.07137342066526517,9.973681575280234e-106,0.028775405896627273,9.973681575280234e-106,0.028775405896627273,0.00891539941514548,0.061952764616651224,2.1135727607196648e-05,0.02664282738808981,6.046928321617093e-14,0.06392981919605883,1.7186861645880738e-10,0.05631720987397326,0.06501975655889995,0.10768242379980814,0.050151990025762636,0.0428984653563036
2021-08-26,0.01,0.01,6.114128603470789e-161,0.05704952580815823,6.114128603470789e-161,0.05704952580815823,0.05569429528619317,0.06774267268556847,2.1906879572882736e-05,0.030881900826191373,9.918915247954084e-30,0.06448927101785505,8.142663677143593e-22,0.07137342066526517,9.973681575280234e-106,0.028775405896627273,9.973681575280234e-106,0.028775405896627273,0.00891539941514548,0.061952764616651224,2.1135727607196648e-05,0.02664282738808981,6.046928321617093e-14,0.06392981919605883,1.7186861645880738e-10,0.05631720987397326,0.06501975655889995,0.10768242379980814,0.050151990025762636,0.0428984653563036
2021-08-27,0.01,0.01,6.114128603470789e-161,0.05704952580815823,6.114128603470789e-161,0.05704952580815823,0.05569429528619317,0.06774267268556847,2.1906879572882736e-05,0.030881900826191373,9.918915247954084e-30,0.06448927101785505,8.142663677143593e-22,0.07137342066526517,9.973681575280234e-106,0.028775405896627273,9.973681575280234e-106,0.028775405896627273,0.00891539941514548,0.061952764616651224,2.1135727607196648e-05,0.02664282738808981,6.046928321617093e-14,0.06392981919605883,1.7186861645880738e-10,0.05631720987397326,0.06501975655889995,0.10768242379980814,0.050151990025762636,0.0428984653563036
2021-08-30,0.01,0.01,6.114128603470789e-161,0.05704952580815823,6.114128603470789e-161,0.05704952580815823,0.05569429528619317,0.06774267268556847,2.1906879572882736e-05,0.030881900826191373,9.918915247954084e-30,0.06448927101785505,8.142663677143593e-22,0.07137342066526517,9.973681575280234e-106,0.028775405896627273,9.973681575280234e-106,0.028775405896627273,0.00891539941514548,0.061952764616651224,2.1135727607196648e-05,0.02664282738808981,6.046928321617093e-14,0.06392981919605883,1.7186861645880738e-10,0.05631720987397326,0.06501975655889995,0.10768242379980814,0.050151990025762636,0.0428984653563036
2021-08-31,0.01,0.01,6.114128603470789e-161,0.05704952580815823,6.114128603470789e-161,0.05704952580815823,0.05569429528619317,0.06774267268556847,2.1906879572882736e-05,0.030881900826191373,9.918915247954084e-30,0.06448927101785505,8.142663677143593e-22,0.07137342066526517,9.973681575280234e-106,0.028775405896627273,9.973681575280234e-106,0.028775405896627273,0.00891539941514548,0.061952764616651224,2.1135727607196648e-05,0.02664282738808981,6.046928321617093e-14,0.06392981919605883,1.7186861645880738e-10,0.05631720987397326,0.06501975655889995,0.10768242379980814,0.050151990025762636,0.0428984653563036
2021-09-01,0.01,0.01,6.114128603470789e-161,0.05704952580815823,6.114128603470789e-161,0.05704952580815823,0.05569429528619317,0.06774267268556847,2.1906879572882736e-05,0.030881900826191373,9.918915247954084e-30,0.06448927101785505,8.142663677143593e-22,0.07137342066526517,9.973681575280234e-106,0.028775405896627273,9.973681575280234e-106,0.028775405896627273,0.00891539941514548,0.061952764616651224,2.1135727607196648e-05,0.02664282738808981,6.046928321617093e-14,0.06392981919605883,1.7186861645880738e-10,0.05631720987397326,0.06501975655889995,0.10768242379980814,0.050151990025762636,0.0428984653563036
2021-09-02,0.01,0.01,6.114128603470789e-161,0.05704952580815823,6.114128603470789e-161,0.05704952580815823,0.05569429528619317,0.06774267268556847,2.1906879572882736e-05,0.030881900826191373,9.918915247954084e-30,0.06448927101785505,8.142663677143593e-22,0.07137342066526517,9.973681575280234e-106,0.028775405896627273,9.973681575280234e-106,0.028775405896627273,0.00891539941514548,0.061952764616651224,2.1135727607196648e-05,0.02664282738808981,6.046928321617093e-14,0.06392981919605883,1.7186861645880738e-10,0.05631720987397326,0.06501975655889995,0.10768242379980814,0.050151990025762636,0.0428984653563036
2021-09-03,0.01,0.01,6.114128603470789e-161,0.05704952580815823,6.114128603470789e-161,0.05704952580815823,0.05569429528619317,0.06774267268556847,2.1906879572882736e-05,0.030881900826191373,9.918915247954084e-30,0.06448927101785505,8.142663677143593e-22,0.07137342066526517,9.973681575280234e-106,0.028775405896627273,9.973681575280234e-106,0.028775405896627273,0.00891539941514548,0.061952764616651224,2.1135727607196648e-05,0.02664282738808981,6.046928321617093e-14,0.06392981919605883,1.7186861645880738e-10,0.05631720987397326,0.06501975655889995,0.10768242379980814,0.050151990025762636,0.0428984653563036
2021-09-07,0.01,0.01,6.114128603470789e-161,0.05704952580815823,6.114128603470789e-161,0.05704952580815823,0.05569429528619317,0.06774267268556847,2.1906879572882736e-05,0.030881900826191373,9.918915247954084e-30,0.06448927101785505,8.142663677143593e-22,0.07137342066526517,9.973681575280234e-106,0.028775405896627273,9.973681575280234e-106,0.028775405896627273,0.00891539941514548,0.061952764616651224,2.1135727607196648e-05,0.02664282738808981,6.046928321617093e-14,0.06392981919605883,1.7186861645880738e-10,0.05631720987397326,0.06501975655889995,0.10768242379980814,0.050151990025762636,0.0428984653563036
2021-09-08,0.01,0.01,6.114128603470789e-161,0.05704952580815823,6.114128603470789e-161,0.05704952580815823,0.05569429528619317,0.06774267268556847,2.1906879572882736e-05,0.030881900826191373,9.918915247954084e-30,0.06448927101785505,8.142663677143593e-22,0.07137342066526517,9.973681575280234e-106,0.028775405896627273,9.973681575280234e-106,0.028775405896627273,0.00891539941514548,0.061952764616651224,2.1135727607196648e-05,0.02664282738808981,6.046928321617093e-14,0.06392981919605883,1.7186861645880738e-10,0.05631720987397326,0.06501975655889995,0.10768242379980814,0.050151990025762636,0.0428984653563036
2021-09-09,0.01,0.01,6.114128603470789e-161,0.05704952580815823,6.114128603470789e-161,0.05704952580815823,0.05569429528619317,0.06774267268556847,2.1906879572882736e-05,0.030881900826191373,9.918915247954084e-30,0.06448927101785505,8.142663677143593e-22,0.07137342066526517,9.973681575280234e-106,0.028775405896627273,9.973681575280234e-106,0.028775405896627273,0.00891539941514548,0.061952764616651224,2.1135727607196648e-05,0.02664282738808981,6.046928321617093e-14,0.06392981919605883,1.7186861645880738e-10,0.05631720987397326,0.06501975655889995,0.10768242379980814,0.050151990025762636,0.0428984653563036
2021-09-10,0.01,0.01,6.114128603470789e-161,0.05704952580815823,6.114128603470789e-161,0.05704952580815823,0.05569429528619317,0.06774267268556847,2.1906879572882736e-05,0.030881900826191373,9.918915247954084e-30,0.06448927101785505,8.142663677143593e-22,0.07137342066526517,9.973681575280234e-106,0.028775405896627273,9.973681575280234e-106,0.028775405896627273,0.00891539941514548,0.061952764616651224,2.1135727607196648e-05,0.02664282738808981,6.046928321617093e-14,0.06392981919605883,1.7186861645880738e-10,0.05631720987397326,0.06501975655889995,0.10768242379980814,0.050151990025762636,0.0428984653563036
2021-09-13,0.01,0.01,6.114128603470789e-161,0.05704952580815823,6.114128603470789e-161,0.05704952580815823,0.05569429528619317,0.06774267268556847,2.1906879572882736e-05,0.030881900826191373,9.918915247954084e-30,0.06448927101785505,8.142663677143593e-22,0.07137342066526517,9.973681575280234e-106,0.028775405896627273,9.973681575280234e-106,0.028775405896627273,0.00891539941514548,0.061952764616651224,2.1135727607196648e-05,0.02664282738808981,6.046928321617093e-14,0.06392981919605883,1.7186861645880738e-10,0.05631720987397326,0.06501975655889995,0.10768242379980814,0.050151990025762636,0.0428984653563036
2021-09-14,0.01,0.01,6.114128603470789e-161,0.05704952580815823,6.114128603470789e-161,0.05704952580815823,0.05569429528619317,0.06774267268556847,2.1906879572882736e-05,0.030881900826191373,9.918915247954084e-30,0.06448927101785505,8.142663677143593e-22,0.07137342066526517,9.973681575280234e-106,0.028775405896627273,9.973681575280234e-106,0.028775405896627273,0.00891539941514548,0.061952764616651224,2.1135727607196648e-05,0.02664282738808981,6.046928321617093e-14,0.06392981919605883,1.7186861645880738e-10,0.05631720987397326,0.06501975655889995,0.10768242379980814,0.050151990025762636,0.0428984653563036
2021-09-15,0.01,0.01,6.114128603470789e-161,0.05704952580815823,6.114128603470789e-161,0.05704952580815823,0.05569429528619317,0.06774267268556847,2.1906879572882736e-05,0.030881900826191373,9.918915247954084e-30,0.06448927101785505,8.142663677143593e-22,0.07137342066526517,9.973681575280234e-106,0.028775405896627273,9.973681575280234e-106,0.028775405896627273,0.00891539941514548,0.061952764616651224,2.1135727607196648e-05,0.02664282738808981,6.046928321617093e-14,0.06392981919605883,1.7186861645880738e-10,0.05631720987397326,0.06501975655889995,0.10768242379980814,0.050151990025762636,0.0428984653563036
2021-09-16,0.01,0.01,6.114128603470789e-161,0.05704952580815823,6.114128603470789e-161,0.05704952580815823,0.05569429528619317,0.06774267268556847,2.1906879572882736e-05,0.030881900826191373,9.918915247954084e-30,0.06448927101785505,8.142663677143593e-22,0.07137342066526517,9.973681575280234e-106,0.028775405896627273,9.973681575280234e-106,0.028775405896627273,0.00891539941514548,0.061952764616651224,2.1135727607196648e-05,0.02664282738808981,6.046928321617093e-14,0.06392981919605883,1.7186861645880738e-10,0.05631720987397326,0.06501975655889995,0.10768242379980814,0.050151990025762636,0.0428984653563036
2021-09-17,0.01,0.01,6.114128603470789e-161,0.05704952580815823,6.114128603470789e-161,0.05704952580815823,0.05569429528619317,0.06774267268556847,2.1906879572882736e-05,0.030881900826191373,9.918915247954084e-30,0.06448927101785505,8.142663677143593e-22,0.07137342066526517,9.973681575280234e-106,0.028775405896627273,9.973681575280234e-106,0.028775405896627273,0.00891539941514548,0.061952764616651224,2.1135727607196648e-05,0.02664282738808981,6.046928321617093e-14,0.06392981919605883,1.7186861645880738e-10,0.05631720987397326,0.06501975655889995,0.10768242379980814,0.050151990025762636,0.0428984653563036
2021-09-20,0.01,0.01,6.114128603470789e-161,0.05704952580815823,6.114128603470789e-161,0.05704952580815823,0.05569429528619317,0.06774267268556847,2.1906879572882736e-05,0.030881900826191373,9.918915247954084e-30,0.06448927101785505,8.142663677143593e-22,0.07137342066526517,9.973681575280234e-106,0.028775405896627273,9.973681575280234e-106,0.028775405896627273,0.00891539941514548,0.061952764616651224,2.1135727607196648e-05,0.02664282738808981,6.046928321617093e-14,0.06392981919605883,1.7186861645880738e-10,0.05631720987397326,0.06501975655889995,0.10768242379980814,0.050151990025762636,0.0428984653563036
2021-09-21,0.01,0.01,6.114128603470789e-161,0.05704952580815823,6.114128603470789e-161,0.05704952580815823,0.05569429528619317,0.06774267268556847,2.1906879572882736e-05,0.030881900826191373,9.918915247954084e-30,0.06448927101785505,8.142663677143593e-22,0.07137342066526517,9.973681575280234e-106,0.028775405896627273,9.973681575280234e-106,0.028775405896627273,0.00891539941514548,0.061952764616651224,2.1135727607196648e-05,0.02664282738808981,6.046928321617093e-14,0.06392981919605883,1.7186861645880738e-10,0.05631720987397326,0.06501975655889995,0.10768242379980814,0.050151990025762636,0.0428984653563036
2021-09-22,0.01,0.01,6.114128603470789e-161,0.05704952580815823,6.114128603470789e-161,0.05704952580815823,0.05569429528619317,0.06774267268556847,2.1906879572882736e-05,0.030881900826191373,9.918915247954084e-30,0.06448927101785505,8.142663677143593e-22,0.07137342066526517,9.973681575280234e-106,0.028775405896627273,9.973681575280234e-106,0.028775405896627273,0.00891539941514548,0.061952764616651224,2.1135727607196648e-05,0.02664282738808981,6.046928321617093e-14,0.06392981919605883,1.7186861645880738e-10,0.05631720987397326,0.06501975655889995,0.10768242379980814,0.050151990025762636,0.0428984653563036
2021-09-23,0.01,0.01,6.114128603470789e-161,0.05704952580815823,6.114128603470789e-161,0.05704952580815823,0.05569429528619317,0.06774267268556847,2.1906879572882736e-05,0.030881900826191373,9.918915247954084e-30,0.06448927101785505,8.142663677143593e-22,0.07137342066526517,9.973681575280234e-106,0.028775405896627273,9.973681575280234e-106,0.028775405896627273,0.00891539941514548,0.061952764616651224,2.1135727607196648e-05,0.02664282738808981,6.046928321617093e-14,0.06392981919605883,1.7186861645880738e-10,0.05631720987397326,0.06501975655889995,0.10768242379980814,0.050151990025762636,0.0428984653563036
2021-09-24,0.01,0.01,6.114128603470789e-161,0.05704952580815823,6.114128603470789e-161,0.05704952580815823,0.05569429528619317,0.06774267268556847,2.1906879572882736e-05,0.030881900826191373,9.918915247954084e-30,0.06448927101785505,8.142663677143593e-22,0.07137342066526517,9.973681575280234e-106,0.028775405896627273,9.973681575280234e-106,0.028775405896627273,0.00891539941514548,0.061952764616651224,2.1135727607196648e-05,0.02664282738808981,6.046928321617093e-14,0.06392981919605883,1.7186861645880738e-10,0.05631720987397326,0.06501975655889995,0.10768242379980814,0.050151990025762636,0.0428984653563036
2021-09-27,0.01,0.01,6.114128603470789e-161,0.05704952580815823,6.114128603470789e-161,0.05704952580815823,0.05569429528619317,0.06774267268556847,2.1906879572882736e-05,0.030881900826191373,9.918915247954084e-30,0.06448927101785505,8.142663677143593e-22,0.07137342066526517,9.973681575280234e-106,0.028775405896627273,9.973681575280234e-106,0.028775405896627273,0.00891539941514548,0.061952764616651224,2.1135727607196648e-05,0.02664282738808981,6.046928321617093e-14,0.06392981919605883,1.7186861645880738e-10,0.05631720987397326,0.06501975655889995,0.10768242379980814,0.050151990025762636,0.0428984653563036
2021-09-28,0.01,0.01,6.114128603470789e-161,0.05704952580815823,6.114128603470789e-161,0.05704952580815823,0.05569429528619317,0.06774267268556847,2.1906879572882736e-05,0.030881900826191373,9.918915247954084e-30,0.06448927101785505,8.142663677143593e-22,0.07137342066526517,9.973681575280234e-106,0.028775405896627273,9.973681575280234e-106,0.028775405896627273,0.00891539941514548,0.061952764616651224,2.1135727607196648e-05,0.02664282738808981,6.046928321617093e-14,0.06392981919605883,1.7186861645880738e-10,0.05631720987397326,0.06501975655889995,0.10768242379980814,0.050151990025762636,0.0428984653563036
2021-09-29,0.01,0.01,6.114128603470789e-161,0.05704952580815823,6.114128603470789e-161,0.05704952580815823,0.05569429528619317,0.06774267268556847,2.1906879572882736e-05,0.030881900826191373,9.918915247954084e-30,0.06448927101785505,8.142663677143593e-22,0.07137342066526517,9.973681575280234e-106,0.028775405896627273,9.973681575280234e-106,0.028775405896627273,0.00891539941514548,0.061952764616651224,2.1135727607196648e-05,0.02664282738808981,6.046928321617093e-14,0.06392981919605883,1.7186861645880738e-10,0.05631720987397326,0.06501975655889995,0.10768242379980814,0.050151990025762636,0.0428984653563036
2021-09-30,0.01,0.01,6.114128603470789e-161,0.05704952580815823,6.114128603470789e-161,0.05704952580815823,0.05569429528619317,0.06774267268556847,2.1906879572882736e-05,0.030881900826191373,9.918915247954084e-30,0.06448927101785505,8.142663677143593e-22,0.07137342066526517,9.973681575280234e-106,0.028775405896627273,9.973681575280234e-106,0.028775405896627273,0.00891539941514548,0.061952764616651224,2.1135727607196648e-05,0.02664282738808981,6.046928321617093e-14,0.06392981919605883,1.7186861645880738e-10,0.05631720987397326,0.06501975655889995,0.10768242379980814,0.050151990025762636,0.0428984653563036
2021-10-01,0.01,0.01,6.114128603470789e-161,0.05704952580815823,6.114128603470789e-161,0.05704952580815823,0.05569429528619317,0.06774267268556847,2.1906879572882736e-05,0.030881900826191373,9.918915247954084e-30,0.06448927101785505,8.142663677143593e-22,0.07137342066526517,9.973681575280234e-106,0.028775405896627273,9.973681575280234e-106,0.028775405896627273,0.00891539941514548,0.061952764616651224,2.1135727607196648e-05,0.02664282738808981,6.046928321617093e-14,0.06392981919605883,1.7186861645880738e-10,0.05631720987397326,0.06501975655889995,0.10768242379980814,0.050151990025762636,0.0428984653563036
2021-10-04,0.01,0.01,6.114128603470789e-161,0.05704952580815823,6.114128603470789e-161,0.05704952580815823,0.05569429528619317,0.06774267268556847,2.1906879572882736e-05,0.030881900826191373,9.918915247954084e-30,0.06448927101785505,8.142663677143593e-22,0.07137342066526517,9.973681575280234e-106,0.028775405896627273,9.973681575280234e-106,0.028775405896627273,0.00891539941514548,0.061952764616651224,2.1135727607196648e-05,0.02664282738808981,6.046928321617093e-14,0.06392981919605883,1.7186861645880738e-10,0.05631720987397326,0.06501975655889995,0.10768242379980814,0.050151990025762636,0.0428984653563036
2021-10-05,0.01,0.01,6.114128603470789e-161,0.05704952580815823,6.114128603470789e-161,0.05704952580815823,0.05569429528619317,0.06774267268556847,2.1906879572882736e-05,0.030881900826191373,9.918915247954084e-30,0.06448927101785505,8.142663677143593e-22,0.07137342066526517,9.973681575280234e-106,0.028775405896627273,9.973681575280234e-106,0.028775405896627273,0.00891539941514548,0.061952764616651224,2.1135727607196648e-05,0.02664282738808981,6.046928321617093e-14,0.06392981919605883,1.7186861645880738e-10,0.05631720987397326,0.06501975655889995,0.10768242379980814,0.050151990025762636,0.0428984653563036
2021-10-06,0.01,0.01,6.114128603470789e-161,0.05704952580815823,6.114128603470789e-161,0.05704952580815823,0.05569429528619317,0.06774267268556847,2.1906879572882736e-05,0.030881900826191373,9.918915247954084e-30,0.06448927101785505,8.142663677143593e-22,0.07137342066526517,9.973681575280234e-106,0.028775405896627273,9.973681575280234e-106,0.028775405896627273,0.00891539941514548,0.061952764616651224,2.1135727607196648e-05,0.02664282738808981,6.046928321617093e-14,0.06392981919605883,1.7186861645880738e-10,0.05631720987397326,0.06501975655889995,0.10768242379980814,0.050151990025762636,0.0428984653563036
2021-10-07,0.01,0.01,6.114128603470789e-161,0.05704952580815823,6.114128603470789e-161,0.05704952580815823,0.05569429528619317,0.06774267268556847,2.1906879572882736e-05,0.030881900826191373,9.918915247954084e-30,0.06448927101785505,8.142663677143593e-22,0.07137342066526517,9.973681575280234e-106,0.028775405896627273,9.973681575280234e-106,0.028775405896627273,0.00891539941514548,0.061952764616651224,2.1135727607196648e-05,0.02664282738808981,6.046928321617093e-14,0.06392981919605883,1.7186861645880738e-10,0.05631720987397326,0.06501975655889995,0.10768242379980814,0.050151990025762636,0.0428984653563036
2021-10-08,0.01,0.01,6.114128603470789e-161,0.05704952580815823,6.114128603470789e-161,0.05704952580815823,0.05569429528619317,0.06774267268556847,2.1906879572882736e-05,0.030881900826191373,9.918915247954084e-30,0.06448927101785505,8.142663677143593e-22,0.07137342066526517,9.973681575280234e-106,0.028775405896627273,9.973681575280234e-106,0.028775405896627273,0.00891539941514548,0.061952764616651224,2.1135727607196648e-05,0.02664282738808981,6.046928321617093e-14,0.06392981919605883,1.7186861645880738e-10,0.05631720987397326,0.06501975655889995,0.10768242379980814,0.050151990025762636,0.0428984653563036
2021-10-11,0.01,0.01,6.114128603470789e-161,0.05704952580815823,6.114128603470789e-161,0.05704952580815823,0.05569429528619317,0.06774267268556847,2.1906879572882736e-05,0.030881900826191373,9.918915247954084e-30,0.06448927101785505,8.142663677143593e-22,0.07137342066526517,9.973681575280234e-106,0.028775405896627273,9.973681575280234e-106,0.028775405896627273,0.00891539941514548,0.061952764616651224,2.1135727607196648e-05,0.02664282738808981,6.046928321617093e-14,0.06392981919605883,1.7186861645880738e-10,0.05631720987397326,0.06501975655889995,0.10768242379980814,0.050151990025762636,0.0428984653563036
2021-10-12,0.01,0.01,6.114128603470789e-161,0.05704952580815823,6.114128603470789e-161,0.05704952580815823,0.05569429528619317,0.06774267268556847,2.1906879572882736e-05,0.030881900826191373,9.918915247954084e-30,0.06448927101785505,8.142663677143593e-22,0.07137342066526517,9.973681575280234e-106,0.028775405896627273,9.973681575280234e-106,0.028775405896627273,0.00891539941514548,0.061952764616651224,2.1135727607196648e-05,0.02664282738808981,6.046928321617093e-14,0.06392981919605883,1.7186861645880738e-10,0.05631720987397326,0.06501975655889995,0.10768242379980814,0.050151990025762636,0.0428984653563036
2021-10-13,0.01,0.01,6.114128603470789e-161,0.05704952580815823,6.114128603470789e-161,0.05704952580815823,0.05569429528619317,0.06774267268556847,2.1906879572882736e-05,0.030881900826191373,9.918915247954084e-30,0.06448927101785505,8.142663677143593e-22,0.07137342066526517,9.973681575280234e-106,0.028775405896627273,9.973681575280234e-106,0.028775405896627273,0.00891539941514548,0.061952764616651224,2.1135727607196648e-05,0.02664282738808981,6.046928321617093e-14,0.06392981919605883,1.7186861645880738e-10,0.05631720987397326,0.06501975655889995,0.10768242379980814,0.050151990025762636,0.0428984653563036
2021-10-14,0.01,0.01,6.114128603470789e-161,0.05704952580815823,6.114128603470789e-161,0.05704952580815823,0.05569429528619317,0.06774267268556847,2.1906879572882736e-05,0.030881900826191373,9.918915247954084e-30,0.06448927101785505,8.142663677143593e-22,0.07137342066526517,9.973681575280234e-106,0.028775405896627273,9.973681575280234e-106,0.028775405896627273,0.00891539941514548,0.061952764616651224,2.1135727607196648e-05,0.02664282738808981,6.046928321617093e-14,0.06392981919605883,1.7186861645880738e-10,0.05631720987397326,0.06501975655889995,0.10768242379980814,0.050151990025762636,0.0428984653563036
2021-10-15,0.01,0.01,6.114128603470789e-161,0.05704952580815823,6.114128603470789e-161,0.05704952580815823,0.05569429528619317,0.06774267268556847,2.1906879572882736e-05,0.030881900826191373,9.918915247954084e-30,0.06448927101785505,8.142663677143593e-22,0.07137342066526517,9.973681575280234e-106,0.028775405896627273,9.973681575280234e-106,0.028775405896627273,0.00891539941514548,0.061952764616651224,2.1135727607196648e-05,0.02664282738808981,6.046928321617093e-14,0.06392981919605883,1.7186861645880738e-10,0.05631720987397326,0.06501975655889995,0.10768242379980814,0.050151990025762636,0.0428984653563036
2021-10-18,0.01,0.01,6.114128603470789e-161,0.05704952580815823,6.114128603470789e-161,0.05704952580815823,0.05569429528619317,0.06774267268556847,2.1906879572882736e-05,0.030881900826191373,9.918915247954084e-30,0.06448927101785505,8.142663677143593e-22,0.07137342066526517,9.973681575280234e-106,0.028775405896627273,9.973681575280234e-106,0.028775405896627273,0.00891539941514548,0.061952764616651224,2.1135727607196648e-05,0.02664282738808981,6.046928321617093e-14,0.06392981919605883,1.7186861645880738e-10,0.05631720987397326,0.06501975655889995,0.10768242379980814,0.050151990025762636,0.0428984653563036
2021-10-19,0.01,0.01,6.114128603470789e-161,0.05704952580815823,6.114128603470789e-161,0.05704952580815823,0.05569429528619317,0.06774267268556847,2.1906879572882736e-05,0.030881900826191373,9.918915247954084e-30,0.06448927101785505,8.142663677143593e-22,0.07137342066526517,9.973681575280234e-106,0.028775405896627273,9.973681575280234e-106,0.028775405896627273,0.00891539941514548,0.061952764616651224,2.1135727607196648e-05,0.02664282738808981,6.046928321617093e-14,0.06392981919605883,1.7186861645880738e-10,0.05631720987397326,0.06501975655889995,0.10768242379980814,0.050151990025762636,0.0428984653563036
2021-10-20,0.01,0.01,6.114128603470789e-161,0.05704952580815823,6.114128603470789e-161,0.05704952580815823,0.05569429528619317,0.06774267268556847,2.1906879572882736e-05,0.030881900826191373,9.918915247954084e-30,0.06448927101785505,8.142663677143593e-22,0.07137342066526517,9.973681575280234e-106,0.028775405896627273,9.973681575280234e-106,0.028775405896627273,0.00891539941514548,0.061952764616651224,2.1135727607196648e-05,0.02664282738808981,6.046928321617093e-14,0.06392981919605883,1.7186861645880738e-10,0.05631720987397326,0.06501975655889995,0.10768242379980814,0.050151990025762636,0.0428984653563036
2021-10-21,0.01,0.01,6.114128603470789e-161,0.05704952580815823,6.114128603470789e-161,0.05704952580815823,0.05569429528619317,0.06774267268556847,2.1906879572882736e-05,0.030881900826191373,9.918915247954084e-30,0.06448927101785505,8.142663677143593e-22,0.07137342066526517,9.973681575280234e-106,0.028775405896627273,9.973681575280234e-106,0.028775405896627273,0.00891539941514548,0.061952764616651224,2.1135727607196648e-05,0.02664282738808981,6.046928321617093e-14,0.06392981919605883,1.7186861645880738e-10,0.05631720987397326,0.06501975655889995,0.10768242379980814,0.050151990025762636,0.0428984653563036
2021-10-22,0.01,0.01,6.114128603470789e-161,0.05704952580815823,6.114128603470789e-161,0.05704952580815823,0.05569429528619317,0.06774267268556847,2.1906879572882736e-05,0.030881900826191373,9.918915247954084e-30,0.06448927101785505,8.142663677143593e-22,0.07137342066526517,9.973681575280234e-106,0.028775405896627273,9.973681575280234e-106,0.028775405896627273,0.00891539941514548,0.061952764616651224,2.1135727607196648e-05,0.02664282738808981,6.046928321617093e-14,0.06392981919605883,1.7186861645880738e-10,0.05631720987397326,0.06501975655889995,0.10768242379980814,0.050151990025762636,0.0428984653563036
2021-10-25,0.01,0.01,6.114128603470789e-161,0.05704952580815823,6.114128603470789e-161,0.05704952580815823,0.05569429528619317,0.06774267268556847,2.1906879572882736e-05,0.030881900826191373,9.918915247954084e-30,0.06448927101785505,8.142663677143593e-22,0.07137342066526517,9.973681575280234e-106,0.028775405896627273,9.973681575280234e-106,0.028775405896627273,0.00891539941514548,0.061952764616651224,2.1135727607196648e-05,0.02664282738808981,6.046928321617093e-14,0.06392981919605883,1.7186861645880738e-10,0.05631720987397326,0.06501975655889995,0.10768242379980814,0.050151990025762636,0.0428984653563036
2021-10-26,0.01,0.01,6.114128603470789e-161,0.05704952580815823,6.114128603470789e-161,0.05704952580815823,0.05569429528619317,0.06774267268556847,2.1906879572882736e-05,0.030881900826191373,9.918915247954084e-30,0.06448927101785505,8.142663677143593e-22,0.07137342066526517,9.973681575280234e-106,0.028775405896627273,9.973681575280234e-106,0.028775405896627273,0.00891539941514548,0.061952764616651224,2.1135727607196648e-05,0.02664282738808981,6.046928321617093e-14,0.06392981919605883,1.7186861645880738e-10,0.05631720987397326,0.06501975655889995,0.10768242379980814,0.050151990025762636,0.0428984653563036
2021-10-27,0.01,0.01,6.114128603470789e-161,0.05704952580815823,6.114128603470789e-161,0.05704952580815823,0.05569429528619317,0.06774267268556847,2.1906879572882736e-05,0.030881900826191373,9.918915247954084e-30,0.06448927101785505,8.142663677143593e-22,0.07137342066526517,9.973681575280234e-106,0.028775405896627273,9.973681575280234e-106,0.028775405896627273,0.00891539941514548,0.061952764616651224,2.1135727607196648e-05,0.02664282738808981,6.046928321617093e-14,0.06392981919605883,1.7186861645880738e-10,0.05631720987397326,0.06501975655889995,0.10768242379980814,0.050151990025762636,0.0428984653563036
2021-10-28,0.01,0.01,6.114128603470789e-161,0.05704952580815823,6.114128603470789e-161,0.05704952580815823,0.05569429528619317,0.06774267268556847,2.1906879572882736e-05,0.030881900826191373,9.918915247954084e-30,0.06448927101785505,8.142663677143593e-22,0.07137342066526517,9.973681575280234e-106,0.028775405896627273,9.973681575280234e-106,0.028775405896627273,0.00891539941514548,0.061952764616651224,2.1135727607196648e-05,0.02664282738808981,6.046928321617093e-14,0.06392981919605883,1.7186861645880738e-10,0.05631720987397326,0.06501975655889995,0.10768242379980814,0.050151990025762636,0.0428984653563036
2021-10-29,0.01,0.01,6.114128603470789e-161,0.05704952580815823,6.114128603470789e-161,0.05704952580815823,0.05569429528619317,0.06774267268556847,2.1906879572882736e-05,0.030881900826191373,9.918915247954084e-30,0.06448927101785505,8.142663677143593e-22,0.07137342066526517,9.973681575280234e-106,0.028775405896627273,9.973681575280234e-106,0.028775405896627273,0.00891539941514548,0.061952764616651224,2.1135727607196648e-05,0.02664282738808981,6.046928321617093e-14,0.06392981919605883,1.7186861645880738e-10,0.05631720987397326,0.06501975655889995,0.10768242379980814,0.050151990025762636,0.0428984653563036
2021-11-01,0.01,0.01,6.114128603470789e-161,0.05704952580815823,6.114128603470789e-161,0.05704952580815823,0.05569429528619317,0.06774267268556847,2.1906879572882736e-05,0.030881900826191373,9.918915247954084e-30,0.06448927101785505,8.142663677143593e-22,0.07137342066526517,9.973681575280234e-106,0.028775405896627273,9.973681575280234e-106,0.028775405896627273,0.00891539941514548,0.061952764616651224,2.1135727607196648e-05,0.02664282738808981,6.046928321617093e-14,0.06392981919605883,1.7186861645880738e-10,0.05631720987397326,0.06501975655889995,0.10768242379980814,0.050151990025762636,0.0428984653563036
2021-11-02,0.01,0.01,6.114128603470789e-161,0.05704952580815823,6.114128603470789e-161,0.05704952580815823,0.05569429528619317,0.06774267268556847,2.1906879572882736e-05,0.030881900826191373,9.918915247954084e-30,0.06448927101785505,8.142663677143593e-22,0.07137342066526517,9.973681575280234e-106,0.028775405896627273,9.973681575280234e-106,0.028775405896627273,0.00891539941514548,0.061952764616651224,2.1135727607196648e-05,0.02664282738808981,6.046928321617093e-14,0.06392981919605883,1.7186861645880738e-10,0.05631720987397326,0.06501975655889995,0.10768242379980814,0.050151990025762636,0.0428984653563036
2021-11-03,0.01,0.01,6.114128603470789e-161,0.05704952580815823,6.114128603470789e-161,0.05704952580815823,0.05569429528619317,0.06774267268556847,2.1906879572882736e-05,0.030881900826191373,9.918915247954084e-30,0.06448927101785505,8.142663677143593e-22,0.07137342066526517,9.973681575280234e-106,0.028775405896627273,9.973681575280234e-106,0.028775405896627273,0.00891539941514548,0.061952764616651224,2.1135727607196648e-05,0.02664282738808981,6.046928321617093e-14,0.06392981919605883,1.7186861645880738e-10,0.05631720987397326,0.06501975655889995,0.10768242379980814,0.050151990025762636,0.0428984653563036
2021-11-04,0.01,0.01,6.114128603470789e-161,0.05704952580815823,6.114128603470789e-161,0.05704952580815823,0.05569429528619317,0.06774267268556847,2.1906879572882736e-05,0.030881900826191373,9.918915247954084e-30,0.06448927101785505,8.142663677143593e-22,0.07137342066526517,9.973681575280234e-106,0.028775405896627273,9.973681575280234e-106,0.028775405896627273,0.00891539941514548,0.061952764616651224,2.1135727607196648e-05,0.02664282738808981,6.046928321617093e-14,0.06392981919605883,1.7186861645880738e-10,0.05631720987397326,0.06501975655889995,0.10768242379980814,0.050151990025762636,0.0428984653563036
2021-11-05,0.01,0.01,6.114128603470789e-161,0.05704952580815823,6.114128603470789e-161,0.05704952580815823,0.05569429528619317,0.06774267268556847,2.1906879572882736e-05,0.030881900826191373,9.918915247954084e-30,0.06448927101785505,8.142663677143593e-22,0.07137342066526517,9.973681575280234e-106,0.028775405896627273,9.973681575280234e-106,0.028775405896627273,0.00891539941514548,0.061952764616651224,2.1135727607196648e-05,0.02664282738808981,6.046928321617093e-14,0.06392981919605883,1.7186861645880738e-10,0.05631720987397326,0.06501975655889995,0.10768242379980814,0.050151990025762636,0.0428984653563036
2021-11-08,0.01,0.01,6.114128603470789e-161,0.05704952580815823,6.114128603470789e-161,0.05704952580815823,0.05569429528619317,0.06774267268556847,2.1906879572882736e-05,0.030881900826191373,9.918915247954084e-30,0.06448927101785505,8.142663677143593e-22,0.07137342066526517,9.973681575280234e-106,0.028775405896627273,9.973681575280234e-106,0.028775405896627273,0.00891539941514548,0.061952764616651224,2.1135727607196648e-05,0.02664282738808981,6.046928321617093e-14,0.06392981919605883,1.7186861645880738e-10,0.05631720987397326,0.06501975655889995,0.10768242379980814,0.050151990025762636,0.0428984653563036
2021-11-09,0.01,0.01,6.114128603470789e-161,0.05704952580815823,6.114128603470789e-161,0.05704952580815823,0.05569429528619317,0.06774267268556847,2.1906879572882736e-05,0.030881900826191373,9.918915247954084e-30,0.06448927101785505,8.142663677143593e-22,0.07137342066526517,9.973681575280234e-106,0.028775405896627273,9.973681575280234e-106,0.028775405896627273,0.00891539941514548,0.061952764616651224,2.1135727607196648e-05,0.02664282738808981,6.046928321617093e-14,0.06392981919605883,1.7186861645880738e-10,0.05631720987397326,0.06501975655889995,0.10768242379980814,0.050151990025762636,0.0428984653563036
2021-11-10,0.01,0.01,6.114128603470789e-161,0.05704952580815823,6.114128603470789e-161,0.05704952580815823,0.05569429528619317,0.06774267268556847,2.1906879572882736e-05,0.030881900826191373,9.918915247954084e-30,0.06448927101785505,8.142663677143593e-22,0.07137342066526517,9.973681575280234e-106,0.028775405896627273,9.973681575280234e-106,0.028775405896627273,0.00891539941514548,0.061952764616651224,2.1135727607196648e-05,0.02664282738808981,6.046928321617093e-14,0.06392981919605883,1.7186861645880738e-10,0.05631720987397326,0.06501975655889995,0.10768242379980814,0.050151990025762636,0.0428984653563036
2021-11-11,0.01,0.01,6.114128603470789e-161,0.05704952580815823,6.114128603470789e-161,0.05704952580815823,0.05569429528619317,0.06774267268556847,2.1906879572882736e-05,0.030881900826191373,9.918915247954084e-30,0.06448927101785505,8.142663677143593e-22,0.07137342066526517,9.973681575280234e-106,0.028775405896627273,9.973681575280234e-106,0.028775405896627273,0.00891539941514548,0.061952764616651224,2.1135727607196648e-05,0.02664282738808981,6.046928321617093e-14,0.06392981919605883,1.7186861645880738e-10,0.05631720987397326,0.06501975655889995,0.10768242379980814,0.050151990025762636,0.0428984653563036
2021-11-12,0.01,0.01,6.114128603470789e-161,0.05704952580815823,6.114128603470789e-161,0.05704952580815823,0.05569429528619317,0.06774267268556847,2.1906879572882736e-05,0.030881900826191373,9.918915247954084e-30,0.06448927101785505,8.142663677143593e-22,0.07137342066526517,9.973681575280234e-106,0.028775405896627273,9.973681575280234e-106,0.028775405896627273,0.00891539941514548,0.061952764616651224,2.1135727607196648e-05,0.02664282738808981,6.046928321617093e-14,0.06392981919605883,1.7186861645880738e-10,0.05631720987397326,0.06501975655889995,0.10768242379980814,0.050151990025762636,0.0428984653563036
2021-11-15,0.01,0.01,6.114128603470789e-161,0.05704952580815823,6.114128603470789e-161,0.05704952580815823,0.05569429528619317,0.06774267268556847,2.1906879572882736e-05,0.030881900826191373,9.918915247954084e-30,0.06448927101785505,8.142663677143593e-22,0.07137342066526517,9.973681575280234e-106,0.028775405896627273,9.973681575280234e-106,0.028775405896627273,0.00891539941514548,0.061952764616651224,2.1135727607196648e-05,0.02664282738808981,6.046928321617093e-14,0.06392981919605883,1.7186861645880738e-10,0.05631720987397326,0.06501975655889995,0.10768242379980814,0.050151990025762636,0.0428984653563036
2021-11-16,0.01,0.01,6.114128603470789e-161,0.05704952580815823,6.114128603470789e-161,0.05704952580815823,0.05569429528619317,0.06774267268556847,2.1906879572882736e-05,0.030881900826191373,9.918915247954084e-30,0.06448927101785505,8.142663677143593e-22,0.07137342066526517,9.973681575280234e-106,0.028775405896627273,9.973681575280234e-106,0.028775405896627273,0.00891539941514548,0.061952764616651224,2.1135727607196648e-05,0.02664282738808981,6.046928321617093e-14,0.06392981919605883,1.7186861645880738e-10,0.05631720987397326,0.06501975655889995,0.10768242379980814,0.050151990025762636,0.0428984653563036
2021-11-17,0.01,0.01,6.114128603470789e-161,0.05704952580815823,6.114128603470789e-161,0.05704952580815823,0.05569429528619317,0.06774267268556847,2.1906879572882736e-05,0.030881900826191373,9.918915247954084e-30,0.06448927101785505,8.142663677143593e-22,0.07137342066526517,9.973681575280234e-106,0.028775405896627273,9.973681575280234e-106,0.028775405896627273,0.00891539941514548,0.061952764616651224,2.1135727607196648e-05,0.02664282738808981,6.046928321617093e-14,0.06392981919605883,1.7186861645880738e-10,0.05631720987397326,0.06501975655889995,0.10768242379980814,0.050151990025762636,0.0428984653563036
2021-11-18,0.01,0.01,6.114128603470789e-161,0.05704952580815823,6.114128603470789e-161,0.05704952580815823,0.05569429528619317,0.06774267268556847,2.1906879572882736e-05,0.030881900826191373,9.918915247954084e-30,0.06448927101785505,8.142663677143593e-22,0.07137342066526517,9.973681575280234e-106,0.028775405896627273,9.973681575280234e-106,0.028775405896627273,0.00891539941514548,0.061952764616651224,2.1135727607196648e-05,0.02664282738808981,6.046928321617093e-14,0.06392981919605883,1.7186861645880738e-10,0.05631720987397326,0.06501975655889995,0.10768242379980814,0.050151990025762636,0.0428984653563036
2021-11-19,0.01,0.01,6.114128603470789e-161,0.05704952580815823,6.114128603470789e-161,0.05704952580815823,0.05569429528619317,0.06774267268556847,2.1906879572882736e-05,0.030881900826191373,9.918915247954084e-30,0.06448927101785505,8.142663677143593e-22,0.07137342066526517,9.973681575280234e-106,0.028775405896627273,9.973681575280234e-106,0.028775405896627273,0.00891539941514548,0.061952764616651224,2.1135727607196648e-05,0.02664282738808981,6.046928321617093e-14,0.06392981919605883,1.7186861645880738e-10,0.05631720987397326,0.06501975655889995,0.10768242379980814,0.050151990025762636,0.0428984653563036
2021-11-22,0.01,0.01,6.114128603470789e-161,0.05704952580815823,6.114128603470789e-161,0.05704952580815823,0.05569429528619317,0.06774267268556847,2.1906879572882736e-05,0.030881900826191373,9.918915247954084e-30,0.06448927101785505,8.142663677143593e-22,0.07137342066526517,9.973681575280234e-106,0.028775405896627273,9.973681575280234e-106,0.028775405896627273,0.00891539941514548,0.061952764616651224,2.1135727607196648e-05,0.02664282738808981,6.046928321617093e-14,0.06392981919605883,1.7186861645880738e-10,0.05631720987397326,0.06501975655889995,0.10768242379980814,0.050151990025762636,0.0428984653563036
2021-11-23,0.01,0.01,6.114128603470789e-161,0.05704952580815823,6.114128603470789e-161,0.05704952580815823,0.05569429528619317,0.06774267268556847,2.1906879572882736e-05,0.030881900826191373,9.918915247954084e-30,0.06448927101785505,8.142663677143593e-22,0.07137342066526517,9.973681575280234e-106,0.028775405896627273,9.973681575280234e-106,0.028775405896627273,0.00891539941514548,0.061952764616651224,2.1135727607196648e-05,0.02664282738808981,6.046928321617093e-14,0.06392981919605883,1.7186861645880738e-10,0.05631720987397326,0.06501975655889995,0.10768242379980814,0.050151990025762636,0.0428984653563036
2021-11-24,0.01,0.01,6.114128603470789e-161,0.05704952580815823,6.114128603470789e-161,0.05704952580815823,0.05569429528619317,0.06774267268556847,2.1906879572882736e-05,0.030881900826191373,9.918915247954084e-30,0.06448927101785505,8.142663677143593e-22,0.07137342066526517,9.973681575280234e-106,0.028775405896627273,9.973681575280234e-106,0.028775405896627273,0.00891539941514548,0.061952764616651224,2.1135727607196648e-05,0.02664282738808981,6.046928321617093e-14,0.06392981919605883,1.7186861645880738e-10,0.05631720987397326,0.06501975655889995,0.10768242379980814,0.050151990025762636,0.0428984653563036
2021-11-26,0.01,0.01,6.114128603470789e-161,0.05704952580815823,6.114128603470789e-161,0.05704952580815823,0.05569429528619317,0.06774267268556847,2.1906879572882736e-05,0.030881900826191373,9.918915247954084e-30,0.06448927101785505,8.142663677143593e-22,0.07137342066526517,9.973681575280234e-106,0.028775405896627273,9.973681575280234e-106,0.028775405896627273,0.00891539941514548,0.061952764616651224,2.1135727607196648e-05,0.02664282738808981,6.046928321617093e-14,0.06392981919605883,1.7186861645880738e-10,0.05631720987397326,0.06501975655889995,0.10768242379980814,0.050151990025762636,0.0428984653563036
2021-11-29,0.01,0.01,6.114128603470789e-161,0.05704952580815823,6.114128603470789e-161,0.05704952580815823,0.05569429528619317,0.06774267268556847,2.1906879572882736e-05,0.030881900826191373,9.918915247954084e-30,0.06448927101785505,8.142663677143593e-22,0.07137342066526517,9.973681575280234e-106,0.028775405896627273,9.973681575280234e-106,0.028775405896627273,0.00891539941514548,0.061952764616651224,2.1135727607196648e-05,0.02664282738808981,6.046928321617093e-14,0.06392981919605883,1.7186861645880738e-10,0.05631720987397326,0.06501975655889995,0.10768242379980814,0.050151990025762636,0.0428984653563036
2021-11-30,0.01,0.01,6.114128603470789e-161,0.05704952580815823,6.114128603470789e-161,0.05704952580815823,0.05569429528619317,0.06774267268556847,2.1906879572882736e-05,0.030881900826191373,9.918915247954084e-30,0.06448927101785505,8.142663677143593e-22,0.07137342066526517,9.973681575280234e-106,0.028775405896627273,9.973681575280234e-106,0.028775405896627273,0.00891539941514548,0.061952764616651224,2.1135727607196648e-05,0.02664282738808981,6.046928321617093e-14,0.06392981919605883,1.7186861645880738e-10,0.05631720987397326,0.06501975655889995,0.10768242379980814,0.050151990025762636,0.0428984653563036
2021-12-01,0.01,0.01,6.114128603470789e-161,0.05704952580815823,6.114128603470789e-161,0.05704952580815823,0.05569429528619317,0.06774267268556847,2.1906879572882736e-05,0.030881900826191373,9.918915247954084e-30,0.06448927101785505,8.142663677143593e-22,0.07137342066526517,9.973681575280234e-106,0.028775405896627273,9.973681575280234e-106,0.028775405896627273,0.00891539941514548,0.061952764616651224,2.1135727607196648e-05,0.02664282738808981,6.046928321617093e-14,0.06392981919605883,1.7186861645880738e-10,0.05631720987397326,0.06501975655889995,0.10768242379980814,0.050151990025762636,0.0428984653563036
2021-12-02,0.01,0.01,6.114128603470789e-161,0.05704952580815823,6.114128603470789e-161,0.05704952580815823,0.05569429528619317,0.06774267268556847,2.1906879572882736e-05,0.030881900826191373,9.918915247954084e-30,0.06448927101785505,8.142663677143593e-22,0.07137342066526517,9.973681575280234e-106,0.028775405896627273,9.973681575280234e-106,0.028775405896627273,0.00891539941514548,0.061952764616651224,2.1135727607196648e-05,0.02664282738808981,6.046928321617093e-14,0.06392981919605883,1.7186861645880738e-10,0.05631720987397326,0.06501975655889995,0.10768242379980814,0.050151990025762636,0.0428984653563036
2021-12-03,0.01,0.01,6.114128603470789e-161,0.05704952580815823,6.114128603470789e-161,0.05704952580815823,0.05569429528619317,0.06774267268556847,2.1906879572882736e-05,0.030881900826191373,9.918915247954084e-30,0.06448927101785505,8.142663677143593e-22,0.07137342066526517,9.973681575280234e-106,0.028775405896627273,9.973681575280234e-106,0.028775405896627273,0.00891539941514548,0.061952764616651224,2.1135727607196648e-05,0.02664282738808981,6.046928321617093e-14,0.06392981919605883,1.7186861645880738e-10,0.05631720987397326,0.06501975655889995,0.10768242379980814,0.050151990025762636,0.0428984653563036
2021-12-06,0.01,0.01,6.114128603470789e-161,0.05704952580815823,6.114128603470789e-161,0.05704952580815823,0.05569429528619317,0.06774267268556847,2.1906879572882736e-05,0.030881900826191373,9.918915247954084e-30,0.06448927101785505,8.142663677143593e-22,0.07137342066526517,9.973681575280234e-106,0.028775405896627273,9.973681575280234e-106,0.028775405896627273,0.00891539941514548,0.061952764616651224,2.1135727607196648e-05,0.02664282738808981,6.046928321617093e-14,0.06392981919605883,1.7186861645880738e-10,0.05631720987397326,0.06501975655889995,0.10768242379980814,0.050151990025762636,0.0428984653563036
2021-12-07,0.01,0.01,6.114128603470789e-161,0.05704952580815823,6.114128603470789e-161,0.05704952580815823,0.05569429528619317,0.06774267268556847,2.1906879572882736e-05,0.030881900826191373,9.918915247954084e-30,0.06448927101785505,8.142663677143593e-22,0.07137342066526517,9.973681575280234e-106,0.028775405896627273,9.973681575280234e-106,0.028775405896627273,0.00891539941514548,0.061952764616651224,2.1135727607196648e-05,0.02664282738808981,6.046928321617093e-14,0.06392981919605883,1.7186861645880738e-10,0.05631720987397326,0.06501975655889995,0.10768242379980814,0.050151990025762636,0.0428984653563036
2021-12-08,0.01,0.01,6.114128603470789e-161,0.05704952580815823,6.114128603470789e-161,0.05704952580815823,0.05569429528619317,0.06774267268556847,2.1906879572882736e-05,0.030881900826191373,9.918915247954084e-30,0.06448927101785505,8.142663677143593e-22,0.07137342066526517,9.973681575280234e-106,0.028775405896627273,9.973681575280234e-106,0.028775405896627273,0.00891539941514548,0.061952764616651224,2.1135727607196648e-05,0.02664282738808981,6.046928321617093e-14,0.06392981919605883,1.7186861645880738e-10,0.05631720987397326,0.06501975655889995,0.10768242379980814,0.050151990025762636,0.0428984653563036
2021-12-09,0.01,0.01,6.114128603470789e-161,0.05704952580815823,6.114128603470789e-161,0.05704952580815823,0.05569429528619317,0.06774267268556847,2.1906879572882736e-05,0.030881900826191373,9.918915247954084e-30,0.06448927101785505,8.142663677143593e-22,0.07137342066526517,9.973681575280234e-106,0.028775405896627273,9.973681575280234e-106,0.028775405896627273,0.00891539941514548,0.061952764616651224,2.1135727607196648e-05,0.02664282738808981,6.046928321617093e-14,0.06392981919605883,1.7186861645880738e-10,0.05631720987397326,0.06501975655889995,0.10768242379980814,0.050151990025762636,0.0428984653563036
2021-12-10,0.01,0.01,6.114128603470789e-161,0.05704952580815823,6.114128603470789e-161,0.05704952580815823,0.05569429528619317,0.06774267268556847,2.1906879572882736e-05,0.030881900826191373,9.918915247954084e-30,0.06448927101785505,8.142663677143593e-22,0.07137342066526517,9.973681575280234e-106,0.028775405896627273,9.973681575280234e-106,0.028775405896627273,0.00891539941514548,0.061952764616651224,2.1135727607196648e-05,0.02664282738808981,6.046928321617093e-14,0.06392981919605883,1.7186861645880738e-10,0.05631720987397326,0.06501975655889995,0.10768242379980814,0.050151990025762636,0.0428984653563036
2021-12-13,0.01,0.01,6.114128603470789e-161,0.05704952580815823,6.114128603470789e-161,0.05704952580815823,0.05569429528619317,0.06774267268556847,2.1906879572882736e-05,0.030881900826191373,9.918915247954084e-30,0.06448927101785505,8.142663677143593e-22,0.07137342066526517,9.973681575280234e-106,0.028775405896627273,9.973681575280234e-106,0.028775405896627273,0.00891539941514548,0.061952764616651224,2.1135727607196648e-05,0.02664282738808981,6.046928321617093e-14,0.06392981919605883,1.7186861645880738e-10,0.05631720987397326,0.06501975655889995,0.10768242379980814,0.050151990025762636,0.0428984653563036
2021-12-14,0.01,0.01,6.114128603470789e-161,0.05704952580815823,6.114128603470789e-161,0.05704952580815823,0.05569429528619317,0.06774267268556847,2.1906879572882736e-05,0.030881900826191373,9.918915247954084e-30,0.06448927101785505,8.142663677143593e-22,0.07137342066526517,9.973681575280234e-106,0.028775405896627273,9.973681575280234e-106,0.028775405896627273,0.00891539941514548,0.061952764616651224,2.1135727607196648e-05,0.02664282738808981,6.046928321617093e-14,0.06392981919605883,1.7186861645880738e-10,0.05631720987397326,0.06501975655889995,0.10768242379980814,0.050151990025762636,0.0428984653563036
2021-12-15,0.01,0.01,6.114128603470789e-161,0.05704952580815823,6.114128603470789e-161,0.05704952580815823,0.05569429528619317,0.06774267268556847,2.1906879572882736e-05,0.030881900826191373,9.918915247954084e-30,0.06448927101785505,8.142663677143593e-22,0.07137342066526517,9.973681575280234e-106,0.028775405896627273,9.973681575280234e-106,0.028775405896627273,0.00891539941514548,0.061952764616651224,2.1135727607196648e-05,0.02664282738808981,6.046928321617093e-14,0.06392981919605883,1.7186861645880738e-10,0.05631720987397326,0.06501975655889995,0.10768242379980814,0.050151990025762636,0.0428984653563036
2021-12-16,0.01,0.01,6.114128603470789e-161,0.05704952580815823,6.114128603470789e-161,0.05704952580815823,0.05569429528619317,0.06774267268556847,2.1906879572882736e-05,0.030881900826191373,9.918915247954084e-30,0.06448927101785505,8.142663677143593e-22,0.07137342066526517,9.973681575280234e-106,0.028775405896627273,9.973681575280234e-106,0.028775405896627273,0.00891539941514548,0.061952764616651224,2.1135727607196648e-05,0.02664282738808981,6.046928321617093e-14,0.06392981919605883,1.7186861645880738e-10,0.05631720987397326,0.06501975655889995,0.10768242379980814,0.050151990025762636,0.0428984653563036
2021-12-17,0.01,0.01,6.114128603470789e-161,0.05704952580815823,6.114128603470789e-161,0.05704952580815823,0.05569429528619317,0.06774267268556847,2.1906879572882736e-05,0.030881900826191373,9.918915247954084e-30,0.06448927101785505,8.142663677143593e-22,0.07137342066526517,9.973681575280234e-106,0.028775405896627273,9.973681575280234e-106,0.028775405896627273,0.00891539941514548,0.061952764616651224,2.1135727607196648e-05,0.02664282738808981,6.046928321617093e-14,0.06392981919605883,1.7186861645880738e-10,0.05631720987397326,0.06501975655889995,0.10768242379980814,0.050151990025762636,0.0428984653563036
2021-12-20,0.01,0.01,6.114128603470789e-161,0.05704952580815823,6.114128603470789e-161,0.05704952580815823,0.05569429528619317,0.06774267268556847,2.1906879572882736e-05,0.030881900826191373,9.918915247954084e-30,0.06448927101785505,8.142663677143593e-22,0.07137342066526517,9.973681575280234e-106,0.028775405896627273,9.973681575280234e-106,0.028775405896627273,0.00891539941514548,0.061952764616651224,2.1135727607196648e-05,0.02664282738808981,6.046928321617093e-14,0.06392981919605883,1.7186861645880738e-10,0.05631720987397326,0.06501975655889995,0.10768242379980814,0.050151990025762636,0.0428984653563036
2021-12-21,0.01,0.01,6.114128603470789e-161,0.05704952580815823,6.114128603470789e-161,0.05704952580815823,0.05569429528619317,0.06774267268556847,2.1906879572882736e-05,0.030881900826191373,9.918915247954084e-30,0.06448927101785505,8.142663677143593e-22,0.07137342066526517,9.973681575280234e-106,0.028775405896627273,9.973681575280234e-106,0.028775405896627273,0.00891539941514548,0.061952764616651224,2.1135727607196648e-05,0.02664282738808981,6.046928321617093e-14,0.06392981919605883,1.7186861645880738e-10,0.05631720987397326,0.06501975655889995,0.10768242379980814,0.050151990025762636,0.0428984653563036
2021-12-22,0.01,0.01,6.114128603470789e-161,0.05704952580815823,6.114128603470789e-161,0.05704952580815823,0.05569429528619317,0.06774267268556847,2.1906879572882736e-05,0.030881900826191373,9.918915247954084e-30,0.06448927101785505,8.142663677143593e-22,0.07137342066526517,9.973681575280234e-106,0.028775405896627273,9.973681575280234e-106,0.028775405896627273,0.00891539941514548,0.061952764616651224,2.1135727607196648e-05,0.02664282738808981,6.046928321617093e-14,0.06392981919605883,1.7186861645880738e-10,0.05631720987397326,0.06501975655889995,0.10768242379980814,0.050151990025762636,0.0428984653563036
2021-12-23,0.01,0.01,6.114128603470789e-161,0.05704952580815823,6.114128603470789e-161,0.05704952580815823,0.05569429528619317,0.06774267268556847,2.1906879572882736e-05,0.030881900826191373,9.918915247954084e-30,0.06448927101785505,8.142663677143593e-22,0.07137342066526517,9.973681575280234e-106,0.028775405896627273,9.973681575280234e-106,0.028775405896627273,0.00891539941514548,0.061952764616651224,2.1135727607196648e-05,0.02664282738808981,6.046928321617093e-14,0.06392981919605883,1.7186861645880738e-10,0.05631720987397326,0.06501975655889995,0.10768242379980814,0.050151990025762636,0.0428984653563036
2021-12-27,0.01,0.01,6.114128603470789e-161,0.05704952580815823,6.114128603470789e-161,0.05704952580815823,0.05569429528619317,0.06774267268556847,2.1906879572882736e-05,0.030881900826191373,9.918915247954084e-30,0.06448927101785505,8.142663677143593e-22,0.07137342066526517,9.973681575280234e-106,0.028775405896627273,9.973681575280234e-106,0.028775405896627273,0.00891539941514548,0.061952764616651224,2.1135727607196648e-05,0.02664282738808981,6.046928321617093e-14,0.06392981919605883,1.7186861645880738e-10,0.05631720987397326,0.06501975655889995,0.10768242379980814,0.050151990025762636,0.0428984653563036
2021-12-28,0.01,0.01,6.114128603470789e-161,0.05704952580815823,6.114128603470789e-161,0.05704952580815823,0.05569429528619317,0.06774267268556847,2.1906879572882736e-05,0.030881900826191373,9.918915247954084e-30,0.06448927101785505,8.142663677143593e-22,0.07137342066526517,9.973681575280234e-106,0.028775405896627273,9.973681575280234e-106,0.028775405896627273,0.00891539941514548,0.061952764616651224,2.1135727607196648e-05,0.02664282738808981,6.046928321617093e-14,0.06392981919605883,1.7186861645880738e-10,0.05631720987397326,0.06501975655889995,0.10768242379980814,0.050151990025762636,0.0428984653563036
2021-12-29,0.01,0.01,6.114128603470789e-161,0.05704952580815823,6.114128603470789e-161,0.05704952580815823,0.05569429528619317,0.06774267268556847,2.1906879572882736e-05,0.030881900826191373,9.918915247954084e-30,0.06448927101785505,8.142663677143593e-22,0.07137342066526517,9.973681575280234e-106,0.028775405896627273,9.973681575280234e-106,0.028775405896627273,0.00891539941514548,0.061952764616651224,2.1135727607196648e-05,0.02664282738808981,6.046928321617093e-14,0.06392981919605883,1.7186861645880738e-10,0.05631720987397326,0.06501975655889995,0.10768242379980814,0.050151990025762636,0.0428984653563036
2021-12-30,0.01,0.01,6.114128603470789e-161,0.05704952580815823,6.114128603470789e-161,0.05704952580815823,0.05569429528619317,0.06774267268556847,2.1906879572882736e-05,0.030881900826191373,9.918915247954084e-30,0.06448927101785505,8.142663677143593e-22,0.07137342066526517,9.973681575280234e-106,0.028775405896627273,9.973681575280234e-106,0.028775405896627273,0.00891539941514548,0.061952764616651224,2.1135727607196648e-05,0.02664282738808981,6.046928321617093e-14,0.06392981919605883,1.7186861645880738e-10,0.05631720987397326,0.06501975655889995,0.10768242379980814,0.050151990025762636,0.0428984653563036
2021-12-31,0.01,0.01,6.114128603470789e-161,0.05704952580815823,6.114128603470789e-161,0.05704952580815823,0.05569429528619317,0.06774267268556847,2.1906879572882736e-05,0.030881900826191373,9.918915247954084e-30,0.06448927101785505,8.142663677143593e-22,0.07137342066526517,9.973681575280234e-106,0.028775405896627273,9.973681575280234e-106,0.028775405896627273,0.00891539941514548,0.061952764616651224,2.1135727607196648e-05,0.02664282738808981,6.046928321617093e-14,0.06392981919605883,1.7186861645880738e-10,0.05631720987397326,0.06501975655889995,0.10768242379980814,0.050151990025762636,0.0428984653563036
2022-01-03,0.01,0.01,0.004675450765315024,0.08655505110904249,0.004675450765315024,0.08655505110904249,0.005947383033317683,0.08604844818005791,3.290241793931639e-05,0.03613441132246754,0.46419357394198363,0.023806154599756584,0.03179132354569211,0.04410732077261239,6.104234934956354e-05,0.04978817485855345,6.104234934956354e-05,0.04978817485855345,2.2902437223949416e-09,0.04232156272675689,1.727502954549796e-05,0.03423598926655977,0.03258335345219108,0.03937543629348114,0.0016603277494564852,0.06546867180437425,0.058768401621298795,0.01,0.04744682902642752,0.02969834872604727
2022-01-04,0.01,0.01,0.004675450765315024,0.08655505110904249,0.004675450765315024,0.08655505110904249,0.005947383033317683,0.08604844818005791,3.290241793931639e-05,0.03613441132246754,0.46419357394198363,0.023806154599756584,0.03179132354569211,0.04410732077261239,6.104234934956354e-05,0.04978817485855345,6.104234934956354e-05,0.04978817485855345,2.2902437223949416e-09,0.04232156272675689,1.727502954549796e-05,0.03423598926655977,0.03258335345219108,0.03937543629348114,0.0016603277494564852,0.06546867180437425,0.058768401621298795,0.01,0.04744682902642752,0.02969834872604727
2022-01-05,0.01,0.01,0.004675450765315024,0.08655505110904249,0.004675450765315024,0.08655505110904249,0.005947383033317683,0.08604844818005791,3.290241793931639e-05,0.03613441132246754,0.46419357394198363,0.023806154599756584,0.03179132354569211,0.04410732077261239,6.104234934956354e-05,0.04978817485855345,6.104234934956354e-05,0.04978817485855345,2.2902437223949416e-09,0.04232156272675689,1.727502954549796e-05,0.03423598926655977,0.03258335345219108,0.03937543629348114,0.0016603277494564852,0.06546867180437425,0.058768401621298795,0.01,0.04744682902642752,0.02969834872604727
2022-01-06,0.01,0.01,0.004675450765315024,0.08655505110904249,0.004675450765315024,0.08655505110904249,0.005947383033317683,0.08604844818005791,3.290241793931639e-05,0.03613441132246754,0.46419357394198363,0.023806154599756584,0.03179132354569211,0.04410732077261239,6.104234934956354e-05,0.04978817485855345,6.104234934956354e-05,0.04978817485855345,2.2902437223949416e-09,0.04232156272675689,1.727502954549796e-05,0.03423598926655977,0.03258335345219108,0.03937543629348114,0.0016603277494564852,0.06546867180437425,0.058768401621298795,0.01,0.04744682902642752,0.02969834872604727
2022-01-07,0.01,0.01,0.004675450765315024,0.08655505110904249,0.004675450765315024,0.08655505110904249,0.005947383033317683,0.08604844818005791,3.290241793931639e-05,0.03613441132246754,0.46419357394198363,0.023806154599756584,0.03179132354569211,0.04410732077261239,6.104234934956354e-05,0.04978817485855345,6.104234934956354e-05,0.04978817485855345,2.2902437223949416e-09,0.04232156272675689,1.727502954549796e-05,0.03423598926655977,0.03258335345219108,0.03937543629348114,0.0016603277494564852,0.06546867180437425,0.058768401621298795,0.01,0.04744682902642752,0.02969834872604727
2022-01-10,0.01,0.01,0.004675450765315024,0.08655505110904249,0.004675450765315024,0.08655505110904249,0.005947383033317683,0.08604844818005791,3.290241793931639e-05,0.03613441132246754,0.46419357394198363,0.023806154599756584,0.03179132354569211,0.04410732077261239,6.104234934956354e-05,0.04978817485855345,6.104234934956354e-05,0.04978817485855345,2.2902437223949416e-09,0.04232156272675689,1.727502954549796e-05,0.03423598926655977,0.03258335345219108,0.03937543629348114,0.0016603277494564852,0.06546867180437425,0.058768401621298795,0.01,0.04744682902642752,0.02969834872604727
2022-01-11,0.01,0.01,0.004675450765315024,0.08655505110904249,0.004675450765315024,0.08655505110904249,0.005947383033317683,0.08604844818005791,3.290241793931639e-05,0.03613441132246754,0.46419357394198363,0.023806154599756584,0.03179132354569211,0.04410732077261239,6.104234934956354e-05,0.04978817485855345,6.104234934956354e-05,0.04978817485855345,2.2902437223949416e-09,0.04232156272675689,1.727502954549796e-05,0.03423598926655977,0.03258335345219108,0.03937543629348114,0.0016603277494564852,0.06546867180437425,0.058768401621298795,0.01,0.04744682902642752,0.02969834872604727
2022-01-12,0.01,0.01,0.004675450765315024,0.08655505110904249,0.004675450765315024,0.08655505110904249,0.005947383033317683,0.08604844818005791,3.290241793931639e-05,0.03613441132246754,0.46419357394198363,0.023806154599756584,0.03179132354569211,0.04410732077261239,6.104234934956354e-05,0.04978817485855345,6.104234934956354e-05,0.04978817485855345,2.2902437223949416e-09,0.04232156272675689,1.727502954549796e-05,0.03423598926655977,0.03258335345219108,0.03937543629348114,0.0016603277494564852,0.06546867180437425,0.058768401621298795,0.01,0.04744682902642752,0.02969834872604727
2022-01-13,0.01,0.01,0.004675450765315024,0.08655505110904249,0.004675450765315024,0.08655505110904249,0.005947383033317683,0.08604844818005791,3.290241793931639e-05,0.03613441132246754,0.46419357394198363,0.023806154599756584,0.03179132354569211,0.04410732077261239,6.104234934956354e-05,0.04978817485855345,6.104234934956354e-05,0.04978817485855345,2.2902437223949416e-09,0.04232156272675689,1.727502954549796e-05,0.03423598926655977,0.03258335345219108,0.03937543629348114,0.0016603277494564852,0.06546867180437425,0.058768401621298795,0.01,0.04744682902642752,0.02969834872604727
2022-01-14,0.01,0.01,0.004675450765315024,0.08655505110904249,0.004675450765315024,0.08655505110904249,0.005947383033317683,0.08604844818005791,3.290241793931639e-05,0.03613441132246754,0.46419357394198363,0.023806154599756584,0.03179132354569211,0.04410732077261239,6.104234934956354e-05,0.04978817485855345,6.104234934956354e-05,0.04978817485855345,2.2902437223949416e-09,0.04232156272675689,1.727502954549796e-05,0.03423598926655977,0.03258335345219108,0.03937543629348114,0.0016603277494564852,0.06546867180437425,0.058768401621298795,0.01,0.04744682902642752,0.02969834872604727
2022-01-18,0.01,0.01,0.004675450765315024,0.08655505110904249,0.004675450765315024,0.08655505110904249,0.005947383033317683,0.08604844818005791,3.290241793931639e-05,0.03613441132246754,0.46419357394198363,0.023806154599756584,0.03179132354569211,0.04410732077261239,6.104234934956354e-05,0.04978817485855345,6.104234934956354e-05,0.04978817485855345,2.2902437223949416e-09,0.04232156272675689,1.727502954549796e-05,0.03423598926655977,0.03258335345219108,0.03937543629348114,0.0016603277494564852,0.06546867180437425,0.058768401621298795,0.01,0.04744682902642752,0.02969834872604727
2022-01-19,0.01,0.01,0.004675450765315024,0.08655505110904249,0.004675450765315024,0.08655505110904249,0.005947383033317683,0.08604844818005791,3.290241793931639e-05,0.03613441132246754,0.46419357394198363,0.023806154599756584,0.03179132354569211,0.04410732077261239,6.104234934956354e-05,0.04978817485855345,6.104234934956354e-05,0.04978817485855345,2.2902437223949416e-09,0.04232156272675689,1.727502954549796e-05,0.03423598926655977,0.03258335345219108,0.03937543629348114,0.0016603277494564852,0.06546867180437425,0.058768401621298795,0.01,0.04744682902642752,0.02969834872604727
2022-01-20,0.01,0.01,0.004675450765315024,0.08655505110904249,0.004675450765315024,0.08655505110904249,0.005947383033317683,0.08604844818005791,3.290241793931639e-05,0.03613441132246754,0.46419357394198363,0.023806154599756584,0.03179132354569211,0.04410732077261239,6.104234934956354e-05,0.04978817485855345,6.104234934956354e-05,0.04978817485855345,2.2902437223949416e-09,0.04232156272675689,1.727502954549796e-05,0.03423598926655977,0.03258335345219108,0.03937543629348114,0.0016603277494564852,0.06546867180437425,0.058768401621298795,0.01,0.04744682902642752,0.02969834872604727
2022-01-21,0.01,0.01,0.004675450765315024,0.08655505110904249,0.004675450765315024,0.08655505110904249,0.005947383033317683,0.08604844818005791,3.290241793931639e-05,0.03613441132246754,0.46419357394198363,0.023806154599756584,0.03179132354569211,0.04410732077261239,6.104234934956354e-05,0.04978817485855345,6.104234934956354e-05,0.04978817485855345,2.2902437223949416e-09,0.04232156272675689,1.727502954549796e-05,0.03423598926655977,0.03258335345219108,0.03937543629348114,0.0016603277494564852,0.06546867180437425,0.058768401621298795,0.01,0.04744682902642752,0.02969834872604727
2022-01-24,0.01,0.01,0.004675450765315024,0.08655505110904249,0.004675450765315024,0.08655505110904249,0.005947383033317683,0.08604844818005791,3.290241793931639e-05,0.03613441132246754,0.46419357394198363,0.023806154599756584,0.03179132354569211,0.04410732077261239,6.104234934956354e-05,0.04978817485855345,6.104234934956354e-05,0.04978817485855345,2.2902437223949416e-09,0.04232156272675689,1.727502954549796e-05,0.03423598926655977,0.03258335345219108,0.03937543629348114,0.0016603277494564852,0.06546867180437425,0.058768401621298795,0.01,0.04744682902642752,0.02969834872604727
2022-01-25,0.01,0.01,0.004675450765315024,0.08655505110904249,0.004675450765315024,0.08655505110904249,0.005947383033317683,0.08604844818005791,3.290241793931639e-05,0.03613441132246754,0.46419357394198363,0.023806154599756584,0.03179132354569211,0.04410732077261239,6.104234934956354e-05,0.04978817485855345,6.104234934956354e-05,0.04978817485855345,2.2902437223949416e-09,0.04232156272675689,1.727502954549796e-05,0.03423598926655977,0.03258335345219108,0.03937543629348114,0.0016603277494564852,0.06546867180437425,0.058768401621298795,0.01,0.04744682902642752,0.02969834872604727
2022-01-26,0.01,0.01,0.004675450765315024,0.08655505110904249,0.004675450765315024,0.08655505110904249,0.005947383033317683,0.08604844818005791,3.290241793931639e-05,0.03613441132246754,0.46419357394198363,0.023806154599756584,0.03179132354569211,0.04410732077261239,6.104234934956354e-05,0.04978817485855345,6.104234934956354e-05,0.04978817485855345,2.2902437223949416e-09,0.04232156272675689,1.727502954549796e-05,0.03423598926655977,0.03258335345219108,0.03937543629348114,0.0016603277494564852,0.06546867180437425,0.058768401621298795,0.01,0.04744682902642752,0.02969834872604727
2022-01-27,0.01,0.01,0.004675450765315024,0.08655505110904249,0.004675450765315024,0.08655505110904249,0.005947383033317683,0.08604844818005791,3.290241793931639e-05,0.03613441132246754,0.46419357394198363,0.023806154599756584,0.03179132354569211,0.04410732077261239,6.104234934956354e-05,0.04978817485855345,6.104234934956354e-05,0.04978817485855345,2.2902437223949416e-09,0.04232156272675689,1.727502954549796e-05,0.03423598926655977,0.03258335345219108,0.03937543629348114,0.0016603277494564852,0.06546867180437425,0.058768401621298795,0.01,0.04744682902642752,0.02969834872604727
2022-01-28,0.01,0.01,0.004675450765315024,0.08655505110904249,0.004675450765315024,0.08655505110904249,0.005947383033317683,0.08604844818005791,3.290241793931639e-05,0.03613441132246754,0.46419357394198363,0.023806154599756584,0.03179132354569211,0.04410732077261239,6.104234934956354e-05,0.04978817485855345,6.104234934956354e-05,0.04978817485855345,2.2902437223949416e-09,0.04232156272675689,1.727502954549796e-05,0.03423598926655977,0.03258335345219108,0.03937543629348114,0.0016603277494564852,0.06546867180437425,0.058768401621298795,0.01,0.04744682902642752,0.02969834872604727
2022-01-31,0.01,0.01,0.004675450765315024,0.08655505110904249,0.004675450765315024,0.08655505110904249,0.005947383033317683,0.08604844818005791,3.290241793931639e-05,0.03613441132246754,0.46419357394198363,0.023806154599756584,0.03179132354569211,0.04410732077261239,6.104234934956354e-05,0.04978817485855345,6.104234934956354e-05,0.04978817485855345,2.2902437223949416e-09,0.04232156272675689,1.727502954549796e-05,0.03423598926655977,0.03258335345219108,0.03937543629348114,0.0016603277494564852,0.06546867180437425,0.058768401621298795,0.01,0.04744682902642752,0.02969834872604727
2022-02-01,0.01,0.01,0.004675450765315024,0.08655505110904249,0.004675450765315024,0.08655505110904249,0.005947383033317683,0.08604844818005791,3.290241793931639e-05,0.03613441132246754,0.46419357394198363,0.023806154599756584,0.03179132354569211,0.04410732077261239,6.104234934956354e-05,0.04978817485855345,6.104234934956354e-05,0.04978817485855345,2.2902437223949416e-09,0.04232156272675689,1.727502954549796e-05,0.03423598926655977,0.03258335345219108,0.03937543629348114,0.0016603277494564852,0.06546867180437425,0.058768401621298795,0.01,0.04744682902642752,0.02969834872604727
2022-02-02,0.01,0.01,0.004675450765315024,0.08655505110904249,0.004675450765315024,0.08655505110904249,0.005947383033317683,0.08604844818005791,3.290241793931639e-05,0.03613441132246754,0.46419357394198363,0.023806154599756584,0.03179132354569211,0.04410732077261239,6.104234934956354e-05,0.04978817485855345,6.104234934956354e-05,0.04978817485855345,2.2902437223949416e-09,0.04232156272675689,1.727502954549796e-05,0.03423598926655977,0.03258335345219108,0.03937543629348114,0.0016603277494564852,0.06546867180437425,0.058768401621298795,0.01,0.04744682902642752,0.02969834872604727
2022-02-03,0.01,0.01,0.004675450765315024,0.08655505110904249,0.004675450765315024,0.08655505110904249,0.005947383033317683,0.08604844818005791,3.290241793931639e-05,0.03613441132246754,0.46419357394198363,0.023806154599756584,0.03179132354569211,0.04410732077261239,6.104234934956354e-05,0.04978817485855345,6.104234934956354e-05,0.04978817485855345,2.2902437223949416e-09,0.04232156272675689,1.727502954549796e-05,0.03423598926655977,0.03258335345219108,0.03937543629348114,0.0016603277494564852,0.06546867180437425,0.058768401621298795,0.01,0.04744682902642752,0.02969834872604727
2022-02-04,0.01,0.01,0.004675450765315024,0.08655505110904249,0.004675450765315024,0.08655505110904249,0.005947383033317683,0.08604844818005791,3.290241793931639e-05,0.03613441132246754,0.46419357394198363,0.023806154599756584,0.03179132354569211,0.04410732077261239,6.104234934956354e-05,0.04978817485855345,6.104234934956354e-05,0.04978817485855345,2.2902437223949416e-09,0.04232156272675689,1.727502954549796e-05,0.03423598926655977,0.03258335345219108,0.03937543629348114,0.0016603277494564852,0.06546867180437425,0.058768401621298795,0.01,0.04744682902642752,0.02969834872604727
2022-02-07,0.01,0.01,0.004675450765315024,0.08655505110904249,0.004675450765315024,0.08655505110904249,0.005947383033317683,0.08604844818005791,3.290241793931639e-05,0.03613441132246754,0.46419357394198363,0.023806154599756584,0.03179132354569211,0.04410732077261239,6.104234934956354e-05,0.04978817485855345,6.104234934956354e-05,0.04978817485855345,2.2902437223949416e-09,0.04232156272675689,1.727502954549796e-05,0.03423598926655977,0.03258335345219108,0.03937543629348114,0.0016603277494564852,0.06546867180437425,0.058768401621298795,0.01,0.04744682902642752,0.02969834872604727
2022-02-08,0.01,0.01,0.004675450765315024,0.08655505110904249,0.004675450765315024,0.08655505110904249,0.005947383033317683,0.08604844818005791,3.290241793931639e-05,0.03613441132246754,0.46419357394198363,0.023806154599756584,0.03179132354569211,0.04410732077261239,6.104234934956354e-05,0.04978817485855345,6.104234934956354e-05,0.04978817485855345,2.2902437223949416e-09,0.04232156272675689,1.727502954549796e-05,0.03423598926655977,0.03258335345219108,0.03937543629348114,0.0016603277494564852,0.06546867180437425,0.058768401621298795,0.01,0.04744682902642752,0.02969834872604727
2022-02-09,0.01,0.01,0.004675450765315024,0.08655505110904249,0.004675450765315024,0.08655505110904249,0.005947383033317683,0.08604844818005791,3.290241793931639e-05,0.03613441132246754,0.46419357394198363,0.023806154599756584,0.03179132354569211,0.04410732077261239,6.104234934956354e-05,0.04978817485855345,6.104234934956354e-05,0.04978817485855345,2.2902437223949416e-09,0.04232156272675689,1.727502954549796e-05,0.03423598926655977,0.03258335345219108,0.03937543629348114,0.0016603277494564852,0.06546867180437425,0.058768401621298795,0.01,0.04744682902642752,0.02969834872604727
2022-02-10,0.01,0.01,0.004675450765315024,0.08655505110904249,0.004675450765315024,0.08655505110904249,0.005947383033317683,0.08604844818005791,3.290241793931639e-05,0.03613441132246754,0.46419357394198363,0.023806154599756584,0.03179132354569211,0.04410732077261239,6.104234934956354e-05,0.04978817485855345,6.104234934956354e-05,0.04978817485855345,2.2902437223949416e-09,0.04232156272675689,1.727502954549796e-05,0.03423598926655977,0.03258335345219108,0.03937543629348114,0.0016603277494564852,0.06546867180437425,0.058768401621298795,0.01,0.04744682902642752,0.02969834872604727
2022-02-11,0.01,0.01,0.004675450765315024,0.08655505110904249,0.004675450765315024,0.08655505110904249,0.005947383033317683,0.08604844818005791,3.290241793931639e-05,0.03613441132246754,0.46419357394198363,0.023806154599756584,0.03179132354569211,0.04410732077261239,6.104234934956354e-05,0.04978817485855345,6.104234934956354e-05,0.04978817485855345,2.2902437223949416e-09,0.04232156272675689,1.727502954549796e-05,0.03423598926655977,0.03258335345219108,0.03937543629348114,0.0016603277494564852,0.06546867180437425,0.058768401621298795,0.01,0.04744682902642752,0.02969834872604727
2022-02-14,0.01,0.01,0.004675450765315024,0.08655505110904249,0.004675450765315024,0.08655505110904249,0.005947383033317683,0.08604844818005791,3.290241793931639e-05,0.03613441132246754,0.46419357394198363,0.023806154599756584,0.03179132354569211,0.04410732077261239,6.104234934956354e-05,0.04978817485855345,6.104234934956354e-05,0.04978817485855345,2.2902437223949416e-09,0.04232156272675689,1.727502954549796e-05,0.03423598926655977,0.03258335345219108,0.03937543629348114,0.0016603277494564852,0.06546867180437425,0.058768401621298795,0.01,0.04744682902642752,0.02969834872604727
2022-02-15,0.01,0.01,0.004675450765315024,0.08655505110904249,0.004675450765315024,0.08655505110904249,0.005947383033317683,0.08604844818005791,3.290241793931639e-05,0.03613441132246754,0.46419357394198363,0.023806154599756584,0.03179132354569211,0.04410732077261239,6.104234934956354e-05,0.04978817485855345,6.104234934956354e-05,0.04978817485855345,2.2902437223949416e-09,0.04232156272675689,1.727502954549796e-05,0.03423598926655977,0.03258335345219108,0.03937543629348114,0.0016603277494564852,0.06546867180437425,0.058768401621298795,0.01,0.04744682902642752,0.02969834872604727
2022-02-16,0.01,0.01,0.004675450765315024,0.08655505110904249,0.004675450765315024,0.08655505110904249,0.005947383033317683,0.08604844818005791,3.290241793931639e-05,0.03613441132246754,0.46419357394198363,0.023806154599756584,0.03179132354569211,0.04410732077261239,6.104234934956354e-05,0.04978817485855345,6.104234934956354e-05,0.04978817485855345,2.2902437223949416e-09,0.04232156272675689,1.727502954549796e-05,0.03423598926655977,0.03258335345219108,0.03937543629348114,0.0016603277494564852,0.06546867180437425,0.058768401621298795,0.01,0.04744682902642752,0.02969834872604727
2022-02-17,0.01,0.01,0.004675450765315024,0.08655505110904249,0.004675450765315024,0.08655505110904249,0.005947383033317683,0.08604844818005791,3.290241793931639e-05,0.03613441132246754,0.46419357394198363,0.023806154599756584,0.03179132354569211,0.04410732077261239,6.104234934956354e-05,0.04978817485855345,6.104234934956354e-05,0.04978817485855345,2.2902437223949416e-09,0.04232156272675689,1.727502954549796e-05,0.03423598926655977,0.03258335345219108,0.03937543629348114,0.0016603277494564852,0.06546867180437425,0.058768401621298795,0.01,0.04744682902642752,0.02969834872604727
2022-02-18,0.01,0.01,0.004675450765315024,0.08655505110904249,0.004675450765315024,0.08655505110904249,0.005947383033317683,0.08604844818005791,3.290241793931639e-05,0.03613441132246754,0.46419357394198363,0.023806154599756584,0.03179132354569211,0.04410732077261239,6.104234934956354e-05,0.04978817485855345,6.104234934956354e-05,0.04978817485855345,2.2902437223949416e-09,0.04232156272675689,1.727502954549796e-05,0.03423598926655977,0.03258335345219108,0.03937543629348114,0.0016603277494564852,0.06546867180437425,0.058768401621298795,0.01,0.04744682902642752,0.02969834872604727
2022-02-22,0.01,0.01,0.004675450765315024,0.08655505110904249,0.004675450765315024,0.08655505110904249,0.005947383033317683,0.08604844818005791,3.290241793931639e-05,0.03613441132246754,0.46419357394198363,0.023806154599756584,0.03179132354569211,0.04410732077261239,6.104234934956354e-05,0.04978817485855345,6.104234934956354e-05,0.04978817485855345,2.2902437223949416e-09,0.04232156272675689,1.727502954549796e-05,0.03423598926655977,0.03258335345219108,0.03937543629348114,0.0016603277494564852,0.06546867180437425,0.058768401621298795,0.01,0.04744682902642752,0.02969834872604727
2022-02-23,0.01,0.01,0.004675450765315024,0.08655505110904249,0.004675450765315024,0.08655505110904249,0.005947383033317683,0.08604844818005791,3.290241793931639e-05,0.03613441132246754,0.46419357394198363,0.023806154599756584,0.03179132354569211,0.04410732077261239,6.104234934956354e-05,0.04978817485855345,6.104234934956354e-05,0.04978817485855345,2.2902437223949416e-09,0.04232156272675689,1.727502954549796e-05,0.03423598926655977,0.03258335345219108,0.03937543629348114,0.0016603277494564852,0.06546867180437425,0.058768401621298795,0.01,0.04744682902642752,0.02969834872604727
2022-02-24,0.01,0.01,0.004675450765315024,0.08655505110904249,0.004675450765315024,0.08655505110904249,0.005947383033317683,0.08604844818005791,3.290241793931639e-05,0.03613441132246754,0.46419357394198363,0.023806154599756584,0.03179132354569211,0.04410732077261239,6.104234934956354e-05,0.04978817485855345,6.104234934956354e-05,0.04978817485855345,2.2902437223949416e-09,0.04232156272675689,1.727502954549796e-05,0.03423598926655977,0.03258335345219108,0.03937543629348114,0.0016603277494564852,0.06546867180437425,0.058768401621298795,0.01,0.04744682902642752,0.02969834872604727
2022-02-25,0.01,0.01,0.004675450765315024,0.08655505110904249,0.004675450765315024,0.08655505110904249,0.005947383033317683,0.08604844818005791,3.290241793931639e-05,0.03613441132246754,0.46419357394198363,0.023806154599756584,0.03179132354569211,0.04410732077261239,6.104234934956354e-05,0.04978817485855345,6.104234934956354e-05,0.04978817485855345,2.2902437223949416e-09,0.04232156272675689,1.727502954549796e-05,0.03423598926655977,0.03258335345219108,0.03937543629348114,0.0016603277494564852,0.06546867180437425,0.058768401621298795,0.01,0.04744682902642752,0.02969834872604727
2022-02-28,0.01,0.01,0.004675450765315024,0.08655505110904249,0.004675450765315024,0.08655505110904249,0.005947383033317683,0.08604844818005791,3.290241793931639e-05,0.03613441132246754,0.46419357394198363,0.023806154599756584,0.03179132354569211,0.04410732077261239,6.104234934956354e-05,0.04978817485855345,6.104234934956354e-05,0.04978817485855345,2.2902437223949416e-09,0.04232156272675689,1.727502954549796e-05,0.03423598926655977,0.03258335345219108,0.03937543629348114,0.0016603277494564852,0.06546867180437425,0.058768401621298795,0.01,0.04744682902642752,0.02969834872604727
2022-03-01,0.01,0.01,0.004675450765315024,0.08655505110904249,0.004675450765315024,0.08655505110904249,0.005947383033317683,0.08604844818005791,3.290241793931639e-05,0.03613441132246754,0.46419357394198363,0.023806154599756584,0.03179132354569211,0.04410732077261239,6.104234934956354e-05,0.04978817485855345,6.104234934956354e-05,0.04978817485855345,2.2902437223949416e-09,0.04232156272675689,1.727502954549796e-05,0.03423598926655977,0.03258335345219108,0.03937543629348114,0.0016603277494564852,0.06546867180437425,0.058768401621298795,0.01,0.04744682902642752,0.02969834872604727
2022-03-02,0.01,0.01,0.004675450765315024,0.08655505110904249,0.004675450765315024,0.08655505110904249,0.005947383033317683,0.08604844818005791,3.290241793931639e-05,0.03613441132246754,0.46419357394198363,0.023806154599756584,0.03179132354569211,0.04410732077261239,6.104234934956354e-05,0.04978817485855345,6.104234934956354e-05,0.04978817485855345,2.2902437223949416e-09,0.04232156272675689,1.727502954549796e-05,0.03423598926655977,0.03258335345219108,0.03937543629348114,0.0016603277494564852,0.06546867180437425,0.058768401621298795,0.01,0.04744682902642752,0.02969834872604727
2022-03-03,0.01,0.01,0.004675450765315024,0.08655505110904249,0.004675450765315024,0.08655505110904249,0.005947383033317683,0.08604844818005791,3.290241793931639e-05,0.03613441132246754,0.46419357394198363,0.023806154599756584,0.03179132354569211,0.04410732077261239,6.104234934956354e-05,0.04978817485855345,6.104234934956354e-05,0.04978817485855345,2.2902437223949416e-09,0.04232156272675689,1.727502954549796e-05,0.03423598926655977,0.03258335345219108,0.03937543629348114,0.0016603277494564852,0.06546867180437425,0.058768401621298795,0.01,0.04744682902642752,0.02969834872604727
2022-03-04,0.01,0.01,0.004675450765315024,0.08655505110904249,0.004675450765315024,0.08655505110904249,0.005947383033317683,0.08604844818005791,3.290241793931639e-05,0.03613441132246754,0.46419357394198363,0.023806154599756584,0.03179132354569211,0.04410732077261239,6.104234934956354e-05,0.04978817485855345,6.104234934956354e-05,0.04978817485855345,2.2902437223949416e-09,0.04232156272675689,1.727502954549796e-05,0.03423598926655977,0.03258335345219108,0.03937543629348114,0.0016603277494564852,0.06546867180437425,0.058768401621298795,0.01,0.04744682902642752,0.02969834872604727
2022-03-07,0.01,0.01,0.004675450765315024,0.08655505110904249,0.004675450765315024,0.08655505110904249,0.005947383033317683,0.08604844818005791,3.290241793931639e-05,0.03613441132246754,0.46419357394198363,0.023806154599756584,0.03179132354569211,0.04410732077261239,6.104234934956354e-05,0.04978817485855345,6.104234934956354e-05,0.04978817485855345,2.2902437223949416e-09,0.04232156272675689,1.727502954549796e-05,0.03423598926655977,0.03258335345219108,0.03937543629348114,0.0016603277494564852,0.06546867180437425,0.058768401621298795,0.01,0.04744682902642752,0.02969834872604727
2022-03-08,0.01,0.01,0.004675450765315024,0.08655505110904249,0.004675450765315024,0.08655505110904249,0.005947383033317683,0.08604844818005791,3.290241793931639e-05,0.03613441132246754,0.46419357394198363,0.023806154599756584,0.03179132354569211,0.04410732077261239,6.104234934956354e-05,0.04978817485855345,6.104234934956354e-05,0.04978817485855345,2.2902437223949416e-09,0.04232156272675689,1.727502954549796e-05,0.03423598926655977,0.03258335345219108,0.03937543629348114,0.0016603277494564852,0.06546867180437425,0.058768401621298795,0.01,0.04744682902642752,0.02969834872604727
2022-03-09,0.01,0.01,0.004675450765315024,0.08655505110904249,0.004675450765315024,0.08655505110904249,0.005947383033317683,0.08604844818005791,3.290241793931639e-05,0.03613441132246754,0.46419357394198363,0.023806154599756584,0.03179132354569211,0.04410732077261239,6.104234934956354e-05,0.04978817485855345,6.104234934956354e-05,0.04978817485855345,2.2902437223949416e-09,0.04232156272675689,1.727502954549796e-05,0.03423598926655977,0.03258335345219108,0.03937543629348114,0.0016603277494564852,0.06546867180437425,0.058768401621298795,0.01,0.04744682902642752,0.02969834872604727
2022-03-10,0.01,0.01,0.004675450765315024,0.08655505110904249,0.004675450765315024,0.08655505110904249,0.005947383033317683,0.08604844818005791,3.290241793931639e-05,0.03613441132246754,0.46419357394198363,0.023806154599756584,0.03179132354569211,0.04410732077261239,6.104234934956354e-05,0.04978817485855345,6.104234934956354e-05,0.04978817485855345,2.2902437223949416e-09,0.04232156272675689,1.727502954549796e-05,0.03423598926655977,0.03258335345219108,0.03937543629348114,0.0016603277494564852,0.06546867180437425,0.058768401621298795,0.01,0.04744682902642752,0.02969834872604727
2022-03-11,0.01,0.01,0.004675450765315024,0.08655505110904249,0.004675450765315024,0.08655505110904249,0.005947383033317683,0.08604844818005791,3.290241793931639e-05,0.03613441132246754,0.46419357394198363,0.023806154599756584,0.03179132354569211,0.04410732077261239,6.104234934956354e-05,0.04978817485855345,6.104234934956354e-05,0.04978817485855345,2.2902437223949416e-09,0.04232156272675689,1.727502954549796e-05,0.03423598926655977,0.03258335345219108,0.03937543629348114,0.0016603277494564852,0.06546867180437425,0.058768401621298795,0.01,0.04744682902642752,0.02969834872604727
2022-03-14,0.01,0.01,0.004675450765315024,0.08655505110904249,0.004675450765315024,0.08655505110904249,0.005947383033317683,0.08604844818005791,3.290241793931639e-05,0.03613441132246754,0.46419357394198363,0.023806154599756584,0.03179132354569211,0.04410732077261239,6.104234934956354e-05,0.04978817485855345,6.104234934956354e-05,0.04978817485855345,2.2902437223949416e-09,0.04232156272675689,1.727502954549796e-05,0.03423598926655977,0.03258335345219108,0.03937543629348114,0.0016603277494564852,0.06546867180437425,0.058768401621298795,0.01,0.04744682902642752,0.02969834872604727
2022-03-15,0.01,0.01,0.004675450765315024,0.08655505110904249,0.004675450765315024,0.08655505110904249,0.005947383033317683,0.08604844818005791,3.290241793931639e-05,0.03613441132246754,0.46419357394198363,0.023806154599756584,0.03179132354569211,0.04410732077261239,6.104234934956354e-05,0.04978817485855345,6.104234934956354e-05,0.04978817485855345,2.2902437223949416e-09,0.04232156272675689,1.727502954549796e-05,0.03423598926655977,0.03258335345219108,0.03937543629348114,0.0016603277494564852,0.06546867180437425,0.058768401621298795,0.01,0.04744682902642752,0.02969834872604727
2022-03-16,0.01,0.01,0.004675450765315024,0.08655505110904249,0.004675450765315024,0.08655505110904249,0.005947383033317683,0.08604844818005791,3.290241793931639e-05,0.03613441132246754,0.46419357394198363,0.023806154599756584,0.03179132354569211,0.04410732077261239,6.104234934956354e-05,0.04978817485855345,6.104234934956354e-05,0.04978817485855345,2.2902437223949416e-09,0.04232156272675689,1.727502954549796e-05,0.03423598926655977,0.03258335345219108,0.03937543629348114,0.0016603277494564852,0.06546867180437425,0.058768401621298795,0.01,0.04744682902642752,0.02969834872604727
2022-03-17,0.01,0.01,0.004675450765315024,0.08655505110904249,0.004675450765315024,0.08655505110904249,0.005947383033317683,0.08604844818005791,3.290241793931639e-05,0.03613441132246754,0.46419357394198363,0.023806154599756584,0.03179132354569211,0.04410732077261239,6.104234934956354e-05,0.04978817485855345,6.104234934956354e-05,0.04978817485855345,2.2902437223949416e-09,0.04232156272675689,1.727502954549796e-05,0.03423598926655977,0.03258335345219108,0.03937543629348114,0.0016603277494564852,0.06546867180437425,0.058768401621298795,0.01,0.04744682902642752,0.02969834872604727
2022-03-18,0.01,0.01,0.004675450765315024,0.08655505110904249,0.004675450765315024,0.08655505110904249,0.005947383033317683,0.08604844818005791,3.290241793931639e-05,0.03613441132246754,0.46419357394198363,0.023806154599756584,0.03179132354569211,0.04410732077261239,6.104234934956354e-05,0.04978817485855345,6.104234934956354e-05,0.04978817485855345,2.2902437223949416e-09,0.04232156272675689,1.727502954549796e-05,0.03423598926655977,0.03258335345219108,0.03937543629348114,0.0016603277494564852,0.06546867180437425,0.058768401621298795,0.01,0.04744682902642752,0.02969834872604727
2022-03-21,0.01,0.01,0.004675450765315024,0.08655505110904249,0.004675450765315024,0.08655505110904249,0.005947383033317683,0.08604844818005791,3.290241793931639e-05,0.03613441132246754,0.46419357394198363,0.023806154599756584,0.03179132354569211,0.04410732077261239,6.104234934956354e-05,0.04978817485855345,6.104234934956354e-05,0.04978817485855345,2.2902437223949416e-09,0.04232156272675689,1.727502954549796e-05,0.03423598926655977,0.03258335345219108,0.03937543629348114,0.0016603277494564852,0.06546867180437425,0.058768401621298795,0.01,0.04744682902642752,0.02969834872604727
2022-03-22,0.01,0.01,0.004675450765315024,0.08655505110904249,0.004675450765315024,0.08655505110904249,0.005947383033317683,0.08604844818005791,3.290241793931639e-05,0.03613441132246754,0.46419357394198363,0.023806154599756584,0.03179132354569211,0.04410732077261239,6.104234934956354e-05,0.04978817485855345,6.104234934956354e-05,0.04978817485855345,2.2902437223949416e-09,0.04232156272675689,1.727502954549796e-05,0.03423598926655977,0.03258335345219108,0.03937543629348114,0.0016603277494564852,0.06546867180437425,0.058768401621298795,0.01,0.04744682902642752,0.02969834872604727
2022-03-23,0.01,0.01,0.004675450765315024,0.08655505110904249,0.004675450765315024,0.08655505110904249,0.005947383033317683,0.08604844818005791,3.290241793931639e-05,0.03613441132246754,0.46419357394198363,0.023806154599756584,0.03179132354569211,0.04410732077261239,6.104234934956354e-05,0.04978817485855345,6.104234934956354e-05,0.04978817485855345,2.2902437223949416e-09,0.04232156272675689,1.727502954549796e-05,0.03423598926655977,0.03258335345219108,0.03937543629348114,0.0016603277494564852,0.06546867180437425,0.058768401621298795,0.01,0.04744682902642752,0.02969834872604727
2022-03-24,0.01,0.01,0.004675450765315024,0.08655505110904249,0.004675450765315024,0.08655505110904249,0.005947383033317683,0.08604844818005791,3.290241793931639e-05,0.03613441132246754,0.46419357394198363,0.023806154599756584,0.03179132354569211,0.04410732077261239,6.104234934956354e-05,0.04978817485855345,6.104234934956354e-05,0.04978817485855345,2.2902437223949416e-09,0.04232156272675689,1.727502954549796e-05,0.03423598926655977,0.03258335345219108,0.03937543629348114,0.0016603277494564852,0.06546867180437425,0.058768401621298795,0.01,0.04744682902642752,0.02969834872604727
2022-03-25,0.01,0.01,0.004675450765315024,0.08655505110904249,0.004675450765315024,0.08655505110904249,0.005947383033317683,0.08604844818005791,3.290241793931639e-05,0.03613441132246754,0.46419357394198363,0.023806154599756584,0.03179132354569211,0.04410732077261239,6.104234934956354e-05,0.04978817485855345,6.104234934956354e-05,0.04978817485855345,2.2902437223949416e-09,0.04232156272675689,1.727502954549796e-05,0.03423598926655977,0.03258335345219108,0.03937543629348114,0.0016603277494564852,0.06546867180437425,0.058768401621298795,0.01,0.04744682902642752,0.02969834872604727
2022-03-28,0.01,0.01,0.004675450765315024,0.08655505110904249,0.004675450765315024,0.08655505110904249,0.005947383033317683,0.08604844818005791,3.290241793931639e-05,0.03613441132246754,0.46419357394198363,0.023806154599756584,0.03179132354569211,0.04410732077261239,6.104234934956354e-05,0.04978817485855345,6.104234934956354e-05,0.04978817485855345,2.2902437223949416e-09,0.04232156272675689,1.727502954549796e-05,0.03423598926655977,0.03258335345219108,0.03937543629348114,0.0016603277494564852,0.06546867180437425,0.058768401621298795,0.01,0.04744682902642752,0.02969834872604727
2022-03-29,0.01,0.01,0.004675450765315024,0.08655505110904249,0.004675450765315024,0.08655505110904249,0.005947383033317683,0.08604844818005791,3.290241793931639e-05,0.03613441132246754,0.46419357394198363,0.023806154599756584,0.03179132354569211,0.04410732077261239,6.104234934956354e-05,0.04978817485855345,6.104234934956354e-05,0.04978817485855345,2.2902437223949416e-09,0.04232156272675689,1.727502954549796e-05,0.03423598926655977,0.03258335345219108,0.03937543629348114,0.0016603277494564852,0.06546867180437425,0.058768401621298795,0.01,0.04744682902642752,0.02969834872604727
2022-03-30,0.01,0.01,0.004675450765315024,0.08655505110904249,0.004675450765315024,0.08655505110904249,0.005947383033317683,0.08604844818005791,3.290241793931639e-05,0.03613441132246754,0.46419357394198363,0.023806154599756584,0.03179132354569211,0.04410732077261239,6.104234934956354e-05,0.04978817485855345,6.104234934956354e-05,0.04978817485855345,2.2902437223949416e-09,0.04232156272675689,1.727502954549796e-05,0.03423598926655977,0.03258335345219108,0.03937543629348114,0.0016603277494564852,0.06546867180437425,0.058768401621298795,0.01,0.04744682902642752,0.02969834872604727
2022-03-31,0.01,0.01,0.004675450765315024,0.08655505110904249,0.004675450765315024,0.08655505110904249,0.005947383033317683,0.08604844818005791,3.290241793931639e-05,0.03613441132246754,0.46419357394198363,0.023806154599756584,0.03179132354569211,0.04410732077261239,6.104234934956354e-05,0.04978817485855345,6.104234934956354e-05,0.04978817485855345,2.2902437223949416e-09,0.04232156272675689,1.727502954549796e-05,0.03423598926655977,0.03258335345219108,0.03937543629348114,0.0016603277494564852,0.06546867180437425,0.058768401621298795,0.01,0.04744682902642752,0.02969834872604727
2022-04-01,0.01,0.01,0.004675450765315024,0.08655505110904249,0.004675450765315024,0.08655505110904249,0.005947383033317683,0.08604844818005791,3.290241793931639e-05,0.03613441132246754,0.46419357394198363,0.023806154599756584,0.03179132354569211,0.04410732077261239,6.104234934956354e-05,0.04978817485855345,6.104234934956354e-05,0.04978817485855345,2.2902437223949416e-09,0.04232156272675689,1.727502954549796e-05,0.03423598926655977,0.03258335345219108,0.03937543629348114,0.0016603277494564852,0.06546867180437425,0.058768401621298795,0.01,0.04744682902642752,0.02969834872604727
2022-04-04,0.01,0.01,0.004675450765315024,0.08655505110904249,0.004675450765315024,0.08655505110904249,0.005947383033317683,0.08604844818005791,3.290241793931639e-05,0.03613441132246754,0.46419357394198363,0.023806154599756584,0.03179132354569211,0.04410732077261239,6.104234934956354e-05,0.04978817485855345,6.104234934956354e-05,0.04978817485855345,2.2902437223949416e-09,0.04232156272675689,1.727502954549796e-05,0.03423598926655977,0.03258335345219108,0.03937543629348114,0.0016603277494564852,0.06546867180437425,0.058768401621298795,0.01,0.04744682902642752,0.02969834872604727
2022-04-05,0.01,0.01,0.004675450765315024,0.08655505110904249,0.004675450765315024,0.08655505110904249,0.005947383033317683,0.08604844818005791,3.290241793931639e-05,0.03613441132246754,0.46419357394198363,0.023806154599756584,0.03179132354569211,0.04410732077261239,6.104234934956354e-05,0.04978817485855345,6.104234934956354e-05,0.04978817485855345,2.2902437223949416e-09,0.04232156272675689,1.727502954549796e-05,0.03423598926655977,0.03258335345219108,0.03937543629348114,0.0016603277494564852,0.06546867180437425,0.058768401621298795,0.01,0.04744682902642752,0.02969834872604727
2022-04-06,0.01,0.01,0.004675450765315024,0.08655505110904249,0.004675450765315024,0.08655505110904249,0.005947383033317683,0.08604844818005791,3.290241793931639e-05,0.03613441132246754,0.46419357394198363,0.023806154599756584,0.03179132354569211,0.04410732077261239,6.104234934956354e-05,0.04978817485855345,6.104234934956354e-05,0.04978817485855345,2.2902437223949416e-09,0.04232156272675689,1.727502954549796e-05,0.03423598926655977,0.03258335345219108,0.03937543629348114,0.0016603277494564852,0.06546867180437425,0.058768401621298795,0.01,0.04744682902642752,0.02969834872604727
2022-04-07,0.01,0.01,0.004675450765315024,0.08655505110904249,0.004675450765315024,0.08655505110904249,0.005947383033317683,0.08604844818005791,3.290241793931639e-05,0.03613441132246754,0.46419357394198363,0.023806154599756584,0.03179132354569211,0.04410732077261239,6.104234934956354e-05,0.04978817485855345,6.104234934956354e-05,0.04978817485855345,2.2902437223949416e-09,0.04232156272675689,1.727502954549796e-05,0.03423598926655977,0.03258335345219108,0.03937543629348114,0.0016603277494564852,0.06546867180437425,0.058768401621298795,0.01,0.04744682902642752,0.02969834872604727
2022-04-08,0.01,0.01,0.004675450765315024,0.08655505110904249,0.004675450765315024,0.08655505110904249,0.005947383033317683,0.08604844818005791,3.290241793931639e-05,0.03613441132246754,0.46419357394198363,0.023806154599756584,0.03179132354569211,0.04410732077261239,6.104234934956354e-05,0.04978817485855345,6.104234934956354e-05,0.04978817485855345,2.2902437223949416e-09,0.04232156272675689,1.727502954549796e-05,0.03423598926655977,0.03258335345219108,0.03937543629348114,0.0016603277494564852,0.06546867180437425,0.058768401621298795,0.01,0.04744682902642752,0.02969834872604727
2022-04-11,0.01,0.01,0.004675450765315024,0.08655505110904249,0.004675450765315024,0.08655505110904249,0.005947383033317683,0.08604844818005791,3.290241793931639e-05,0.03613441132246754,0.46419357394198363,0.023806154599756584,0.03179132354569211,0.04410732077261239,6.104234934956354e-05,0.04978817485855345,6.104234934956354e-05,0.04978817485855345,2.2902437223949416e-09,0.04232156272675689,1.727502954549796e-05,0.03423598926655977,0.03258335345219108,0.03937543629348114,0.0016603277494564852,0.06546867180437425,0.058768401621298795,0.01,0.04744682902642752,0.02969834872604727
2022-04-12,0.01,0.01,0.004675450765315024,0.08655505110904249,0.004675450765315024,0.08655505110904249,0.005947383033317683,0.08604844818005791,3.290241793931639e-05,0.03613441132246754,0.46419357394198363,0.023806154599756584,0.03179132354569211,0.04410732077261239,6.104234934956354e-05,0.04978817485855345,6.104234934956354e-05,0.04978817485855345,2.2902437223949416e-09,0.04232156272675689,1.727502954549796e-05,0.03423598926655977,0.03258335345219108,0.03937543629348114,0.0016603277494564852,0.06546867180437425,0.058768401621298795,0.01,0.04744682902642752,0.02969834872604727
2022-04-13,0.01,0.01,0.004675450765315024,0.08655505110904249,0.004675450765315024,0.08655505110904249,0.005947383033317683,0.08604844818005791,3.290241793931639e-05,0.03613441132246754,0.46419357394198363,0.023806154599756584,0.03179132354569211,0.04410732077261239,6.104234934956354e-05,0.04978817485855345,6.104234934956354e-05,0.04978817485855345,2.2902437223949416e-09,0.04232156272675689,1.727502954549796e-05,0.03423598926655977,0.03258335345219108,0.03937543629348114,0.0016603277494564852,0.06546867180437425,0.058768401621298795,0.01,0.04744682902642752,0.02969834872604727
2022-04-14,0.01,0.01,0.004675450765315024,0.08655505110904249,0.004675450765315024,0.08655505110904249,0.005947383033317683,0.08604844818005791,3.290241793931639e-05,0.03613441132246754,0.46419357394198363,0.023806154599756584,0.03179132354569211,0.04410732077261239,6.104234934956354e-05,0.04978817485855345,6.104234934956354e-05,0.04978817485855345,2.2902437223949416e-09,0.04232156272675689,1.727502954549796e-05,0.03423598926655977,0.03258335345219108,0.03937543629348114,0.0016603277494564852,0.06546867180437425,0.058768401621298795,0.01,0.04744682902642752,0.02969834872604727
2022-04-18,0.01,0.01,0.004675450765315024,0.08655505110904249,0.004675450765315024,0.08655505110904249,0.005947383033317683,0.08604844818005791,3.290241793931639e-05,0.03613441132246754,0.46419357394198363,0.023806154599756584,0.03179132354569211,0.04410732077261239,6.104234934956354e-05,0.04978817485855345,6.104234934956354e-05,0.04978817485855345,2.2902437223949416e-09,0.04232156272675689,1.727502954549796e-05,0.03423598926655977,0.03258335345219108,0.03937543629348114,0.0016603277494564852,0.06546867180437425,0.058768401621298795,0.01,0.04744682902642752,0.02969834872604727
2022-04-19,0.01,0.01,0.004675450765315024,0.08655505110904249,0.004675450765315024,0.08655505110904249,0.005947383033317683,0.08604844818005791,3.290241793931639e-05,0.03613441132246754,0.46419357394198363,0.023806154599756584,0.03179132354569211,0.04410732077261239,6.104234934956354e-05,0.04978817485855345,6.104234934956354e-05,0.04978817485855345,2.2902437223949416e-09,0.04232156272675689,1.727502954549796e-05,0.03423598926655977,0.03258335345219108,0.03937543629348114,0.0016603277494564852,0.06546867180437425,0.058768401621298795,0.01,0.04744682902642752,0.02969834872604727
2022-04-20,0.01,0.01,0.004675450765315024,0.08655505110904249,0.004675450765315024,0.08655505110904249,0.005947383033317683,0.08604844818005791,3.290241793931639e-05,0.03613441132246754,0.46419357394198363,0.023806154599756584,0.03179132354569211,0.04410732077261239,6.104234934956354e-05,0.04978817485855345,6.104234934956354e-05,0.04978817485855345,2.2902437223949416e-09,0.04232156272675689,1.727502954549796e-05,0.03423598926655977,0.03258335345219108,0.03937543629348114,0.0016603277494564852,0.06546867180437425,0.058768401621298795,0.01,0.04744682902642752,0.02969834872604727
2022-04-21,0.01,0.01,0.004675450765315024,0.08655505110904249,0.004675450765315024,0.08655505110904249,0.005947383033317683,0.08604844818005791,3.290241793931639e-05,0.03613441132246754,0.46419357394198363,0.023806154599756584,0.03179132354569211,0.04410732077261239,6.104234934956354e-05,0.04978817485855345,6.104234934956354e-05,0.04978817485855345,2.2902437223949416e-09,0.04232156272675689,1.727502954549796e-05,0.03423598926655977,0.03258335345219108,0.03937543629348114,0.0016603277494564852,0.06546867180437425,0.058768401621298795,0.01,0.04744682902642752,0.02969834872604727
2022-04-22,0.01,0.01,0.004675450765315024,0.08655505110904249,0.004675450765315024,0.08655505110904249,0.005947383033317683,0.08604844818005791,3.290241793931639e-05,0.03613441132246754,0.46419357394198363,0.023806154599756584,0.03179132354569211,0.04410732077261239,6.104234934956354e-05,0.04978817485855345,6.104234934956354e-05,0.04978817485855345,2.2902437223949416e-09,0.04232156272675689,1.727502954549796e-05,0.03423598926655977,0.03258335345219108,0.03937543629348114,0.0016603277494564852,0.06546867180437425,0.058768401621298795,0.01,0.04744682902642752,0.02969834872604727
2022-04-25,0.01,0.01,0.004675450765315024,0.08655505110904249,0.004675450765315024,0.08655505110904249,0.005947383033317683,0.08604844818005791,3.290241793931639e-05,0.03613441132246754,0.46419357394198363,0.023806154599756584,0.03179132354569211,0.04410732077261239,6.104234934956354e-05,0.04978817485855345,6.104234934956354e-05,0.04978817485855345,2.2902437223949416e-09,0.04232156272675689,1.727502954549796e-05,0.03423598926655977,0.03258335345219108,0.03937543629348114,0.0016603277494564852,0.06546867180437425,0.058768401621298795,0.01,0.04744682902642752,0.02969834872604727
2022-04-26,0.01,0.01,0.004675450765315024,0.08655505110904249,0.004675450765315024,0.08655505110904249,0.005947383033317683,0.08604844818005791,3.290241793931639e-05,0.03613441132246754,0.46419357394198363,0.023806154599756584,0.03179132354569211,0.04410732077261239,6.104234934956354e-05,0.04978817485855345,6.104234934956354e-05,0.04978817485855345,2.2902437223949416e-09,0.04232156272675689,1.727502954549796e-05,0.03423598926655977,0.03258335345219108,0.03937543629348114,0.0016603277494564852,0.06546867180437425,0.058768401621298795,0.01,0.04744682902642752,0.02969834872604727
2022-04-27,0.01,0.01,0.004675450765315024,0.08655505110904249,0.004675450765315024,0.08655505110904249,0.005947383033317683,0.08604844818005791,3.290241793931639e-05,0.03613441132246754,0.46419357394198363,0.023806154599756584,0.03179132354569211,0.04410732077261239,6.104234934956354e-05,0.04978817485855345,6.104234934956354e-05,0.04978817485855345,2.2902437223949416e-09,0.04232156272675689,1.727502954549796e-05,0.03423598926655977,0.03258335345219108,0.03937543629348114,0.0016603277494564852,0.06546867180437425,0.058768401621298795,0.01,0.04744682902642752,0.02969834872604727
2022-04-28,0.01,0.01,0.004675450765315024,0.08655505110904249,0.004675450765315024,0.08655505110904249,0.005947383033317683,0.08604844818005791,3.290241793931639e-05,0.03613441132246754,0.46419357394198363,0.023806154599756584,0.03179132354569211,0.04410732077261239,6.104234934956354e-05,0.04978817485855345,6.104234934956354e-05,0.04978817485855345,2.2902437223949416e-09,0.04232156272675689,1.727502954549796e-05,0.03423598926655977,0.03258335345219108,0.03937543629348114,0.0016603277494564852,0.06546867180437425,0.058768401621298795,0.01,0.04744682902642752,0.02969834872604727
2022-04-29,0.01,0.01,0.004675450765315024,0.08655505110904249,0.004675450765315024,0.08655505110904249,0.005947383033317683,0.08604844818005791,3.290241793931639e-05,0.03613441132246754,0.46419357394198363,0.023806154599756584,0.03179132354569211,0.04410732077261239,6.104234934956354e-05,0.04978817485855345,6.104234934956354e-05,0.04978817485855345,2.2902437223949416e-09,0.04232156272675689,1.727502954549796e-05,0.03423598926655977,0.03258335345219108,0.03937543629348114,0.0016603277494564852,0.06546867180437425,0.058768401621298795,0.01,0.04744682902642752,0.02969834872604727
2022-05-02,0.01,0.01,0.004675450765315024,0.08655505110904249,0.004675450765315024,0.08655505110904249,0.005947383033317683,0.08604844818005791,3.290241793931639e-05,0.03613441132246754,0.46419357394198363,0.023806154599756584,0.03179132354569211,0.04410732077261239,6.104234934956354e-05,0.04978817485855345,6.104234934956354e-05,0.04978817485855345,2.2902437223949416e-09,0.04232156272675689,1.727502954549796e-05,0.03423598926655977,0.03258335345219108,0.03937543629348114,0.0016603277494564852,0.06546867180437425,0.058768401621298795,0.01,0.04744682902642752,0.02969834872604727
2022-05-03,0.01,0.01,0.004675450765315024,0.08655505110904249,0.004675450765315024,0.08655505110904249,0.005947383033317683,0.08604844818005791,3.290241793931639e-05,0.03613441132246754,0.46419357394198363,0.023806154599756584,0.03179132354569211,0.04410732077261239,6.104234934956354e-05,0.04978817485855345,6.104234934956354e-05,0.04978817485855345,2.2902437223949416e-09,0.04232156272675689,1.727502954549796e-05,0.03423598926655977,0.03258335345219108,0.03937543629348114,0.0016603277494564852,0.06546867180437425,0.058768401621298795,0.01,0.04744682902642752,0.02969834872604727
2022-05-04,0.01,0.01,0.004675450765315024,0.08655505110904249,0.004675450765315024,0.08655505110904249,0.005947383033317683,0.08604844818005791,3.290241793931639e-05,0.03613441132246754,0.46419357394198363,0.023806154599756584,0.03179132354569211,0.04410732077261239,6.104234934956354e-05,0.04978817485855345,6.104234934956354e-05,0.04978817485855345,2.2902437223949416e-09,0.04232156272675689,1.727502954549796e-05,0.03423598926655977,0.03258335345219108,0.03937543629348114,0.0016603277494564852,0.06546867180437425,0.058768401621298795,0.01,0.04744682902642752,0.02969834872604727
2022-05-05,0.01,0.01,0.004675450765315024,0.08655505110904249,0.004675450765315024,0.08655505110904249,0.005947383033317683,0.08604844818005791,3.290241793931639e-05,0.03613441132246754,0.46419357394198363,0.023806154599756584,0.03179132354569211,0.04410732077261239,6.104234934956354e-05,0.04978817485855345,6.104234934956354e-05,0.04978817485855345,2.2902437223949416e-09,0.04232156272675689,1.727502954549796e-05,0.03423598926655977,0.03258335345219108,0.03937543629348114,0.0016603277494564852,0.06546867180437425,0.058768401621298795,0.01,0.04744682902642752,0.02969834872604727
2022-05-06,0.01,0.01,0.004675450765315024,0.08655505110904249,0.004675450765315024,0.08655505110904249,0.005947383033317683,0.08604844818005791,3.290241793931639e-05,0.03613441132246754,0.46419357394198363,0.023806154599756584,0.03179132354569211,0.04410732077261239,6.104234934956354e-05,0.04978817485855345,6.104234934956354e-05,0.04978817485855345,2.2902437223949416e-09,0.04232156272675689,1.727502954549796e-05,0.03423598926655977,0.03258335345219108,0.03937543629348114,0.0016603277494564852,0.06546867180437425,0.058768401621298795,0.01,0.04744682902642752,0.02969834872604727
2022-05-09,0.01,0.01,0.004675450765315024,0.08655505110904249,0.004675450765315024,0.08655505110904249,0.005947383033317683,0.08604844818005791,3.290241793931639e-05,0.03613441132246754,0.46419357394198363,0.023806154599756584,0.03179132354569211,0.04410732077261239,6.104234934956354e-05,0.04978817485855345,6.104234934956354e-05,0.04978817485855345,2.2902437223949416e-09,0.04232156272675689,1.727502954549796e-05,0.03423598926655977,0.03258335345219108,0.03937543629348114,0.0016603277494564852,0.06546867180437425,0.058768401621298795,0.01,0.04744682902642752,0.02969834872604727
2022-05-10,0.01,0.01,0.004675450765315024,0.08655505110904249,0.004675450765315024,0.08655505110904249,0.005947383033317683,0.08604844818005791,3.290241793931639e-05,0.03613441132246754,0.46419357394198363,0.023806154599756584,0.03179132354569211,0.04410732077261239,6.104234934956354e-05,0.04978817485855345,6.104234934956354e-05,0.04978817485855345,2.2902437223949416e-09,0.04232156272675689,1.727502954549796e-05,0.03423598926655977,0.03258335345219108,0.03937543629348114,0.0016603277494564852,0.06546867180437425,0.058768401621298795,0.01,0.04744682902642752,0.02969834872604727
2022-05-11,0.01,0.01,0.004675450765315024,0.08655505110904249,0.004675450765315024,0.08655505110904249,0.005947383033317683,0.08604844818005791,3.290241793931639e-05,0.03613441132246754,0.46419357394198363,0.023806154599756584,0.03179132354569211,0.04410732077261239,6.104234934956354e-05,0.04978817485855345,6.104234934956354e-05,0.04978817485855345,2.2902437223949416e-09,0.04232156272675689,1.727502954549796e-05,0.03423598926655977,0.03258335345219108,0.03937543629348114,0.0016603277494564852,0.06546867180437425,0.058768401621298795,0.01,0.04744682902642752,0.02969834872604727
2022-05-12,0.01,0.01,0.004675450765315024,0.08655505110904249,0.004675450765315024,0.08655505110904249,0.005947383033317683,0.08604844818005791,3.290241793931639e-05,0.03613441132246754,0.46419357394198363,0.023806154599756584,0.03179132354569211,0.04410732077261239,6.104234934956354e-05,0.04978817485855345,6.104234934956354e-05,0.04978817485855345,2.2902437223949416e-09,0.04232156272675689,1.727502954549796e-05,0.03423598926655977,0.03258335345219108,0.03937543629348114,0.0016603277494564852,0.06546867180437425,0.058768401621298795,0.01,0.04744682902642752,0.02969834872604727
2022-05-13,0.01,0.01,0.004675450765315024,0.08655505110904249,0.004675450765315024,0.08655505110904249,0.005947383033317683,0.08604844818005791,3.290241793931639e-05,0.03613441132246754,0.46419357394198363,0.023806154599756584,0.03179132354569211,0.04410732077261239,6.104234934956354e-05,0.04978817485855345,6.104234934956354e-05,0.04978817485855345,2.2902437223949416e-09,0.04232156272675689,1.727502954549796e-05,0.03423598926655977,0.03258335345219108,0.03937543629348114,0.0016603277494564852,0.06546867180437425,0.058768401621298795,0.01,0.04744682902642752,0.02969834872604727
2022-05-16,0.01,0.01,0.004675450765315024,0.08655505110904249,0.004675450765315024,0.08655505110904249,0.005947383033317683,0.08604844818005791,3.290241793931639e-05,0.03613441132246754,0.46419357394198363,0.023806154599756584,0.03179132354569211,0.04410732077261239,6.104234934956354e-05,0.04978817485855345,6.104234934956354e-05,0.04978817485855345,2.2902437223949416e-09,0.04232156272675689,1.727502954549796e-05,0.03423598926655977,0.03258335345219108,0.03937543629348114,0.0016603277494564852,0.06546867180437425,0.058768401621298795,0.01,0.04744682902642752,0.02969834872604727
2022-05-17,0.01,0.01,0.004675450765315024,0.08655505110904249,0.004675450765315024,0.08655505110904249,0.005947383033317683,0.08604844818005791,3.290241793931639e-05,0.03613441132246754,0.46419357394198363,0.023806154599756584,0.03179132354569211,0.04410732077261239,6.104234934956354e-05,0.04978817485855345,6.104234934956354e-05,0.04978817485855345,2.2902437223949416e-09,0.04232156272675689,1.727502954549796e-05,0.03423598926655977,0.03258335345219108,0.03937543629348114,0.0016603277494564852,0.06546867180437425,0.058768401621298795,0.01,0.04744682902642752,0.02969834872604727
2022-05-18,0.01,0.01,0.004675450765315024,0.08655505110904249,0.004675450765315024,0.08655505110904249,0.005947383033317683,0.08604844818005791,3.290241793931639e-05,0.03613441132246754,0.46419357394198363,0.023806154599756584,0.03179132354569211,0.04410732077261239,6.104234934956354e-05,0.04978817485855345,6.104234934956354e-05,0.04978817485855345,2.2902437223949416e-09,0.04232156272675689,1.727502954549796e-05,0.03423598926655977,0.03258335345219108,0.03937543629348114,0.0016603277494564852,0.06546867180437425,0.058768401621298795,0.01,0.04744682902642752,0.02969834872604727
2022-05-19,0.01,0.01,0.004675450765315024,0.08655505110904249,0.004675450765315024,0.08655505110904249,0.005947383033317683,0.08604844818005791,3.290241793931639e-05,0.03613441132246754,0.46419357394198363,0.023806154599756584,0.03179132354569211,0.04410732077261239,6.104234934956354e-05,0.04978817485855345,6.104234934956354e-05,0.04978817485855345,2.2902437223949416e-09,0.04232156272675689,1.727502954549796e-05,0.03423598926655977,0.03258335345219108,0.03937543629348114,0.0016603277494564852,0.06546867180437425,0.058768401621298795,0.01,0.04744682902642752,0.02969834872604727
2022-05-20,0.01,0.01,0.004675450765315024,0.08655505110904249,0.004675450765315024,0.08655505110904249,0.005947383033317683,0.08604844818005791,3.290241793931639e-05,0.03613441132246754,0.46419357394198363,0.023806154599756584,0.03179132354569211,0.04410732077261239,6.104234934956354e-05,0.04978817485855345,6.104234934956354e-05,0.04978817485855345,2.2902437223949416e-09,0.04232156272675689,1.727502954549796e-05,0.03423598926655977,0.03258335345219108,0.03937543629348114,0.0016603277494564852,0.06546867180437425,0.058768401621298795,0.01,0.04744682902642752,0.02969834872604727
2022-05-23,0.01,0.01,0.004675450765315024,0.08655505110904249,0.004675450765315024,0.08655505110904249,0.005947383033317683,0.08604844818005791,3.290241793931639e-05,0.03613441132246754,0.46419357394198363,0.023806154599756584,0.03179132354569211,0.04410732077261239,6.104234934956354e-05,0.04978817485855345,6.104234934956354e-05,0.04978817485855345,2.2902437223949416e-09,0.04232156272675689,1.727502954549796e-05,0.03423598926655977,0.03258335345219108,0.03937543629348114,0.0016603277494564852,0.06546867180437425,0.058768401621298795,0.01,0.04744682902642752,0.02969834872604727
2022-05-24,0.01,0.01,0.004675450765315024,0.08655505110904249,0.004675450765315024,0.08655505110904249,0.005947383033317683,0.08604844818005791,3.290241793931639e-05,0.03613441132246754,0.46419357394198363,0.023806154599756584,0.03179132354569211,0.04410732077261239,6.104234934956354e-05,0.04978817485855345,6.104234934956354e-05,0.04978817485855345,2.2902437223949416e-09,0.04232156272675689,1.727502954549796e-05,0.03423598926655977,0.03258335345219108,0.03937543629348114,0.0016603277494564852,0.06546867180437425,0.058768401621298795,0.01,0.04744682902642752,0.02969834872604727
2022-05-25,0.01,0.01,0.004675450765315024,0.08655505110904249,0.004675450765315024,0.08655505110904249,0.005947383033317683,0.08604844818005791,3.290241793931639e-05,0.03613441132246754,0.46419357394198363,0.023806154599756584,0.03179132354569211,0.04410732077261239,6.104234934956354e-05,0.04978817485855345,6.104234934956354e-05,0.04978817485855345,2.2902437223949416e-09,0.04232156272675689,1.727502954549796e-05,0.03423598926655977,0.03258335345219108,0.03937543629348114,0.0016603277494564852,0.06546867180437425,0.058768401621298795,0.01,0.04744682902642752,0.02969834872604727
2022-05-26,0.01,0.01,0.004675450765315024,0.08655505110904249,0.004675450765315024,0.08655505110904249,0.005947383033317683,0.08604844818005791,3.290241793931639e-05,0.03613441132246754,0.46419357394198363,0.023806154599756584,0.03179132354569211,0.04410732077261239,6.104234934956354e-05,0.04978817485855345,6.104234934956354e-05,0.04978817485855345,2.2902437223949416e-09,0.04232156272675689,1.727502954549796e-05,0.03423598926655977,0.03258335345219108,0.03937543629348114,0.0016603277494564852,0.06546867180437425,0.058768401621298795,0.01,0.04744682902642752,0.02969834872604727
2022-05-27,0.01,0.01,0.004675450765315024,0.08655505110904249,0.004675450765315024,0.08655505110904249,0.005947383033317683,0.08604844818005791,3.290241793931639e-05,0.03613441132246754,0.46419357394198363,0.023806154599756584,0.03179132354569211,0.04410732077261239,6.104234934956354e-05,0.04978817485855345,6.104234934956354e-05,0.04978817485855345,2.2902437223949416e-09,0.04232156272675689,1.727502954549796e-05,0.03423598926655977,0.03258335345219108,0.03937543629348114,0.0016603277494564852,0.06546867180437425,0.058768401621298795,0.01,0.04744682902642752,0.02969834872604727
2022-05-31,0.01,0.01,0.004675450765315024,0.08655505110904249,0.004675450765315024,0.08655505110904249,0.005947383033317683,0.08604844818005791,3.290241793931639e-05,0.03613441132246754,0.46419357394198363,0.023806154599756584,0.03179132354569211,0.04410732077261239,6.104234934956354e-05,0.04978817485855345,6.104234934956354e-05,0.04978817485855345,2.2902437223949416e-09,0.04232156272675689,1.727502954549796e-05,0.03423598926655977,0.03258335345219108,0.03937543629348114,0.0016603277494564852,0.06546867180437425,0.058768401621298795,0.01,0.04744682902642752,0.02969834872604727
2022-06-01,0.01,0.01,0.004675450765315024,0.08655505110904249,0.004675450765315024,0.08655505110904249,0.005947383033317683,0.08604844818005791,3.290241793931639e-05,0.03613441132246754,0.46419357394198363,0.023806154599756584,0.03179132354569211,0.04410732077261239,6.104234934956354e-05,0.04978817485855345,6.104234934956354e-05,0.04978817485855345,2.2902437223949416e-09,0.04232156272675689,1.727502954549796e-05,0.03423598926655977,0.03258335345219108,0.03937543629348114,0.0016603277494564852,0.06546867180437425,0.058768401621298795,0.01,0.04744682902642752,0.02969834872604727
2022-06-02,0.01,0.01,0.004675450765315024,0.08655505110904249,0.004675450765315024,0.08655505110904249,0.005947383033317683,0.08604844818005791,3.290241793931639e-05,0.03613441132246754,0.46419357394198363,0.023806154599756584,0.03179132354569211,0.04410732077261239,6.104234934956354e-05,0.04978817485855345,6.104234934956354e-05,0.04978817485855345,2.2902437223949416e-09,0.04232156272675689,1.727502954549796e-05,0.03423598926655977,0.03258335345219108,0.03937543629348114,0.0016603277494564852,0.06546867180437425,0.058768401621298795,0.01,0.04744682902642752,0.02969834872604727
2022-06-03,0.01,0.01,0.004675450765315024,0.08655505110904249,0.004675450765315024,0.08655505110904249,0.005947383033317683,0.08604844818005791,3.290241793931639e-05,0.03613441132246754,0.46419357394198363,0.023806154599756584,0.03179132354569211,0.04410732077261239,6.104234934956354e-05,0.04978817485855345,6.104234934956354e-05,0.04978817485855345,2.2902437223949416e-09,0.04232156272675689,1.727502954549796e-05,0.03423598926655977,0.03258335345219108,0.03937543629348114,0.0016603277494564852,0.06546867180437425,0.058768401621298795,0.01,0.04744682902642752,0.02969834872604727
2022-06-06,0.01,0.01,0.004675450765315024,0.08655505110904249,0.004675450765315024,0.08655505110904249,0.005947383033317683,0.08604844818005791,3.290241793931639e-05,0.03613441132246754,0.46419357394198363,0.023806154599756584,0.03179132354569211,0.04410732077261239,6.104234934956354e-05,0.04978817485855345,6.104234934956354e-05,0.04978817485855345,2.2902437223949416e-09,0.04232156272675689,1.727502954549796e-05,0.03423598926655977,0.03258335345219108,0.03937543629348114,0.0016603277494564852,0.06546867180437425,0.058768401621298795,0.01,0.04744682902642752,0.02969834872604727
2022-06-07,0.01,0.01,0.004675450765315024,0.08655505110904249,0.004675450765315024,0.08655505110904249,0.005947383033317683,0.08604844818005791,3.290241793931639e-05,0.03613441132246754,0.46419357394198363,0.023806154599756584,0.03179132354569211,0.04410732077261239,6.104234934956354e-05,0.04978817485855345,6.104234934956354e-05,0.04978817485855345,2.2902437223949416e-09,0.04232156272675689,1.727502954549796e-05,0.03423598926655977,0.03258335345219108,0.03937543629348114,0.0016603277494564852,0.06546867180437425,0.058768401621298795,0.01,0.04744682902642752,0.02969834872604727
2022-06-08,0.01,0.01,0.004675450765315024,0.08655505110904249,0.004675450765315024,0.08655505110904249,0.005947383033317683,0.08604844818005791,3.290241793931639e-05,0.03613441132246754,0.46419357394198363,0.023806154599756584,0.03179132354569211,0.04410732077261239,6.104234934956354e-05,0.04978817485855345,6.104234934956354e-05,0.04978817485855345,2.2902437223949416e-09,0.04232156272675689,1.727502954549796e-05,0.03423598926655977,0.03258335345219108,0.03937543629348114,0.0016603277494564852,0.06546867180437425,0.058768401621298795,0.01,0.04744682902642752,0.02969834872604727
2022-06-09,0.01,0.01,0.004675450765315024,0.08655505110904249,0.004675450765315024,0.08655505110904249,0.005947383033317683,0.08604844818005791,3.290241793931639e-05,0.03613441132246754,0.46419357394198363,0.023806154599756584,0.03179132354569211,0.04410732077261239,6.104234934956354e-05,0.04978817485855345,6.104234934956354e-05,0.04978817485855345,2.2902437223949416e-09,0.04232156272675689,1.727502954549796e-05,0.03423598926655977,0.03258335345219108,0.03937543629348114,0.0016603277494564852,0.06546867180437425,0.058768401621298795,0.01,0.04744682902642752,0.02969834872604727
2022-06-10,0.01,0.01,0.004675450765315024,0.08655505110904249,0.004675450765315024,0.08655505110904249,0.005947383033317683,0.08604844818005791,3.290241793931639e-05,0.03613441132246754,0.46419357394198363,0.023806154599756584,0.03179132354569211,0.04410732077261239,6.104234934956354e-05,0.04978817485855345,6.104234934956354e-05,0.04978817485855345,2.2902437223949416e-09,0.04232156272675689,1.727502954549796e-05,0.03423598926655977,0.03258335345219108,0.03937543629348114,0.0016603277494564852,0.06546867180437425,0.058768401621298795,0.01,0.04744682902642752,0.02969834872604727
2022-06-13,0.01,0.01,0.004675450765315024,0.08655505110904249,0.004675450765315024,0.08655505110904249,0.005947383033317683,0.08604844818005791,3.290241793931639e-05,0.03613441132246754,0.46419357394198363,0.023806154599756584,0.03179132354569211,0.04410732077261239,6.104234934956354e-05,0.04978817485855345,6.104234934956354e-05,0.04978817485855345,2.2902437223949416e-09,0.04232156272675689,1.727502954549796e-05,0.03423598926655977,0.03258335345219108,0.03937543629348114,0.0016603277494564852,0.06546867180437425,0.058768401621298795,0.01,0.04744682902642752,0.02969834872604727
2022-06-14,0.01,0.01,0.004675450765315024,0.08655505110904249,0.004675450765315024,0.08655505110904249,0.005947383033317683,0.08604844818005791,3.290241793931639e-05,0.03613441132246754,0.46419357394198363,0.023806154599756584,0.03179132354569211,0.04410732077261239,6.104234934956354e-05,0.04978817485855345,6.104234934956354e-05,0.04978817485855345,2.2902437223949416e-09,0.04232156272675689,1.727502954549796e-05,0.03423598926655977,0.03258335345219108,0.03937543629348114,0.0016603277494564852,0.06546867180437425,0.058768401621298795,0.01,0.04744682902642752,0.02969834872604727
2022-06-15,0.01,0.01,0.004675450765315024,0.08655505110904249,0.004675450765315024,0.08655505110904249,0.005947383033317683,0.08604844818005791,3.290241793931639e-05,0.03613441132246754,0.46419357394198363,0.023806154599756584,0.03179132354569211,0.04410732077261239,6.104234934956354e-05,0.04978817485855345,6.104234934956354e-05,0.04978817485855345,2.2902437223949416e-09,0.04232156272675689,1.727502954549796e-05,0.03423598926655977,0.03258335345219108,0.03937543629348114,0.0016603277494564852,0.06546867180437425,0.058768401621298795,0.01,0.04744682902642752,0.02969834872604727
2022-06-16,0.01,0.01,0.004675450765315024,0.08655505110904249,0.004675450765315024,0.08655505110904249,0.005947383033317683,0.08604844818005791,3.290241793931639e-05,0.03613441132246754,0.46419357394198363,0.023806154599756584,0.03179132354569211,0.04410732077261239,6.104234934956354e-05,0.04978817485855345,6.104234934956354e-05,0.04978817485855345,2.2902437223949416e-09,0.04232156272675689,1.727502954549796e-05,0.03423598926655977,0.03258335345219108,0.03937543629348114,0.0016603277494564852,0.06546867180437425,0.058768401621298795,0.01,0.04744682902642752,0.02969834872604727
2022-06-17,0.01,0.01,0.004675450765315024,0.08655505110904249,0.004675450765315024,0.08655505110904249,0.005947383033317683,0.08604844818005791,3.290241793931639e-05,0.03613441132246754,0.46419357394198363,0.023806154599756584,0.03179132354569211,0.04410732077261239,6.104234934956354e-05,0.04978817485855345,6.104234934956354e-05,0.04978817485855345,2.2902437223949416e-09,0.04232156272675689,1.727502954549796e-05,0.03423598926655977,0.03258335345219108,0.03937543629348114,0.0016603277494564852,0.06546867180437425,0.058768401621298795,0.01,0.04744682902642752,0.02969834872604727
2022-06-21,0.01,0.01,0.004675450765315024,0.08655505110904249,0.004675450765315024,0.08655505110904249,0.005947383033317683,0.08604844818005791,3.290241793931639e-05,0.03613441132246754,0.46419357394198363,0.023806154599756584,0.03179132354569211,0.04410732077261239,6.104234934956354e-05,0.04978817485855345,6.104234934956354e-05,0.04978817485855345,2.2902437223949416e-09,0.04232156272675689,1.727502954549796e-05,0.03423598926655977,0.03258335345219108,0.03937543629348114,0.0016603277494564852,0.06546867180437425,0.058768401621298795,0.01,0.04744682902642752,0.02969834872604727
2022-06-22,0.01,0.01,0.004675450765315024,0.08655505110904249,0.004675450765315024,0.08655505110904249,0.005947383033317683,0.08604844818005791,3.290241793931639e-05,0.03613441132246754,0.46419357394198363,0.023806154599756584,0.03179132354569211,0.04410732077261239,6.104234934956354e-05,0.04978817485855345,6.104234934956354e-05,0.04978817485855345,2.2902437223949416e-09,0.04232156272675689,1.727502954549796e-05,0.03423598926655977,0.03258335345219108,0.03937543629348114,0.0016603277494564852,0.06546867180437425,0.058768401621298795,0.01,0.04744682902642752,0.02969834872604727
2022-06-23,0.01,0.01,0.004675450765315024,0.08655505110904249,0.004675450765315024,0.08655505110904249,0.005947383033317683,0.08604844818005791,3.290241793931639e-05,0.03613441132246754,0.46419357394198363,0.023806154599756584,0.03179132354569211,0.04410732077261239,6.104234934956354e-05,0.04978817485855345,6.104234934956354e-05,0.04978817485855345,2.2902437223949416e-09,0.04232156272675689,1.727502954549796e-05,0.03423598926655977,0.03258335345219108,0.03937543629348114,0.0016603277494564852,0.06546867180437425,0.058768401621298795,0.01,0.04744682902642752,0.02969834872604727
2022-06-24,0.01,0.01,0.004675450765315024,0.08655505110904249,0.004675450765315024,0.08655505110904249,0.005947383033317683,0.08604844818005791,3.290241793931639e-05,0.03613441132246754,0.46419357394198363,0.023806154599756584,0.03179132354569211,0.04410732077261239,6.104234934956354e-05,0.04978817485855345,6.104234934956354e-05,0.04978817485855345,2.2902437223949416e-09,0.04232156272675689,1.727502954549796e-05,0.03423598926655977,0.03258335345219108,0.03937543629348114,0.0016603277494564852,0.06546867180437425,0.058768401621298795,0.01,0.04744682902642752,0.02969834872604727
2022-06-27,0.01,0.01,0.004675450765315024,0.08655505110904249,0.004675450765315024,0.08655505110904249,0.005947383033317683,0.08604844818005791,3.290241793931639e-05,0.03613441132246754,0.46419357394198363,0.023806154599756584,0.03179132354569211,0.04410732077261239,6.104234934956354e-05,0.04978817485855345,6.104234934956354e-05,0.04978817485855345,2.2902437223949416e-09,0.04232156272675689,1.727502954549796e-05,0.03423598926655977,0.03258335345219108,0.03937543629348114,0.0016603277494564852,0.06546867180437425,0.058768401621298795,0.01,0.04744682902642752,0.02969834872604727
2022-06-28,0.01,0.01,0.004675450765315024,0.08655505110904249,0.004675450765315024,0.08655505110904249,0.005947383033317683,0.08604844818005791,3.290241793931639e-05,0.03613441132246754,0.46419357394198363,0.023806154599756584,0.03179132354569211,0.04410732077261239,6.104234934956354e-05,0.04978817485855345,6.104234934956354e-05,0.04978817485855345,2.2902437223949416e-09,0.04232156272675689,1.727502954549796e-05,0.03423598926655977,0.03258335345219108,0.03937543629348114,0.0016603277494564852,0.06546867180437425,0.058768401621298795,0.01,0.04744682902642752,0.02969834872604727
2022-06-29,0.01,0.01,0.004675450765315024,0.08655505110904249,0.004675450765315024,0.08655505110904249,0.005947383033317683,0.08604844818005791,3.290241793931639e-05,0.03613441132246754,0.46419357394198363,0.023806154599756584,0.03179132354569211,0.04410732077261239,6.104234934956354e-05,0.04978817485855345,6.104234934956354e-05,0.04978817485855345,2.2902437223949416e-09,0.04232156272675689,1.727502954549796e-05,0.03423598926655977,0.03258335345219108,0.03937543629348114,0.0016603277494564852,0.06546867180437425,0.058768401621298795,0.01,0.04744682902642752,0.02969834872604727
2022-06-30,0.01,0.01,0.004675450765315024,0.08655505110904249,0.004675450765315024,0.08655505110904249,0.005947383033317683,0.08604844818005791,3.290241793931639e-05,0.03613441132246754,0.46419357394198363,0.023806154599756584,0.03179132354569211,0.04410732077261239,6.104234934956354e-05,0.04978817485855345,6.104234934956354e-05,0.04978817485855345,2.2902437223949416e-09,0.04232156272675689,1.727502954549796e-05,0.03423598926655977,0.03258335345219108,0.03937543629348114,0.0016603277494564852,0.06546867180437425,0.058768401621298795,0.01,0.04744682902642752,0.02969834872604727
2022-07-01,0.01,0.01,0.004675450765315024,0.08655505110904249,0.004675450765315024,0.08655505110904249,0.005947383033317683,0.08604844818005791,3.290241793931639e-05,0.03613441132246754,0.46419357394198363,0.023806154599756584,0.03179132354569211,0.04410732077261239,6.104234934956354e-05,0.04978817485855345,6.104234934956354e-05,0.04978817485855345,2.2902437223949416e-09,0.04232156272675689,1.727502954549796e-05,0.03423598926655977,0.03258335345219108,0.03937543629348114,0.0016603277494564852,0.06546867180437425,0.058768401621298795,0.01,0.04744682902642752,0.02969834872604727
2022-07-05,0.01,0.01,0.004675450765315024,0.08655505110904249,0.004675450765315024,0.08655505110904249,0.005947383033317683,0.08604844818005791,3.290241793931639e-05,0.03613441132246754,0.46419357394198363,0.023806154599756584,0.03179132354569211,0.04410732077261239,6.104234934956354e-05,0.04978817485855345,6.104234934956354e-05,0.04978817485855345,2.2902437223949416e-09,0.04232156272675689,1.727502954549796e-05,0.03423598926655977,0.03258335345219108,0.03937543629348114,0.0016603277494564852,0.06546867180437425,0.058768401621298795,0.01,0.04744682902642752,0.02969834872604727
2022-07-06,0.01,0.01,0.004675450765315024,0.08655505110904249,0.004675450765315024,0.08655505110904249,0.005947383033317683,0.08604844818005791,3.290241793931639e-05,0.03613441132246754,0.46419357394198363,0.023806154599756584,0.03179132354569211,0.04410732077261239,6.104234934956354e-05,0.04978817485855345,6.104234934956354e-05,0.04978817485855345,2.2902437223949416e-09,0.04232156272675689,1.727502954549796e-05,0.03423598926655977,0.03258335345219108,0.03937543629348114,0.0016603277494564852,0.06546867180437425,0.058768401621298795,0.01,0.04744682902642752,0.02969834872604727
2022-07-07,0.01,0.01,0.004675450765315024,0.08655505110904249,0.004675450765315024,0.08655505110904249,0.005947383033317683,0.08604844818005791,3.290241793931639e-05,0.03613441132246754,0.46419357394198363,0.023806154599756584,0.03179132354569211,0.04410732077261239,6.104234934956354e-05,0.04978817485855345,6.104234934956354e-05,0.04978817485855345,2.2902437223949416e-09,0.04232156272675689,1.727502954549796e-05,0.03423598926655977,0.03258335345219108,0.03937543629348114,0.0016603277494564852,0.06546867180437425,0.058768401621298795,0.01,0.04744682902642752,0.02969834872604727
2022-07-08,0.01,0.01,0.004675450765315024,0.08655505110904249,0.004675450765315024,0.08655505110904249,0.005947383033317683,0.08604844818005791,3.290241793931639e-05,0.03613441132246754,0.46419357394198363,0.023806154599756584,0.03179132354569211,0.04410732077261239,6.104234934956354e-05,0.04978817485855345,6.104234934956354e-05,0.04978817485855345,2.2902437223949416e-09,0.04232156272675689,1.727502954549796e-05,0.03423598926655977,0.03258335345219108,0.03937543629348114,0.0016603277494564852,0.06546867180437425,0.058768401621298795,0.01,0.04744682902642752,0.02969834872604727
2022-07-11,0.01,0.01,0.004675450765315024,0.08655505110904249,0.004675450765315024,0.08655505110904249,0.005947383033317683,0.08604844818005791,3.290241793931639e-05,0.03613441132246754,0.46419357394198363,0.023806154599756584,0.03179132354569211,0.04410732077261239,6.104234934956354e-05,0.04978817485855345,6.104234934956354e-05,0.04978817485855345,2.2902437223949416e-09,0.04232156272675689,1.727502954549796e-05,0.03423598926655977,0.03258335345219108,0.03937543629348114,0.0016603277494564852,0.06546867180437425,0.058768401621298795,0.01,0.04744682902642752,0.02969834872604727
2022-07-12,0.01,0.01,0.004675450765315024,0.08655505110904249,0.004675450765315024,0.08655505110904249,0.005947383033317683,0.08604844818005791,3.290241793931639e-05,0.03613441132246754,0.46419357394198363,0.023806154599756584,0.03179132354569211,0.04410732077261239,6.104234934956354e-05,0.04978817485855345,6.104234934956354e-05,0.04978817485855345,2.2902437223949416e-09,0.04232156272675689,1.727502954549796e-05,0.03423598926655977,0.03258335345219108,0.03937543629348114,0.0016603277494564852,0.06546867180437425,0.058768401621298795,0.01,0.04744682902642752,0.02969834872604727
2022-07-13,0.01,0.01,0.004675450765315024,0.08655505110904249,0.004675450765315024,0.08655505110904249,0.005947383033317683,0.08604844818005791,3.290241793931639e-05,0.03613441132246754,0.46419357394198363,0.023806154599756584,0.03179132354569211,0.04410732077261239,6.104234934956354e-05,0.04978817485855345,6.104234934956354e-05,0.04978817485855345,2.2902437223949416e-09,0.04232156272675689,1.727502954549796e-05,0.03423598926655977,0.03258335345219108,0.03937543629348114,0.0016603277494564852,0.06546867180437425,0.058768401621298795,0.01,0.04744682902642752,0.02969834872604727
2022-07-14,0.01,0.01,0.004675450765315024,0.08655505110904249,0.004675450765315024,0.08655505110904249,0.005947383033317683,0.08604844818005791,3.290241793931639e-05,0.03613441132246754,0.46419357394198363,0.023806154599756584,0.03179132354569211,0.04410732077261239,6.104234934956354e-05,0.04978817485855345,6.104234934956354e-05,0.04978817485855345,2.2902437223949416e-09,0.04232156272675689,1.727502954549796e-05,0.03423598926655977,0.03258335345219108,0.03937543629348114,0.0016603277494564852,0.06546867180437425,0.058768401621298795,0.01,0.04744682902642752,0.02969834872604727
2022-07-15,0.01,0.01,0.004675450765315024,0.08655505110904249,0.004675450765315024,0.08655505110904249,0.005947383033317683,0.08604844818005791,3.290241793931639e-05,0.03613441132246754,0.46419357394198363,0.023806154599756584,0.03179132354569211,0.04410732077261239,6.104234934956354e-05,0.04978817485855345,6.104234934956354e-05,0.04978817485855345,2.2902437223949416e-09,0.04232156272675689,1.727502954549796e-05,0.03423598926655977,0.03258335345219108,0.03937543629348114,0.0016603277494564852,0.06546867180437425,0.058768401621298795,0.01,0.04744682902642752,0.02969834872604727
2022-07-18,0.01,0.01,0.004675450765315024,0.08655505110904249,0.004675450765315024,0.08655505110904249,0.005947383033317683,0.08604844818005791,3.290241793931639e-05,0.03613441132246754,0.46419357394198363,0.023806154599756584,0.03179132354569211,0.04410732077261239,6.104234934956354e-05,0.04978817485855345,6.104234934956354e-05,0.04978817485855345,2.2902437223949416e-09,0.04232156272675689,1.727502954549796e-05,0.03423598926655977,0.03258335345219108,0.03937543629348114,0.0016603277494564852,0.06546867180437425,0.058768401621298795,0.01,0.04744682902642752,0.02969834872604727
2022-07-19,0.01,0.01,0.004675450765315024,0.08655505110904249,0.004675450765315024,0.08655505110904249,0.005947383033317683,0.08604844818005791,3.290241793931639e-05,0.03613441132246754,0.46419357394198363,0.023806154599756584,0.03179132354569211,0.04410732077261239,6.104234934956354e-05,0.04978817485855345,6.104234934956354e-05,0.04978817485855345,2.2902437223949416e-09,0.04232156272675689,1.727502954549796e-05,0.03423598926655977,0.03258335345219108,0.03937543629348114,0.0016603277494564852,0.06546867180437425,0.058768401621298795,0.01,0.04744682902642752,0.02969834872604727
2022-07-20,0.01,0.01,0.004675450765315024,0.08655505110904249,0.004675450765315024,0.08655505110904249,0.005947383033317683,0.08604844818005791,3.290241793931639e-05,0.03613441132246754,0.46419357394198363,0.023806154599756584,0.03179132354569211,0.04410732077261239,6.104234934956354e-05,0.04978817485855345,6.104234934956354e-05,0.04978817485855345,2.2902437223949416e-09,0.04232156272675689,1.727502954549796e-05,0.03423598926655977,0.03258335345219108,0.03937543629348114,0.0016603277494564852,0.06546867180437425,0.058768401621298795,0.01,0.04744682902642752,0.02969834872604727
2022-07-21,0.01,0.01,0.004675450765315024,0.08655505110904249,0.004675450765315024,0.08655505110904249,0.005947383033317683,0.08604844818005791,3.290241793931639e-05,0.03613441132246754,0.46419357394198363,0.023806154599756584,0.03179132354569211,0.04410732077261239,6.104234934956354e-05,0.04978817485855345,6.104234934956354e-05,0.04978817485855345,2.2902437223949416e-09,0.04232156272675689,1.727502954549796e-05,0.03423598926655977,0.03258335345219108,0.03937543629348114,0.0016603277494564852,0.06546867180437425,0.058768401621298795,0.01,0.04744682902642752,0.02969834872604727
2022-07-22,0.01,0.01,0.004675450765315024,0.08655505110904249,0.004675450765315024,0.08655505110904249,0.005947383033317683,0.08604844818005791,3.290241793931639e-05,0.03613441132246754,0.46419357394198363,0.023806154599756584,0.03179132354569211,0.04410732077261239,6.104234934956354e-05,0.04978817485855345,6.104234934956354e-05,0.04978817485855345,2.2902437223949416e-09,0.04232156272675689,1.727502954549796e-05,0.03423598926655977,0.03258335345219108,0.03937543629348114,0.0016603277494564852,0.06546867180437425,0.058768401621298795,0.01,0.04744682902642752,0.02969834872604727
2022-07-25,0.01,0.01,0.004675450765315024,0.08655505110904249,0.004675450765315024,0.08655505110904249,0.005947383033317683,0.08604844818005791,3.290241793931639e-05,0.03613441132246754,0.46419357394198363,0.023806154599756584,0.03179132354569211,0.04410732077261239,6.104234934956354e-05,0.04978817485855345,6.104234934956354e-05,0.04978817485855345,2.2902437223949416e-09,0.04232156272675689,1.727502954549796e-05,0.03423598926655977,0.03258335345219108,0.03937543629348114,0.0016603277494564852,0.06546867180437425,0.058768401621298795,0.01,0.04744682902642752,0.02969834872604727
2022-07-26,0.01,0.01,0.004675450765315024,0.08655505110904249,0.004675450765315024,0.08655505110904249,0.005947383033317683,0.08604844818005791,3.290241793931639e-05,0.03613441132246754,0.46419357394198363,0.023806154599756584,0.03179132354569211,0.04410732077261239,6.104234934956354e-05,0.04978817485855345,6.104234934956354e-05,0.04978817485855345,2.2902437223949416e-09,0.04232156272675689,1.727502954549796e-05,0.03423598926655977,0.03258335345219108,0.03937543629348114,0.0016603277494564852,0.06546867180437425,0.058768401621298795,0.01,0.04744682902642752,0.02969834872604727
2022-07-27,0.01,0.01,0.004675450765315024,0.08655505110904249,0.004675450765315024,0.08655505110904249,0.005947383033317683,0.08604844818005791,3.290241793931639e-05,0.03613441132246754,0.46419357394198363,0.023806154599756584,0.03179132354569211,0.04410732077261239,6.104234934956354e-05,0.04978817485855345,6.104234934956354e-05,0.04978817485855345,2.2902437223949416e-09,0.04232156272675689,1.727502954549796e-05,0.03423598926655977,0.03258335345219108,0.03937543629348114,0.0016603277494564852,0.06546867180437425,0.058768401621298795,0.01,0.04744682902642752,0.02969834872604727
2022-07-28,0.01,0.01,0.004675450765315024,0.08655505110904249,0.004675450765315024,0.08655505110904249,0.005947383033317683,0.08604844818005791,3.290241793931639e-05,0.03613441132246754,0.46419357394198363,0.023806154599756584,0.03179132354569211,0.04410732077261239,6.104234934956354e-05,0.04978817485855345,6.104234934956354e-05,0.04978817485855345,2.2902437223949416e-09,0.04232156272675689,1.727502954549796e-05,0.03423598926655977,0.03258335345219108,0.03937543629348114,0.0016603277494564852,0.06546867180437425,0.058768401621298795,0.01,0.04744682902642752,0.02969834872604727
2022-07-29,0.01,0.01,0.004675450765315024,0.08655505110904249,0.004675450765315024,0.08655505110904249,0.005947383033317683,0.08604844818005791,3.290241793931639e-05,0.03613441132246754,0.46419357394198363,0.023806154599756584,0.03179132354569211,0.04410732077261239,6.104234934956354e-05,0.04978817485855345,6.104234934956354e-05,0.04978817485855345,2.2902437223949416e-09,0.04232156272675689,1.727502954549796e-05,0.03423598926655977,0.03258335345219108,0.03937543629348114,0.0016603277494564852,0.06546867180437425,0.058768401621298795,0.01,0.04744682902642752,0.02969834872604727
2022-08-01,0.01,0.01,0.004675450765315024,0.08655505110904249,0.004675450765315024,0.08655505110904249,0.005947383033317683,0.08604844818005791,3.290241793931639e-05,0.03613441132246754,0.46419357394198363,0.023806154599756584,0.03179132354569211,0.04410732077261239,6.104234934956354e-05,0.04978817485855345,6.104234934956354e-05,0.04978817485855345,2.2902437223949416e-09,0.04232156272675689,1.727502954549796e-05,0.03423598926655977,0.03258335345219108,0.03937543629348114,0.0016603277494564852,0.06546867180437425,0.058768401621298795,0.01,0.04744682902642752,0.02969834872604727
2022-08-02,0.01,0.01,0.004675450765315024,0.08655505110904249,0.004675450765315024,0.08655505110904249,0.005947383033317683,0.08604844818005791,3.290241793931639e-05,0.03613441132246754,0.46419357394198363,0.023806154599756584,0.03179132354569211,0.04410732077261239,6.104234934956354e-05,0.04978817485855345,6.104234934956354e-05,0.04978817485855345,2.2902437223949416e-09,0.04232156272675689,1.727502954549796e-05,0.03423598926655977,0.03258335345219108,0.03937543629348114,0.0016603277494564852,0.06546867180437425,0.058768401621298795,0.01,0.04744682902642752,0.02969834872604727
2022-08-03,0.01,0.01,0.004675450765315024,0.08655505110904249,0.004675450765315024,0.08655505110904249,0.005947383033317683,0.08604844818005791,3.290241793931639e-05,0.03613441132246754,0.46419357394198363,0.023806154599756584,0.03179132354569211,0.04410732077261239,6.104234934956354e-05,0.04978817485855345,6.104234934956354e-05,0.04978817485855345,2.2902437223949416e-09,0.04232156272675689,1.727502954549796e-05,0.03423598926655977,0.03258335345219108,0.03937543629348114,0.0016603277494564852,0.06546867180437425,0.058768401621298795,0.01,0.04744682902642752,0.02969834872604727
2022-08-04,0.01,0.01,0.004675450765315024,0.08655505110904249,0.004675450765315024,0.08655505110904249,0.005947383033317683,0.08604844818005791,3.290241793931639e-05,0.03613441132246754,0.46419357394198363,0.023806154599756584,0.03179132354569211,0.04410732077261239,6.104234934956354e-05,0.04978817485855345,6.104234934956354e-05,0.04978817485855345,2.2902437223949416e-09,0.04232156272675689,1.727502954549796e-05,0.03423598926655977,0.03258335345219108,0.03937543629348114,0.0016603277494564852,0.06546867180437425,0.058768401621298795,0.01,0.04744682902642752,0.02969834872604727
2022-08-05,0.01,0.01,0.004675450765315024,0.08655505110904249,0.004675450765315024,0.08655505110904249,0.005947383033317683,0.08604844818005791,3.290241793931639e-05,0.03613441132246754,0.46419357394198363,0.023806154599756584,0.03179132354569211,0.04410732077261239,6.104234934956354e-05,0.04978817485855345,6.104234934956354e-05,0.04978817485855345,2.2902437223949416e-09,0.04232156272675689,1.727502954549796e-05,0.03423598926655977,0.03258335345219108,0.03937543629348114,0.0016603277494564852,0.06546867180437425,0.058768401621298795,0.01,0.04744682902642752,0.02969834872604727
2022-08-08,0.01,0.01,0.004675450765315024,0.08655505110904249,0.004675450765315024,0.08655505110904249,0.005947383033317683,0.08604844818005791,3.290241793931639e-05,0.03613441132246754,0.46419357394198363,0.023806154599756584,0.03179132354569211,0.04410732077261239,6.104234934956354e-05,0.04978817485855345,6.104234934956354e-05,0.04978817485855345,2.2902437223949416e-09,0.04232156272675689,1.727502954549796e-05,0.03423598926655977,0.03258335345219108,0.03937543629348114,0.0016603277494564852,0.06546867180437425,0.058768401621298795,0.01,0.04744682902642752,0.02969834872604727
2022-08-09,0.01,0.01,0.004675450765315024,0.08655505110904249,0.004675450765315024,0.08655505110904249,0.005947383033317683,0.08604844818005791,3.290241793931639e-05,0.03613441132246754,0.46419357394198363,0.023806154599756584,0.03179132354569211,0.04410732077261239,6.104234934956354e-05,0.04978817485855345,6.104234934956354e-05,0.04978817485855345,2.2902437223949416e-09,0.04232156272675689,1.727502954549796e-05,0.03423598926655977,0.03258335345219108,0.03937543629348114,0.0016603277494564852,0.06546867180437425,0.058768401621298795,0.01,0.04744682902642752,0.02969834872604727
2022-08-10,0.01,0.01,0.004675450765315024,0.08655505110904249,0.004675450765315024,0.08655505110904249,0.005947383033317683,0.08604844818005791,3.290241793931639e-05,0.03613441132246754,0.46419357394198363,0.023806154599756584,0.03179132354569211,0.04410732077261239,6.104234934956354e-05,0.04978817485855345,6.104234934956354e-05,0.04978817485855345,2.2902437223949416e-09,0.04232156272675689,1.727502954549796e-05,0.03423598926655977,0.03258335345219108,0.03937543629348114,0.0016603277494564852,0.06546867180437425,0.058768401621298795,0.01,0.04744682902642752,0.02969834872604727
2022-08-11,0.01,0.01,0.004675450765315024,0.08655505110904249,0.004675450765315024,0.08655505110904249,0.005947383033317683,0.08604844818005791,3.290241793931639e-05,0.03613441132246754,0.46419357394198363,0.023806154599756584,0.03179132354569211,0.04410732077261239,6.104234934956354e-05,0.04978817485855345,6.104234934956354e-05,0.04978817485855345,2.2902437223949416e-09,0.04232156272675689,1.727502954549796e-05,0.03423598926655977,0.03258335345219108,0.03937543629348114,0.0016603277494564852,0.06546867180437425,0.058768401621298795,0.01,0.04744682902642752,0.02969834872604727
2022-08-12,0.01,0.01,0.004675450765315024,0.08655505110904249,0.004675450765315024,0.08655505110904249,0.005947383033317683,0.08604844818005791,3.290241793931639e-05,0.03613441132246754,0.46419357394198363,0.023806154599756584,0.03179132354569211,0.04410732077261239,6.104234934956354e-05,0.04978817485855345,6.104234934956354e-05,0.04978817485855345,2.2902437223949416e-09,0.04232156272675689,1.727502954549796e-05,0.03423598926655977,0.03258335345219108,0.03937543629348114,0.0016603277494564852,0.06546867180437425,0.058768401621298795,0.01,0.04744682902642752,0.02969834872604727
2022-08-15,0.01,0.01,0.004675450765315024,0.08655505110904249,0.004675450765315024,0.08655505110904249,0.005947383033317683,0.08604844818005791,3.290241793931639e-05,0.03613441132246754,0.46419357394198363,0.023806154599756584,0.03179132354569211,0.04410732077261239,6.104234934956354e-05,0.04978817485855345,6.104234934956354e-05,0.04978817485855345,2.2902437223949416e-09,0.04232156272675689,1.727502954549796e-05,0.03423598926655977,0.03258335345219108,0.03937543629348114,0.0016603277494564852,0.06546867180437425,0.058768401621298795,0.01,0.04744682902642752,0.02969834872604727
2022-08-16,0.01,0.01,0.004675450765315024,0.08655505110904249,0.004675450765315024,0.08655505110904249,0.005947383033317683,0.08604844818005791,3.290241793931639e-05,0.03613441132246754,0.46419357394198363,0.023806154599756584,0.03179132354569211,0.04410732077261239,6.104234934956354e-05,0.04978817485855345,6.104234934956354e-05,0.04978817485855345,2.2902437223949416e-09,0.04232156272675689,1.727502954549796e-05,0.03423598926655977,0.03258335345219108,0.03937543629348114,0.0016603277494564852,0.06546867180437425,0.058768401621298795,0.01,0.04744682902642752,0.02969834872604727
2022-08-17,0.01,0.01,0.004675450765315024,0.08655505110904249,0.004675450765315024,0.08655505110904249,0.005947383033317683,0.08604844818005791,3.290241793931639e-05,0.03613441132246754,0.46419357394198363,0.023806154599756584,0.03179132354569211,0.04410732077261239,6.104234934956354e-05,0.04978817485855345,6.104234934956354e-05,0.04978817485855345,2.2902437223949416e-09,0.04232156272675689,1.727502954549796e-05,0.03423598926655977,0.03258335345219108,0.03937543629348114,0.0016603277494564852,0.06546867180437425,0.058768401621298795,0.01,0.04744682902642752,0.02969834872604727
2022-08-18,0.01,0.01,0.004675450765315024,0.08655505110904249,0.004675450765315024,0.08655505110904249,0.005947383033317683,0.08604844818005791,3.290241793931639e-05,0.03613441132246754,0.46419357394198363,0.023806154599756584,0.03179132354569211,0.04410732077261239,6.104234934956354e-05,0.04978817485855345,6.104234934956354e-05,0.04978817485855345,2.2902437223949416e-09,0.04232156272675689,1.727502954549796e-05,0.03423598926655977,0.03258335345219108,0.03937543629348114,0.0016603277494564852,0.06546867180437425,0.058768401621298795,0.01,0.04744682902642752,0.02969834872604727
2022-08-19,0.01,0.01,0.004675450765315024,0.08655505110904249,0.004675450765315024,0.08655505110904249,0.005947383033317683,0.08604844818005791,3.290241793931639e-05,0.03613441132246754,0.46419357394198363,0.023806154599756584,0.03179132354569211,0.04410732077261239,6.104234934956354e-05,0.04978817485855345,6.104234934956354e-05,0.04978817485855345,2.2902437223949416e-09,0.04232156272675689,1.727502954549796e-05,0.03423598926655977,0.03258335345219108,0.03937543629348114,0.0016603277494564852,0.06546867180437425,0.058768401621298795,0.01,0.04744682902642752,0.02969834872604727
2022-08-22,0.01,0.01,0.004675450765315024,0.08655505110904249,0.004675450765315024,0.08655505110904249,0.005947383033317683,0.08604844818005791,3.290241793931639e-05,0.03613441132246754,0.46419357394198363,0.023806154599756584,0.03179132354569211,0.04410732077261239,6.104234934956354e-05,0.04978817485855345,6.104234934956354e-05,0.04978817485855345,2.2902437223949416e-09,0.04232156272675689,1.727502954549796e-05,0.03423598926655977,0.03258335345219108,0.03937543629348114,0.0016603277494564852,0.06546867180437425,0.058768401621298795,0.01,0.04744682902642752,0.02969834872604727
2022-08-23,0.01,0.01,0.004675450765315024,0.08655505110904249,0.004675450765315024,0.08655505110904249,0.005947383033317683,0.08604844818005791,3.290241793931639e-05,0.03613441132246754,0.46419357394198363,0.023806154599756584,0.03179132354569211,0.04410732077261239,6.104234934956354e-05,0.04978817485855345,6.104234934956354e-05,0.04978817485855345,2.2902437223949416e-09,0.04232156272675689,1.727502954549796e-05,0.03423598926655977,0.03258335345219108,0.03937543629348114,0.0016603277494564852,0.06546867180437425,0.058768401621298795,0.01,0.04744682902642752,0.02969834872604727
2022-08-24,0.01,0.01,0.004675450765315024,0.08655505110904249,0.004675450765315024,0.08655505110904249,0.005947383033317683,0.08604844818005791,3.290241793931639e-05,0.03613441132246754,0.46419357394198363,0.023806154599756584,0.03179132354569211,0.04410732077261239,6.104234934956354e-05,0.04978817485855345,6.104234934956354e-05,0.04978817485855345,2.2902437223949416e-09,0.04232156272675689,1.727502954549796e-05,0.03423598926655977,0.03258335345219108,0.03937543629348114,0.0016603277494564852,0.06546867180437425,0.058768401621298795,0.01,0.04744682902642752,0.02969834872604727
2022-08-25,0.01,0.01,0.004675450765315024,0.08655505110904249,0.004675450765315024,0.08655505110904249,0.005947383033317683,0.08604844818005791,3.290241793931639e-05,0.03613441132246754,0.46419357394198363,0.023806154599756584,0.03179132354569211,0.04410732077261239,6.104234934956354e-05,0.04978817485855345,6.104234934956354e-05,0.04978817485855345,2.2902437223949416e-09,0.04232156272675689,1.727502954549796e-05,0.03423598926655977,0.03258335345219108,0.03937543629348114,0.0016603277494564852,0.06546867180437425,0.058768401621298795,0.01,0.04744682902642752,0.02969834872604727
2022-08-26,0.01,0.01,0.004675450765315024,0.08655505110904249,0.004675450765315024,0.08655505110904249,0.005947383033317683,0.08604844818005791,3.290241793931639e-05,0.03613441132246754,0.46419357394198363,0.023806154599756584,0.03179132354569211,0.04410732077261239,6.104234934956354e-05,0.04978817485855345,6.104234934956354e-05,0.04978817485855345,2.2902437223949416e-09,0.04232156272675689,1.727502954549796e-05,0.03423598926655977,0.03258335345219108,0.03937543629348114,0.0016603277494564852,0.06546867180437425,0.058768401621298795,0.01,0.04744682902642752,0.02969834872604727
2022-08-29,0.01,0.01,0.004675450765315024,0.08655505110904249,0.004675450765315024,0.08655505110904249,0.005947383033317683,0.08604844818005791,3.290241793931639e-05,0.03613441132246754,0.46419357394198363,0.023806154599756584,0.03179132354569211,0.04410732077261239,6.104234934956354e-05,0.04978817485855345,6.104234934956354e-05,0.04978817485855345,2.2902437223949416e-09,0.04232156272675689,1.727502954549796e-05,0.03423598926655977,0.03258335345219108,0.03937543629348114,0.0016603277494564852,0.06546867180437425,0.058768401621298795,0.01,0.04744682902642752,0.02969834872604727
2022-08-30,0.01,0.01,0.004675450765315024,0.08655505110904249,0.004675450765315024,0.08655505110904249,0.005947383033317683,0.08604844818005791,3.290241793931639e-05,0.03613441132246754,0.46419357394198363,0.023806154599756584,0.03179132354569211,0.04410732077261239,6.104234934956354e-05,0.04978817485855345,6.104234934956354e-05,0.04978817485855345,2.2902437223949416e-09,0.04232156272675689,1.727502954549796e-05,0.03423598926655977,0.03258335345219108,0.03937543629348114,0.0016603277494564852,0.06546867180437425,0.058768401621298795,0.01,0.04744682902642752,0.02969834872604727
2022-08-31,0.01,0.01,0.004675450765315024,0.08655505110904249,0.004675450765315024,0.08655505110904249,0.005947383033317683,0.08604844818005791,3.290241793931639e-05,0.03613441132246754,0.46419357394198363,0.023806154599756584,0.03179132354569211,0.04410732077261239,6.104234934956354e-05,0.04978817485855345,6.104234934956354e-05,0.04978817485855345,2.2902437223949416e-09,0.04232156272675689,1.727502954549796e-05,0.03423598926655977,0.03258335345219108,0.03937543629348114,0.0016603277494564852,0.06546867180437425,0.058768401621298795,0.01,0.04744682902642752,0.02969834872604727
2022-09-01,0.01,0.01,0.004675450765315024,0.08655505110904249,0.004675450765315024,0.08655505110904249,0.005947383033317683,0.08604844818005791,3.290241793931639e-05,0.03613441132246754,0.46419357394198363,0.023806154599756584,0.03179132354569211,0.04410732077261239,6.104234934956354e-05,0.04978817485855345,6.104234934956354e-05,0.04978817485855345,2.2902437223949416e-09,0.04232156272675689,1.727502954549796e-05,0.03423598926655977,0.03258335345219108,0.03937543629348114,0.0016603277494564852,0.06546867180437425,0.058768401621298795,0.01,0.04744682902642752,0.02969834872604727
2022-09-02,0.01,0.01,0.004675450765315024,0.08655505110904249,0.004675450765315024,0.08655505110904249,0.005947383033317683,0.08604844818005791,3.290241793931639e-05,0.03613441132246754,0.46419357394198363,0.023806154599756584,0.03179132354569211,0.04410732077261239,6.104234934956354e-05,0.04978817485855345,6.104234934956354e-05,0.04978817485855345,2.2902437223949416e-09,0.04232156272675689,1.727502954549796e-05,0.03423598926655977,0.03258335345219108,0.03937543629348114,0.0016603277494564852,0.06546867180437425,0.058768401621298795,0.01,0.04744682902642752,0.02969834872604727
2022-09-06,0.01,0.01,0.004675450765315024,0.08655505110904249,0.004675450765315024,0.08655505110904249,0.005947383033317683,0.08604844818005791,3.290241793931639e-05,0.03613441132246754,0.46419357394198363,0.023806154599756584,0.03179132354569211,0.04410732077261239,6.104234934956354e-05,0.04978817485855345,6.104234934956354e-05,0.04978817485855345,2.2902437223949416e-09,0.04232156272675689,1.727502954549796e-05,0.03423598926655977,0.03258335345219108,0.03937543629348114,0.0016603277494564852,0.06546867180437425,0.058768401621298795,0.01,0.04744682902642752,0.02969834872604727
2022-09-07,0.01,0.01,0.004675450765315024,0.08655505110904249,0.004675450765315024,0.08655505110904249,0.005947383033317683,0.08604844818005791,3.290241793931639e-05,0.03613441132246754,0.46419357394198363,0.023806154599756584,0.03179132354569211,0.04410732077261239,6.104234934956354e-05,0.04978817485855345,6.104234934956354e-05,0.04978817485855345,2.2902437223949416e-09,0.04232156272675689,1.727502954549796e-05,0.03423598926655977,0.03258335345219108,0.03937543629348114,0.0016603277494564852,0.06546867180437425,0.058768401621298795,0.01,0.04744682902642752,0.02969834872604727
2022-09-08,0.01,0.01,0.004675450765315024,0.08655505110904249,0.004675450765315024,0.08655505110904249,0.005947383033317683,0.08604844818005791,3.290241793931639e-05,0.03613441132246754,0.46419357394198363,0.023806154599756584,0.03179132354569211,0.04410732077261239,6.104234934956354e-05,0.04978817485855345,6.104234934956354e-05,0.04978817485855345,2.2902437223949416e-09,0.04232156272675689,1.727502954549796e-05,0.03423598926655977,0.03258335345219108,0.03937543629348114,0.0016603277494564852,0.06546867180437425,0.058768401621298795,0.01,0.04744682902642752,0.02969834872604727
2022-09-09,0.01,0.01,0.004675450765315024,0.08655505110904249,0.004675450765315024,0.08655505110904249,0.005947383033317683,0.08604844818005791,3.290241793931639e-05,0.03613441132246754,0.46419357394198363,0.023806154599756584,0.03179132354569211,0.04410732077261239,6.104234934956354e-05,0.04978817485855345,6.104234934956354e-05,0.04978817485855345,2.2902437223949416e-09,0.04232156272675689,1.727502954549796e-05,0.03423598926655977,0.03258335345219108,0.03937543629348114,0.0016603277494564852,0.06546867180437425,0.058768401621298795,0.01,0.04744682902642752,0.02969834872604727
2022-09-12,0.01,0.01,0.004675450765315024,0.08655505110904249,0.004675450765315024,0.08655505110904249,0.005947383033317683,0.08604844818005791,3.290241793931639e-05,0.03613441132246754,0.46419357394198363,0.023806154599756584,0.03179132354569211,0.04410732077261239,6.104234934956354e-05,0.04978817485855345,6.104234934956354e-05,0.04978817485855345,2.2902437223949416e-09,0.04232156272675689,1.727502954549796e-05,0.03423598926655977,0.03258335345219108,0.03937543629348114,0.0016603277494564852,0.06546867180437425,0.058768401621298795,0.01,0.04744682902642752,0.02969834872604727
2022-09-13,0.01,0.01,0.004675450765315024,0.08655505110904249,0.004675450765315024,0.08655505110904249,0.005947383033317683,0.08604844818005791,3.290241793931639e-05,0.03613441132246754,0.46419357394198363,0.023806154599756584,0.03179132354569211,0.04410732077261239,6.104234934956354e-05,0.04978817485855345,6.104234934956354e-05,0.04978817485855345,2.2902437223949416e-09,0.04232156272675689,1.727502954549796e-05,0.03423598926655977,0.03258335345219108,0.03937543629348114,0.0016603277494564852,0.06546867180437425,0.058768401621298795,0.01,0.04744682902642752,0.02969834872604727
2022-09-14,0.01,0.01,0.004675450765315024,0.08655505110904249,0.004675450765315024,0.08655505110904249,0.005947383033317683,0.08604844818005791,3.290241793931639e-05,0.03613441132246754,0.46419357394198363,0.023806154599756584,0.03179132354569211,0.04410732077261239,6.104234934956354e-05,0.04978817485855345,6.104234934956354e-05,0.04978817485855345,2.2902437223949416e-09,0.04232156272675689,1.727502954549796e-05,0.03423598926655977,0.03258335345219108,0.03937543629348114,0.0016603277494564852,0.06546867180437425,0.058768401621298795,0.01,0.04744682902642752,0.02969834872604727
2022-09-15,0.01,0.01,0.004675450765315024,0.08655505110904249,0.004675450765315024,0.08655505110904249,0.005947383033317683,0.08604844818005791,3.290241793931639e-05,0.03613441132246754,0.46419357394198363,0.023806154599756584,0.03179132354569211,0.04410732077261239,6.104234934956354e-05,0.04978817485855345,6.104234934956354e-05,0.04978817485855345,2.2902437223949416e-09,0.04232156272675689,1.727502954549796e-05,0.03423598926655977,0.03258335345219108,0.03937543629348114,0.0016603277494564852,0.06546867180437425,0.058768401621298795,0.01,0.04744682902642752,0.02969834872604727
2022-09-16,0.01,0.01,0.004675450765315024,0.08655505110904249,0.004675450765315024,0.08655505110904249,0.005947383033317683,0.08604844818005791,3.290241793931639e-05,0.03613441132246754,0.46419357394198363,0.023806154599756584,0.03179132354569211,0.04410732077261239,6.104234934956354e-05,0.04978817485855345,6.104234934956354e-05,0.04978817485855345,2.2902437223949416e-09,0.04232156272675689,1.727502954549796e-05,0.03423598926655977,0.03258335345219108,0.03937543629348114,0.0016603277494564852,0.06546867180437425,0.058768401621298795,0.01,0.04744682902642752,0.02969834872604727
2022-09-19,0.01,0.01,0.004675450765315024,0.08655505110904249,0.004675450765315024,0.08655505110904249,0.005947383033317683,0.08604844818005791,3.290241793931639e-05,0.03613441132246754,0.46419357394198363,0.023806154599756584,0.03179132354569211,0.04410732077261239,6.104234934956354e-05,0.04978817485855345,6.104234934956354e-05,0.04978817485855345,2.2902437223949416e-09,0.04232156272675689,1.727502954549796e-05,0.03423598926655977,0.03258335345219108,0.03937543629348114,0.0016603277494564852,0.06546867180437425,0.058768401621298795,0.01,0.04744682902642752,0.02969834872604727
2022-09-20,0.01,0.01,0.004675450765315024,0.08655505110904249,0.004675450765315024,0.08655505110904249,0.005947383033317683,0.08604844818005791,3.290241793931639e-05,0.03613441132246754,0.46419357394198363,0.023806154599756584,0.03179132354569211,0.04410732077261239,6.104234934956354e-05,0.04978817485855345,6.104234934956354e-05,0.04978817485855345,2.2902437223949416e-09,0.04232156272675689,1.727502954549796e-05,0.03423598926655977,0.03258335345219108,0.03937543629348114,0.0016603277494564852,0.06546867180437425,0.058768401621298795,0.01,0.04744682902642752,0.02969834872604727
2022-09-21,0.01,0.01,0.004675450765315024,0.08655505110904249,0.004675450765315024,0.08655505110904249,0.005947383033317683,0.08604844818005791,3.290241793931639e-05,0.03613441132246754,0.46419357394198363,0.023806154599756584,0.03179132354569211,0.04410732077261239,6.104234934956354e-05,0.04978817485855345,6.104234934956354e-05,0.04978817485855345,2.2902437223949416e-09,0.04232156272675689,1.727502954549796e-05,0.03423598926655977,0.03258335345219108,0.03937543629348114,0.0016603277494564852,0.06546867180437425,0.058768401621298795,0.01,0.04744682902642752,0.02969834872604727
2022-09-22,0.01,0.01,0.004675450765315024,0.08655505110904249,0.004675450765315024,0.08655505110904249,0.005947383033317683,0.08604844818005791,3.290241793931639e-05,0.03613441132246754,0.46419357394198363,0.023806154599756584,0.03179132354569211,0.04410732077261239,6.104234934956354e-05,0.04978817485855345,6.104234934956354e-05,0.04978817485855345,2.2902437223949416e-09,0.04232156272675689,1.727502954549796e-05,0.03423598926655977,0.03258335345219108,0.03937543629348114,0.0016603277494564852,0.06546867180437425,0.058768401621298795,0.01,0.04744682902642752,0.02969834872604727
2022-09-23,0.01,0.01,0.004675450765315024,0.08655505110904249,0.004675450765315024,0.08655505110904249,0.005947383033317683,0.08604844818005791,3.290241793931639e-05,0.03613441132246754,0.46419357394198363,0.023806154599756584,0.03179132354569211,0.04410732077261239,6.104234934956354e-05,0.04978817485855345,6.104234934956354e-05,0.04978817485855345,2.2902437223949416e-09,0.04232156272675689,1.727502954549796e-05,0.03423598926655977,0.03258335345219108,0.03937543629348114,0.0016603277494564852,0.06546867180437425,0.058768401621298795,0.01,0.04744682902642752,0.02969834872604727
2022-09-26,0.01,0.01,0.004675450765315024,0.08655505110904249,0.004675450765315024,0.08655505110904249,0.005947383033317683,0.08604844818005791,3.290241793931639e-05,0.03613441132246754,0.46419357394198363,0.023806154599756584,0.03179132354569211,0.04410732077261239,6.104234934956354e-05,0.04978817485855345,6.104234934956354e-05,0.04978817485855345,2.2902437223949416e-09,0.04232156272675689,1.727502954549796e-05,0.03423598926655977,0.03258335345219108,0.03937543629348114,0.0016603277494564852,0.06546867180437425,0.058768401621298795,0.01,0.04744682902642752,0.02969834872604727
2022-09-27,0.01,0.01,0.004675450765315024,0.08655505110904249,0.004675450765315024,0.08655505110904249,0.005947383033317683,0.08604844818005791,3.290241793931639e-05,0.03613441132246754,0.46419357394198363,0.023806154599756584,0.03179132354569211,0.04410732077261239,6.104234934956354e-05,0.04978817485855345,6.104234934956354e-05,0.04978817485855345,2.2902437223949416e-09,0.04232156272675689,1.727502954549796e-05,0.03423598926655977,0.03258335345219108,0.03937543629348114,0.0016603277494564852,0.06546867180437425,0.058768401621298795,0.01,0.04744682902642752,0.02969834872604727
2022-09-28,0.01,0.01,0.004675450765315024,0.08655505110904249,0.004675450765315024,0.08655505110904249,0.005947383033317683,0.08604844818005791,3.290241793931639e-05,0.03613441132246754,0.46419357394198363,0.023806154599756584,0.03179132354569211,0.04410732077261239,6.104234934956354e-05,0.04978817485855345,6.104234934956354e-05,0.04978817485855345,2.2902437223949416e-09,0.04232156272675689,1.727502954549796e-05,0.03423598926655977,0.03258335345219108,0.03937543629348114,0.0016603277494564852,0.06546867180437425,0.058768401621298795,0.01,0.04744682902642752,0.02969834872604727
2022-09-29,0.01,0.01,0.004675450765315024,0.08655505110904249,0.004675450765315024,0.08655505110904249,0.005947383033317683,0.08604844818005791,3.290241793931639e-05,0.03613441132246754,0.46419357394198363,0.023806154599756584,0.03179132354569211,0.04410732077261239,6.104234934956354e-05,0.04978817485855345,6.104234934956354e-05,0.04978817485855345,2.2902437223949416e-09,0.04232156272675689,1.727502954549796e-05,0.03423598926655977,0.03258335345219108,0.03937543629348114,0.0016603277494564852,0.06546867180437425,0.058768401621298795,0.01,0.04744682902642752,0.02969834872604727
2022-09-30,0.01,0.01,0.004675450765315024,0.08655505110904249,0.004675450765315024,0.08655505110904249,0.005947383033317683,0.08604844818005791,3.290241793931639e-05,0.03613441132246754,0.46419357394198363,0.023806154599756584,0.03179132354569211,0.04410732077261239,6.104234934956354e-05,0.04978817485855345,6.104234934956354e-05,0.04978817485855345,2.2902437223949416e-09,0.04232156272675689,1.727502954549796e-05,0.03423598926655977,0.03258335345219108,0.03937543629348114,0.0016603277494564852,0.06546867180437425,0.058768401621298795,0.01,0.04744682902642752,0.02969834872604727
2022-10-03,0.01,0.01,0.004675450765315024,0.08655505110904249,0.004675450765315024,0.08655505110904249,0.005947383033317683,0.08604844818005791,3.290241793931639e-05,0.03613441132246754,0.46419357394198363,0.023806154599756584,0.03179132354569211,0.04410732077261239,6.104234934956354e-05,0.04978817485855345,6.104234934956354e-05,0.04978817485855345,2.2902437223949416e-09,0.04232156272675689,1.727502954549796e-05,0.03423598926655977,0.03258335345219108,0.03937543629348114,0.0016603277494564852,0.06546867180437425,0.058768401621298795,0.01,0.04744682902642752,0.02969834872604727
2022-10-04,0.01,0.01,0.004675450765315024,0.08655505110904249,0.004675450765315024,0.08655505110904249,0.005947383033317683,0.08604844818005791,3.290241793931639e-05,0.03613441132246754,0.46419357394198363,0.023806154599756584,0.03179132354569211,0.04410732077261239,6.104234934956354e-05,0.04978817485855345,6.104234934956354e-05,0.04978817485855345,2.2902437223949416e-09,0.04232156272675689,1.727502954549796e-05,0.03423598926655977,0.03258335345219108,0.03937543629348114,0.0016603277494564852,0.06546867180437425,0.058768401621298795,0.01,0.04744682902642752,0.02969834872604727
2022-10-05,0.01,0.01,0.004675450765315024,0.08655505110904249,0.004675450765315024,0.08655505110904249,0.005947383033317683,0.08604844818005791,3.290241793931639e-05,0.03613441132246754,0.46419357394198363,0.023806154599756584,0.03179132354569211,0.04410732077261239,6.104234934956354e-05,0.04978817485855345,6.104234934956354e-05,0.04978817485855345,2.2902437223949416e-09,0.04232156272675689,1.727502954549796e-05,0.03423598926655977,0.03258335345219108,0.03937543629348114,0.0016603277494564852,0.06546867180437425,0.058768401621298795,0.01,0.04744682902642752,0.02969834872604727
2022-10-06,0.01,0.01,0.004675450765315024,0.08655505110904249,0.004675450765315024,0.08655505110904249,0.005947383033317683,0.08604844818005791,3.290241793931639e-05,0.03613441132246754,0.46419357394198363,0.023806154599756584,0.03179132354569211,0.04410732077261239,6.104234934956354e-05,0.04978817485855345,6.104234934956354e-05,0.04978817485855345,2.2902437223949416e-09,0.04232156272675689,1.727502954549796e-05,0.03423598926655977,0.03258335345219108,0.03937543629348114,0.0016603277494564852,0.06546867180437425,0.058768401621298795,0.01,0.04744682902642752,0.02969834872604727
2022-10-07,0.01,0.01,0.004675450765315024,0.08655505110904249,0.004675450765315024,0.08655505110904249,0.005947383033317683,0.08604844818005791,3.290241793931639e-05,0.03613441132246754,0.46419357394198363,0.023806154599756584,0.03179132354569211,0.04410732077261239,6.104234934956354e-05,0.04978817485855345,6.104234934956354e-05,0.04978817485855345,2.2902437223949416e-09,0.04232156272675689,1.727502954549796e-05,0.03423598926655977,0.03258335345219108,0.03937543629348114,0.0016603277494564852,0.06546867180437425,0.058768401621298795,0.01,0.04744682902642752,0.02969834872604727
2022-10-10,0.01,0.01,0.004675450765315024,0.08655505110904249,0.004675450765315024,0.08655505110904249,0.005947383033317683,0.08604844818005791,3.290241793931639e-05,0.03613441132246754,0.46419357394198363,0.023806154599756584,0.03179132354569211,0.04410732077261239,6.104234934956354e-05,0.04978817485855345,6.104234934956354e-05,0.04978817485855345,2.2902437223949416e-09,0.04232156272675689,1.727502954549796e-05,0.03423598926655977,0.03258335345219108,0.03937543629348114,0.0016603277494564852,0.06546867180437425,0.058768401621298795,0.01,0.04744682902642752,0.02969834872604727
2022-10-11,0.01,0.01,0.004675450765315024,0.08655505110904249,0.004675450765315024,0.08655505110904249,0.005947383033317683,0.08604844818005791,3.290241793931639e-05,0.03613441132246754,0.46419357394198363,0.023806154599756584,0.03179132354569211,0.04410732077261239,6.104234934956354e-05,0.04978817485855345,6.104234934956354e-05,0.04978817485855345,2.2902437223949416e-09,0.04232156272675689,1.727502954549796e-05,0.03423598926655977,0.03258335345219108,0.03937543629348114,0.0016603277494564852,0.06546867180437425,0.058768401621298795,0.01,0.04744682902642752,0.02969834872604727
2022-10-12,0.01,0.01,0.004675450765315024,0.08655505110904249,0.004675450765315024,0.08655505110904249,0.005947383033317683,0.08604844818005791,3.290241793931639e-05,0.03613441132246754,0.46419357394198363,0.023806154599756584,0.03179132354569211,0.04410732077261239,6.104234934956354e-05,0.04978817485855345,6.104234934956354e-05,0.04978817485855345,2.2902437223949416e-09,0.04232156272675689,1.727502954549796e-05,0.03423598926655977,0.03258335345219108,0.03937543629348114,0.0016603277494564852,0.06546867180437425,0.058768401621298795,0.01,0.04744682902642752,0.02969834872604727
2022-10-13,0.01,0.01,0.004675450765315024,0.08655505110904249,0.004675450765315024,0.08655505110904249,0.005947383033317683,0.08604844818005791,3.290241793931639e-05,0.03613441132246754,0.46419357394198363,0.023806154599756584,0.03179132354569211,0.04410732077261239,6.104234934956354e-05,0.04978817485855345,6.104234934956354e-05,0.04978817485855345,2.2902437223949416e-09,0.04232156272675689,1.727502954549796e-05,0.03423598926655977,0.03258335345219108,0.03937543629348114,0.0016603277494564852,0.06546867180437425,0.058768401621298795,0.01,0.04744682902642752,0.02969834872604727
2022-10-14,0.01,0.01,0.004675450765315024,0.08655505110904249,0.004675450765315024,0.08655505110904249,0.005947383033317683,0.08604844818005791,3.290241793931639e-05,0.03613441132246754,0.46419357394198363,0.023806154599756584,0.03179132354569211,0.04410732077261239,6.104234934956354e-05,0.04978817485855345,6.104234934956354e-05,0.04978817485855345,2.2902437223949416e-09,0.04232156272675689,1.727502954549796e-05,0.03423598926655977,0.03258335345219108,0.03937543629348114,0.0016603277494564852,0.06546867180437425,0.058768401621298795,0.01,0.04744682902642752,0.02969834872604727
2022-10-17,0.01,0.01,0.004675450765315024,0.08655505110904249,0.004675450765315024,0.08655505110904249,0.005947383033317683,0.08604844818005791,3.290241793931639e-05,0.03613441132246754,0.46419357394198363,0.023806154599756584,0.03179132354569211,0.04410732077261239,6.104234934956354e-05,0.04978817485855345,6.104234934956354e-05,0.04978817485855345,2.2902437223949416e-09,0.04232156272675689,1.727502954549796e-05,0.03423598926655977,0.03258335345219108,0.03937543629348114,0.0016603277494564852,0.06546867180437425,0.058768401621298795,0.01,0.04744682902642752,0.02969834872604727
2022-10-18,0.01,0.01,0.004675450765315024,0.08655505110904249,0.004675450765315024,0.08655505110904249,0.005947383033317683,0.08604844818005791,3.290241793931639e-05,0.03613441132246754,0.46419357394198363,0.023806154599756584,0.03179132354569211,0.04410732077261239,6.104234934956354e-05,0.04978817485855345,6.104234934956354e-05,0.04978817485855345,2.2902437223949416e-09,0.04232156272675689,1.727502954549796e-05,0.03423598926655977,0.03258335345219108,0.03937543629348114,0.0016603277494564852,0.06546867180437425,0.058768401621298795,0.01,0.04744682902642752,0.02969834872604727
2022-10-19,0.01,0.01,0.004675450765315024,0.08655505110904249,0.004675450765315024,0.08655505110904249,0.005947383033317683,0.08604844818005791,3.290241793931639e-05,0.03613441132246754,0.46419357394198363,0.023806154599756584,0.03179132354569211,0.04410732077261239,6.104234934956354e-05,0.04978817485855345,6.104234934956354e-05,0.04978817485855345,2.2902437223949416e-09,0.04232156272675689,1.727502954549796e-05,0.03423598926655977,0.03258335345219108,0.03937543629348114,0.0016603277494564852,0.06546867180437425,0.058768401621298795,0.01,0.04744682902642752,0.02969834872604727
2022-10-20,0.01,0.01,0.004675450765315024,0.08655505110904249,0.004675450765315024,0.08655505110904249,0.005947383033317683,0.08604844818005791,3.290241793931639e-05,0.03613441132246754,0.46419357394198363,0.023806154599756584,0.03179132354569211,0.04410732077261239,6.104234934956354e-05,0.04978817485855345,6.104234934956354e-05,0.04978817485855345,2.2902437223949416e-09,0.04232156272675689,1.727502954549796e-05,0.03423598926655977,0.03258335345219108,0.03937543629348114,0.0016603277494564852,0.06546867180437425,0.058768401621298795,0.01,0.04744682902642752,0.02969834872604727
2022-10-21,0.01,0.01,0.004675450765315024,0.08655505110904249,0.004675450765315024,0.08655505110904249,0.005947383033317683,0.08604844818005791,3.290241793931639e-05,0.03613441132246754,0.46419357394198363,0.023806154599756584,0.03179132354569211,0.04410732077261239,6.104234934956354e-05,0.04978817485855345,6.104234934956354e-05,0.04978817485855345,2.2902437223949416e-09,0.04232156272675689,1.727502954549796e-05,0.03423598926655977,0.03258335345219108,0.03937543629348114,0.0016603277494564852,0.06546867180437425,0.058768401621298795,0.01,0.04744682902642752,0.02969834872604727
2022-10-24,0.01,0.01,0.004675450765315024,0.08655505110904249,0.004675450765315024,0.08655505110904249,0.005947383033317683,0.08604844818005791,3.290241793931639e-05,0.03613441132246754,0.46419357394198363,0.023806154599756584,0.03179132354569211,0.04410732077261239,6.104234934956354e-05,0.04978817485855345,6.104234934956354e-05,0.04978817485855345,2.2902437223949416e-09,0.04232156272675689,1.727502954549796e-05,0.03423598926655977,0.03258335345219108,0.03937543629348114,0.0016603277494564852,0.06546867180437425,0.058768401621298795,0.01,0.04744682902642752,0.02969834872604727
2022-10-25,0.01,0.01,0.004675450765315024,0.08655505110904249,0.004675450765315024,0.08655505110904249,0.005947383033317683,0.08604844818005791,3.290241793931639e-05,0.03613441132246754,0.46419357394198363,0.023806154599756584,0.03179132354569211,0.04410732077261239,6.104234934956354e-05,0.04978817485855345,6.104234934956354e-05,0.04978817485855345,2.2902437223949416e-09,0.04232156272675689,1.727502954549796e-05,0.03423598926655977,0.03258335345219108,0.03937543629348114,0.0016603277494564852,0.06546867180437425,0.058768401621298795,0.01,0.04744682902642752,0.02969834872604727
2022-10-26,0.01,0.01,0.004675450765315024,0.08655505110904249,0.004675450765315024,0.08655505110904249,0.005947383033317683,0.08604844818005791,3.290241793931639e-05,0.03613441132246754,0.46419357394198363,0.023806154599756584,0.03179132354569211,0.04410732077261239,6.104234934956354e-05,0.04978817485855345,6.104234934956354e-05,0.04978817485855345,2.2902437223949416e-09,0.04232156272675689,1.727502954549796e-05,0.03423598926655977,0.03258335345219108,0.03937543629348114,0.0016603277494564852,0.06546867180437425,0.058768401621298795,0.01,0.04744682902642752,0.02969834872604727
2022-10-27,0.01,0.01,0.004675450765315024,0.08655505110904249,0.004675450765315024,0.08655505110904249,0.005947383033317683,0.08604844818005791,3.290241793931639e-05,0.03613441132246754,0.46419357394198363,0.023806154599756584,0.03179132354569211,0.04410732077261239,6.104234934956354e-05,0.04978817485855345,6.104234934956354e-05,0.04978817485855345,2.2902437223949416e-09,0.04232156272675689,1.727502954549796e-05,0.03423598926655977,0.03258335345219108,0.03937543629348114,0.0016603277494564852,0.06546867180437425,0.058768401621298795,0.01,0.04744682902642752,0.02969834872604727
2022-10-28,0.01,0.01,0.004675450765315024,0.08655505110904249,0.004675450765315024,0.08655505110904249,0.005947383033317683,0.08604844818005791,3.290241793931639e-05,0.03613441132246754,0.46419357394198363,0.023806154599756584,0.03179132354569211,0.04410732077261239,6.104234934956354e-05,0.04978817485855345,6.104234934956354e-05,0.04978817485855345,2.2902437223949416e-09,0.04232156272675689,1.727502954549796e-05,0.03423598926655977,0.03258335345219108,0.03937543629348114,0.0016603277494564852,0.06546867180437425,0.058768401621298795,0.01,0.04744682902642752,0.02969834872604727
2022-10-31,0.01,0.01,0.004675450765315024,0.08655505110904249,0.004675450765315024,0.08655505110904249,0.005947383033317683,0.08604844818005791,3.290241793931639e-05,0.03613441132246754,0.46419357394198363,0.023806154599756584,0.03179132354569211,0.04410732077261239,6.104234934956354e-05,0.04978817485855345,6.104234934956354e-05,0.04978817485855345,2.2902437223949416e-09,0.04232156272675689,1.727502954549796e-05,0.03423598926655977,0.03258335345219108,0.03937543629348114,0.0016603277494564852,0.06546867180437425,0.058768401621298795,0.01,0.04744682902642752,0.02969834872604727
2022-11-01,0.01,0.01,0.004675450765315024,0.08655505110904249,0.004675450765315024,0.08655505110904249,0.005947383033317683,0.08604844818005791,3.290241793931639e-05,0.03613441132246754,0.46419357394198363,0.023806154599756584,0.03179132354569211,0.04410732077261239,6.104234934956354e-05,0.04978817485855345,6.104234934956354e-05,0.04978817485855345,2.2902437223949416e-09,0.04232156272675689,1.727502954549796e-05,0.03423598926655977,0.03258335345219108,0.03937543629348114,0.0016603277494564852,0.06546867180437425,0.058768401621298795,0.01,0.04744682902642752,0.02969834872604727
2022-11-02,0.01,0.01,0.004675450765315024,0.08655505110904249,0.004675450765315024,0.08655505110904249,0.005947383033317683,0.08604844818005791,3.290241793931639e-05,0.03613441132246754,0.46419357394198363,0.023806154599756584,0.03179132354569211,0.04410732077261239,6.104234934956354e-05,0.04978817485855345,6.104234934956354e-05,0.04978817485855345,2.2902437223949416e-09,0.04232156272675689,1.727502954549796e-05,0.03423598926655977,0.03258335345219108,0.03937543629348114,0.0016603277494564852,0.06546867180437425,0.058768401621298795,0.01,0.04744682902642752,0.02969834872604727
2022-11-03,0.01,0.01,0.004675450765315024,0.08655505110904249,0.004675450765315024,0.08655505110904249,0.005947383033317683,0.08604844818005791,3.290241793931639e-05,0.03613441132246754,0.46419357394198363,0.023806154599756584,0.03179132354569211,0.04410732077261239,6.104234934956354e-05,0.04978817485855345,6.104234934956354e-05,0.04978817485855345,2.2902437223949416e-09,0.04232156272675689,1.727502954549796e-05,0.03423598926655977,0.03258335345219108,0.03937543629348114,0.0016603277494564852,0.06546867180437425,0.058768401621298795,0.01,0.04744682902642752,0.02969834872604727
2022-11-04,0.01,0.01,0.004675450765315024,0.08655505110904249,0.004675450765315024,0.08655505110904249,0.005947383033317683,0.08604844818005791,3.290241793931639e-05,0.03613441132246754,0.46419357394198363,0.023806154599756584,0.03179132354569211,0.04410732077261239,6.104234934956354e-05,0.04978817485855345,6.104234934956354e-05,0.04978817485855345,2.2902437223949416e-09,0.04232156272675689,1.727502954549796e-05,0.03423598926655977,0.03258335345219108,0.03937543629348114,0.0016603277494564852,0.06546867180437425,0.058768401621298795,0.01,0.04744682902642752,0.02969834872604727
2022-11-07,0.01,0.01,0.004675450765315024,0.08655505110904249,0.004675450765315024,0.08655505110904249,0.005947383033317683,0.08604844818005791,3.290241793931639e-05,0.03613441132246754,0.46419357394198363,0.023806154599756584,0.03179132354569211,0.04410732077261239,6.104234934956354e-05,0.04978817485855345,6.104234934956354e-05,0.04978817485855345,2.2902437223949416e-09,0.04232156272675689,1.727502954549796e-05,0.03423598926655977,0.03258335345219108,0.03937543629348114,0.0016603277494564852,0.06546867180437425,0.058768401621298795,0.01,0.04744682902642752,0.02969834872604727
2022-11-08,0.01,0.01,0.004675450765315024,0.08655505110904249,0.004675450765315024,0.08655505110904249,0.005947383033317683,0.08604844818005791,3.290241793931639e-05,0.03613441132246754,0.46419357394198363,0.023806154599756584,0.03179132354569211,0.04410732077261239,6.104234934956354e-05,0.04978817485855345,6.104234934956354e-05,0.04978817485855345,2.2902437223949416e-09,0.04232156272675689,1.727502954549796e-05,0.03423598926655977,0.03258335345219108,0.03937543629348114,0.0016603277494564852,0.06546867180437425,0.058768401621298795,0.01,0.04744682902642752,0.02969834872604727
2022-11-09,0.01,0.01,0.004675450765315024,0.08655505110904249,0.004675450765315024,0.08655505110904249,0.005947383033317683,0.08604844818005791,3.290241793931639e-05,0.03613441132246754,0.46419357394198363,0.023806154599756584,0.03179132354569211,0.04410732077261239,6.104234934956354e-05,0.04978817485855345,6.104234934956354e-05,0.04978817485855345,2.2902437223949416e-09,0.04232156272675689,1.727502954549796e-05,0.03423598926655977,0.03258335345219108,0.03937543629348114,0.0016603277494564852,0.06546867180437425,0.058768401621298795,0.01,0.04744682902642752,0.02969834872604727
2022-11-10,0.01,0.01,0.004675450765315024,0.08655505110904249,0.004675450765315024,0.08655505110904249,0.005947383033317683,0.08604844818005791,3.290241793931639e-05,0.03613441132246754,0.46419357394198363,0.023806154599756584,0.03179132354569211,0.04410732077261239,6.104234934956354e-05,0.04978817485855345,6.104234934956354e-05,0.04978817485855345,2.2902437223949416e-09,0.04232156272675689,1.727502954549796e-05,0.03423598926655977,0.03258335345219108,0.03937543629348114,0.0016603277494564852,0.06546867180437425,0.058768401621298795,0.01,0.04744682902642752,0.02969834872604727
2022-11-11,0.01,0.01,0.004675450765315024,0.08655505110904249,0.004675450765315024,0.08655505110904249,0.005947383033317683,0.08604844818005791,3.290241793931639e-05,0.03613441132246754,0.46419357394198363,0.023806154599756584,0.03179132354569211,0.04410732077261239,6.104234934956354e-05,0.04978817485855345,6.104234934956354e-05,0.04978817485855345,2.2902437223949416e-09,0.04232156272675689,1.727502954549796e-05,0.03423598926655977,0.03258335345219108,0.03937543629348114,0.0016603277494564852,0.06546867180437425,0.058768401621298795,0.01,0.04744682902642752,0.02969834872604727
2022-11-14,0.01,0.01,0.004675450765315024,0.08655505110904249,0.004675450765315024,0.08655505110904249,0.005947383033317683,0.08604844818005791,3.290241793931639e-05,0.03613441132246754,0.46419357394198363,0.023806154599756584,0.03179132354569211,0.04410732077261239,6.104234934956354e-05,0.04978817485855345,6.104234934956354e-05,0.04978817485855345,2.2902437223949416e-09,0.04232156272675689,1.727502954549796e-05,0.03423598926655977,0.03258335345219108,0.03937543629348114,0.0016603277494564852,0.06546867180437425,0.058768401621298795,0.01,0.04744682902642752,0.02969834872604727
2022-11-15,0.01,0.01,0.004675450765315024,0.08655505110904249,0.004675450765315024,0.08655505110904249,0.005947383033317683,0.08604844818005791,3.290241793931639e-05,0.03613441132246754,0.46419357394198363,0.023806154599756584,0.03179132354569211,0.04410732077261239,6.104234934956354e-05,0.04978817485855345,6.104234934956354e-05,0.04978817485855345,2.2902437223949416e-09,0.04232156272675689,1.727502954549796e-05,0.03423598926655977,0.03258335345219108,0.03937543629348114,0.0016603277494564852,0.06546867180437425,0.058768401621298795,0.01,0.04744682902642752,0.02969834872604727
2022-11-16,0.01,0.01,0.004675450765315024,0.08655505110904249,0.004675450765315024,0.08655505110904249,0.005947383033317683,0.08604844818005791,3.290241793931639e-05,0.03613441132246754,0.46419357394198363,0.023806154599756584,0.03179132354569211,0.04410732077261239,6.104234934956354e-05,0.04978817485855345,6.104234934956354e-05,0.04978817485855345,2.2902437223949416e-09,0.04232156272675689,1.727502954549796e-05,0.03423598926655977,0.03258335345219108,0.03937543629348114,0.0016603277494564852,0.06546867180437425,0.058768401621298795,0.01,0.04744682902642752,0.02969834872604727
2022-11-17,0.01,0.01,0.004675450765315024,0.08655505110904249,0.004675450765315024,0.08655505110904249,0.005947383033317683,0.08604844818005791,3.290241793931639e-05,0.03613441132246754,0.46419357394198363,0.023806154599756584,0.03179132354569211,0.04410732077261239,6.104234934956354e-05,0.04978817485855345,6.104234934956354e-05,0.04978817485855345,2.2902437223949416e-09,0.04232156272675689,1.727502954549796e-05,0.03423598926655977,0.03258335345219108,0.03937543629348114,0.0016603277494564852,0.06546867180437425,0.058768401621298795,0.01,0.04744682902642752,0.02969834872604727
2022-11-18,0.01,0.01,0.004675450765315024,0.08655505110904249,0.004675450765315024,0.08655505110904249,0.005947383033317683,0.08604844818005791,3.290241793931639e-05,0.03613441132246754,0.46419357394198363,0.023806154599756584,0.03179132354569211,0.04410732077261239,6.104234934956354e-05,0.04978817485855345,6.104234934956354e-05,0.04978817485855345,2.2902437223949416e-09,0.04232156272675689,1.727502954549796e-05,0.03423598926655977,0.03258335345219108,0.03937543629348114,0.0016603277494564852,0.06546867180437425,0.058768401621298795,0.01,0.04744682902642752,0.02969834872604727
2022-11-21,0.01,0.01,0.004675450765315024,0.08655505110904249,0.004675450765315024,0.08655505110904249,0.005947383033317683,0.08604844818005791,3.290241793931639e-05,0.03613441132246754,0.46419357394198363,0.023806154599756584,0.03179132354569211,0.04410732077261239,6.104234934956354e-05,0.04978817485855345,6.104234934956354e-05,0.04978817485855345,2.2902437223949416e-09,0.04232156272675689,1.727502954549796e-05,0.03423598926655977,0.03258335345219108,0.03937543629348114,0.0016603277494564852,0.06546867180437425,0.058768401621298795,0.01,0.04744682902642752,0.02969834872604727
2022-11-22,0.01,0.01,0.004675450765315024,0.08655505110904249,0.004675450765315024,0.08655505110904249,0.005947383033317683,0.08604844818005791,3.290241793931639e-05,0.03613441132246754,0.46419357394198363,0.023806154599756584,0.03179132354569211,0.04410732077261239,6.104234934956354e-05,0.04978817485855345,6.104234934956354e-05,0.04978817485855345,2.2902437223949416e-09,0.04232156272675689,1.727502954549796e-05,0.03423598926655977,0.03258335345219108,0.03937543629348114,0.0016603277494564852,0.06546867180437425,0.058768401621298795,0.01,0.04744682902642752,0.02969834872604727
2022-11-23,0.01,0.01,0.004675450765315024,0.08655505110904249,0.004675450765315024,0.08655505110904249,0.005947383033317683,0.08604844818005791,3.290241793931639e-05,0.03613441132246754,0.46419357394198363,0.023806154599756584,0.03179132354569211,0.04410732077261239,6.104234934956354e-05,0.04978817485855345,6.104234934956354e-05,0.04978817485855345,2.2902437223949416e-09,0.04232156272675689,1.727502954549796e-05,0.03423598926655977,0.03258335345219108,0.03937543629348114,0.0016603277494564852,0.06546867180437425,0.058768401621298795,0.01,0.04744682902642752,0.02969834872604727
2022-11-25,0.01,0.01,0.004675450765315024,0.08655505110904249,0.004675450765315024,0.08655505110904249,0.005947383033317683,0.08604844818005791,3.290241793931639e-05,0.03613441132246754,0.46419357394198363,0.023806154599756584,0.03179132354569211,0.04410732077261239,6.104234934956354e-05,0.04978817485855345,6.104234934956354e-05,0.04978817485855345,2.2902437223949416e-09,0.04232156272675689,1.727502954549796e-05,0.03423598926655977,0.03258335345219108,0.03937543629348114,0.0016603277494564852,0.06546867180437425,0.058768401621298795,0.01,0.04744682902642752,0.02969834872604727
2022-11-28,0.01,0.01,0.004675450765315024,0.08655505110904249,0.004675450765315024,0.08655505110904249,0.005947383033317683,0.08604844818005791,3.290241793931639e-05,0.03613441132246754,0.46419357394198363,0.023806154599756584,0.03179132354569211,0.04410732077261239,6.104234934956354e-05,0.04978817485855345,6.104234934956354e-05,0.04978817485855345,2.2902437223949416e-09,0.04232156272675689,1.727502954549796e-05,0.03423598926655977,0.03258335345219108,0.03937543629348114,0.0016603277494564852,0.06546867180437425,0.058768401621298795,0.01,0.04744682902642752,0.02969834872604727
2022-11-29,0.01,0.01,0.004675450765315024,0.08655505110904249,0.004675450765315024,0.08655505110904249,0.005947383033317683,0.08604844818005791,3.290241793931639e-05,0.03613441132246754,0.46419357394198363,0.023806154599756584,0.03179132354569211,0.04410732077261239,6.104234934956354e-05,0.04978817485855345,6.104234934956354e-05,0.04978817485855345,2.2902437223949416e-09,0.04232156272675689,1.727502954549796e-05,0.03423598926655977,0.03258335345219108,0.03937543629348114,0.0016603277494564852,0.06546867180437425,0.058768401621298795,0.01,0.04744682902642752,0.02969834872604727
2022-11-30,0.01,0.01,0.004675450765315024,0.08655505110904249,0.004675450765315024,0.08655505110904249,0.005947383033317683,0.08604844818005791,3.290241793931639e-05,0.03613441132246754,0.46419357394198363,0.023806154599756584,0.03179132354569211,0.04410732077261239,6.104234934956354e-05,0.04978817485855345,6.104234934956354e-05,0.04978817485855345,2.2902437223949416e-09,0.04232156272675689,1.727502954549796e-05,0.03423598926655977,0.03258335345219108,0.03937543629348114,0.0016603277494564852,0.06546867180437425,0.058768401621298795,0.01,0.04744682902642752,0.02969834872604727
2022-12-01,0.01,0.01,0.004675450765315024,0.08655505110904249,0.004675450765315024,0.08655505110904249,0.005947383033317683,0.08604844818005791,3.290241793931639e-05,0.03613441132246754,0.46419357394198363,0.023806154599756584,0.03179132354569211,0.04410732077261239,6.104234934956354e-05,0.04978817485855345,6.104234934956354e-05,0.04978817485855345,2.2902437223949416e-09,0.04232156272675689,1.727502954549796e-05,0.03423598926655977,0.03258335345219108,0.03937543629348114,0.0016603277494564852,0.06546867180437425,0.058768401621298795,0.01,0.04744682902642752,0.02969834872604727
2022-12-02,0.01,0.01,0.004675450765315024,0.08655505110904249,0.004675450765315024,0.08655505110904249,0.005947383033317683,0.08604844818005791,3.290241793931639e-05,0.03613441132246754,0.46419357394198363,0.023806154599756584,0.03179132354569211,0.04410732077261239,6.104234934956354e-05,0.04978817485855345,6.104234934956354e-05,0.04978817485855345,2.2902437223949416e-09,0.04232156272675689,1.727502954549796e-05,0.03423598926655977,0.03258335345219108,0.03937543629348114,0.0016603277494564852,0.06546867180437425,0.058768401621298795,0.01,0.04744682902642752,0.02969834872604727
2022-12-05,0.01,0.01,0.004675450765315024,0.08655505110904249,0.004675450765315024,0.08655505110904249,0.005947383033317683,0.08604844818005791,3.290241793931639e-05,0.03613441132246754,0.46419357394198363,0.023806154599756584,0.03179132354569211,0.04410732077261239,6.104234934956354e-05,0.04978817485855345,6.104234934956354e-05,0.04978817485855345,2.2902437223949416e-09,0.04232156272675689,1.727502954549796e-05,0.03423598926655977,0.03258335345219108,0.03937543629348114,0.0016603277494564852,0.06546867180437425,0.058768401621298795,0.01,0.04744682902642752,0.02969834872604727
2022-12-06,0.01,0.01,0.004675450765315024,0.08655505110904249,0.004675450765315024,0.08655505110904249,0.005947383033317683,0.08604844818005791,3.290241793931639e-05,0.03613441132246754,0.46419357394198363,0.023806154599756584,0.03179132354569211,0.04410732077261239,6.104234934956354e-05,0.04978817485855345,6.104234934956354e-05,0.04978817485855345,2.2902437223949416e-09,0.04232156272675689,1.727502954549796e-05,0.03423598926655977,0.03258335345219108,0.03937543629348114,0.0016603277494564852,0.06546867180437425,0.058768401621298795,0.01,0.04744682902642752,0.02969834872604727
2022-12-07,0.01,0.01,0.004675450765315024,0.08655505110904249,0.004675450765315024,0.08655505110904249,0.005947383033317683,0.08604844818005791,3.290241793931639e-05,0.03613441132246754,0.46419357394198363,0.023806154599756584,0.03179132354569211,0.04410732077261239,6.104234934956354e-05,0.04978817485855345,6.104234934956354e-05,0.04978817485855345,2.2902437223949416e-09,0.04232156272675689,1.727502954549796e-05,0.03423598926655977,0.03258335345219108,0.03937543629348114,0.0016603277494564852,0.06546867180437425,0.058768401621298795,0.01,0.04744682902642752,0.02969834872604727
2022-12-08,0.01,0.01,0.004675450765315024,0.08655505110904249,0.004675450765315024,0.08655505110904249,0.005947383033317683,0.08604844818005791,3.290241793931639e-05,0.03613441132246754,0.46419357394198363,0.023806154599756584,0.03179132354569211,0.04410732077261239,6.104234934956354e-05,0.04978817485855345,6.104234934956354e-05,0.04978817485855345,2.2902437223949416e-09,0.04232156272675689,1.727502954549796e-05,0.03423598926655977,0.03258335345219108,0.03937543629348114,0.0016603277494564852,0.06546867180437425,0.058768401621298795,0.01,0.04744682902642752,0.02969834872604727
2022-12-09,0.01,0.01,0.004675450765315024,0.08655505110904249,0.004675450765315024,0.08655505110904249,0.005947383033317683,0.08604844818005791,3.290241793931639e-05,0.03613441132246754,0.46419357394198363,0.023806154599756584,0.03179132354569211,0.04410732077261239,6.104234934956354e-05,0.04978817485855345,6.104234934956354e-05,0.04978817485855345,2.2902437223949416e-09,0.04232156272675689,1.727502954549796e-05,0.03423598926655977,0.03258335345219108,0.03937543629348114,0.0016603277494564852,0.06546867180437425,0.058768401621298795,0.01,0.04744682902642752,0.02969834872604727
2022-12-12,0.01,0.01,0.004675450765315024,0.08655505110904249,0.004675450765315024,0.08655505110904249,0.005947383033317683,0.08604844818005791,3.290241793931639e-05,0.03613441132246754,0.46419357394198363,0.023806154599756584,0.03179132354569211,0.04410732077261239,6.104234934956354e-05,0.04978817485855345,6.104234934956354e-05,0.04978817485855345,2.2902437223949416e-09,0.04232156272675689,1.727502954549796e-05,0.03423598926655977,0.03258335345219108,0.03937543629348114,0.0016603277494564852,0.06546867180437425,0.058768401621298795,0.01,0.04744682902642752,0.02969834872604727
2022-12-13,0.01,0.01,0.004675450765315024,0.08655505110904249,0.004675450765315024,0.08655505110904249,0.005947383033317683,0.08604844818005791,3.290241793931639e-05,0.03613441132246754,0.46419357394198363,0.023806154599756584,0.03179132354569211,0.04410732077261239,6.104234934956354e-05,0.04978817485855345,6.104234934956354e-05,0.04978817485855345,2.2902437223949416e-09,0.04232156272675689,1.727502954549796e-05,0.03423598926655977,0.03258335345219108,0.03937543629348114,0.0016603277494564852,0.06546867180437425,0.058768401621298795,0.01,0.04744682902642752,0.02969834872604727
2022-12-14,0.01,0.01,0.004675450765315024,0.08655505110904249,0.004675450765315024,0.08655505110904249,0.005947383033317683,0.08604844818005791,3.290241793931639e-05,0.03613441132246754,0.46419357394198363,0.023806154599756584,0.03179132354569211,0.04410732077261239,6.104234934956354e-05,0.04978817485855345,6.104234934956354e-05,0.04978817485855345,2.2902437223949416e-09,0.04232156272675689,1.727502954549796e-05,0.03423598926655977,0.03258335345219108,0.03937543629348114,0.0016603277494564852,0.06546867180437425,0.058768401621298795,0.01,0.04744682902642752,0.02969834872604727
2022-12-15,0.01,0.01,0.004675450765315024,0.08655505110904249,0.004675450765315024,0.08655505110904249,0.005947383033317683,0.08604844818005791,3.290241793931639e-05,0.03613441132246754,0.46419357394198363,0.023806154599756584,0.03179132354569211,0.04410732077261239,6.104234934956354e-05,0.04978817485855345,6.104234934956354e-05,0.04978817485855345,2.2902437223949416e-09,0.04232156272675689,1.727502954549796e-05,0.03423598926655977,0.03258335345219108,0.03937543629348114,0.0016603277494564852,0.06546867180437425,0.058768401621298795,0.01,0.04744682902642752,0.02969834872604727
2022-12-16,0.01,0.01,0.004675450765315024,0.08655505110904249,0.004675450765315024,0.08655505110904249,0.005947383033317683,0.08604844818005791,3.290241793931639e-05,0.03613441132246754,0.46419357394198363,0.023806154599756584,0.03179132354569211,0.04410732077261239,6.104234934956354e-05,0.04978817485855345,6.104234934956354e-05,0.04978817485855345,2.2902437223949416e-09,0.04232156272675689,1.727502954549796e-05,0.03423598926655977,0.03258335345219108,0.03937543629348114,0.0016603277494564852,0.06546867180437425,0.058768401621298795,0.01,0.04744682902642752,0.02969834872604727
2022-12-19,0.01,0.01,0.004675450765315024,0.08655505110904249,0.004675450765315024,0.08655505110904249,0.005947383033317683,0.08604844818005791,3.290241793931639e-05,0.03613441132246754,0.46419357394198363,0.023806154599756584,0.03179132354569211,0.04410732077261239,6.104234934956354e-05,0.04978817485855345,6.104234934956354e-05,0.04978817485855345,2.2902437223949416e-09,0.04232156272675689,1.727502954549796e-05,0.03423598926655977,0.03258335345219108,0.03937543629348114,0.0016603277494564852,0.06546867180437425,0.058768401621298795,0.01,0.04744682902642752,0.02969834872604727
2022-12-20,0.01,0.01,0.004675450765315024,0.08655505110904249,0.004675450765315024,0.08655505110904249,0.005947383033317683,0.08604844818005791,3.290241793931639e-05,0.03613441132246754,0.46419357394198363,0.023806154599756584,0.03179132354569211,0.04410732077261239,6.104234934956354e-05,0.04978817485855345,6.104234934956354e-05,0.04978817485855345,2.2902437223949416e-09,0.04232156272675689,1.727502954549796e-05,0.03423598926655977,0.03258335345219108,0.03937543629348114,0.0016603277494564852,0.06546867180437425,0.058768401621298795,0.01,0.04744682902642752,0.02969834872604727
2022-12-21,0.01,0.01,0.004675450765315024,0.08655505110904249,0.004675450765315024,0.08655505110904249,0.005947383033317683,0.08604844818005791,3.290241793931639e-05,0.03613441132246754,0.46419357394198363,0.023806154599756584,0.03179132354569211,0.04410732077261239,6.104234934956354e-05,0.04978817485855345,6.104234934956354e-05,0.04978817485855345,2.2902437223949416e-09,0.04232156272675689,1.727502954549796e-05,0.03423598926655977,0.03258335345219108,0.03937543629348114,0.0016603277494564852,0.06546867180437425,0.058768401621298795,0.01,0.04744682902642752,0.02969834872604727
2022-12-22,0.01,0.01,0.004675450765315024,0.08655505110904249,0.004675450765315024,0.08655505110904249,0.005947383033317683,0.08604844818005791,3.290241793931639e-05,0.03613441132246754,0.46419357394198363,0.023806154599756584,0.03179132354569211,0.04410732077261239,6.104234934956354e-05,0.04978817485855345,6.104234934956354e-05,0.04978817485855345,2.2902437223949416e-09,0.04232156272675689,1.727502954549796e-05,0.03423598926655977,0.03258335345219108,0.03937543629348114,0.0016603277494564852,0.06546867180437425,0.058768401621298795,0.01,0.04744682902642752,0.02969834872604727
2022-12-23,0.01,0.01,0.004675450765315024,0.08655505110904249,0.004675450765315024,0.08655505110904249,0.005947383033317683,0.08604844818005791,3.290241793931639e-05,0.03613441132246754,0.46419357394198363,0.023806154599756584,0.03179132354569211,0.04410732077261239,6.104234934956354e-05,0.04978817485855345,6.104234934956354e-05,0.04978817485855345,2.2902437223949416e-09,0.04232156272675689,1.727502954549796e-05,0.03423598926655977,0.03258335345219108,0.03937543629348114,0.0016603277494564852,0.06546867180437425,0.058768401621298795,0.01,0.04744682902642752,0.02969834872604727
2022-12-27,0.01,0.01,0.004675450765315024,0.08655505110904249,0.004675450765315024,0.08655505110904249,0.005947383033317683,0.08604844818005791,3.290241793931639e-05,0.03613441132246754,0.46419357394198363,0.023806154599756584,0.03179132354569211,0.04410732077261239,6.104234934956354e-05,0.04978817485855345,6.104234934956354e-05,0.04978817485855345,2.2902437223949416e-09,0.04232156272675689,1.727502954549796e-05,0.03423598926655977,0.03258335345219108,0.03937543629348114,0.0016603277494564852,0.06546867180437425,0.058768401621298795,0.01,0.04744682902642752,0.02969834872604727
2022-12-28,0.01,0.01,0.004675450765315024,0.08655505110904249,0.004675450765315024,0.08655505110904249,0.005947383033317683,0.08604844818005791,3.290241793931639e-05,0.03613441132246754,0.46419357394198363,0.023806154599756584,0.03179132354569211,0.04410732077261239,6.104234934956354e-05,0.04978817485855345,6.104234934956354e-05,0.04978817485855345,2.2902437223949416e-09,0.04232156272675689,1.727502954549796e-05,0.03423598926655977,0.03258335345219108,0.03937543629348114,0.0016603277494564852,0.06546867180437425,0.058768401621298795,0.01,0.04744682902642752,0.02969834872604727
2022-12-29,0.01,0.01,0.004675450765315024,0.08655505110904249,0.004675450765315024,0.08655505110904249,0.005947383033317683,0.08604844818005791,3.290241793931639e-05,0.03613441132246754,0.46419357394198363,0.023806154599756584,0.03179132354569211,0.04410732077261239,6.104234934956354e-05,0.04978817485855345,6.104234934956354e-05,0.04978817485855345,2.2902437223949416e-09,0.04232156272675689,1.727502954549796e-05,0.03423598926655977,0.03258335345219108,0.03937543629348114,0.0016603277494564852,0.06546867180437425,0.058768401621298795,0.01,0.04744682902642752,0.02969834872604727
2022-12-30,0.01,0.01,0.004675450765315024,0.08655505110904249,0.004675450765315024,0.08655505110904249,0.005947383033317683,0.08604844818005791,3.290241793931639e-05,0.03613441132246754,0.46419357394198363,0.023806154599756584,0.03179132354569211,0.04410732077261239,6.104234934956354e-05,0.04978817485855345,6.104234934956354e-05,0.04978817485855345,2.2902437223949416e-09,0.04232156272675689,1.727502954549796e-05,0.03423598926655977,0.03258335345219108,0.03937543629348114,0.0016603277494564852,0.06546867180437425,0.058768401621298795,0.01,0.04744682902642752,0.02969834872604727
2023-01-03,0.01,0.01,0.01706988545409628,0.03908319417938587,0.01706988545409628,0.03908319417938587,0.20102722208544438,0.039424506492028506,0.00991993345625618,0.07237498811247786,0.257643204977856,0.04595203988645442,0.9002284122034182,0.047093437630532,0.005324451459773768,0.038665018610789956,0.005324451459773768,0.038665018610789956,0.03551146794865996,0.04206570990718457,0.008416867561584357,0.06316100631111328,0.028476074205440304,0.04485439831824645,0.2739803895504091,0.04949242099964061,0.14260298069313024,0.037192219583253486,0.051679904413834146,0.04158648454071118
2023-01-04,0.01,0.01,0.01706988545409628,0.03908319417938587,0.01706988545409628,0.03908319417938587,0.20102722208544438,0.039424506492028506,0.00991993345625618,0.07237498811247786,0.257643204977856,0.04595203988645442,0.9002284122034182,0.047093437630532,0.005324451459773768,0.038665018610789956,0.005324451459773768,0.038665018610789956,0.03551146794865996,0.04206570990718457,0.008416867561584357,0.06316100631111328,0.028476074205440304,0.04485439831824645,0.2739803895504091,0.04949242099964061,0.14260298069313024,0.037192219583253486,0.051679904413834146,0.04158648454071118
2023-01-05,0.01,0.01,0.01706988545409628,0.03908319417938587,0.01706988545409628,0.03908319417938587,0.20102722208544438,0.039424506492028506,0.00991993345625618,0.07237498811247786,0.257643204977856,0.04595203988645442,0.9002284122034182,0.047093437630532,0.005324451459773768,0.038665018610789956,0.005324451459773768,0.038665018610789956,0.03551146794865996,0.04206570990718457,0.008416867561584357,0.06316100631111328,0.028476074205440304,0.04485439831824645,0.2739803895504091,0.04949242099964061,0.14260298069313024,0.037192219583253486,0.051679904413834146,0.04158648454071118
2023-01-06,0.01,0.01,0.01706988545409628,0.03908319417938587,0.01706988545409628,0.03908319417938587,0.20102722208544438,0.039424506492028506,0.00991993345625618,0.07237498811247786,0.257643204977856,0.04595203988645442,0.9002284122034182,0.047093437630532,0.005324451459773768,0.038665018610789956,0.005324451459773768,0.038665018610789956,0.03551146794865996,0.04206570990718457,0.008416867561584357,0.06316100631111328,0.028476074205440304,0.04485439831824645,0.2739803895504091,0.04949242099964061,0.14260298069313024,0.037192219583253486,0.051679904413834146,0.04158648454071118
2023-01-09,0.01,0.01,0.01706988545409628,0.03908319417938587,0.01706988545409628,0.03908319417938587,0.20102722208544438,0.039424506492028506,0.00991993345625618,0.07237498811247786,0.257643204977856,0.04595203988645442,0.9002284122034182,0.047093437630532,0.005324451459773768,0.038665018610789956,0.005324451459773768,0.038665018610789956,0.03551146794865996,0.04206570990718457,0.008416867561584357,0.06316100631111328,0.028476074205440304,0.04485439831824645,0.2739803895504091,0.04949242099964061,0.14260298069313024,0.037192219583253486,0.051679904413834146,0.04158648454071118
2023-01-10,0.01,0.01,0.01706988545409628,0.03908319417938587,0.01706988545409628,0.03908319417938587,0.20102722208544438,0.039424506492028506,0.00991993345625618,0.07237498811247786,0.257643204977856,0.04595203988645442,0.9002284122034182,0.047093437630532,0.005324451459773768,0.038665018610789956,0.005324451459773768,0.038665018610789956,0.03551146794865996,0.04206570990718457,0.008416867561584357,0.06316100631111328,0.028476074205440304,0.04485439831824645,0.2739803895504091,0.04949242099964061,0.14260298069313024,0.037192219583253486,0.051679904413834146,0.04158648454071118
2023-01-11,0.01,0.01,0.01706988545409628,0.03908319417938587,0.01706988545409628,0.03908319417938587,0.20102722208544438,0.039424506492028506,0.00991993345625618,0.07237498811247786,0.257643204977856,0.04595203988645442,0.9002284122034182,0.047093437630532,0.005324451459773768,0.038665018610789956,0.005324451459773768,0.038665018610789956,0.03551146794865996,0.04206570990718457,0.008416867561584357,0.06316100631111328,0.028476074205440304,0.04485439831824645,0.2739803895504091,0.04949242099964061,0.14260298069313024,0.037192219583253486,0.051679904413834146,0.04158648454071118
2023-01-12,0.01,0.01,0.01706988545409628,0.03908319417938587,0.01706988545409628,0.03908319417938587,0.20102722208544438,0.039424506492028506,0.00991993345625618,0.07237498811247786,0.257643204977856,0.04595203988645442,0.9002284122034182,0.047093437630532,0.005324451459773768,0.038665018610789956,0.005324451459773768,0.038665018610789956,0.03551146794865996,0.04206570990718457,0.008416867561584357,0.06316100631111328,0.028476074205440304,0.04485439831824645,0.2739803895504091,0.04949242099964061,0.14260298069313024,0.037192219583253486,0.051679904413834146,0.04158648454071118
2023-01-13,0.01,0.01,0.01706988545409628,0.03908319417938587,0.01706988545409628,0.03908319417938587,0.20102722208544438,0.039424506492028506,0.00991993345625618,0.07237498811247786,0.257643204977856,0.04595203988645442,0.9002284122034182,0.047093437630532,0.005324451459773768,0.038665018610789956,0.005324451459773768,0.038665018610789956,0.03551146794865996,0.04206570990718457,0.008416867561584357,0.06316100631111328,0.028476074205440304,0.04485439831824645,0.2739803895504091,0.04949242099964061,0.14260298069313024,0.037192219583253486,0.051679904413834146,0.04158648454071118
2023-01-17,0.01,0.01,0.01706988545409628,0.03908319417938587,0.01706988545409628,0.03908319417938587,0.20102722208544438,0.039424506492028506,0.00991993345625618,0.07237498811247786,0.257643204977856,0.04595203988645442,0.9002284122034182,0.047093437630532,0.005324451459773768,0.038665018610789956,0.005324451459773768,0.038665018610789956,0.03551146794865996,0.04206570990718457,0.008416867561584357,0.06316100631111328,0.028476074205440304,0.04485439831824645,0.2739803895504091,0.04949242099964061,0.14260298069313024,0.037192219583253486,0.051679904413834146,0.04158648454071118
2023-01-18,0.01,0.01,0.01706988545409628,0.03908319417938587,0.01706988545409628,0.03908319417938587,0.20102722208544438,0.039424506492028506,0.00991993345625618,0.07237498811247786,0.257643204977856,0.04595203988645442,0.9002284122034182,0.047093437630532,0.005324451459773768,0.038665018610789956,0.005324451459773768,0.038665018610789956,0.03551146794865996,0.04206570990718457,0.008416867561584357,0.06316100631111328,0.028476074205440304,0.04485439831824645,0.2739803895504091,0.04949242099964061,0.14260298069313024,0.037192219583253486,0.051679904413834146,0.04158648454071118
2023-01-19,0.01,0.01,0.01706988545409628,0.03908319417938587,0.01706988545409628,0.03908319417938587,0.20102722208544438,0.039424506492028506,0.00991993345625618,0.07237498811247786,0.257643204977856,0.04595203988645442,0.9002284122034182,0.047093437630532,0.005324451459773768,0.038665018610789956,0.005324451459773768,0.038665018610789956,0.03551146794865996,0.04206570990718457,0.008416867561584357,0.06316100631111328,0.028476074205440304,0.04485439831824645,0.2739803895504091,0.04949242099964061,0.14260298069313024,0.037192219583253486,0.051679904413834146,0.04158648454071118
2023-01-20,0.01,0.01,0.01706988545409628,0.03908319417938587,0.01706988545409628,0.03908319417938587,0.20102722208544438,0.039424506492028506,0.00991993345625618,0.07237498811247786,0.257643204977856,0.04595203988645442,0.9002284122034182,0.047093437630532,0.005324451459773768,0.038665018610789956,0.005324451459773768,0.038665018610789956,0.03551146794865996,0.04206570990718457,0.008416867561584357,0.06316100631111328,0.028476074205440304,0.04485439831824645,0.2739803895504091,0.04949242099964061,0.14260298069313024,0.037192219583253486,0.051679904413834146,0.04158648454071118
2023-01-23,0.01,0.01,0.01706988545409628,0.03908319417938587,0.01706988545409628,0.03908319417938587,0.20102722208544438,0.039424506492028506,0.00991993345625618,0.07237498811247786,0.257643204977856,0.04595203988645442,0.9002284122034182,0.047093437630532,0.005324451459773768,0.038665018610789956,0.005324451459773768,0.038665018610789956,0.03551146794865996,0.04206570990718457,0.008416867561584357,0.06316100631111328,0.028476074205440304,0.04485439831824645,0.2739803895504091,0.04949242099964061,0.14260298069313024,0.037192219583253486,0.051679904413834146,0.04158648454071118
2023-01-24,0.01,0.01,0.01706988545409628,0.03908319417938587,0.01706988545409628,0.03908319417938587,0.20102722208544438,0.039424506492028506,0.00991993345625618,0.07237498811247786,0.257643204977856,0.04595203988645442,0.9002284122034182,0.047093437630532,0.005324451459773768,0.038665018610789956,0.005324451459773768,0.038665018610789956,0.03551146794865996,0.04206570990718457,0.008416867561584357,0.06316100631111328,0.028476074205440304,0.04485439831824645,0.2739803895504091,0.04949242099964061,0.14260298069313024,0.037192219583253486,0.051679904413834146,0.04158648454071118
2023-01-25,0.01,0.01,0.01706988545409628,0.03908319417938587,0.01706988545409628,0.03908319417938587,0.20102722208544438,0.039424506492028506,0.00991993345625618,0.07237498811247786,0.257643204977856,0.04595203988645442,0.9002284122034182,0.047093437630532,0.005324451459773768,0.038665018610789956,0.005324451459773768,0.038665018610789956,0.03551146794865996,0.04206570990718457,0.008416867561584357,0.06316100631111328,0.028476074205440304,0.04485439831824645,0.2739803895504091,0.04949242099964061,0.14260298069313024,0.037192219583253486,0.051679904413834146,0.04158648454071118
2023-01-26,0.01,0.01,0.01706988545409628,0.03908319417938587,0.01706988545409628,0.03908319417938587,0.20102722208544438,0.039424506492028506,0.00991993345625618,0.07237498811247786,0.257643204977856,0.04595203988645442,0.9002284122034182,0.047093437630532,0.005324451459773768,0.038665018610789956,0.005324451459773768,0.038665018610789956,0.03551146794865996,0.04206570990718457,0.008416867561584357,0.06316100631111328,0.028476074205440304,0.04485439831824645,0.2739803895504091,0.04949242099964061,0.14260298069313024,0.037192219583253486,0.051679904413834146,0.04158648454071118
2023-01-27,0.01,0.01,0.01706988545409628,0.03908319417938587,0.01706988545409628,0.03908319417938587,0.20102722208544438,0.039424506492028506,0.00991993345625618,0.07237498811247786,0.257643204977856,0.04595203988645442,0.9002284122034182,0.047093437630532,0.005324451459773768,0.038665018610789956,0.005324451459773768,0.038665018610789956,0.03551146794865996,0.04206570990718457,0.008416867561584357,0.06316100631111328,0.028476074205440304,0.04485439831824645,0.2739803895504091,0.04949242099964061,0.14260298069313024,0.037192219583253486,0.051679904413834146,0.04158648454071118
2023-01-30,0.01,0.01,0.01706988545409628,0.03908319417938587,0.01706988545409628,0.03908319417938587,0.20102722208544438,0.039424506492028506,0.00991993345625618,0.07237498811247786,0.257643204977856,0.04595203988645442,0.9002284122034182,0.047093437630532,0.005324451459773768,0.038665018610789956,0.005324451459773768,0.038665018610789956,0.03551146794865996,0.04206570990718457,0.008416867561584357,0.06316100631111328,0.028476074205440304,0.04485439831824645,0.2739803895504091,0.04949242099964061,0.14260298069313024,0.037192219583253486,0.051679904413834146,0.04158648454071118
2023-01-31,0.01,0.01,0.01706988545409628,0.03908319417938587,0.01706988545409628,0.03908319417938587,0.20102722208544438,0.039424506492028506,0.00991993345625618,0.07237498811247786,0.257643204977856,0.04595203988645442,0.9002284122034182,0.047093437630532,0.005324451459773768,0.038665018610789956,0.005324451459773768,0.038665018610789956,0.03551146794865996,0.04206570990718457,0.008416867561584357,0.06316100631111328,0.028476074205440304,0.04485439831824645,0.2739803895504091,0.04949242099964061,0.14260298069313024,0.037192219583253486,0.051679904413834146,0.04158648454071118
2023-02-01,0.01,0.01,0.01706988545409628,0.03908319417938587,0.01706988545409628,0.03908319417938587,0.20102722208544438,0.039424506492028506,0.00991993345625618,0.07237498811247786,0.257643204977856,0.04595203988645442,0.9002284122034182,0.047093437630532,0.005324451459773768,0.038665018610789956,0.005324451459773768,0.038665018610789956,0.03551146794865996,0.04206570990718457,0.008416867561584357,0.06316100631111328,0.028476074205440304,0.04485439831824645,0.2739803895504091,0.04949242099964061,0.14260298069313024,0.037192219583253486,0.051679904413834146,0.04158648454071118
2023-02-02,0.01,0.01,0.01706988545409628,0.03908319417938587,0.01706988545409628,0.03908319417938587,0.20102722208544438,0.039424506492028506,0.00991993345625618,0.07237498811247786,0.257643204977856,0.04595203988645442,0.9002284122034182,0.047093437630532,0.005324451459773768,0.038665018610789956,0.005324451459773768,0.038665018610789956,0.03551146794865996,0.04206570990718457,0.008416867561584357,0.06316100631111328,0.028476074205440304,0.04485439831824645,0.2739803895504091,0.04949242099964061,0.14260298069313024,0.037192219583253486,0.051679904413834146,0.04158648454071118
2023-02-03,0.01,0.01,0.01706988545409628,0.03908319417938587,0.01706988545409628,0.03908319417938587,0.20102722208544438,0.039424506492028506,0.00991993345625618,0.07237498811247786,0.257643204977856,0.04595203988645442,0.9002284122034182,0.047093437630532,0.005324451459773768,0.038665018610789956,0.005324451459773768,0.038665018610789956,0.03551146794865996,0.04206570990718457,0.008416867561584357,0.06316100631111328,0.028476074205440304,0.04485439831824645,0.2739803895504091,0.04949242099964061,0.14260298069313024,0.037192219583253486,0.051679904413834146,0.04158648454071118
2023-02-06,0.01,0.01,0.01706988545409628,0.03908319417938587,0.01706988545409628,0.03908319417938587,0.20102722208544438,0.039424506492028506,0.00991993345625618,0.07237498811247786,0.257643204977856,0.04595203988645442,0.9002284122034182,0.047093437630532,0.005324451459773768,0.038665018610789956,0.005324451459773768,0.038665018610789956,0.03551146794865996,0.04206570990718457,0.008416867561584357,0.06316100631111328,0.028476074205440304,0.04485439831824645,0.2739803895504091,0.04949242099964061,0.14260298069313024,0.037192219583253486,0.051679904413834146,0.04158648454071118
2023-02-07,0.01,0.01,0.01706988545409628,0.03908319417938587,0.01706988545409628,0.03908319417938587,0.20102722208544438,0.039424506492028506,0.00991993345625618,0.07237498811247786,0.257643204977856,0.04595203988645442,0.9002284122034182,0.047093437630532,0.005324451459773768,0.038665018610789956,0.005324451459773768,0.038665018610789956,0.03551146794865996,0.04206570990718457,0.008416867561584357,0.06316100631111328,0.028476074205440304,0.04485439831824645,0.2739803895504091,0.04949242099964061,0.14260298069313024,0.037192219583253486,0.051679904413834146,0.04158648454071118
2023-02-08,0.01,0.01,0.01706988545409628,0.03908319417938587,0.01706988545409628,0.03908319417938587,0.20102722208544438,0.039424506492028506,0.00991993345625618,0.07237498811247786,0.257643204977856,0.04595203988645442,0.9002284122034182,0.047093437630532,0.005324451459773768,0.038665018610789956,0.005324451459773768,0.038665018610789956,0.03551146794865996,0.04206570990718457,0.008416867561584357,0.06316100631111328,0.028476074205440304,0.04485439831824645,0.2739803895504091,0.04949242099964061,0.14260298069313024,0.037192219583253486,0.051679904413834146,0.04158648454071118
2023-02-09,0.01,0.01,0.01706988545409628,0.03908319417938587,0.01706988545409628,0.03908319417938587,0.20102722208544438,0.039424506492028506,0.00991993345625618,0.07237498811247786,0.257643204977856,0.04595203988645442,0.9002284122034182,0.047093437630532,0.005324451459773768,0.038665018610789956,0.005324451459773768,0.038665018610789956,0.03551146794865996,0.04206570990718457,0.008416867561584357,0.06316100631111328,0.028476074205440304,0.04485439831824645,0.2739803895504091,0.04949242099964061,0.14260298069313024,0.037192219583253486,0.051679904413834146,0.04158648454071118
2023-02-10,0.01,0.01,0.01706988545409628,0.03908319417938587,0.01706988545409628,0.03908319417938587,0.20102722208544438,0.039424506492028506,0.00991993345625618,0.07237498811247786,0.257643204977856,0.04595203988645442,0.9002284122034182,0.047093437630532,0.005324451459773768,0.038665018610789956,0.005324451459773768,0.038665018610789956,0.03551146794865996,0.04206570990718457,0.008416867561584357,0.06316100631111328,0.028476074205440304,0.04485439831824645,0.2739803895504091,0.04949242099964061,0.14260298069313024,0.037192219583253486,0.051679904413834146,0.04158648454071118
2023-02-13,0.01,0.01,0.01706988545409628,0.03908319417938587,0.01706988545409628,0.03908319417938587,0.20102722208544438,0.039424506492028506,0.00991993345625618,0.07237498811247786,0.257643204977856,0.04595203988645442,0.9002284122034182,0.047093437630532,0.005324451459773768,0.038665018610789956,0.005324451459773768,0.038665018610789956,0.03551146794865996,0.04206570990718457,0.008416867561584357,0.06316100631111328,0.028476074205440304,0.04485439831824645,0.2739803895504091,0.04949242099964061,0.14260298069313024,0.037192219583253486,0.051679904413834146,0.04158648454071118
2023-02-14,0.01,0.01,0.01706988545409628,0.03908319417938587,0.01706988545409628,0.03908319417938587,0.20102722208544438,0.039424506492028506,0.00991993345625618,0.07237498811247786,0.257643204977856,0.04595203988645442,0.9002284122034182,0.047093437630532,0.005324451459773768,0.038665018610789956,0.005324451459773768,0.038665018610789956,0.03551146794865996,0.04206570990718457,0.008416867561584357,0.06316100631111328,0.028476074205440304,0.04485439831824645,0.2739803895504091,0.04949242099964061,0.14260298069313024,0.037192219583253486,0.051679904413834146,0.04158648454071118
2023-02-15,0.01,0.01,0.01706988545409628,0.03908319417938587,0.01706988545409628,0.03908319417938587,0.20102722208544438,0.039424506492028506,0.00991993345625618,0.07237498811247786,0.257643204977856,0.04595203988645442,0.9002284122034182,0.047093437630532,0.005324451459773768,0.038665018610789956,0.005324451459773768,0.038665018610789956,0.03551146794865996,0.04206570990718457,0.008416867561584357,0.06316100631111328,0.028476074205440304,0.04485439831824645,0.2739803895504091,0.04949242099964061,0.14260298069313024,0.037192219583253486,0.051679904413834146,0.04158648454071118
2023-02-16,0.01,0.01,0.01706988545409628,0.03908319417938587,0.01706988545409628,0.03908319417938587,0.20102722208544438,0.039424506492028506,0.00991993345625618,0.07237498811247786,0.257643204977856,0.04595203988645442,0.9002284122034182,0.047093437630532,0.005324451459773768,0.038665018610789956,0.005324451459773768,0.038665018610789956,0.03551146794865996,0.04206570990718457,0.008416867561584357,0.06316100631111328,0.028476074205440304,0.04485439831824645,0.2739803895504091,0.04949242099964061,0.14260298069313024,0.037192219583253486,0.051679904413834146,0.04158648454071118
2023-02-17,0.01,0.01,0.01706988545409628,0.03908319417938587,0.01706988545409628,0.03908319417938587,0.20102722208544438,0.039424506492028506,0.00991993345625618,0.07237498811247786,0.257643204977856,0.04595203988645442,0.9002284122034182,0.047093437630532,0.005324451459773768,0.038665018610789956,0.005324451459773768,0.038665018610789956,0.03551146794865996,0.04206570990718457,0.008416867561584357,0.06316100631111328,0.028476074205440304,0.04485439831824645,0.2739803895504091,0.04949242099964061,0.14260298069313024,0.037192219583253486,0.051679904413834146,0.04158648454071118
2023-02-21,0.01,0.01,0.01706988545409628,0.03908319417938587,0.01706988545409628,0.03908319417938587,0.20102722208544438,0.039424506492028506,0.00991993345625618,0.07237498811247786,0.257643204977856,0.04595203988645442,0.9002284122034182,0.047093437630532,0.005324451459773768,0.038665018610789956,0.005324451459773768,0.038665018610789956,0.03551146794865996,0.04206570990718457,0.008416867561584357,0.06316100631111328,0.028476074205440304,0.04485439831824645,0.2739803895504091,0.04949242099964061,0.14260298069313024,0.037192219583253486,0.051679904413834146,0.04158648454071118
2023-02-22,0.01,0.01,0.01706988545409628,0.03908319417938587,0.01706988545409628,0.03908319417938587,0.20102722208544438,0.039424506492028506,0.00991993345625618,0.07237498811247786,0.257643204977856,0.04595203988645442,0.9002284122034182,0.047093437630532,0.005324451459773768,0.038665018610789956,0.005324451459773768,0.038665018610789956,0.03551146794865996,0.04206570990718457,0.008416867561584357,0.06316100631111328,0.028476074205440304,0.04485439831824645,0.2739803895504091,0.04949242099964061,0.14260298069313024,0.037192219583253486,0.051679904413834146,0.04158648454071118
2023-02-23,0.01,0.01,0.01706988545409628,0.03908319417938587,0.01706988545409628,0.03908319417938587,0.20102722208544438,0.039424506492028506,0.00991993345625618,0.07237498811247786,0.257643204977856,0.04595203988645442,0.9002284122034182,0.047093437630532,0.005324451459773768,0.038665018610789956,0.005324451459773768,0.038665018610789956,0.03551146794865996,0.04206570990718457,0.008416867561584357,0.06316100631111328,0.028476074205440304,0.04485439831824645,0.2739803895504091,0.04949242099964061,0.14260298069313024,0.037192219583253486,0.051679904413834146,0.04158648454071118
2023-02-24,0.01,0.01,0.01706988545409628,0.03908319417938587,0.01706988545409628,0.03908319417938587,0.20102722208544438,0.039424506492028506,0.00991993345625618,0.07237498811247786,0.257643204977856,0.04595203988645442,0.9002284122034182,0.047093437630532,0.005324451459773768,0.038665018610789956,0.005324451459773768,0.038665018610789956,0.03551146794865996,0.04206570990718457,0.008416867561584357,0.06316100631111328,0.028476074205440304,0.04485439831824645,0.2739803895504091,0.04949242099964061,0.14260298069313024,0.037192219583253486,0.051679904413834146,0.04158648454071118
2023-02-27,0.01,0.01,0.01706988545409628,0.03908319417938587,0.01706988545409628,0.03908319417938587,0.20102722208544438,0.039424506492028506,0.00991993345625618,0.07237498811247786,0.257643204977856,0.04595203988645442,0.9002284122034182,0.047093437630532,0.005324451459773768,0.038665018610789956,0.005324451459773768,0.038665018610789956,0.03551146794865996,0.04206570990718457,0.008416867561584357,0.06316100631111328,0.028476074205440304,0.04485439831824645,0.2739803895504091,0.04949242099964061,0.14260298069313024,0.037192219583253486,0.051679904413834146,0.04158648454071118
2023-02-28,0.01,0.01,0.01706988545409628,0.03908319417938587,0.01706988545409628,0.03908319417938587,0.20102722208544438,0.039424506492028506,0.00991993345625618,0.07237498811247786,0.257643204977856,0.04595203988645442,0.9002284122034182,0.047093437630532,0.005324451459773768,0.038665018610789956,0.005324451459773768,0.038665018610789956,0.03551146794865996,0.04206570990718457,0.008416867561584357,0.06316100631111328,0.028476074205440304,0.04485439831824645,0.2739803895504091,0.04949242099964061,0.14260298069313024,0.037192219583253486,0.051679904413834146,0.04158648454071118
2023-03-01,0.01,0.01,0.01706988545409628,0.03908319417938587,0.01706988545409628,0.03908319417938587,0.20102722208544438,0.039424506492028506,0.00991993345625618,0.07237498811247786,0.257643204977856,0.04595203988645442,0.9002284122034182,0.047093437630532,0.005324451459773768,0.038665018610789956,0.005324451459773768,0.038665018610789956,0.03551146794865996,0.04206570990718457,0.008416867561584357,0.06316100631111328,0.028476074205440304,0.04485439831824645,0.2739803895504091,0.04949242099964061,0.14260298069313024,0.037192219583253486,0.051679904413834146,0.04158648454071118
2023-03-02,0.01,0.01,0.01706988545409628,0.03908319417938587,0.01706988545409628,0.03908319417938587,0.20102722208544438,0.039424506492028506,0.00991993345625618,0.07237498811247786,0.257643204977856,0.04595203988645442,0.9002284122034182,0.047093437630532,0.005324451459773768,0.038665018610789956,0.005324451459773768,0.038665018610789956,0.03551146794865996,0.04206570990718457,0.008416867561584357,0.06316100631111328,0.028476074205440304,0.04485439831824645,0.2739803895504091,0.04949242099964061,0.14260298069313024,0.037192219583253486,0.051679904413834146,0.04158648454071118
2023-03-03,0.01,0.01,0.01706988545409628,0.03908319417938587,0.01706988545409628,0.03908319417938587,0.20102722208544438,0.039424506492028506,0.00991993345625618,0.07237498811247786,0.257643204977856,0.04595203988645442,0.9002284122034182,0.047093437630532,0.005324451459773768,0.038665018610789956,0.005324451459773768,0.038665018610789956,0.03551146794865996,0.04206570990718457,0.008416867561584357,0.06316100631111328,0.028476074205440304,0.04485439831824645,0.2739803895504091,0.04949242099964061,0.14260298069313024,0.037192219583253486,0.051679904413834146,0.04158648454071118
2023-03-06,0.01,0.01,0.01706988545409628,0.03908319417938587,0.01706988545409628,0.03908319417938587,0.20102722208544438,0.039424506492028506,0.00991993345625618,0.07237498811247786,0.257643204977856,0.04595203988645442,0.9002284122034182,0.047093437630532,0.005324451459773768,0.038665018610789956,0.005324451459773768,0.038665018610789956,0.03551146794865996,0.04206570990718457,0.008416867561584357,0.06316100631111328,0.028476074205440304,0.04485439831824645,0.2739803895504091,0.04949242099964061,0.14260298069313024,0.037192219583253486,0.051679904413834146,0.04158648454071118
2023-03-07,0.01,0.01,0.01706988545409628,0.03908319417938587,0.01706988545409628,0.03908319417938587,0.20102722208544438,0.039424506492028506,0.00991993345625618,0.07237498811247786,0.257643204977856,0.04595203988645442,0.9002284122034182,0.047093437630532,0.005324451459773768,0.038665018610789956,0.005324451459773768,0.038665018610789956,0.03551146794865996,0.04206570990718457,0.008416867561584357,0.06316100631111328,0.028476074205440304,0.04485439831824645,0.2739803895504091,0.04949242099964061,0.14260298069313024,0.037192219583253486,0.051679904413834146,0.04158648454071118
2023-03-08,0.01,0.01,0.01706988545409628,0.03908319417938587,0.01706988545409628,0.03908319417938587,0.20102722208544438,0.039424506492028506,0.00991993345625618,0.07237498811247786,0.257643204977856,0.04595203988645442,0.9002284122034182,0.047093437630532,0.005324451459773768,0.038665018610789956,0.005324451459773768,0.038665018610789956,0.03551146794865996,0.04206570990718457,0.008416867561584357,0.06316100631111328,0.028476074205440304,0.04485439831824645,0.2739803895504091,0.04949242099964061,0.14260298069313024,0.037192219583253486,0.051679904413834146,0.04158648454071118
2023-03-09,0.01,0.01,0.01706988545409628,0.03908319417938587,0.01706988545409628,0.03908319417938587,0.20102722208544438,0.039424506492028506,0.00991993345625618,0.07237498811247786,0.257643204977856,0.04595203988645442,0.9002284122034182,0.047093437630532,0.005324451459773768,0.038665018610789956,0.005324451459773768,0.038665018610789956,0.03551146794865996,0.04206570990718457,0.008416867561584357,0.06316100631111328,0.028476074205440304,0.04485439831824645,0.2739803895504091,0.04949242099964061,0.14260298069313024,0.037192219583253486,0.051679904413834146,0.04158648454071118
2023-03-10,0.01,0.01,0.01706988545409628,0.03908319417938587,0.01706988545409628,0.03908319417938587,0.20102722208544438,0.039424506492028506,0.00991993345625618,0.07237498811247786,0.257643204977856,0.04595203988645442,0.9002284122034182,0.047093437630532,0.005324451459773768,0.038665018610789956,0.005324451459773768,0.038665018610789956,0.03551146794865996,0.04206570990718457,0.008416867561584357,0.06316100631111328,0.028476074205440304,0.04485439831824645,0.2739803895504091,0.04949242099964061,0.14260298069313024,0.037192219583253486,0.051679904413834146,0.04158648454071118
2023-03-13,0.01,0.01,0.01706988545409628,0.03908319417938587,0.01706988545409628,0.03908319417938587,0.20102722208544438,0.039424506492028506,0.00991993345625618,0.07237498811247786,0.257643204977856,0.04595203988645442,0.9002284122034182,0.047093437630532,0.005324451459773768,0.038665018610789956,0.005324451459773768,0.038665018610789956,0.03551146794865996,0.04206570990718457,0.008416867561584357,0.06316100631111328,0.028476074205440304,0.04485439831824645,0.2739803895504091,0.04949242099964061,0.14260298069313024,0.037192219583253486,0.051679904413834146,0.04158648454071118
2023-03-14,0.01,0.01,0.01706988545409628,0.03908319417938587,0.01706988545409628,0.03908319417938587,0.20102722208544438,0.039424506492028506,0.00991993345625618,0.07237498811247786,0.257643204977856,0.04595203988645442,0.9002284122034182,0.047093437630532,0.005324451459773768,0.038665018610789956,0.005324451459773768,0.038665018610789956,0.03551146794865996,0.04206570990718457,0.008416867561584357,0.06316100631111328,0.028476074205440304,0.04485439831824645,0.2739803895504091,0.04949242099964061,0.14260298069313024,0.037192219583253486,0.051679904413834146,0.04158648454071118
2023-03-15,0.01,0.01,0.01706988545409628,0.03908319417938587,0.01706988545409628,0.03908319417938587,0.20102722208544438,0.039424506492028506,0.00991993345625618,0.07237498811247786,0.257643204977856,0.04595203988645442,0.9002284122034182,0.047093437630532,0.005324451459773768,0.038665018610789956,0.005324451459773768,0.038665018610789956,0.03551146794865996,0.04206570990718457,0.008416867561584357,0.06316100631111328,0.028476074205440304,0.04485439831824645,0.2739803895504091,0.04949242099964061,0.14260298069313024,0.037192219583253486,0.051679904413834146,0.04158648454071118
2023-03-16,0.01,0.01,0.01706988545409628,0.03908319417938587,0.01706988545409628,0.03908319417938587,0.20102722208544438,0.039424506492028506,0.00991993345625618,0.07237498811247786,0.257643204977856,0.04595203988645442,0.9002284122034182,0.047093437630532,0.005324451459773768,0.038665018610789956,0.005324451459773768,0.038665018610789956,0.03551146794865996,0.04206570990718457,0.008416867561584357,0.06316100631111328,0.028476074205440304,0.04485439831824645,0.2739803895504091,0.04949242099964061,0.14260298069313024,0.037192219583253486,0.051679904413834146,0.04158648454071118
2023-03-17,0.01,0.01,0.01706988545409628,0.03908319417938587,0.01706988545409628,0.03908319417938587,0.20102722208544438,0.039424506492028506,0.00991993345625618,0.07237498811247786,0.257643204977856,0.04595203988645442,0.9002284122034182,0.047093437630532,0.005324451459773768,0.038665018610789956,0.005324451459773768,0.038665018610789956,0.03551146794865996,0.04206570990718457,0.008416867561584357,0.06316100631111328,0.028476074205440304,0.04485439831824645,0.2739803895504091,0.04949242099964061,0.14260298069313024,0.037192219583253486,0.051679904413834146,0.04158648454071118
2023-03-20,0.01,0.01,0.01706988545409628,0.03908319417938587,0.01706988545409628,0.03908319417938587,0.20102722208544438,0.039424506492028506,0.00991993345625618,0.07237498811247786,0.257643204977856,0.04595203988645442,0.9002284122034182,0.047093437630532,0.005324451459773768,0.038665018610789956,0.005324451459773768,0.038665018610789956,0.03551146794865996,0.04206570990718457,0.008416867561584357,0.06316100631111328,0.028476074205440304,0.04485439831824645,0.2739803895504091,0.04949242099964061,0.14260298069313024,0.037192219583253486,0.051679904413834146,0.04158648454071118
2023-03-21,0.01,0.01,0.01706988545409628,0.03908319417938587,0.01706988545409628,0.03908319417938587,0.20102722208544438,0.039424506492028506,0.00991993345625618,0.07237498811247786,0.257643204977856,0.04595203988645442,0.9002284122034182,0.047093437630532,0.005324451459773768,0.038665018610789956,0.005324451459773768,0.038665018610789956,0.03551146794865996,0.04206570990718457,0.008416867561584357,0.06316100631111328,0.028476074205440304,0.04485439831824645,0.2739803895504091,0.04949242099964061,0.14260298069313024,0.037192219583253486,0.051679904413834146,0.04158648454071118
2023-03-22,0.01,0.01,0.01706988545409628,0.03908319417938587,0.01706988545409628,0.03908319417938587,0.20102722208544438,0.039424506492028506,0.00991993345625618,0.07237498811247786,0.257643204977856,0.04595203988645442,0.9002284122034182,0.047093437630532,0.005324451459773768,0.038665018610789956,0.005324451459773768,0.038665018610789956,0.03551146794865996,0.04206570990718457,0.008416867561584357,0.06316100631111328,0.028476074205440304,0.04485439831824645,0.2739803895504091,0.04949242099964061,0.14260298069313024,0.037192219583253486,0.051679904413834146,0.04158648454071118
2023-03-23,0.01,0.01,0.01706988545409628,0.03908319417938587,0.01706988545409628,0.03908319417938587,0.20102722208544438,0.039424506492028506,0.00991993345625618,0.07237498811247786,0.257643204977856,0.04595203988645442,0.9002284122034182,0.047093437630532,0.005324451459773768,0.038665018610789956,0.005324451459773768,0.038665018610789956,0.03551146794865996,0.04206570990718457,0.008416867561584357,0.06316100631111328,0.028476074205440304,0.04485439831824645,0.2739803895504091,0.04949242099964061,0.14260298069313024,0.037192219583253486,0.051679904413834146,0.04158648454071118
2023-03-24,0.01,0.01,0.01706988545409628,0.03908319417938587,0.01706988545409628,0.03908319417938587,0.20102722208544438,0.039424506492028506,0.00991993345625618,0.07237498811247786,0.257643204977856,0.04595203988645442,0.9002284122034182,0.047093437630532,0.005324451459773768,0.038665018610789956,0.005324451459773768,0.038665018610789956,0.03551146794865996,0.04206570990718457,0.008416867561584357,0.06316100631111328,0.028476074205440304,0.04485439831824645,0.2739803895504091,0.04949242099964061,0.14260298069313024,0.037192219583253486,0.051679904413834146,0.04158648454071118
2023-03-27,0.01,0.01,0.01706988545409628,0.03908319417938587,0.01706988545409628,0.03908319417938587,0.20102722208544438,0.039424506492028506,0.00991993345625618,0.07237498811247786,0.257643204977856,0.04595203988645442,0.9002284122034182,0.047093437630532,0.005324451459773768,0.038665018610789956,0.005324451459773768,0.038665018610789956,0.03551146794865996,0.04206570990718457,0.008416867561584357,0.06316100631111328,0.028476074205440304,0.04485439831824645,0.2739803895504091,0.04949242099964061,0.14260298069313024,0.037192219583253486,0.051679904413834146,0.04158648454071118
2023-03-28,0.01,0.01,0.01706988545409628,0.03908319417938587,0.01706988545409628,0.03908319417938587,0.20102722208544438,0.039424506492028506,0.00991993345625618,0.07237498811247786,0.257643204977856,0.04595203988645442,0.9002284122034182,0.047093437630532,0.005324451459773768,0.038665018610789956,0.005324451459773768,0.038665018610789956,0.03551146794865996,0.04206570990718457,0.008416867561584357,0.06316100631111328,0.028476074205440304,0.04485439831824645,0.2739803895504091,0.04949242099964061,0.14260298069313024,0.037192219583253486,0.051679904413834146,0.04158648454071118
2023-03-29,0.01,0.01,0.01706988545409628,0.03908319417938587,0.01706988545409628,0.03908319417938587,0.20102722208544438,0.039424506492028506,0.00991993345625618,0.07237498811247786,0.257643204977856,0.04595203988645442,0.9002284122034182,0.047093437630532,0.005324451459773768,0.038665018610789956,0.005324451459773768,0.038665018610789956,0.03551146794865996,0.04206570990718457,0.008416867561584357,0.06316100631111328,0.028476074205440304,0.04485439831824645,0.2739803895504091,0.04949242099964061,0.14260298069313024,0.037192219583253486,0.051679904413834146,0.04158648454071118
2023-03-30,0.01,0.01,0.01706988545409628,0.03908319417938587,0.01706988545409628,0.03908319417938587,0.20102722208544438,0.039424506492028506,0.00991993345625618,0.07237498811247786,0.257643204977856,0.04595203988645442,0.9002284122034182,0.047093437630532,0.005324451459773768,0.038665018610789956,0.005324451459773768,0.038665018610789956,0.03551146794865996,0.04206570990718457,0.008416867561584357,0.06316100631111328,0.028476074205440304,0.04485439831824645,0.2739803895504091,0.04949242099964061,0.14260298069313024,0.037192219583253486,0.051679904413834146,0.04158648454071118
2023-03-31,0.01,0.01,0.01706988545409628,0.03908319417938587,0.01706988545409628,0.03908319417938587,0.20102722208544438,0.039424506492028506,0.00991993345625618,0.07237498811247786,0.257643204977856,0.04595203988645442,0.9002284122034182,0.047093437630532,0.005324451459773768,0.038665018610789956,0.005324451459773768,0.038665018610789956,0.03551146794865996,0.04206570990718457,0.008416867561584357,0.06316100631111328,0.028476074205440304,0.04485439831824645,0.2739803895504091,0.04949242099964061,0.14260298069313024,0.037192219583253486,0.051679904413834146,0.04158648454071118
2023-04-03,0.01,0.01,0.01706988545409628,0.03908319417938587,0.01706988545409628,0.03908319417938587,0.20102722208544438,0.039424506492028506,0.00991993345625618,0.07237498811247786,0.257643204977856,0.04595203988645442,0.9002284122034182,0.047093437630532,0.005324451459773768,0.038665018610789956,0.005324451459773768,0.038665018610789956,0.03551146794865996,0.04206570990718457,0.008416867561584357,0.06316100631111328,0.028476074205440304,0.04485439831824645,0.2739803895504091,0.04949242099964061,0.14260298069313024,0.037192219583253486,0.051679904413834146,0.04158648454071118
2023-04-04,0.01,0.01,0.01706988545409628,0.03908319417938587,0.01706988545409628,0.03908319417938587,0.20102722208544438,0.039424506492028506,0.00991993345625618,0.07237498811247786,0.257643204977856,0.04595203988645442,0.9002284122034182,0.047093437630532,0.005324451459773768,0.038665018610789956,0.005324451459773768,0.038665018610789956,0.03551146794865996,0.04206570990718457,0.008416867561584357,0.06316100631111328,0.028476074205440304,0.04485439831824645,0.2739803895504091,0.04949242099964061,0.14260298069313024,0.037192219583253486,0.051679904413834146,0.04158648454071118
2023-04-05,0.01,0.01,0.01706988545409628,0.03908319417938587,0.01706988545409628,0.03908319417938587,0.20102722208544438,0.039424506492028506,0.00991993345625618,0.07237498811247786,0.257643204977856,0.04595203988645442,0.9002284122034182,0.047093437630532,0.005324451459773768,0.038665018610789956,0.005324451459773768,0.038665018610789956,0.03551146794865996,0.04206570990718457,0.008416867561584357,0.06316100631111328,0.028476074205440304,0.04485439831824645,0.2739803895504091,0.04949242099964061,0.14260298069313024,0.037192219583253486,0.051679904413834146,0.04158648454071118
2023-04-06,0.01,0.01,0.01706988545409628,0.03908319417938587,0.01706988545409628,0.03908319417938587,0.20102722208544438,0.039424506492028506,0.00991993345625618,0.07237498811247786,0.257643204977856,0.04595203988645442,0.9002284122034182,0.047093437630532,0.005324451459773768,0.038665018610789956,0.005324451459773768,0.038665018610789956,0.03551146794865996,0.04206570990718457,0.008416867561584357,0.06316100631111328,0.028476074205440304,0.04485439831824645,0.2739803895504091,0.04949242099964061,0.14260298069313024,0.037192219583253486,0.051679904413834146,0.04158648454071118
2023-04-10,0.01,0.01,0.01706988545409628,0.03908319417938587,0.01706988545409628,0.03908319417938587,0.20102722208544438,0.039424506492028506,0.00991993345625618,0.07237498811247786,0.257643204977856,0.04595203988645442,0.9002284122034182,0.047093437630532,0.005324451459773768,0.038665018610789956,0.005324451459773768,0.038665018610789956,0.03551146794865996,0.04206570990718457,0.008416867561584357,0.06316100631111328,0.028476074205440304,0.04485439831824645,0.2739803895504091,0.04949242099964061,0.14260298069313024,0.037192219583253486,0.051679904413834146,0.04158648454071118
2023-04-11,0.01,0.01,0.01706988545409628,0.03908319417938587,0.01706988545409628,0.03908319417938587,0.20102722208544438,0.039424506492028506,0.00991993345625618,0.07237498811247786,0.257643204977856,0.04595203988645442,0.9002284122034182,0.047093437630532,0.005324451459773768,0.038665018610789956,0.005324451459773768,0.038665018610789956,0.03551146794865996,0.04206570990718457,0.008416867561584357,0.06316100631111328,0.028476074205440304,0.04485439831824645,0.2739803895504091,0.04949242099964061,0.14260298069313024,0.037192219583253486,0.051679904413834146,0.04158648454071118
2023-04-12,0.01,0.01,0.01706988545409628,0.03908319417938587,0.01706988545409628,0.03908319417938587,0.20102722208544438,0.039424506492028506,0.00991993345625618,0.07237498811247786,0.257643204977856,0.04595203988645442,0.9002284122034182,0.047093437630532,0.005324451459773768,0.038665018610789956,0.005324451459773768,0.038665018610789956,0.03551146794865996,0.04206570990718457,0.008416867561584357,0.06316100631111328,0.028476074205440304,0.04485439831824645,0.2739803895504091,0.04949242099964061,0.14260298069313024,0.037192219583253486,0.051679904413834146,0.04158648454071118
2023-04-13,0.01,0.01,0.01706988545409628,0.03908319417938587,0.01706988545409628,0.03908319417938587,0.20102722208544438,0.039424506492028506,0.00991993345625618,0.07237498811247786,0.257643204977856,0.04595203988645442,0.9002284122034182,0.047093437630532,0.005324451459773768,0.038665018610789956,0.005324451459773768,0.038665018610789956,0.03551146794865996,0.04206570990718457,0.008416867561584357,0.06316100631111328,0.028476074205440304,0.04485439831824645,0.2739803895504091,0.04949242099964061,0.14260298069313024,0.037192219583253486,0.051679904413834146,0.04158648454071118
2023-04-14,0.01,0.01,0.01706988545409628,0.03908319417938587,0.01706988545409628,0.03908319417938587,0.20102722208544438,0.039424506492028506,0.00991993345625618,0.07237498811247786,0.257643204977856,0.04595203988645442,0.9002284122034182,0.047093437630532,0.005324451459773768,0.038665018610789956,0.005324451459773768,0.038665018610789956,0.03551146794865996,0.04206570990718457,0.008416867561584357,0.06316100631111328,0.028476074205440304,0.04485439831824645,0.2739803895504091,0.04949242099964061,0.14260298069313024,0.037192219583253486,0.051679904413834146,0.04158648454071118
2023-04-17,0.01,0.01,0.01706988545409628,0.03908319417938587,0.01706988545409628,0.03908319417938587,0.20102722208544438,0.039424506492028506,0.00991993345625618,0.07237498811247786,0.257643204977856,0.04595203988645442,0.9002284122034182,0.047093437630532,0.005324451459773768,0.038665018610789956,0.005324451459773768,0.038665018610789956,0.03551146794865996,0.04206570990718457,0.008416867561584357,0.06316100631111328,0.028476074205440304,0.04485439831824645,0.2739803895504091,0.04949242099964061,0.14260298069313024,0.037192219583253486,0.051679904413834146,0.04158648454071118
2023-04-18,0.01,0.01,0.01706988545409628,0.03908319417938587,0.01706988545409628,0.03908319417938587,0.20102722208544438,0.039424506492028506,0.00991993345625618,0.07237498811247786,0.257643204977856,0.04595203988645442,0.9002284122034182,0.047093437630532,0.005324451459773768,0.038665018610789956,0.005324451459773768,0.038665018610789956,0.03551146794865996,0.04206570990718457,0.008416867561584357,0.06316100631111328,0.028476074205440304,0.04485439831824645,0.2739803895504091,0.04949242099964061,0.14260298069313024,0.037192219583253486,0.051679904413834146,0.04158648454071118
2023-04-19,0.01,0.01,0.01706988545409628,0.03908319417938587,0.01706988545409628,0.03908319417938587,0.20102722208544438,0.039424506492028506,0.00991993345625618,0.07237498811247786,0.257643204977856,0.04595203988645442,0.9002284122034182,0.047093437630532,0.005324451459773768,0.038665018610789956,0.005324451459773768,0.038665018610789956,0.03551146794865996,0.04206570990718457,0.008416867561584357,0.06316100631111328,0.028476074205440304,0.04485439831824645,0.2739803895504091,0.04949242099964061,0.14260298069313024,0.037192219583253486,0.051679904413834146,0.04158648454071118
2023-04-20,0.01,0.01,0.01706988545409628,0.03908319417938587,0.01706988545409628,0.03908319417938587,0.20102722208544438,0.039424506492028506,0.00991993345625618,0.07237498811247786,0.257643204977856,0.04595203988645442,0.9002284122034182,0.047093437630532,0.005324451459773768,0.038665018610789956,0.005324451459773768,0.038665018610789956,0.03551146794865996,0.04206570990718457,0.008416867561584357,0.06316100631111328,0.028476074205440304,0.04485439831824645,0.2739803895504091,0.04949242099964061,0.14260298069313024,0.037192219583253486,0.051679904413834146,0.04158648454071118
2023-04-21,0.01,0.01,0.01706988545409628,0.03908319417938587,0.01706988545409628,0.03908319417938587,0.20102722208544438,0.039424506492028506,0.00991993345625618,0.07237498811247786,0.257643204977856,0.04595203988645442,0.9002284122034182,0.047093437630532,0.005324451459773768,0.038665018610789956,0.005324451459773768,0.038665018610789956,0.03551146794865996,0.04206570990718457,0.008416867561584357,0.06316100631111328,0.028476074205440304,0.04485439831824645,0.2739803895504091,0.04949242099964061,0.14260298069313024,0.037192219583253486,0.051679904413834146,0.04158648454071118
2023-04-24,0.01,0.01,0.01706988545409628,0.03908319417938587,0.01706988545409628,0.03908319417938587,0.20102722208544438,0.039424506492028506,0.00991993345625618,0.07237498811247786,0.257643204977856,0.04595203988645442,0.9002284122034182,0.047093437630532,0.005324451459773768,0.038665018610789956,0.005324451459773768,0.038665018610789956,0.03551146794865996,0.04206570990718457,0.008416867561584357,0.06316100631111328,0.028476074205440304,0.04485439831824645,0.2739803895504091,0.04949242099964061,0.14260298069313024,0.037192219583253486,0.051679904413834146,0.04158648454071118
2023-04-25,0.01,0.01,0.01706988545409628,0.03908319417938587,0.01706988545409628,0.03908319417938587,0.20102722208544438,0.039424506492028506,0.00991993345625618,0.07237498811247786,0.257643204977856,0.04595203988645442,0.9002284122034182,0.047093437630532,0.005324451459773768,0.038665018610789956,0.005324451459773768,0.038665018610789956,0.03551146794865996,0.04206570990718457,0.008416867561584357,0.06316100631111328,0.028476074205440304,0.04485439831824645,0.2739803895504091,0.04949242099964061,0.14260298069313024,0.037192219583253486,0.051679904413834146,0.04158648454071118
2023-04-26,0.01,0.01,0.01706988545409628,0.03908319417938587,0.01706988545409628,0.03908319417938587,0.20102722208544438,0.039424506492028506,0.00991993345625618,0.07237498811247786,0.257643204977856,0.04595203988645442,0.9002284122034182,0.047093437630532,0.005324451459773768,0.038665018610789956,0.005324451459773768,0.038665018610789956,0.03551146794865996,0.04206570990718457,0.008416867561584357,0.06316100631111328,0.028476074205440304,0.04485439831824645,0.2739803895504091,0.04949242099964061,0.14260298069313024,0.037192219583253486,0.051679904413834146,0.04158648454071118
2023-04-27,0.01,0.01,0.01706988545409628,0.03908319417938587,0.01706988545409628,0.03908319417938587,0.20102722208544438,0.039424506492028506,0.00991993345625618,0.07237498811247786,0.257643204977856,0.04595203988645442,0.9002284122034182,0.047093437630532,0.005324451459773768,0.038665018610789956,0.005324451459773768,0.038665018610789956,0.03551146794865996,0.04206570990718457,0.008416867561584357,0.06316100631111328,0.028476074205440304,0.04485439831824645,0.2739803895504091,0.04949242099964061,0.14260298069313024,0.037192219583253486,0.051679904413834146,0.04158648454071118
2023-04-28,0.01,0.01,0.01706988545409628,0.03908319417938587,0.01706988545409628,0.03908319417938587,0.20102722208544438,0.039424506492028506,0.00991993345625618,0.07237498811247786,0.257643204977856,0.04595203988645442,0.9002284122034182,0.047093437630532,0.005324451459773768,0.038665018610789956,0.005324451459773768,0.038665018610789956,0.03551146794865996,0.04206570990718457,0.008416867561584357,0.06316100631111328,0.028476074205440304,0.04485439831824645,0.2739803895504091,0.04949242099964061,0.14260298069313024,0.037192219583253486,0.051679904413834146,0.04158648454071118
2023-05-01,0.01,0.01,0.01706988545409628,0.03908319417938587,0.01706988545409628,0.03908319417938587,0.20102722208544438,0.039424506492028506,0.00991993345625618,0.07237498811247786,0.257643204977856,0.04595203988645442,0.9002284122034182,0.047093437630532,0.005324451459773768,0.038665018610789956,0.005324451459773768,0.038665018610789956,0.03551146794865996,0.04206570990718457,0.008416867561584357,0.06316100631111328,0.028476074205440304,0.04485439831824645,0.2739803895504091,0.04949242099964061,0.14260298069313024,0.037192219583253486,0.051679904413834146,0.04158648454071118
2023-05-02,0.01,0.01,0.01706988545409628,0.03908319417938587,0.01706988545409628,0.03908319417938587,0.20102722208544438,0.039424506492028506,0.00991993345625618,0.07237498811247786,0.257643204977856,0.04595203988645442,0.9002284122034182,0.047093437630532,0.005324451459773768,0.038665018610789956,0.005324451459773768,0.038665018610789956,0.03551146794865996,0.04206570990718457,0.008416867561584357,0.06316100631111328,0.028476074205440304,0.04485439831824645,0.2739803895504091,0.04949242099964061,0.14260298069313024,0.037192219583253486,0.051679904413834146,0.04158648454071118
2023-05-03,0.01,0.01,0.01706988545409628,0.03908319417938587,0.01706988545409628,0.03908319417938587,0.20102722208544438,0.039424506492028506,0.00991993345625618,0.07237498811247786,0.257643204977856,0.04595203988645442,0.9002284122034182,0.047093437630532,0.005324451459773768,0.038665018610789956,0.005324451459773768,0.038665018610789956,0.03551146794865996,0.04206570990718457,0.008416867561584357,0.06316100631111328,0.028476074205440304,0.04485439831824645,0.2739803895504091,0.04949242099964061,0.14260298069313024,0.037192219583253486,0.051679904413834146,0.04158648454071118
2023-05-04,0.01,0.01,0.01706988545409628,0.03908319417938587,0.01706988545409628,0.03908319417938587,0.20102722208544438,0.039424506492028506,0.00991993345625618,0.07237498811247786,0.257643204977856,0.04595203988645442,0.9002284122034182,0.047093437630532,0.005324451459773768,0.038665018610789956,0.005324451459773768,0.038665018610789956,0.03551146794865996,0.04206570990718457,0.008416867561584357,0.06316100631111328,0.028476074205440304,0.04485439831824645,0.2739803895504091,0.04949242099964061,0.14260298069313024,0.037192219583253486,0.051679904413834146,0.04158648454071118
2023-05-05,0.01,0.01,0.01706988545409628,0.03908319417938587,0.01706988545409628,0.03908319417938587,0.20102722208544438,0.039424506492028506,0.00991993345625618,0.07237498811247786,0.257643204977856,0.04595203988645442,0.9002284122034182,0.047093437630532,0.005324451459773768,0.038665018610789956,0.005324451459773768,0.038665018610789956,0.03551146794865996,0.04206570990718457,0.008416867561584357,0.06316100631111328,0.028476074205440304,0.04485439831824645,0.2739803895504091,0.04949242099964061,0.14260298069313024,0.037192219583253486,0.051679904413834146,0.04158648454071118
2023-05-08,0.01,0.01,0.01706988545409628,0.03908319417938587,0.01706988545409628,0.03908319417938587,0.20102722208544438,0.039424506492028506,0.00991993345625618,0.07237498811247786,0.257643204977856,0.04595203988645442,0.9002284122034182,0.047093437630532,0.005324451459773768,0.038665018610789956,0.005324451459773768,0.038665018610789956,0.03551146794865996,0.04206570990718457,0.008416867561584357,0.06316100631111328,0.028476074205440304,0.04485439831824645,0.2739803895504091,0.04949242099964061,0.14260298069313024,0.037192219583253486,0.051679904413834146,0.04158648454071118
2023-05-09,0.01,0.01,0.01706988545409628,0.03908319417938587,0.01706988545409628,0.03908319417938587,0.20102722208544438,0.039424506492028506,0.00991993345625618,0.07237498811247786,0.257643204977856,0.04595203988645442,0.9002284122034182,0.047093437630532,0.005324451459773768,0.038665018610789956,0.005324451459773768,0.038665018610789956,0.03551146794865996,0.04206570990718457,0.008416867561584357,0.06316100631111328,0.028476074205440304,0.04485439831824645,0.2739803895504091,0.04949242099964061,0.14260298069313024,0.037192219583253486,0.051679904413834146,0.04158648454071118
2023-05-10,0.01,0.01,0.01706988545409628,0.03908319417938587,0.01706988545409628,0.03908319417938587,0.20102722208544438,0.039424506492028506,0.00991993345625618,0.07237498811247786,0.257643204977856,0.04595203988645442,0.9002284122034182,0.047093437630532,0.005324451459773768,0.038665018610789956,0.005324451459773768,0.038665018610789956,0.03551146794865996,0.04206570990718457,0.008416867561584357,0.06316100631111328,0.028476074205440304,0.04485439831824645,0.2739803895504091,0.04949242099964061,0.14260298069313024,0.037192219583253486,0.051679904413834146,0.04158648454071118
2023-05-11,0.01,0.01,0.01706988545409628,0.03908319417938587,0.01706988545409628,0.03908319417938587,0.20102722208544438,0.039424506492028506,0.00991993345625618,0.07237498811247786,0.257643204977856,0.04595203988645442,0.9002284122034182,0.047093437630532,0.005324451459773768,0.038665018610789956,0.005324451459773768,0.038665018610789956,0.03551146794865996,0.04206570990718457,0.008416867561584357,0.06316100631111328,0.028476074205440304,0.04485439831824645,0.2739803895504091,0.04949242099964061,0.14260298069313024,0.037192219583253486,0.051679904413834146,0.04158648454071118
2023-05-12,0.01,0.01,0.01706988545409628,0.03908319417938587,0.01706988545409628,0.03908319417938587,0.20102722208544438,0.039424506492028506,0.00991993345625618,0.07237498811247786,0.257643204977856,0.04595203988645442,0.9002284122034182,0.047093437630532,0.005324451459773768,0.038665018610789956,0.005324451459773768,0.038665018610789956,0.03551146794865996,0.04206570990718457,0.008416867561584357,0.06316100631111328,0.028476074205440304,0.04485439831824645,0.2739803895504091,0.04949242099964061,0.14260298069313024,0.037192219583253486,0.051679904413834146,0.04158648454071118
2023-05-15,0.01,0.01,0.01706988545409628,0.03908319417938587,0.01706988545409628,0.03908319417938587,0.20102722208544438,0.039424506492028506,0.00991993345625618,0.07237498811247786,0.257643204977856,0.04595203988645442,0.9002284122034182,0.047093437630532,0.005324451459773768,0.038665018610789956,0.005324451459773768,0.038665018610789956,0.03551146794865996,0.04206570990718457,0.008416867561584357,0.06316100631111328,0.028476074205440304,0.04485439831824645,0.2739803895504091,0.04949242099964061,0.14260298069313024,0.037192219583253486,0.051679904413834146,0.04158648454071118
2023-05-16,0.01,0.01,0.01706988545409628,0.03908319417938587,0.01706988545409628,0.03908319417938587,0.20102722208544438,0.039424506492028506,0.00991993345625618,0.07237498811247786,0.257643204977856,0.04595203988645442,0.9002284122034182,0.047093437630532,0.005324451459773768,0.038665018610789956,0.005324451459773768,0.038665018610789956,0.03551146794865996,0.04206570990718457,0.008416867561584357,0.06316100631111328,0.028476074205440304,0.04485439831824645,0.2739803895504091,0.04949242099964061,0.14260298069313024,0.037192219583253486,0.051679904413834146,0.04158648454071118
2023-05-17,0.01,0.01,0.01706988545409628,0.03908319417938587,0.01706988545409628,0.03908319417938587,0.20102722208544438,0.039424506492028506,0.00991993345625618,0.07237498811247786,0.257643204977856,0.04595203988645442,0.9002284122034182,0.047093437630532,0.005324451459773768,0.038665018610789956,0.005324451459773768,0.038665018610789956,0.03551146794865996,0.04206570990718457,0.008416867561584357,0.06316100631111328,0.028476074205440304,0.04485439831824645,0.2739803895504091,0.04949242099964061,0.14260298069313024,0.037192219583253486,0.051679904413834146,0.04158648454071118
2023-05-18,0.01,0.01,0.01706988545409628,0.03908319417938587,0.01706988545409628,0.03908319417938587,0.20102722208544438,0.039424506492028506,0.00991993345625618,0.07237498811247786,0.257643204977856,0.04595203988645442,0.9002284122034182,0.047093437630532,0.005324451459773768,0.038665018610789956,0.005324451459773768,0.038665018610789956,0.03551146794865996,0.04206570990718457,0.008416867561584357,0.06316100631111328,0.028476074205440304,0.04485439831824645,0.2739803895504091,0.04949242099964061,0.14260298069313024,0.037192219583253486,0.051679904413834146,0.04158648454071118
2023-05-19,0.01,0.01,0.01706988545409628,0.03908319417938587,0.01706988545409628,0.03908319417938587,0.20102722208544438,0.039424506492028506,0.00991993345625618,0.07237498811247786,0.257643204977856,0.04595203988645442,0.9002284122034182,0.047093437630532,0.005324451459773768,0.038665018610789956,0.005324451459773768,0.038665018610789956,0.03551146794865996,0.04206570990718457,0.008416867561584357,0.06316100631111328,0.028476074205440304,0.04485439831824645,0.2739803895504091,0.04949242099964061,0.14260298069313024,0.037192219583253486,0.051679904413834146,0.04158648454071118
2023-05-22,0.01,0.01,0.01706988545409628,0.03908319417938587,0.01706988545409628,0.03908319417938587,0.20102722208544438,0.039424506492028506,0.00991993345625618,0.07237498811247786,0.257643204977856,0.04595203988645442,0.9002284122034182,0.047093437630532,0.005324451459773768,0.038665018610789956,0.005324451459773768,0.038665018610789956,0.03551146794865996,0.04206570990718457,0.008416867561584357,0.06316100631111328,0.028476074205440304,0.04485439831824645,0.2739803895504091,0.04949242099964061,0.14260298069313024,0.037192219583253486,0.051679904413834146,0.04158648454071118
2023-05-23,0.01,0.01,0.01706988545409628,0.03908319417938587,0.01706988545409628,0.03908319417938587,0.20102722208544438,0.039424506492028506,0.00991993345625618,0.07237498811247786,0.257643204977856,0.04595203988645442,0.9002284122034182,0.047093437630532,0.005324451459773768,0.038665018610789956,0.005324451459773768,0.038665018610789956,0.03551146794865996,0.04206570990718457,0.008416867561584357,0.06316100631111328,0.028476074205440304,0.04485439831824645,0.2739803895504091,0.04949242099964061,0.14260298069313024,0.037192219583253486,0.051679904413834146,0.04158648454071118
2023-05-24,0.01,0.01,0.01706988545409628,0.03908319417938587,0.01706988545409628,0.03908319417938587,0.20102722208544438,0.039424506492028506,0.00991993345625618,0.07237498811247786,0.257643204977856,0.04595203988645442,0.9002284122034182,0.047093437630532,0.005324451459773768,0.038665018610789956,0.005324451459773768,0.038665018610789956,0.03551146794865996,0.04206570990718457,0.008416867561584357,0.06316100631111328,0.028476074205440304,0.04485439831824645,0.2739803895504091,0.04949242099964061,0.14260298069313024,0.037192219583253486,0.051679904413834146,0.04158648454071118
2023-05-25,0.01,0.01,0.01706988545409628,0.03908319417938587,0.01706988545409628,0.03908319417938587,0.20102722208544438,0.039424506492028506,0.00991993345625618,0.07237498811247786,0.257643204977856,0.04595203988645442,0.9002284122034182,0.047093437630532,0.005324451459773768,0.038665018610789956,0.005324451459773768,0.038665018610789956,0.03551146794865996,0.04206570990718457,0.008416867561584357,0.06316100631111328,0.028476074205440304,0.04485439831824645,0.2739803895504091,0.04949242099964061,0.14260298069313024,0.037192219583253486,0.051679904413834146,0.04158648454071118
2023-05-26,0.01,0.01,0.01706988545409628,0.03908319417938587,0.01706988545409628,0.03908319417938587,0.20102722208544438,0.039424506492028506,0.00991993345625618,0.07237498811247786,0.257643204977856,0.04595203988645442,0.9002284122034182,0.047093437630532,0.005324451459773768,0.038665018610789956,0.005324451459773768,0.038665018610789956,0.03551146794865996,0.04206570990718457,0.008416867561584357,0.06316100631111328,0.028476074205440304,0.04485439831824645,0.2739803895504091,0.04949242099964061,0.14260298069313024,0.037192219583253486,0.051679904413834146,0.04158648454071118
2023-05-30,0.01,0.01,0.01706988545409628,0.03908319417938587,0.01706988545409628,0.03908319417938587,0.20102722208544438,0.039424506492028506,0.00991993345625618,0.07237498811247786,0.257643204977856,0.04595203988645442,0.9002284122034182,0.047093437630532,0.005324451459773768,0.038665018610789956,0.005324451459773768,0.038665018610789956,0.03551146794865996,0.04206570990718457,0.008416867561584357,0.06316100631111328,0.028476074205440304,0.04485439831824645,0.2739803895504091,0.04949242099964061,0.14260298069313024,0.037192219583253486,0.051679904413834146,0.04158648454071118
2023-05-31,0.01,0.01,0.01706988545409628,0.03908319417938587,0.01706988545409628,0.03908319417938587,0.20102722208544438,0.039424506492028506,0.00991993345625618,0.07237498811247786,0.257643204977856,0.04595203988645442,0.9002284122034182,0.047093437630532,0.005324451459773768,0.038665018610789956,0.005324451459773768,0.038665018610789956,0.03551146794865996,0.04206570990718457,0.008416867561584357,0.06316100631111328,0.028476074205440304,0.04485439831824645,0.2739803895504091,0.04949242099964061,0.14260298069313024,0.037192219583253486,0.051679904413834146,0.04158648454071118
2023-06-01,0.01,0.01,0.01706988545409628,0.03908319417938587,0.01706988545409628,0.03908319417938587,0.20102722208544438,0.039424506492028506,0.00991993345625618,0.07237498811247786,0.257643204977856,0.04595203988645442,0.9002284122034182,0.047093437630532,0.005324451459773768,0.038665018610789956,0.005324451459773768,0.038665018610789956,0.03551146794865996,0.04206570990718457,0.008416867561584357,0.06316100631111328,0.028476074205440304,0.04485439831824645,0.2739803895504091,0.04949242099964061,0.14260298069313024,0.037192219583253486,0.051679904413834146,0.04158648454071118
2023-06-02,0.01,0.01,0.01706988545409628,0.03908319417938587,0.01706988545409628,0.03908319417938587,0.20102722208544438,0.039424506492028506,0.00991993345625618,0.07237498811247786,0.257643204977856,0.04595203988645442,0.9002284122034182,0.047093437630532,0.005324451459773768,0.038665018610789956,0.005324451459773768,0.038665018610789956,0.03551146794865996,0.04206570990718457,0.008416867561584357,0.06316100631111328,0.028476074205440304,0.04485439831824645,0.2739803895504091,0.04949242099964061,0.14260298069313024,0.037192219583253486,0.051679904413834146,0.04158648454071118
2023-06-05,0.01,0.01,0.01706988545409628,0.03908319417938587,0.01706988545409628,0.03908319417938587,0.20102722208544438,0.039424506492028506,0.00991993345625618,0.07237498811247786,0.257643204977856,0.04595203988645442,0.9002284122034182,0.047093437630532,0.005324451459773768,0.038665018610789956,0.005324451459773768,0.038665018610789956,0.03551146794865996,0.04206570990718457,0.008416867561584357,0.06316100631111328,0.028476074205440304,0.04485439831824645,0.2739803895504091,0.04949242099964061,0.14260298069313024,0.037192219583253486,0.051679904413834146,0.04158648454071118
2023-06-06,0.01,0.01,0.01706988545409628,0.03908319417938587,0.01706988545409628,0.03908319417938587,0.20102722208544438,0.039424506492028506,0.00991993345625618,0.07237498811247786,0.257643204977856,0.04595203988645442,0.9002284122034182,0.047093437630532,0.005324451459773768,0.038665018610789956,0.005324451459773768,0.038665018610789956,0.03551146794865996,0.04206570990718457,0.008416867561584357,0.06316100631111328,0.028476074205440304,0.04485439831824645,0.2739803895504091,0.04949242099964061,0.14260298069313024,0.037192219583253486,0.051679904413834146,0.04158648454071118
2023-06-07,0.01,0.01,0.01706988545409628,0.03908319417938587,0.01706988545409628,0.03908319417938587,0.20102722208544438,0.039424506492028506,0.00991993345625618,0.07237498811247786,0.257643204977856,0.04595203988645442,0.9002284122034182,0.047093437630532,0.005324451459773768,0.038665018610789956,0.005324451459773768,0.038665018610789956,0.03551146794865996,0.04206570990718457,0.008416867561584357,0.06316100631111328,0.028476074205440304,0.04485439831824645,0.2739803895504091,0.04949242099964061,0.14260298069313024,0.037192219583253486,0.051679904413834146,0.04158648454071118
2023-06-08,0.01,0.01,0.01706988545409628,0.03908319417938587,0.01706988545409628,0.03908319417938587,0.20102722208544438,0.039424506492028506,0.00991993345625618,0.07237498811247786,0.257643204977856,0.04595203988645442,0.9002284122034182,0.047093437630532,0.005324451459773768,0.038665018610789956,0.005324451459773768,0.038665018610789956,0.03551146794865996,0.04206570990718457,0.008416867561584357,0.06316100631111328,0.028476074205440304,0.04485439831824645,0.2739803895504091,0.04949242099964061,0.14260298069313024,0.037192219583253486,0.051679904413834146,0.04158648454071118
2023-06-09,0.01,0.01,0.01706988545409628,0.03908319417938587,0.01706988545409628,0.03908319417938587,0.20102722208544438,0.039424506492028506,0.00991993345625618,0.07237498811247786,0.257643204977856,0.04595203988645442,0.9002284122034182,0.047093437630532,0.005324451459773768,0.038665018610789956,0.005324451459773768,0.038665018610789956,0.03551146794865996,0.04206570990718457,0.008416867561584357,0.06316100631111328,0.028476074205440304,0.04485439831824645,0.2739803895504091,0.04949242099964061,0.14260298069313024,0.037192219583253486,0.051679904413834146,0.04158648454071118
2023-06-12,0.01,0.01,0.01706988545409628,0.03908319417938587,0.01706988545409628,0.03908319417938587,0.20102722208544438,0.039424506492028506,0.00991993345625618,0.07237498811247786,0.257643204977856,0.04595203988645442,0.9002284122034182,0.047093437630532,0.005324451459773768,0.038665018610789956,0.005324451459773768,0.038665018610789956,0.03551146794865996,0.04206570990718457,0.008416867561584357,0.06316100631111328,0.028476074205440304,0.04485439831824645,0.2739803895504091,0.04949242099964061,0.14260298069313024,0.037192219583253486,0.051679904413834146,0.04158648454071118
2023-06-13,0.01,0.01,0.01706988545409628,0.03908319417938587,0.01706988545409628,0.03908319417938587,0.20102722208544438,0.039424506492028506,0.00991993345625618,0.07237498811247786,0.257643204977856,0.04595203988645442,0.9002284122034182,0.047093437630532,0.005324451459773768,0.038665018610789956,0.005324451459773768,0.038665018610789956,0.03551146794865996,0.04206570990718457,0.008416867561584357,0.06316100631111328,0.028476074205440304,0.04485439831824645,0.2739803895504091,0.04949242099964061,0.14260298069313024,0.037192219583253486,0.051679904413834146,0.04158648454071118
2023-06-14,0.01,0.01,0.01706988545409628,0.03908319417938587,0.01706988545409628,0.03908319417938587,0.20102722208544438,0.039424506492028506,0.00991993345625618,0.07237498811247786,0.257643204977856,0.04595203988645442,0.9002284122034182,0.047093437630532,0.005324451459773768,0.038665018610789956,0.005324451459773768,0.038665018610789956,0.03551146794865996,0.04206570990718457,0.008416867561584357,0.06316100631111328,0.028476074205440304,0.04485439831824645,0.2739803895504091,0.04949242099964061,0.14260298069313024,0.037192219583253486,0.051679904413834146,0.04158648454071118
2023-06-15,0.01,0.01,0.01706988545409628,0.03908319417938587,0.01706988545409628,0.03908319417938587,0.20102722208544438,0.039424506492028506,0.00991993345625618,0.07237498811247786,0.257643204977856,0.04595203988645442,0.9002284122034182,0.047093437630532,0.005324451459773768,0.038665018610789956,0.005324451459773768,0.038665018610789956,0.03551146794865996,0.04206570990718457,0.008416867561584357,0.06316100631111328,0.028476074205440304,0.04485439831824645,0.2739803895504091,0.04949242099964061,0.14260298069313024,0.037192219583253486,0.051679904413834146,0.04158648454071118
2023-06-16,0.01,0.01,0.01706988545409628,0.03908319417938587,0.01706988545409628,0.03908319417938587,0.20102722208544438,0.039424506492028506,0.00991993345625618,0.07237498811247786,0.257643204977856,0.04595203988645442,0.9002284122034182,0.047093437630532,0.005324451459773768,0.038665018610789956,0.005324451459773768,0.038665018610789956,0.03551146794865996,0.04206570990718457,0.008416867561584357,0.06316100631111328,0.028476074205440304,0.04485439831824645,0.2739803895504091,0.04949242099964061,0.14260298069313024,0.037192219583253486,0.051679904413834146,0.04158648454071118
2023-06-20,0.01,0.01,0.01706988545409628,0.03908319417938587,0.01706988545409628,0.03908319417938587,0.20102722208544438,0.039424506492028506,0.00991993345625618,0.07237498811247786,0.257643204977856,0.04595203988645442,0.9002284122034182,0.047093437630532,0.005324451459773768,0.038665018610789956,0.005324451459773768,0.038665018610789956,0.03551146794865996,0.04206570990718457,0.008416867561584357,0.06316100631111328,0.028476074205440304,0.04485439831824645,0.2739803895504091,0.04949242099964061,0.14260298069313024,0.037192219583253486,0.051679904413834146,0.04158648454071118
2023-06-21,0.01,0.01,0.01706988545409628,0.03908319417938587,0.01706988545409628,0.03908319417938587,0.20102722208544438,0.039424506492028506,0.00991993345625618,0.07237498811247786,0.257643204977856,0.04595203988645442,0.9002284122034182,0.047093437630532,0.005324451459773768,0.038665018610789956,0.005324451459773768,0.038665018610789956,0.03551146794865996,0.04206570990718457,0.008416867561584357,0.06316100631111328,0.028476074205440304,0.04485439831824645,0.2739803895504091,0.04949242099964061,0.14260298069313024,0.037192219583253486,0.051679904413834146,0.04158648454071118
2023-06-22,0.01,0.01,0.01706988545409628,0.03908319417938587,0.01706988545409628,0.03908319417938587,0.20102722208544438,0.039424506492028506,0.00991993345625618,0.07237498811247786,0.257643204977856,0.04595203988645442,0.9002284122034182,0.047093437630532,0.005324451459773768,0.038665018610789956,0.005324451459773768,0.038665018610789956,0.03551146794865996,0.04206570990718457,0.008416867561584357,0.06316100631111328,0.028476074205440304,0.04485439831824645,0.2739803895504091,0.04949242099964061,0.14260298069313024,0.037192219583253486,0.051679904413834146,0.04158648454071118
2023-06-23,0.01,0.01,0.01706988545409628,0.03908319417938587,0.01706988545409628,0.03908319417938587,0.20102722208544438,0.039424506492028506,0.00991993345625618,0.07237498811247786,0.257643204977856,0.04595203988645442,0.9002284122034182,0.047093437630532,0.005324451459773768,0.038665018610789956,0.005324451459773768,0.038665018610789956,0.03551146794865996,0.04206570990718457,0.008416867561584357,0.06316100631111328,0.028476074205440304,0.04485439831824645,0.2739803895504091,0.04949242099964061,0.14260298069313024,0.037192219583253486,0.051679904413834146,0.04158648454071118
2023-06-26,0.01,0.01,0.01706988545409628,0.03908319417938587,0.01706988545409628,0.03908319417938587,0.20102722208544438,0.039424506492028506,0.00991993345625618,0.07237498811247786,0.257643204977856,0.04595203988645442,0.9002284122034182,0.047093437630532,0.005324451459773768,0.038665018610789956,0.005324451459773768,0.038665018610789956,0.03551146794865996,0.04206570990718457,0.008416867561584357,0.06316100631111328,0.028476074205440304,0.04485439831824645,0.2739803895504091,0.04949242099964061,0.14260298069313024,0.037192219583253486,0.051679904413834146,0.04158648454071118
2023-06-27,0.01,0.01,0.01706988545409628,0.03908319417938587,0.01706988545409628,0.03908319417938587,0.20102722208544438,0.039424506492028506,0.00991993345625618,0.07237498811247786,0.257643204977856,0.04595203988645442,0.9002284122034182,0.047093437630532,0.005324451459773768,0.038665018610789956,0.005324451459773768,0.038665018610789956,0.03551146794865996,0.04206570990718457,0.008416867561584357,0.06316100631111328,0.028476074205440304,0.04485439831824645,0.2739803895504091,0.04949242099964061,0.14260298069313024,0.037192219583253486,0.051679904413834146,0.04158648454071118
2023-06-28,0.01,0.01,0.01706988545409628,0.03908319417938587,0.01706988545409628,0.03908319417938587,0.20102722208544438,0.039424506492028506,0.00991993345625618,0.07237498811247786,0.257643204977856,0.04595203988645442,0.9002284122034182,0.047093437630532,0.005324451459773768,0.038665018610789956,0.005324451459773768,0.038665018610789956,0.03551146794865996,0.04206570990718457,0.008416867561584357,0.06316100631111328,0.028476074205440304,0.04485439831824645,0.2739803895504091,0.04949242099964061,0.14260298069313024,0.037192219583253486,0.051679904413834146,0.04158648454071118
2023-06-29,0.01,0.01,0.01706988545409628,0.03908319417938587,0.01706988545409628,0.03908319417938587,0.20102722208544438,0.039424506492028506,0.00991993345625618,0.07237498811247786,0.257643204977856,0.04595203988645442,0.9002284122034182,0.047093437630532,0.005324451459773768,0.038665018610789956,0.005324451459773768,0.038665018610789956,0.03551146794865996,0.04206570990718457,0.008416867561584357,0.06316100631111328,0.028476074205440304,0.04485439831824645,0.2739803895504091,0.04949242099964061,0.14260298069313024,0.037192219583253486,0.051679904413834146,0.04158648454071118
2023-06-30,0.01,0.01,0.01706988545409628,0.03908319417938587,0.01706988545409628,0.03908319417938587,0.20102722208544438,0.039424506492028506,0.00991993345625618,0.07237498811247786,0.257643204977856,0.04595203988645442,0.9002284122034182,0.047093437630532,0.005324451459773768,0.038665018610789956,0.005324451459773768,0.038665018610789956,0.03551146794865996,0.04206570990718457,0.008416867561584357,0.06316100631111328,0.028476074205440304,0.04485439831824645,0.2739803895504091,0.04949242099964061,0.14260298069313024,0.037192219583253486,0.051679904413834146,0.04158648454071118
2023-07-03,0.01,0.01,0.01706988545409628,0.03908319417938587,0.01706988545409628,0.03908319417938587,0.20102722208544438,0.039424506492028506,0.00991993345625618,0.07237498811247786,0.257643204977856,0.04595203988645442,0.9002284122034182,0.047093437630532,0.005324451459773768,0.038665018610789956,0.005324451459773768,0.038665018610789956,0.03551146794865996,0.04206570990718457,0.008416867561584357,0.06316100631111328,0.028476074205440304,0.04485439831824645,0.2739803895504091,0.04949242099964061,0.14260298069313024,0.037192219583253486,0.051679904413834146,0.04158648454071118
2023-07-05,0.01,0.01,0.01706988545409628,0.03908319417938587,0.01706988545409628,0.03908319417938587,0.20102722208544438,0.039424506492028506,0.00991993345625618,0.07237498811247786,0.257643204977856,0.04595203988645442,0.9002284122034182,0.047093437630532,0.005324451459773768,0.038665018610789956,0.005324451459773768,0.038665018610789956,0.03551146794865996,0.04206570990718457,0.008416867561584357,0.06316100631111328,0.028476074205440304,0.04485439831824645,0.2739803895504091,0.04949242099964061,0.14260298069313024,0.037192219583253486,0.051679904413834146,0.04158648454071118
2023-07-06,0.01,0.01,0.01706988545409628,0.03908319417938587,0.01706988545409628,0.03908319417938587,0.20102722208544438,0.039424506492028506,0.00991993345625618,0.07237498811247786,0.257643204977856,0.04595203988645442,0.9002284122034182,0.047093437630532,0.005324451459773768,0.038665018610789956,0.005324451459773768,0.038665018610789956,0.03551146794865996,0.04206570990718457,0.008416867561584357,0.06316100631111328,0.028476074205440304,0.04485439831824645,0.2739803895504091,0.04949242099964061,0.14260298069313024,0.037192219583253486,0.051679904413834146,0.04158648454071118
2023-07-07,0.01,0.01,0.01706988545409628,0.03908319417938587,0.01706988545409628,0.03908319417938587,0.20102722208544438,0.039424506492028506,0.00991993345625618,0.07237498811247786,0.257643204977856,0.04595203988645442,0.9002284122034182,0.047093437630532,0.005324451459773768,0.038665018610789956,0.005324451459773768,0.038665018610789956,0.03551146794865996,0.04206570990718457,0.008416867561584357,0.06316100631111328,0.028476074205440304,0.04485439831824645,0.2739803895504091,0.04949242099964061,0.14260298069313024,0.037192219583253486,0.051679904413834146,0.04158648454071118
2023-07-10,0.01,0.01,0.01706988545409628,0.03908319417938587,0.01706988545409628,0.03908319417938587,0.20102722208544438,0.039424506492028506,0.00991993345625618,0.07237498811247786,0.257643204977856,0.04595203988645442,0.9002284122034182,0.047093437630532,0.005324451459773768,0.038665018610789956,0.005324451459773768,0.038665018610789956,0.03551146794865996,0.04206570990718457,0.008416867561584357,0.06316100631111328,0.028476074205440304,0.04485439831824645,0.2739803895504091,0.04949242099964061,0.14260298069313024,0.037192219583253486,0.051679904413834146,0.04158648454071118
2023-07-11,0.01,0.01,0.01706988545409628,0.03908319417938587,0.01706988545409628,0.03908319417938587,0.20102722208544438,0.039424506492028506,0.00991993345625618,0.07237498811247786,0.257643204977856,0.04595203988645442,0.9002284122034182,0.047093437630532,0.005324451459773768,0.038665018610789956,0.005324451459773768,0.038665018610789956,0.03551146794865996,0.04206570990718457,0.008416867561584357,0.06316100631111328,0.028476074205440304,0.04485439831824645,0.2739803895504091,0.04949242099964061,0.14260298069313024,0.037192219583253486,0.051679904413834146,0.04158648454071118
2023-07-12,0.01,0.01,0.01706988545409628,0.03908319417938587,0.01706988545409628,0.03908319417938587,0.20102722208544438,0.039424506492028506,0.00991993345625618,0.07237498811247786,0.257643204977856,0.04595203988645442,0.9002284122034182,0.047093437630532,0.005324451459773768,0.038665018610789956,0.005324451459773768,0.038665018610789956,0.03551146794865996,0.04206570990718457,0.008416867561584357,0.06316100631111328,0.028476074205440304,0.04485439831824645,0.2739803895504091,0.04949242099964061,0.14260298069313024,0.037192219583253486,0.051679904413834146,0.04158648454071118
2023-07-13,0.01,0.01,0.01706988545409628,0.03908319417938587,0.01706988545409628,0.03908319417938587,0.20102722208544438,0.039424506492028506,0.00991993345625618,0.07237498811247786,0.257643204977856,0.04595203988645442,0.9002284122034182,0.047093437630532,0.005324451459773768,0.038665018610789956,0.005324451459773768,0.038665018610789956,0.03551146794865996,0.04206570990718457,0.008416867561584357,0.06316100631111328,0.028476074205440304,0.04485439831824645,0.2739803895504091,0.04949242099964061,0.14260298069313024,0.037192219583253486,0.051679904413834146,0.04158648454071118
2023-07-14,0.01,0.01,0.01706988545409628,0.03908319417938587,0.01706988545409628,0.03908319417938587,0.20102722208544438,0.039424506492028506,0.00991993345625618,0.07237498811247786,0.257643204977856,0.04595203988645442,0.9002284122034182,0.047093437630532,0.005324451459773768,0.038665018610789956,0.005324451459773768,0.038665018610789956,0.03551146794865996,0.04206570990718457,0.008416867561584357,0.06316100631111328,0.028476074205440304,0.04485439831824645,0.2739803895504091,0.04949242099964061,0.14260298069313024,0.037192219583253486,0.051679904413834146,0.04158648454071118
2023-07-17,0.01,0.01,0.01706988545409628,0.03908319417938587,0.01706988545409628,0.03908319417938587,0.20102722208544438,0.039424506492028506,0.00991993345625618,0.07237498811247786,0.257643204977856,0.04595203988645442,0.9002284122034182,0.047093437630532,0.005324451459773768,0.038665018610789956,0.005324451459773768,0.038665018610789956,0.03551146794865996,0.04206570990718457,0.008416867561584357,0.06316100631111328,0.028476074205440304,0.04485439831824645,0.2739803895504091,0.04949242099964061,0.14260298069313024,0.037192219583253486,0.051679904413834146,0.04158648454071118
2023-07-18,0.01,0.01,0.01706988545409628,0.03908319417938587,0.01706988545409628,0.03908319417938587,0.20102722208544438,0.039424506492028506,0.00991993345625618,0.07237498811247786,0.257643204977856,0.04595203988645442,0.9002284122034182,0.047093437630532,0.005324451459773768,0.038665018610789956,0.005324451459773768,0.038665018610789956,0.03551146794865996,0.04206570990718457,0.008416867561584357,0.06316100631111328,0.028476074205440304,0.04485439831824645,0.2739803895504091,0.04949242099964061,0.14260298069313024,0.037192219583253486,0.051679904413834146,0.04158648454071118
2023-07-19,0.01,0.01,0.01706988545409628,0.03908319417938587,0.01706988545409628,0.03908319417938587,0.20102722208544438,0.039424506492028506,0.00991993345625618,0.07237498811247786,0.257643204977856,0.04595203988645442,0.9002284122034182,0.047093437630532,0.005324451459773768,0.038665018610789956,0.005324451459773768,0.038665018610789956,0.03551146794865996,0.04206570990718457,0.008416867561584357,0.06316100631111328,0.028476074205440304,0.04485439831824645,0.2739803895504091,0.04949242099964061,0.14260298069313024,0.037192219583253486,0.051679904413834146,0.04158648454071118
2023-07-20,0.01,0.01,0.01706988545409628,0.03908319417938587,0.01706988545409628,0.03908319417938587,0.20102722208544438,0.039424506492028506,0.00991993345625618,0.07237498811247786,0.257643204977856,0.04595203988645442,0.9002284122034182,0.047093437630532,0.005324451459773768,0.038665018610789956,0.005324451459773768,0.038665018610789956,0.03551146794865996,0.04206570990718457,0.008416867561584357,0.06316100631111328,0.028476074205440304,0.04485439831824645,0.2739803895504091,0.04949242099964061,0.14260298069313024,0.037192219583253486,0.051679904413834146,0.04158648454071118
2023-07-21,0.01,0.01,0.01706988545409628,0.03908319417938587,0.01706988545409628,0.03908319417938587,0.20102722208544438,0.039424506492028506,0.00991993345625618,0.07237498811247786,0.257643204977856,0.04595203988645442,0.9002284122034182,0.047093437630532,0.005324451459773768,0.038665018610789956,0.005324451459773768,0.038665018610789956,0.03551146794865996,0.04206570990718457,0.008416867561584357,0.06316100631111328,0.028476074205440304,0.04485439831824645,0.2739803895504091,0.04949242099964061,0.14260298069313024,0.037192219583253486,0.051679904413834146,0.04158648454071118
2023-07-24,0.01,0.01,0.01706988545409628,0.03908319417938587,0.01706988545409628,0.03908319417938587,0.20102722208544438,0.039424506492028506,0.00991993345625618,0.07237498811247786,0.257643204977856,0.04595203988645442,0.9002284122034182,0.047093437630532,0.005324451459773768,0.038665018610789956,0.005324451459773768,0.038665018610789956,0.03551146794865996,0.04206570990718457,0.008416867561584357,0.06316100631111328,0.028476074205440304,0.04485439831824645,0.2739803895504091,0.04949242099964061,0.14260298069313024,0.037192219583253486,0.051679904413834146,0.04158648454071118
2023-07-25,0.01,0.01,0.01706988545409628,0.03908319417938587,0.01706988545409628,0.03908319417938587,0.20102722208544438,0.039424506492028506,0.00991993345625618,0.07237498811247786,0.257643204977856,0.04595203988645442,0.9002284122034182,0.047093437630532,0.005324451459773768,0.038665018610789956,0.005324451459773768,0.038665018610789956,0.03551146794865996,0.04206570990718457,0.008416867561584357,0.06316100631111328,0.028476074205440304,0.04485439831824645,0.2739803895504091,0.04949242099964061,0.14260298069313024,0.037192219583253486,0.051679904413834146,0.04158648454071118
2023-07-26,0.01,0.01,0.01706988545409628,0.03908319417938587,0.01706988545409628,0.03908319417938587,0.20102722208544438,0.039424506492028506,0.00991993345625618,0.07237498811247786,0.257643204977856,0.04595203988645442,0.9002284122034182,0.047093437630532,0.005324451459773768,0.038665018610789956,0.005324451459773768,0.038665018610789956,0.03551146794865996,0.04206570990718457,0.008416867561584357,0.06316100631111328,0.028476074205440304,0.04485439831824645,0.2739803895504091,0.04949242099964061,0.14260298069313024,0.037192219583253486,0.051679904413834146,0.04158648454071118
2023-07-27,0.01,0.01,0.01706988545409628,0.03908319417938587,0.01706988545409628,0.03908319417938587,0.20102722208544438,0.039424506492028506,0.00991993345625618,0.07237498811247786,0.257643204977856,0.04595203988645442,0.9002284122034182,0.047093437630532,0.005324451459773768,0.038665018610789956,0.005324451459773768,0.038665018610789956,0.03551146794865996,0.04206570990718457,0.008416867561584357,0.06316100631111328,0.028476074205440304,0.04485439831824645,0.2739803895504091,0.04949242099964061,0.14260298069313024,0.037192219583253486,0.051679904413834146,0.04158648454071118
2023-07-28,0.01,0.01,0.01706988545409628,0.03908319417938587,0.01706988545409628,0.03908319417938587,0.20102722208544438,0.039424506492028506,0.00991993345625618,0.07237498811247786,0.257643204977856,0.04595203988645442,0.9002284122034182,0.047093437630532,0.005324451459773768,0.038665018610789956,0.005324451459773768,0.038665018610789956,0.03551146794865996,0.04206570990718457,0.008416867561584357,0.06316100631111328,0.028476074205440304,0.04485439831824645,0.2739803895504091,0.04949242099964061,0.14260298069313024,0.037192219583253486,0.051679904413834146,0.04158648454071118
2023-07-31,0.01,0.01,0.01706988545409628,0.03908319417938587,0.01706988545409628,0.03908319417938587,0.20102722208544438,0.039424506492028506,0.00991993345625618,0.07237498811247786,0.257643204977856,0.04595203988645442,0.9002284122034182,0.047093437630532,0.005324451459773768,0.038665018610789956,0.005324451459773768,0.038665018610789956,0.03551146794865996,0.04206570990718457,0.008416867561584357,0.06316100631111328,0.028476074205440304,0.04485439831824645,0.2739803895504091,0.04949242099964061,0.14260298069313024,0.037192219583253486,0.051679904413834146,0.04158648454071118
2023-08-01,0.01,0.01,0.01706988545409628,0.03908319417938587,0.01706988545409628,0.03908319417938587,0.20102722208544438,0.039424506492028506,0.00991993345625618,0.07237498811247786,0.257643204977856,0.04595203988645442,0.9002284122034182,0.047093437630532,0.005324451459773768,0.038665018610789956,0.005324451459773768,0.038665018610789956,0.03551146794865996,0.04206570990718457,0.008416867561584357,0.06316100631111328,0.028476074205440304,0.04485439831824645,0.2739803895504091,0.04949242099964061,0.14260298069313024,0.037192219583253486,0.051679904413834146,0.04158648454071118
2023-08-02,0.01,0.01,0.01706988545409628,0.03908319417938587,0.01706988545409628,0.03908319417938587,0.20102722208544438,0.039424506492028506,0.00991993345625618,0.07237498811247786,0.257643204977856,0.04595203988645442,0.9002284122034182,0.047093437630532,0.005324451459773768,0.038665018610789956,0.005324451459773768,0.038665018610789956,0.03551146794865996,0.04206570990718457,0.008416867561584357,0.06316100631111328,0.028476074205440304,0.04485439831824645,0.2739803895504091,0.04949242099964061,0.14260298069313024,0.037192219583253486,0.051679904413834146,0.04158648454071118
2023-08-03,0.01,0.01,0.01706988545409628,0.03908319417938587,0.01706988545409628,0.03908319417938587,0.20102722208544438,0.039424506492028506,0.00991993345625618,0.07237498811247786,0.257643204977856,0.04595203988645442,0.9002284122034182,0.047093437630532,0.005324451459773768,0.038665018610789956,0.005324451459773768,0.038665018610789956,0.03551146794865996,0.04206570990718457,0.008416867561584357,0.06316100631111328,0.028476074205440304,0.04485439831824645,0.2739803895504091,0.04949242099964061,0.14260298069313024,0.037192219583253486,0.051679904413834146,0.04158648454071118
2023-08-04,0.01,0.01,0.01706988545409628,0.03908319417938587,0.01706988545409628,0.03908319417938587,0.20102722208544438,0.039424506492028506,0.00991993345625618,0.07237498811247786,0.257643204977856,0.04595203988645442,0.9002284122034182,0.047093437630532,0.005324451459773768,0.038665018610789956,0.005324451459773768,0.038665018610789956,0.03551146794865996,0.04206570990718457,0.008416867561584357,0.06316100631111328,0.028476074205440304,0.04485439831824645,0.2739803895504091,0.04949242099964061,0.14260298069313024,0.037192219583253486,0.051679904413834146,0.04158648454071118
2023-08-07,0.01,0.01,0.01706988545409628,0.03908319417938587,0.01706988545409628,0.03908319417938587,0.20102722208544438,0.039424506492028506,0.00991993345625618,0.07237498811247786,0.257643204977856,0.04595203988645442,0.9002284122034182,0.047093437630532,0.005324451459773768,0.038665018610789956,0.005324451459773768,0.038665018610789956,0.03551146794865996,0.04206570990718457,0.008416867561584357,0.06316100631111328,0.028476074205440304,0.04485439831824645,0.2739803895504091,0.04949242099964061,0.14260298069313024,0.037192219583253486,0.051679904413834146,0.04158648454071118
2023-08-08,0.01,0.01,0.01706988545409628,0.03908319417938587,0.01706988545409628,0.03908319417938587,0.20102722208544438,0.039424506492028506,0.00991993345625618,0.07237498811247786,0.257643204977856,0.04595203988645442,0.9002284122034182,0.047093437630532,0.005324451459773768,0.038665018610789956,0.005324451459773768,0.038665018610789956,0.03551146794865996,0.04206570990718457,0.008416867561584357,0.06316100631111328,0.028476074205440304,0.04485439831824645,0.2739803895504091,0.04949242099964061,0.14260298069313024,0.037192219583253486,0.051679904413834146,0.04158648454071118
2023-08-09,0.01,0.01,0.01706988545409628,0.03908319417938587,0.01706988545409628,0.03908319417938587,0.20102722208544438,0.039424506492028506,0.00991993345625618,0.07237498811247786,0.257643204977856,0.04595203988645442,0.9002284122034182,0.047093437630532,0.005324451459773768,0.038665018610789956,0.005324451459773768,0.038665018610789956,0.03551146794865996,0.04206570990718457,0.008416867561584357,0.06316100631111328,0.028476074205440304,0.04485439831824645,0.2739803895504091,0.04949242099964061,0.14260298069313024,0.037192219583253486,0.051679904413834146,0.04158648454071118
2023-08-10,0.01,0.01,0.01706988545409628,0.03908319417938587,0.01706988545409628,0.03908319417938587,0.20102722208544438,0.039424506492028506,0.00991993345625618,0.07237498811247786,0.257643204977856,0.04595203988645442,0.9002284122034182,0.047093437630532,0.005324451459773768,0.038665018610789956,0.005324451459773768,0.038665018610789956,0.03551146794865996,0.04206570990718457,0.008416867561584357,0.06316100631111328,0.028476074205440304,0.04485439831824645,0.2739803895504091,0.04949242099964061,0.14260298069313024,0.037192219583253486,0.051679904413834146,0.04158648454071118
2023-08-11,0.01,0.01,0.01706988545409628,0.03908319417938587,0.01706988545409628,0.03908319417938587,0.20102722208544438,0.039424506492028506,0.00991993345625618,0.07237498811247786,0.257643204977856,0.04595203988645442,0.9002284122034182,0.047093437630532,0.005324451459773768,0.038665018610789956,0.005324451459773768,0.038665018610789956,0.03551146794865996,0.04206570990718457,0.008416867561584357,0.06316100631111328,0.028476074205440304,0.04485439831824645,0.2739803895504091,0.04949242099964061,0.14260298069313024,0.037192219583253486,0.051679904413834146,0.04158648454071118
2023-08-14,0.01,0.01,0.01706988545409628,0.03908319417938587,0.01706988545409628,0.03908319417938587,0.20102722208544438,0.039424506492028506,0.00991993345625618,0.07237498811247786,0.257643204977856,0.04595203988645442,0.9002284122034182,0.047093437630532,0.005324451459773768,0.038665018610789956,0.005324451459773768,0.038665018610789956,0.03551146794865996,0.04206570990718457,0.008416867561584357,0.06316100631111328,0.028476074205440304,0.04485439831824645,0.2739803895504091,0.04949242099964061,0.14260298069313024,0.037192219583253486,0.051679904413834146,0.04158648454071118
2023-08-15,0.01,0.01,0.01706988545409628,0.03908319417938587,0.01706988545409628,0.03908319417938587,0.20102722208544438,0.039424506492028506,0.00991993345625618,0.07237498811247786,0.257643204977856,0.04595203988645442,0.9002284122034182,0.047093437630532,0.005324451459773768,0.038665018610789956,0.005324451459773768,0.038665018610789956,0.03551146794865996,0.04206570990718457,0.008416867561584357,0.06316100631111328,0.028476074205440304,0.04485439831824645,0.2739803895504091,0.04949242099964061,0.14260298069313024,0.037192219583253486,0.051679904413834146,0.04158648454071118
2023-08-16,0.01,0.01,0.01706988545409628,0.03908319417938587,0.01706988545409628,0.03908319417938587,0.20102722208544438,0.039424506492028506,0.00991993345625618,0.07237498811247786,0.257643204977856,0.04595203988645442,0.9002284122034182,0.047093437630532,0.005324451459773768,0.038665018610789956,0.005324451459773768,0.038665018610789956,0.03551146794865996,0.04206570990718457,0.008416867561584357,0.06316100631111328,0.028476074205440304,0.04485439831824645,0.2739803895504091,0.04949242099964061,0.14260298069313024,0.037192219583253486,0.051679904413834146,0.04158648454071118
2023-08-17,0.01,0.01,0.01706988545409628,0.03908319417938587,0.01706988545409628,0.03908319417938587,0.20102722208544438,0.039424506492028506,0.00991993345625618,0.07237498811247786,0.257643204977856,0.04595203988645442,0.9002284122034182,0.047093437630532,0.005324451459773768,0.038665018610789956,0.005324451459773768,0.038665018610789956,0.03551146794865996,0.04206570990718457,0.008416867561584357,0.06316100631111328,0.028476074205440304,0.04485439831824645,0.2739803895504091,0.04949242099964061,0.14260298069313024,0.037192219583253486,0.051679904413834146,0.04158648454071118
2023-08-18,0.01,0.01,0.01706988545409628,0.03908319417938587,0.01706988545409628,0.03908319417938587,0.20102722208544438,0.039424506492028506,0.00991993345625618,0.07237498811247786,0.257643204977856,0.04595203988645442,0.9002284122034182,0.047093437630532,0.005324451459773768,0.038665018610789956,0.005324451459773768,0.038665018610789956,0.03551146794865996,0.04206570990718457,0.008416867561584357,0.06316100631111328,0.028476074205440304,0.04485439831824645,0.2739803895504091,0.04949242099964061,0.14260298069313024,0.037192219583253486,0.051679904413834146,0.04158648454071118
2023-08-21,0.01,0.01,0.01706988545409628,0.03908319417938587,0.01706988545409628,0.03908319417938587,0.20102722208544438,0.039424506492028506,0.00991993345625618,0.07237498811247786,0.257643204977856,0.04595203988645442,0.9002284122034182,0.047093437630532,0.005324451459773768,0.038665018610789956,0.005324451459773768,0.038665018610789956,0.03551146794865996,0.04206570990718457,0.008416867561584357,0.06316100631111328,0.028476074205440304,0.04485439831824645,0.2739803895504091,0.04949242099964061,0.14260298069313024,0.037192219583253486,0.051679904413834146,0.04158648454071118
2023-08-22,0.01,0.01,0.01706988545409628,0.03908319417938587,0.01706988545409628,0.03908319417938587,0.20102722208544438,0.039424506492028506,0.00991993345625618,0.07237498811247786,0.257643204977856,0.04595203988645442,0.9002284122034182,0.047093437630532,0.005324451459773768,0.038665018610789956,0.005324451459773768,0.038665018610789956,0.03551146794865996,0.04206570990718457,0.008416867561584357,0.06316100631111328,0.028476074205440304,0.04485439831824645,0.2739803895504091,0.04949242099964061,0.14260298069313024,0.037192219583253486,0.051679904413834146,0.04158648454071118
2023-08-23,0.01,0.01,0.01706988545409628,0.03908319417938587,0.01706988545409628,0.03908319417938587,0.20102722208544438,0.039424506492028506,0.00991993345625618,0.07237498811247786,0.257643204977856,0.04595203988645442,0.9002284122034182,0.047093437630532,0.005324451459773768,0.038665018610789956,0.005324451459773768,0.038665018610789956,0.03551146794865996,0.04206570990718457,0.008416867561584357,0.06316100631111328,0.028476074205440304,0.04485439831824645,0.2739803895504091,0.04949242099964061,0.14260298069313024,0.037192219583253486,0.051679904413834146,0.04158648454071118
2023-08-24,0.01,0.01,0.01706988545409628,0.03908319417938587,0.01706988545409628,0.03908319417938587,0.20102722208544438,0.039424506492028506,0.00991993345625618,0.07237498811247786,0.257643204977856,0.04595203988645442,0.9002284122034182,0.047093437630532,0.005324451459773768,0.038665018610789956,0.005324451459773768,0.038665018610789956,0.03551146794865996,0.04206570990718457,0.008416867561584357,0.06316100631111328,0.028476074205440304,0.04485439831824645,0.2739803895504091,0.04949242099964061,0.14260298069313024,0.037192219583253486,0.051679904413834146,0.04158648454071118
2023-08-25,0.01,0.01,0.01706988545409628,0.03908319417938587,0.01706988545409628,0.03908319417938587,0.20102722208544438,0.039424506492028506,0.00991993345625618,0.07237498811247786,0.257643204977856,0.04595203988645442,0.9002284122034182,0.047093437630532,0.005324451459773768,0.038665018610789956,0.005324451459773768,0.038665018610789956,0.03551146794865996,0.04206570990718457,0.008416867561584357,0.06316100631111328,0.028476074205440304,0.04485439831824645,0.2739803895504091,0.04949242099964061,0.14260298069313024,0.037192219583253486,0.051679904413834146,0.04158648454071118
2023-08-28,0.01,0.01,0.01706988545409628,0.03908319417938587,0.01706988545409628,0.03908319417938587,0.20102722208544438,0.039424506492028506,0.00991993345625618,0.07237498811247786,0.257643204977856,0.04595203988645442,0.9002284122034182,0.047093437630532,0.005324451459773768,0.038665018610789956,0.005324451459773768,0.038665018610789956,0.03551146794865996,0.04206570990718457,0.008416867561584357,0.06316100631111328,0.028476074205440304,0.04485439831824645,0.2739803895504091,0.04949242099964061,0.14260298069313024,0.037192219583253486,0.051679904413834146,0.04158648454071118
2023-08-29,0.01,0.01,0.01706988545409628,0.03908319417938587,0.01706988545409628,0.03908319417938587,0.20102722208544438,0.039424506492028506,0.00991993345625618,0.07237498811247786,0.257643204977856,0.04595203988645442,0.9002284122034182,0.047093437630532,0.005324451459773768,0.038665018610789956,0.005324451459773768,0.038665018610789956,0.03551146794865996,0.04206570990718457,0.008416867561584357,0.06316100631111328,0.028476074205440304,0.04485439831824645,0.2739803895504091,0.04949242099964061,0.14260298069313024,0.037192219583253486,0.051679904413834146,0.04158648454071118
2023-08-30,0.01,0.01,0.01706988545409628,0.03908319417938587,0.01706988545409628,0.03908319417938587,0.20102722208544438,0.039424506492028506,0.00991993345625618,0.07237498811247786,0.257643204977856,0.04595203988645442,0.9002284122034182,0.047093437630532,0.005324451459773768,0.038665018610789956,0.005324451459773768,0.038665018610789956,0.03551146794865996,0.04206570990718457,0.008416867561584357,0.06316100631111328,0.028476074205440304,0.04485439831824645,0.2739803895504091,0.04949242099964061,0.14260298069313024,0.037192219583253486,0.051679904413834146,0.04158648454071118
2023-08-31,0.01,0.01,0.01706988545409628,0.03908319417938587,0.01706988545409628,0.03908319417938587,0.20102722208544438,0.039424506492028506,0.00991993345625618,0.07237498811247786,0.257643204977856,0.04595203988645442,0.9002284122034182,0.047093437630532,0.005324451459773768,0.038665018610789956,0.005324451459773768,0.038665018610789956,0.03551146794865996,0.04206570990718457,0.008416867561584357,0.06316100631111328,0.028476074205440304,0.04485439831824645,0.2739803895504091,0.04949242099964061,0.14260298069313024,0.037192219583253486,0.051679904413834146,0.04158648454071118
2023-09-01,0.01,0.01,0.01706988545409628,0.03908319417938587,0.01706988545409628,0.03908319417938587,0.20102722208544438,0.039424506492028506,0.00991993345625618,0.07237498811247786,0.257643204977856,0.04595203988645442,0.9002284122034182,0.047093437630532,0.005324451459773768,0.038665018610789956,0.005324451459773768,0.038665018610789956,0.03551146794865996,0.04206570990718457,0.008416867561584357,0.06316100631111328,0.028476074205440304,0.04485439831824645,0.2739803895504091,0.04949242099964061,0.14260298069313024,0.037192219583253486,0.051679904413834146,0.04158648454071118
2023-09-05,0.01,0.01,0.01706988545409628,0.03908319417938587,0.01706988545409628,0.03908319417938587,0.20102722208544438,0.039424506492028506,0.00991993345625618,0.07237498811247786,0.257643204977856,0.04595203988645442,0.9002284122034182,0.047093437630532,0.005324451459773768,0.038665018610789956,0.005324451459773768,0.038665018610789956,0.03551146794865996,0.04206570990718457,0.008416867561584357,0.06316100631111328,0.028476074205440304,0.04485439831824645,0.2739803895504091,0.04949242099964061,0.14260298069313024,0.037192219583253486,0.051679904413834146,0.04158648454071118
2023-09-06,0.01,0.01,0.01706988545409628,0.03908319417938587,0.01706988545409628,0.03908319417938587,0.20102722208544438,0.039424506492028506,0.00991993345625618,0.07237498811247786,0.257643204977856,0.04595203988645442,0.9002284122034182,0.047093437630532,0.005324451459773768,0.038665018610789956,0.005324451459773768,0.038665018610789956,0.03551146794865996,0.04206570990718457,0.008416867561584357,0.06316100631111328,0.028476074205440304,0.04485439831824645,0.2739803895504091,0.04949242099964061,0.14260298069313024,0.037192219583253486,0.051679904413834146,0.04158648454071118
2023-09-07,0.01,0.01,0.01706988545409628,0.03908319417938587,0.01706988545409628,0.03908319417938587,0.20102722208544438,0.039424506492028506,0.00991993345625618,0.07237498811247786,0.257643204977856,0.04595203988645442,0.9002284122034182,0.047093437630532,0.005324451459773768,0.038665018610789956,0.005324451459773768,0.038665018610789956,0.03551146794865996,0.04206570990718457,0.008416867561584357,0.06316100631111328,0.028476074205440304,0.04485439831824645,0.2739803895504091,0.04949242099964061,0.14260298069313024,0.037192219583253486,0.051679904413834146,0.04158648454071118
2023-09-08,0.01,0.01,0.01706988545409628,0.03908319417938587,0.01706988545409628,0.03908319417938587,0.20102722208544438,0.039424506492028506,0.00991993345625618,0.07237498811247786,0.257643204977856,0.04595203988645442,0.9002284122034182,0.047093437630532,0.005324451459773768,0.038665018610789956,0.005324451459773768,0.038665018610789956,0.03551146794865996,0.04206570990718457,0.008416867561584357,0.06316100631111328,0.028476074205440304,0.04485439831824645,0.2739803895504091,0.04949242099964061,0.14260298069313024,0.037192219583253486,0.051679904413834146,0.04158648454071118
2023-09-11,0.01,0.01,0.01706988545409628,0.03908319417938587,0.01706988545409628,0.03908319417938587,0.20102722208544438,0.039424506492028506,0.00991993345625618,0.07237498811247786,0.257643204977856,0.04595203988645442,0.9002284122034182,0.047093437630532,0.005324451459773768,0.038665018610789956,0.005324451459773768,0.038665018610789956,0.03551146794865996,0.04206570990718457,0.008416867561584357,0.06316100631111328,0.028476074205440304,0.04485439831824645,0.2739803895504091,0.04949242099964061,0.14260298069313024,0.037192219583253486,0.051679904413834146,0.04158648454071118
2023-09-12,0.01,0.01,0.01706988545409628,0.03908319417938587,0.01706988545409628,0.03908319417938587,0.20102722208544438,0.039424506492028506,0.00991993345625618,0.07237498811247786,0.257643204977856,0.04595203988645442,0.9002284122034182,0.047093437630532,0.005324451459773768,0.038665018610789956,0.005324451459773768,0.038665018610789956,0.03551146794865996,0.04206570990718457,0.008416867561584357,0.06316100631111328,0.028476074205440304,0.04485439831824645,0.2739803895504091,0.04949242099964061,0.14260298069313024,0.037192219583253486,0.051679904413834146,0.04158648454071118
2023-09-13,0.01,0.01,0.01706988545409628,0.03908319417938587,0.01706988545409628,0.03908319417938587,0.20102722208544438,0.039424506492028506,0.00991993345625618,0.07237498811247786,0.257643204977856,0.04595203988645442,0.9002284122034182,0.047093437630532,0.005324451459773768,0.038665018610789956,0.005324451459773768,0.038665018610789956,0.03551146794865996,0.04206570990718457,0.008416867561584357,0.06316100631111328,0.028476074205440304,0.04485439831824645,0.2739803895504091,0.04949242099964061,0.14260298069313024,0.037192219583253486,0.051679904413834146,0.04158648454071118
2023-09-14,0.01,0.01,0.01706988545409628,0.03908319417938587,0.01706988545409628,0.03908319417938587,0.20102722208544438,0.039424506492028506,0.00991993345625618,0.07237498811247786,0.257643204977856,0.04595203988645442,0.9002284122034182,0.047093437630532,0.005324451459773768,0.038665018610789956,0.005324451459773768,0.038665018610789956,0.03551146794865996,0.04206570990718457,0.008416867561584357,0.06316100631111328,0.028476074205440304,0.04485439831824645,0.2739803895504091,0.04949242099964061,0.14260298069313024,0.037192219583253486,0.051679904413834146,0.04158648454071118
2023-09-15,0.01,0.01,0.01706988545409628,0.03908319417938587,0.01706988545409628,0.03908319417938587,0.20102722208544438,0.039424506492028506,0.00991993345625618,0.07237498811247786,0.257643204977856,0.04595203988645442,0.9002284122034182,0.047093437630532,0.005324451459773768,0.038665018610789956,0.005324451459773768,0.038665018610789956,0.03551146794865996,0.04206570990718457,0.008416867561584357,0.06316100631111328,0.028476074205440304,0.04485439831824645,0.2739803895504091,0.04949242099964061,0.14260298069313024,0.037192219583253486,0.051679904413834146,0.04158648454071118
2023-09-18,0.01,0.01,0.01706988545409628,0.03908319417938587,0.01706988545409628,0.03908319417938587,0.20102722208544438,0.039424506492028506,0.00991993345625618,0.07237498811247786,0.257643204977856,0.04595203988645442,0.9002284122034182,0.047093437630532,0.005324451459773768,0.038665018610789956,0.005324451459773768,0.038665018610789956,0.03551146794865996,0.04206570990718457,0.008416867561584357,0.06316100631111328,0.028476074205440304,0.04485439831824645,0.2739803895504091,0.04949242099964061,0.14260298069313024,0.037192219583253486,0.051679904413834146,0.04158648454071118
2023-09-19,0.01,0.01,0.01706988545409628,0.03908319417938587,0.01706988545409628,0.03908319417938587,0.20102722208544438,0.039424506492028506,0.00991993345625618,0.07237498811247786,0.257643204977856,0.04595203988645442,0.9002284122034182,0.047093437630532,0.005324451459773768,0.038665018610789956,0.005324451459773768,0.038665018610789956,0.03551146794865996,0.04206570990718457,0.008416867561584357,0.06316100631111328,0.028476074205440304,0.04485439831824645,0.2739803895504091,0.04949242099964061,0.14260298069313024,0.037192219583253486,0.051679904413834146,0.04158648454071118
2023-09-20,0.01,0.01,0.01706988545409628,0.03908319417938587,0.01706988545409628,0.03908319417938587,0.20102722208544438,0.039424506492028506,0.00991993345625618,0.07237498811247786,0.257643204977856,0.04595203988645442,0.9002284122034182,0.047093437630532,0.005324451459773768,0.038665018610789956,0.005324451459773768,0.038665018610789956,0.03551146794865996,0.04206570990718457,0.008416867561584357,0.06316100631111328,0.028476074205440304,0.04485439831824645,0.2739803895504091,0.04949242099964061,0.14260298069313024,0.037192219583253486,0.051679904413834146,0.04158648454071118
2023-09-21,0.01,0.01,0.01706988545409628,0.03908319417938587,0.01706988545409628,0.03908319417938587,0.20102722208544438,0.039424506492028506,0.00991993345625618,0.07237498811247786,0.257643204977856,0.04595203988645442,0.9002284122034182,0.047093437630532,0.005324451459773768,0.038665018610789956,0.005324451459773768,0.038665018610789956,0.03551146794865996,0.04206570990718457,0.008416867561584357,0.06316100631111328,0.028476074205440304,0.04485439831824645,0.2739803895504091,0.04949242099964061,0.14260298069313024,0.037192219583253486,0.051679904413834146,0.04158648454071118
2023-09-22,0.01,0.01,0.01706988545409628,0.03908319417938587,0.01706988545409628,0.03908319417938587,0.20102722208544438,0.039424506492028506,0.00991993345625618,0.07237498811247786,0.257643204977856,0.04595203988645442,0.9002284122034182,0.047093437630532,0.005324451459773768,0.038665018610789956,0.005324451459773768,0.038665018610789956,0.03551146794865996,0.04206570990718457,0.008416867561584357,0.06316100631111328,0.028476074205440304,0.04485439831824645,0.2739803895504091,0.04949242099964061,0.14260298069313024,0.037192219583253486,0.051679904413834146,0.04158648454071118
2023-09-25,0.01,0.01,0.01706988545409628,0.03908319417938587,0.01706988545409628,0.03908319417938587,0.20102722208544438,0.039424506492028506,0.00991993345625618,0.07237498811247786,0.257643204977856,0.04595203988645442,0.9002284122034182,0.047093437630532,0.005324451459773768,0.038665018610789956,0.005324451459773768,0.038665018610789956,0.03551146794865996,0.04206570990718457,0.008416867561584357,0.06316100631111328,0.028476074205440304,0.04485439831824645,0.2739803895504091,0.04949242099964061,0.14260298069313024,0.037192219583253486,0.051679904413834146,0.04158648454071118
2023-09-26,0.01,0.01,0.01706988545409628,0.03908319417938587,0.01706988545409628,0.03908319417938587,0.20102722208544438,0.039424506492028506,0.00991993345625618,0.07237498811247786,0.257643204977856,0.04595203988645442,0.9002284122034182,0.047093437630532,0.005324451459773768,0.038665018610789956,0.005324451459773768,0.038665018610789956,0.03551146794865996,0.04206570990718457,0.008416867561584357,0.06316100631111328,0.028476074205440304,0.04485439831824645,0.2739803895504091,0.04949242099964061,0.14260298069313024,0.037192219583253486,0.051679904413834146,0.04158648454071118
2023-09-27,0.01,0.01,0.01706988545409628,0.03908319417938587,0.01706988545409628,0.03908319417938587,0.20102722208544438,0.039424506492028506,0.00991993345625618,0.07237498811247786,0.257643204977856,0.04595203988645442,0.9002284122034182,0.047093437630532,0.005324451459773768,0.038665018610789956,0.005324451459773768,0.038665018610789956,0.03551146794865996,0.04206570990718457,0.008416867561584357,0.06316100631111328,0.028476074205440304,0.04485439831824645,0.2739803895504091,0.04949242099964061,0.14260298069313024,0.037192219583253486,0.051679904413834146,0.04158648454071118
2023-09-28,0.01,0.01,0.01706988545409628,0.03908319417938587,0.01706988545409628,0.03908319417938587,0.20102722208544438,0.039424506492028506,0.00991993345625618,0.07237498811247786,0.257643204977856,0.04595203988645442,0.9002284122034182,0.047093437630532,0.005324451459773768,0.038665018610789956,0.005324451459773768,0.038665018610789956,0.03551146794865996,0.04206570990718457,0.008416867561584357,0.06316100631111328,0.028476074205440304,0.04485439831824645,0.2739803895504091,0.04949242099964061,0.14260298069313024,0.037192219583253486,0.051679904413834146,0.04158648454071118
2023-09-29,0.01,0.01,0.01706988545409628,0.03908319417938587,0.01706988545409628,0.03908319417938587,0.20102722208544438,0.039424506492028506,0.00991993345625618,0.07237498811247786,0.257643204977856,0.04595203988645442,0.9002284122034182,0.047093437630532,0.005324451459773768,0.038665018610789956,0.005324451459773768,0.038665018610789956,0.03551146794865996,0.04206570990718457,0.008416867561584357,0.06316100631111328,0.028476074205440304,0.04485439831824645,0.2739803895504091,0.04949242099964061,0.14260298069313024,0.037192219583253486,0.051679904413834146,0.04158648454071118
2023-10-02,0.01,0.01,0.01706988545409628,0.03908319417938587,0.01706988545409628,0.03908319417938587,0.20102722208544438,0.039424506492028506,0.00991993345625618,0.07237498811247786,0.257643204977856,0.04595203988645442,0.9002284122034182,0.047093437630532,0.005324451459773768,0.038665018610789956,0.005324451459773768,0.038665018610789956,0.03551146794865996,0.04206570990718457,0.008416867561584357,0.06316100631111328,0.028476074205440304,0.04485439831824645,0.2739803895504091,0.04949242099964061,0.14260298069313024,0.037192219583253486,0.051679904413834146,0.04158648454071118
2023-10-03,0.01,0.01,0.01706988545409628,0.03908319417938587,0.01706988545409628,0.03908319417938587,0.20102722208544438,0.039424506492028506,0.00991993345625618,0.07237498811247786,0.257643204977856,0.04595203988645442,0.9002284122034182,0.047093437630532,0.005324451459773768,0.038665018610789956,0.005324451459773768,0.038665018610789956,0.03551146794865996,0.04206570990718457,0.008416867561584357,0.06316100631111328,0.028476074205440304,0.04485439831824645,0.2739803895504091,0.04949242099964061,0.14260298069313024,0.037192219583253486,0.051679904413834146,0.04158648454071118
2023-10-04,0.01,0.01,0.01706988545409628,0.03908319417938587,0.01706988545409628,0.03908319417938587,0.20102722208544438,0.039424506492028506,0.00991993345625618,0.07237498811247786,0.257643204977856,0.04595203988645442,0.9002284122034182,0.047093437630532,0.005324451459773768,0.038665018610789956,0.005324451459773768,0.038665018610789956,0.03551146794865996,0.04206570990718457,0.008416867561584357,0.06316100631111328,0.028476074205440304,0.04485439831824645,0.2739803895504091,0.04949242099964061,0.14260298069313024,0.037192219583253486,0.051679904413834146,0.04158648454071118
2023-10-05,0.01,0.01,0.01706988545409628,0.03908319417938587,0.01706988545409628,0.03908319417938587,0.20102722208544438,0.039424506492028506,0.00991993345625618,0.07237498811247786,0.257643204977856,0.04595203988645442,0.9002284122034182,0.047093437630532,0.005324451459773768,0.038665018610789956,0.005324451459773768,0.038665018610789956,0.03551146794865996,0.04206570990718457,0.008416867561584357,0.06316100631111328,0.028476074205440304,0.04485439831824645,0.2739803895504091,0.04949242099964061,0.14260298069313024,0.037192219583253486,0.051679904413834146,0.04158648454071118
2023-10-06,0.01,0.01,0.01706988545409628,0.03908319417938587,0.01706988545409628,0.03908319417938587,0.20102722208544438,0.039424506492028506,0.00991993345625618,0.07237498811247786,0.257643204977856,0.04595203988645442,0.9002284122034182,0.047093437630532,0.005324451459773768,0.038665018610789956,0.005324451459773768,0.038665018610789956,0.03551146794865996,0.04206570990718457,0.008416867561584357,0.06316100631111328,0.028476074205440304,0.04485439831824645,0.2739803895504091,0.04949242099964061,0.14260298069313024,0.037192219583253486,0.051679904413834146,0.04158648454071118
2023-10-09,0.01,0.01,0.01706988545409628,0.03908319417938587,0.01706988545409628,0.03908319417938587,0.20102722208544438,0.039424506492028506,0.00991993345625618,0.07237498811247786,0.257643204977856,0.04595203988645442,0.9002284122034182,0.047093437630532,0.005324451459773768,0.038665018610789956,0.005324451459773768,0.038665018610789956,0.03551146794865996,0.04206570990718457,0.008416867561584357,0.06316100631111328,0.028476074205440304,0.04485439831824645,0.2739803895504091,0.04949242099964061,0.14260298069313024,0.037192219583253486,0.051679904413834146,0.04158648454071118
2023-10-10,0.01,0.01,0.01706988545409628,0.03908319417938587,0.01706988545409628,0.03908319417938587,0.20102722208544438,0.039424506492028506,0.00991993345625618,0.07237498811247786,0.257643204977856,0.04595203988645442,0.9002284122034182,0.047093437630532,0.005324451459773768,0.038665018610789956,0.005324451459773768,0.038665018610789956,0.03551146794865996,0.04206570990718457,0.008416867561584357,0.06316100631111328,0.028476074205440304,0.04485439831824645,0.2739803895504091,0.04949242099964061,0.14260298069313024,0.037192219583253486,0.051679904413834146,0.04158648454071118
2023-10-11,0.01,0.01,0.01706988545409628,0.03908319417938587,0.01706988545409628,0.03908319417938587,0.20102722208544438,0.039424506492028506,0.00991993345625618,0.07237498811247786,0.257643204977856,0.04595203988645442,0.9002284122034182,0.047093437630532,0.005324451459773768,0.038665018610789956,0.005324451459773768,0.038665018610789956,0.03551146794865996,0.04206570990718457,0.008416867561584357,0.06316100631111328,0.028476074205440304,0.04485439831824645,0.2739803895504091,0.04949242099964061,0.14260298069313024,0.037192219583253486,0.051679904413834146,0.04158648454071118
2023-10-12,0.01,0.01,0.01706988545409628,0.03908319417938587,0.01706988545409628,0.03908319417938587,0.20102722208544438,0.039424506492028506,0.00991993345625618,0.07237498811247786,0.257643204977856,0.04595203988645442,0.9002284122034182,0.047093437630532,0.005324451459773768,0.038665018610789956,0.005324451459773768,0.038665018610789956,0.03551146794865996,0.04206570990718457,0.008416867561584357,0.06316100631111328,0.028476074205440304,0.04485439831824645,0.2739803895504091,0.04949242099964061,0.14260298069313024,0.037192219583253486,0.051679904413834146,0.04158648454071118
2023-10-13,0.01,0.01,0.01706988545409628,0.03908319417938587,0.01706988545409628,0.03908319417938587,0.20102722208544438,0.039424506492028506,0.00991993345625618,0.07237498811247786,0.257643204977856,0.04595203988645442,0.9002284122034182,0.047093437630532,0.005324451459773768,0.038665018610789956,0.005324451459773768,0.038665018610789956,0.03551146794865996,0.04206570990718457,0.008416867561584357,0.06316100631111328,0.028476074205440304,0.04485439831824645,0.2739803895504091,0.04949242099964061,0.14260298069313024,0.037192219583253486,0.051679904413834146,0.04158648454071118
2023-10-16,0.01,0.01,0.01706988545409628,0.03908319417938587,0.01706988545409628,0.03908319417938587,0.20102722208544438,0.039424506492028506,0.00991993345625618,0.07237498811247786,0.257643204977856,0.04595203988645442,0.9002284122034182,0.047093437630532,0.005324451459773768,0.038665018610789956,0.005324451459773768,0.038665018610789956,0.03551146794865996,0.04206570990718457,0.008416867561584357,0.06316100631111328,0.028476074205440304,0.04485439831824645,0.2739803895504091,0.04949242099964061,0.14260298069313024,0.037192219583253486,0.051679904413834146,0.04158648454071118
2023-10-17,0.01,0.01,0.01706988545409628,0.03908319417938587,0.01706988545409628,0.03908319417938587,0.20102722208544438,0.039424506492028506,0.00991993345625618,0.07237498811247786,0.257643204977856,0.04595203988645442,0.9002284122034182,0.047093437630532,0.005324451459773768,0.038665018610789956,0.005324451459773768,0.038665018610789956,0.03551146794865996,0.04206570990718457,0.008416867561584357,0.06316100631111328,0.028476074205440304,0.04485439831824645,0.2739803895504091,0.04949242099964061,0.14260298069313024,0.037192219583253486,0.051679904413834146,0.04158648454071118
2023-10-18,0.01,0.01,0.01706988545409628,0.03908319417938587,0.01706988545409628,0.03908319417938587,0.20102722208544438,0.039424506492028506,0.00991993345625618,0.07237498811247786,0.257643204977856,0.04595203988645442,0.9002284122034182,0.047093437630532,0.005324451459773768,0.038665018610789956,0.005324451459773768,0.038665018610789956,0.03551146794865996,0.04206570990718457,0.008416867561584357,0.06316100631111328,0.028476074205440304,0.04485439831824645,0.2739803895504091,0.04949242099964061,0.14260298069313024,0.037192219583253486,0.051679904413834146,0.04158648454071118
2023-10-19,0.01,0.01,0.01706988545409628,0.03908319417938587,0.01706988545409628,0.03908319417938587,0.20102722208544438,0.039424506492028506,0.00991993345625618,0.07237498811247786,0.257643204977856,0.04595203988645442,0.9002284122034182,0.047093437630532,0.005324451459773768,0.038665018610789956,0.005324451459773768,0.038665018610789956,0.03551146794865996,0.04206570990718457,0.008416867561584357,0.06316100631111328,0.028476074205440304,0.04485439831824645,0.2739803895504091,0.04949242099964061,0.14260298069313024,0.037192219583253486,0.051679904413834146,0.04158648454071118
2023-10-20,0.01,0.01,0.01706988545409628,0.03908319417938587,0.01706988545409628,0.03908319417938587,0.20102722208544438,0.039424506492028506,0.00991993345625618,0.07237498811247786,0.257643204977856,0.04595203988645442,0.9002284122034182,0.047093437630532,0.005324451459773768,0.038665018610789956,0.005324451459773768,0.038665018610789956,0.03551146794865996,0.04206570990718457,0.008416867561584357,0.06316100631111328,0.028476074205440304,0.04485439831824645,0.2739803895504091,0.04949242099964061,0.14260298069313024,0.037192219583253486,0.051679904413834146,0.04158648454071118
2023-10-23,0.01,0.01,0.01706988545409628,0.03908319417938587,0.01706988545409628,0.03908319417938587,0.20102722208544438,0.039424506492028506,0.00991993345625618,0.07237498811247786,0.257643204977856,0.04595203988645442,0.9002284122034182,0.047093437630532,0.005324451459773768,0.038665018610789956,0.005324451459773768,0.038665018610789956,0.03551146794865996,0.04206570990718457,0.008416867561584357,0.06316100631111328,0.028476074205440304,0.04485439831824645,0.2739803895504091,0.04949242099964061,0.14260298069313024,0.037192219583253486,0.051679904413834146,0.04158648454071118
2023-10-24,0.01,0.01,0.01706988545409628,0.03908319417938587,0.01706988545409628,0.03908319417938587,0.20102722208544438,0.039424506492028506,0.00991993345625618,0.07237498811247786,0.257643204977856,0.04595203988645442,0.9002284122034182,0.047093437630532,0.005324451459773768,0.038665018610789956,0.005324451459773768,0.038665018610789956,0.03551146794865996,0.04206570990718457,0.008416867561584357,0.06316100631111328,0.028476074205440304,0.04485439831824645,0.2739803895504091,0.04949242099964061,0.14260298069313024,0.037192219583253486,0.051679904413834146,0.04158648454071118
2023-10-25,0.01,0.01,0.01706988545409628,0.03908319417938587,0.01706988545409628,0.03908319417938587,0.20102722208544438,0.039424506492028506,0.00991993345625618,0.07237498811247786,0.257643204977856,0.04595203988645442,0.9002284122034182,0.047093437630532,0.005324451459773768,0.038665018610789956,0.005324451459773768,0.038665018610789956,0.03551146794865996,0.04206570990718457,0.008416867561584357,0.06316100631111328,0.028476074205440304,0.04485439831824645,0.2739803895504091,0.04949242099964061,0.14260298069313024,0.037192219583253486,0.051679904413834146,0.04158648454071118
2023-10-26,0.01,0.01,0.01706988545409628,0.03908319417938587,0.01706988545409628,0.03908319417938587,0.20102722208544438,0.039424506492028506,0.00991993345625618,0.07237498811247786,0.257643204977856,0.04595203988645442,0.9002284122034182,0.047093437630532,0.005324451459773768,0.038665018610789956,0.005324451459773768,0.038665018610789956,0.03551146794865996,0.04206570990718457,0.008416867561584357,0.06316100631111328,0.028476074205440304,0.04485439831824645,0.2739803895504091,0.04949242099964061,0.14260298069313024,0.037192219583253486,0.051679904413834146,0.04158648454071118
2023-10-27,0.01,0.01,0.01706988545409628,0.03908319417938587,0.01706988545409628,0.03908319417938587,0.20102722208544438,0.039424506492028506,0.00991993345625618,0.07237498811247786,0.257643204977856,0.04595203988645442,0.9002284122034182,0.047093437630532,0.005324451459773768,0.038665018610789956,0.005324451459773768,0.038665018610789956,0.03551146794865996,0.04206570990718457,0.008416867561584357,0.06316100631111328,0.028476074205440304,0.04485439831824645,0.2739803895504091,0.04949242099964061,0.14260298069313024,0.037192219583253486,0.051679904413834146,0.04158648454071118
2023-10-30,0.01,0.01,0.01706988545409628,0.03908319417938587,0.01706988545409628,0.03908319417938587,0.20102722208544438,0.039424506492028506,0.00991993345625618,0.07237498811247786,0.257643204977856,0.04595203988645442,0.9002284122034182,0.047093437630532,0.005324451459773768,0.038665018610789956,0.005324451459773768,0.038665018610789956,0.03551146794865996,0.04206570990718457,0.008416867561584357,0.06316100631111328,0.028476074205440304,0.04485439831824645,0.2739803895504091,0.04949242099964061,0.14260298069313024,0.037192219583253486,0.051679904413834146,0.04158648454071118
2023-10-31,0.01,0.01,0.01706988545409628,0.03908319417938587,0.01706988545409628,0.03908319417938587,0.20102722208544438,0.039424506492028506,0.00991993345625618,0.07237498811247786,0.257643204977856,0.04595203988645442,0.9002284122034182,0.047093437630532,0.005324451459773768,0.038665018610789956,0.005324451459773768,0.038665018610789956,0.03551146794865996,0.04206570990718457,0.008416867561584357,0.06316100631111328,0.028476074205440304,0.04485439831824645,0.2739803895504091,0.04949242099964061,0.14260298069313024,0.037192219583253486,0.051679904413834146,0.04158648454071118
2023-11-01,0.01,0.01,0.01706988545409628,0.03908319417938587,0.01706988545409628,0.03908319417938587,0.20102722208544438,0.039424506492028506,0.00991993345625618,0.07237498811247786,0.257643204977856,0.04595203988645442,0.9002284122034182,0.047093437630532,0.005324451459773768,0.038665018610789956,0.005324451459773768,0.038665018610789956,0.03551146794865996,0.04206570990718457,0.008416867561584357,0.06316100631111328,0.028476074205440304,0.04485439831824645,0.2739803895504091,0.04949242099964061,0.14260298069313024,0.037192219583253486,0.051679904413834146,0.04158648454071118
2023-11-02,0.01,0.01,0.01706988545409628,0.03908319417938587,0.01706988545409628,0.03908319417938587,0.20102722208544438,0.039424506492028506,0.00991993345625618,0.07237498811247786,0.257643204977856,0.04595203988645442,0.9002284122034182,0.047093437630532,0.005324451459773768,0.038665018610789956,0.005324451459773768,0.038665018610789956,0.03551146794865996,0.04206570990718457,0.008416867561584357,0.06316100631111328,0.028476074205440304,0.04485439831824645,0.2739803895504091,0.04949242099964061,0.14260298069313024,0.037192219583253486,0.051679904413834146,0.04158648454071118
2023-11-03,0.01,0.01,0.01706988545409628,0.03908319417938587,0.01706988545409628,0.03908319417938587,0.20102722208544438,0.039424506492028506,0.00991993345625618,0.07237498811247786,0.257643204977856,0.04595203988645442,0.9002284122034182,0.047093437630532,0.005324451459773768,0.038665018610789956,0.005324451459773768,0.038665018610789956,0.03551146794865996,0.04206570990718457,0.008416867561584357,0.06316100631111328,0.028476074205440304,0.04485439831824645,0.2739803895504091,0.04949242099964061,0.14260298069313024,0.037192219583253486,0.051679904413834146,0.04158648454071118
2023-11-06,0.01,0.01,0.01706988545409628,0.03908319417938587,0.01706988545409628,0.03908319417938587,0.20102722208544438,0.039424506492028506,0.00991993345625618,0.07237498811247786,0.257643204977856,0.04595203988645442,0.9002284122034182,0.047093437630532,0.005324451459773768,0.038665018610789956,0.005324451459773768,0.038665018610789956,0.03551146794865996,0.04206570990718457,0.008416867561584357,0.06316100631111328,0.028476074205440304,0.04485439831824645,0.2739803895504091,0.04949242099964061,0.14260298069313024,0.037192219583253486,0.051679904413834146,0.04158648454071118
2023-11-07,0.01,0.01,0.01706988545409628,0.03908319417938587,0.01706988545409628,0.03908319417938587,0.20102722208544438,0.039424506492028506,0.00991993345625618,0.07237498811247786,0.257643204977856,0.04595203988645442,0.9002284122034182,0.047093437630532,0.005324451459773768,0.038665018610789956,0.005324451459773768,0.038665018610789956,0.03551146794865996,0.04206570990718457,0.008416867561584357,0.06316100631111328,0.028476074205440304,0.04485439831824645,0.2739803895504091,0.04949242099964061,0.14260298069313024,0.037192219583253486,0.051679904413834146,0.04158648454071118
2023-11-08,0.01,0.01,0.01706988545409628,0.03908319417938587,0.01706988545409628,0.03908319417938587,0.20102722208544438,0.039424506492028506,0.00991993345625618,0.07237498811247786,0.257643204977856,0.04595203988645442,0.9002284122034182,0.047093437630532,0.005324451459773768,0.038665018610789956,0.005324451459773768,0.038665018610789956,0.03551146794865996,0.04206570990718457,0.008416867561584357,0.06316100631111328,0.028476074205440304,0.04485439831824645,0.2739803895504091,0.04949242099964061,0.14260298069313024,0.037192219583253486,0.051679904413834146,0.04158648454071118
2023-11-09,0.01,0.01,0.01706988545409628,0.03908319417938587,0.01706988545409628,0.03908319417938587,0.20102722208544438,0.039424506492028506,0.00991993345625618,0.07237498811247786,0.257643204977856,0.04595203988645442,0.9002284122034182,0.047093437630532,0.005324451459773768,0.038665018610789956,0.005324451459773768,0.038665018610789956,0.03551146794865996,0.04206570990718457,0.008416867561584357,0.06316100631111328,0.028476074205440304,0.04485439831824645,0.2739803895504091,0.04949242099964061,0.14260298069313024,0.037192219583253486,0.051679904413834146,0.04158648454071118
2023-11-10,0.01,0.01,0.01706988545409628,0.03908319417938587,0.01706988545409628,0.03908319417938587,0.20102722208544438,0.039424506492028506,0.00991993345625618,0.07237498811247786,0.257643204977856,0.04595203988645442,0.9002284122034182,0.047093437630532,0.005324451459773768,0.038665018610789956,0.005324451459773768,0.038665018610789956,0.03551146794865996,0.04206570990718457,0.008416867561584357,0.06316100631111328,0.028476074205440304,0.04485439831824645,0.2739803895504091,0.04949242099964061,0.14260298069313024,0.037192219583253486,0.051679904413834146,0.04158648454071118
2023-11-13,0.01,0.01,0.01706988545409628,0.03908319417938587,0.01706988545409628,0.03908319417938587,0.20102722208544438,0.039424506492028506,0.00991993345625618,0.07237498811247786,0.257643204977856,0.04595203988645442,0.9002284122034182,0.047093437630532,0.005324451459773768,0.038665018610789956,0.005324451459773768,0.038665018610789956,0.03551146794865996,0.04206570990718457,0.008416867561584357,0.06316100631111328,0.028476074205440304,0.04485439831824645,0.2739803895504091,0.04949242099964061,0.14260298069313024,0.037192219583253486,0.051679904413834146,0.04158648454071118
2023-11-14,0.01,0.01,0.01706988545409628,0.03908319417938587,0.01706988545409628,0.03908319417938587,0.20102722208544438,0.039424506492028506,0.00991993345625618,0.07237498811247786,0.257643204977856,0.04595203988645442,0.9002284122034182,0.047093437630532,0.005324451459773768,0.038665018610789956,0.005324451459773768,0.038665018610789956,0.03551146794865996,0.04206570990718457,0.008416867561584357,0.06316100631111328,0.028476074205440304,0.04485439831824645,0.2739803895504091,0.04949242099964061,0.14260298069313024,0.037192219583253486,0.051679904413834146,0.04158648454071118
2023-11-15,0.01,0.01,0.01706988545409628,0.03908319417938587,0.01706988545409628,0.03908319417938587,0.20102722208544438,0.039424506492028506,0.00991993345625618,0.07237498811247786,0.257643204977856,0.04595203988645442,0.9002284122034182,0.047093437630532,0.005324451459773768,0.038665018610789956,0.005324451459773768,0.038665018610789956,0.03551146794865996,0.04206570990718457,0.008416867561584357,0.06316100631111328,0.028476074205440304,0.04485439831824645,0.2739803895504091,0.04949242099964061,0.14260298069313024,0.037192219583253486,0.051679904413834146,0.04158648454071118
2023-11-16,0.01,0.01,0.01706988545409628,0.03908319417938587,0.01706988545409628,0.03908319417938587,0.20102722208544438,0.039424506492028506,0.00991993345625618,0.07237498811247786,0.257643204977856,0.04595203988645442,0.9002284122034182,0.047093437630532,0.005324451459773768,0.038665018610789956,0.005324451459773768,0.038665018610789956,0.03551146794865996,0.04206570990718457,0.008416867561584357,0.06316100631111328,0.028476074205440304,0.04485439831824645,0.2739803895504091,0.04949242099964061,0.14260298069313024,0.037192219583253486,0.051679904413834146,0.04158648454071118
2023-11-17,0.01,0.01,0.01706988545409628,0.03908319417938587,0.01706988545409628,0.03908319417938587,0.20102722208544438,0.039424506492028506,0.00991993345625618,0.07237498811247786,0.257643204977856,0.04595203988645442,0.9002284122034182,0.047093437630532,0.005324451459773768,0.038665018610789956,0.005324451459773768,0.038665018610789956,0.03551146794865996,0.04206570990718457,0.008416867561584357,0.06316100631111328,0.028476074205440304,0.04485439831824645,0.2739803895504091,0.04949242099964061,0.14260298069313024,0.037192219583253486,0.051679904413834146,0.04158648454071118
2023-11-20,0.01,0.01,0.01706988545409628,0.03908319417938587,0.01706988545409628,0.03908319417938587,0.20102722208544438,0.039424506492028506,0.00991993345625618,0.07237498811247786,0.257643204977856,0.04595203988645442,0.9002284122034182,0.047093437630532,0.005324451459773768,0.038665018610789956,0.005324451459773768,0.038665018610789956,0.03551146794865996,0.04206570990718457,0.008416867561584357,0.06316100631111328,0.028476074205440304,0.04485439831824645,0.2739803895504091,0.04949242099964061,0.14260298069313024,0.037192219583253486,0.051679904413834146,0.04158648454071118
2023-11-21,0.01,0.01,0.01706988545409628,0.03908319417938587,0.01706988545409628,0.03908319417938587,0.20102722208544438,0.039424506492028506,0.00991993345625618,0.07237498811247786,0.257643204977856,0.04595203988645442,0.9002284122034182,0.047093437630532,0.005324451459773768,0.038665018610789956,0.005324451459773768,0.038665018610789956,0.03551146794865996,0.04206570990718457,0.008416867561584357,0.06316100631111328,0.028476074205440304,0.04485439831824645,0.2739803895504091,0.04949242099964061,0.14260298069313024,0.037192219583253486,0.051679904413834146,0.04158648454071118
2023-11-22,0.01,0.01,0.01706988545409628,0.03908319417938587,0.01706988545409628,0.03908319417938587,0.20102722208544438,0.039424506492028506,0.00991993345625618,0.07237498811247786,0.257643204977856,0.04595203988645442,0.9002284122034182,0.047093437630532,0.005324451459773768,0.038665018610789956,0.005324451459773768,0.038665018610789956,0.03551146794865996,0.04206570990718457,0.008416867561584357,0.06316100631111328,0.028476074205440304,0.04485439831824645,0.2739803895504091,0.04949242099964061,0.14260298069313024,0.037192219583253486,0.051679904413834146,0.04158648454071118
2023-11-24,0.01,0.01,0.01706988545409628,0.03908319417938587,0.01706988545409628,0.03908319417938587,0.20102722208544438,0.039424506492028506,0.00991993345625618,0.07237498811247786,0.257643204977856,0.04595203988645442,0.9002284122034182,0.047093437630532,0.005324451459773768,0.038665018610789956,0.005324451459773768,0.038665018610789956,0.03551146794865996,0.04206570990718457,0.008416867561584357,0.06316100631111328,0.028476074205440304,0.04485439831824645,0.2739803895504091,0.04949242099964061,0.14260298069313024,0.037192219583253486,0.051679904413834146,0.04158648454071118
2023-11-27,0.01,0.01,0.01706988545409628,0.03908319417938587,0.01706988545409628,0.03908319417938587,0.20102722208544438,0.039424506492028506,0.00991993345625618,0.07237498811247786,0.257643204977856,0.04595203988645442,0.9002284122034182,0.047093437630532,0.005324451459773768,0.038665018610789956,0.005324451459773768,0.038665018610789956,0.03551146794865996,0.04206570990718457,0.008416867561584357,0.06316100631111328,0.028476074205440304,0.04485439831824645,0.2739803895504091,0.04949242099964061,0.14260298069313024,0.037192219583253486,0.051679904413834146,0.04158648454071118
2023-11-28,0.01,0.01,0.01706988545409628,0.03908319417938587,0.01706988545409628,0.03908319417938587,0.20102722208544438,0.039424506492028506,0.00991993345625618,0.07237498811247786,0.257643204977856,0.04595203988645442,0.9002284122034182,0.047093437630532,0.005324451459773768,0.038665018610789956,0.005324451459773768,0.038665018610789956,0.03551146794865996,0.04206570990718457,0.008416867561584357,0.06316100631111328,0.028476074205440304,0.04485439831824645,0.2739803895504091,0.04949242099964061,0.14260298069313024,0.037192219583253486,0.051679904413834146,0.04158648454071118
2023-11-29,0.01,0.01,0.01706988545409628,0.03908319417938587,0.01706988545409628,0.03908319417938587,0.20102722208544438,0.039424506492028506,0.00991993345625618,0.07237498811247786,0.257643204977856,0.04595203988645442,0.9002284122034182,0.047093437630532,0.005324451459773768,0.038665018610789956,0.005324451459773768,0.038665018610789956,0.03551146794865996,0.04206570990718457,0.008416867561584357,0.06316100631111328,0.028476074205440304,0.04485439831824645,0.2739803895504091,0.04949242099964061,0.14260298069313024,0.037192219583253486,0.051679904413834146,0.04158648454071118
2023-11-30,0.01,0.01,0.01706988545409628,0.03908319417938587,0.01706988545409628,0.03908319417938587,0.20102722208544438,0.039424506492028506,0.00991993345625618,0.07237498811247786,0.257643204977856,0.04595203988645442,0.9002284122034182,0.047093437630532,0.005324451459773768,0.038665018610789956,0.005324451459773768,0.038665018610789956,0.03551146794865996,0.04206570990718457,0.008416867561584357,0.06316100631111328,0.028476074205440304,0.04485439831824645,0.2739803895504091,0.04949242099964061,0.14260298069313024,0.037192219583253486,0.051679904413834146,0.04158648454071118
2023-12-01,0.01,0.01,0.01706988545409628,0.03908319417938587,0.01706988545409628,0.03908319417938587,0.20102722208544438,0.039424506492028506,0.00991993345625618,0.07237498811247786,0.257643204977856,0.04595203988645442,0.9002284122034182,0.047093437630532,0.005324451459773768,0.038665018610789956,0.005324451459773768,0.038665018610789956,0.03551146794865996,0.04206570990718457,0.008416867561584357,0.06316100631111328,0.028476074205440304,0.04485439831824645,0.2739803895504091,0.04949242099964061,0.14260298069313024,0.037192219583253486,0.051679904413834146,0.04158648454071118
2023-12-04,0.01,0.01,0.01706988545409628,0.03908319417938587,0.01706988545409628,0.03908319417938587,0.20102722208544438,0.039424506492028506,0.00991993345625618,0.07237498811247786,0.257643204977856,0.04595203988645442,0.9002284122034182,0.047093437630532,0.005324451459773768,0.038665018610789956,0.005324451459773768,0.038665018610789956,0.03551146794865996,0.04206570990718457,0.008416867561584357,0.06316100631111328,0.028476074205440304,0.04485439831824645,0.2739803895504091,0.04949242099964061,0.14260298069313024,0.037192219583253486,0.051679904413834146,0.04158648454071118
2023-12-05,0.01,0.01,0.01706988545409628,0.03908319417938587,0.01706988545409628,0.03908319417938587,0.20102722208544438,0.039424506492028506,0.00991993345625618,0.07237498811247786,0.257643204977856,0.04595203988645442,0.9002284122034182,0.047093437630532,0.005324451459773768,0.038665018610789956,0.005324451459773768,0.038665018610789956,0.03551146794865996,0.04206570990718457,0.008416867561584357,0.06316100631111328,0.028476074205440304,0.04485439831824645,0.2739803895504091,0.04949242099964061,0.14260298069313024,0.037192219583253486,0.051679904413834146,0.04158648454071118
2023-12-06,0.01,0.01,0.01706988545409628,0.03908319417938587,0.01706988545409628,0.03908319417938587,0.20102722208544438,0.039424506492028506,0.00991993345625618,0.07237498811247786,0.257643204977856,0.04595203988645442,0.9002284122034182,0.047093437630532,0.005324451459773768,0.038665018610789956,0.005324451459773768,0.038665018610789956,0.03551146794865996,0.04206570990718457,0.008416867561584357,0.06316100631111328,0.028476074205440304,0.04485439831824645,0.2739803895504091,0.04949242099964061,0.14260298069313024,0.037192219583253486,0.051679904413834146,0.04158648454071118
2023-12-07,0.01,0.01,0.01706988545409628,0.03908319417938587,0.01706988545409628,0.03908319417938587,0.20102722208544438,0.039424506492028506,0.00991993345625618,0.07237498811247786,0.257643204977856,0.04595203988645442,0.9002284122034182,0.047093437630532,0.005324451459773768,0.038665018610789956,0.005324451459773768,0.038665018610789956,0.03551146794865996,0.04206570990718457,0.008416867561584357,0.06316100631111328,0.028476074205440304,0.04485439831824645,0.2739803895504091,0.04949242099964061,0.14260298069313024,0.037192219583253486,0.051679904413834146,0.04158648454071118
2023-12-08,0.01,0.01,0.01706988545409628,0.03908319417938587,0.01706988545409628,0.03908319417938587,0.20102722208544438,0.039424506492028506,0.00991993345625618,0.07237498811247786,0.257643204977856,0.04595203988645442,0.9002284122034182,0.047093437630532,0.005324451459773768,0.038665018610789956,0.005324451459773768,0.038665018610789956,0.03551146794865996,0.04206570990718457,0.008416867561584357,0.06316100631111328,0.028476074205440304,0.04485439831824645,0.2739803895504091,0.04949242099964061,0.14260298069313024,0.037192219583253486,0.051679904413834146,0.04158648454071118
2023-12-11,0.01,0.01,0.01706988545409628,0.03908319417938587,0.01706988545409628,0.03908319417938587,0.20102722208544438,0.039424506492028506,0.00991993345625618,0.07237498811247786,0.257643204977856,0.04595203988645442,0.9002284122034182,0.047093437630532,0.005324451459773768,0.038665018610789956,0.005324451459773768,0.038665018610789956,0.03551146794865996,0.04206570990718457,0.008416867561584357,0.06316100631111328,0.028476074205440304,0.04485439831824645,0.2739803895504091,0.04949242099964061,0.14260298069313024,0.037192219583253486,0.051679904413834146,0.04158648454071118
2023-12-12,0.01,0.01,0.01706988545409628,0.03908319417938587,0.01706988545409628,0.03908319417938587,0.20102722208544438,0.039424506492028506,0.00991993345625618,0.07237498811247786,0.257643204977856,0.04595203988645442,0.9002284122034182,0.047093437630532,0.005324451459773768,0.038665018610789956,0.005324451459773768,0.038665018610789956,0.03551146794865996,0.04206570990718457,0.008416867561584357,0.06316100631111328,0.028476074205440304,0.04485439831824645,0.2739803895504091,0.04949242099964061,0.14260298069313024,0.037192219583253486,0.051679904413834146,0.04158648454071118
2023-12-13,0.01,0.01,0.01706988545409628,0.03908319417938587,0.01706988545409628,0.03908319417938587,0.20102722208544438,0.039424506492028506,0.00991993345625618,0.07237498811247786,0.257643204977856,0.04595203988645442,0.9002284122034182,0.047093437630532,0.005324451459773768,0.038665018610789956,0.005324451459773768,0.038665018610789956,0.03551146794865996,0.04206570990718457,0.008416867561584357,0.06316100631111328,0.028476074205440304,0.04485439831824645,0.2739803895504091,0.04949242099964061,0.14260298069313024,0.037192219583253486,0.051679904413834146,0.04158648454071118
2023-12-14,0.01,0.01,0.01706988545409628,0.03908319417938587,0.01706988545409628,0.03908319417938587,0.20102722208544438,0.039424506492028506,0.00991993345625618,0.07237498811247786,0.257643204977856,0.04595203988645442,0.9002284122034182,0.047093437630532,0.005324451459773768,0.038665018610789956,0.005324451459773768,0.038665018610789956,0.03551146794865996,0.04206570990718457,0.008416867561584357,0.06316100631111328,0.028476074205440304,0.04485439831824645,0.2739803895504091,0.04949242099964061,0.14260298069313024,0.037192219583253486,0.051679904413834146,0.04158648454071118
2023-12-15,0.01,0.01,0.01706988545409628,0.03908319417938587,0.01706988545409628,0.03908319417938587,0.20102722208544438,0.039424506492028506,0.00991993345625618,0.07237498811247786,0.257643204977856,0.04595203988645442,0.9002284122034182,0.047093437630532,0.005324451459773768,0.038665018610789956,0.005324451459773768,0.038665018610789956,0.03551146794865996,0.04206570990718457,0.008416867561584357,0.06316100631111328,0.028476074205440304,0.04485439831824645,0.2739803895504091,0.04949242099964061,0.14260298069313024,0.037192219583253486,0.051679904413834146,0.04158648454071118
2023-12-18,0.01,0.01,0.01706988545409628,0.03908319417938587,0.01706988545409628,0.03908319417938587,0.20102722208544438,0.039424506492028506,0.00991993345625618,0.07237498811247786,0.257643204977856,0.04595203988645442,0.9002284122034182,0.047093437630532,0.005324451459773768,0.038665018610789956,0.005324451459773768,0.038665018610789956,0.03551146794865996,0.04206570990718457,0.008416867561584357,0.06316100631111328,0.028476074205440304,0.04485439831824645,0.2739803895504091,0.04949242099964061,0.14260298069313024,0.037192219583253486,0.051679904413834146,0.04158648454071118
2023-12-19,0.01,0.01,0.01706988545409628,0.03908319417938587,0.01706988545409628,0.03908319417938587,0.20102722208544438,0.039424506492028506,0.00991993345625618,0.07237498811247786,0.257643204977856,0.04595203988645442,0.9002284122034182,0.047093437630532,0.005324451459773768,0.038665018610789956,0.005324451459773768,0.038665018610789956,0.03551146794865996,0.04206570990718457,0.008416867561584357,0.06316100631111328,0.028476074205440304,0.04485439831824645,0.2739803895504091,0.04949242099964061,0.14260298069313024,0.037192219583253486,0.051679904413834146,0.04158648454071118
2023-12-20,0.01,0.01,0.01706988545409628,0.03908319417938587,0.01706988545409628,0.03908319417938587,0.20102722208544438,0.039424506492028506,0.00991993345625618,0.07237498811247786,0.257643204977856,0.04595203988645442,0.9002284122034182,0.047093437630532,0.005324451459773768,0.038665018610789956,0.005324451459773768,0.038665018610789956,0.03551146794865996,0.04206570990718457,0.008416867561584357,0.06316100631111328,0.028476074205440304,0.04485439831824645,0.2739803895504091,0.04949242099964061,0.14260298069313024,0.037192219583253486,0.051679904413834146,0.04158648454071118
2023-12-21,0.01,0.01,0.01706988545409628,0.03908319417938587,0.01706988545409628,0.03908319417938587,0.20102722208544438,0.039424506492028506,0.00991993345625618,0.07237498811247786,0.257643204977856,0.04595203988645442,0.9002284122034182,0.047093437630532,0.005324451459773768,0.038665018610789956,0.005324451459773768,0.038665018610789956,0.03551146794865996,0.04206570990718457,0.008416867561584357,0.06316100631111328,0.028476074205440304,0.04485439831824645,0.2739803895504091,0.04949242099964061,0.14260298069313024,0.037192219583253486,0.051679904413834146,0.04158648454071118
2023-12-22,0.01,0.01,0.01706988545409628,0.03908319417938587,0.01706988545409628,0.03908319417938587,0.20102722208544438,0.039424506492028506,0.00991993345625618,0.07237498811247786,0.257643204977856,0.04595203988645442,0.9002284122034182,0.047093437630532,0.005324451459773768,0.038665018610789956,0.005324451459773768,0.038665018610789956,0.03551146794865996,0.04206570990718457,0.008416867561584357,0.06316100631111328,0.028476074205440304,0.04485439831824645,0.2739803895504091,0.04949242099964061,0.14260298069313024,0.037192219583253486,0.051679904413834146,0.04158648454071118
2023-12-26,0.01,0.01,0.01706988545409628,0.03908319417938587,0.01706988545409628,0.03908319417938587,0.20102722208544438,0.039424506492028506,0.00991993345625618,0.07237498811247786,0.257643204977856,0.04595203988645442,0.9002284122034182,0.047093437630532,0.005324451459773768,0.038665018610789956,0.005324451459773768,0.038665018610789956,0.03551146794865996,0.04206570990718457,0.008416867561584357,0.06316100631111328,0.028476074205440304,0.04485439831824645,0.2739803895504091,0.04949242099964061,0.14260298069313024,0.037192219583253486,0.051679904413834146,0.04158648454071118
2023-12-27,0.01,0.01,0.01706988545409628,0.03908319417938587,0.01706988545409628,0.03908319417938587,0.20102722208544438,0.039424506492028506,0.00991993345625618,0.07237498811247786,0.257643204977856,0.04595203988645442,0.9002284122034182,0.047093437630532,0.005324451459773768,0.038665018610789956,0.005324451459773768,0.038665018610789956,0.03551146794865996,0.04206570990718457,0.008416867561584357,0.06316100631111328,0.028476074205440304,0.04485439831824645,0.2739803895504091,0.04949242099964061,0.14260298069313024,0.037192219583253486,0.051679904413834146,0.04158648454071118
2023-12-28,0.01,0.01,0.01706988545409628,0.03908319417938587,0.01706988545409628,0.03908319417938587,0.20102722208544438,0.039424506492028506,0.00991993345625618,0.07237498811247786,0.257643204977856,0.04595203988645442,0.9002284122034182,0.047093437630532,0.005324451459773768,0.038665018610789956,0.005324451459773768,0.038665018610789956,0.03551146794865996,0.04206570990718457,0.008416867561584357,0.06316100631111328,0.028476074205440304,0.04485439831824645,0.2739803895504091,0.04949242099964061,0.14260298069313024,0.037192219583253486,0.051679904413834146,0.04158648454071118
2023-12-29,0.01,0.01,0.01706988545409628,0.03908319417938587,0.01706988545409628,0.03908319417938587,0.20102722208544438,0.039424506492028506,0.00991993345625618,0.07237498811247786,0.257643204977856,0.04595203988645442,0.9002284122034182,0.047093437630532,0.005324451459773768,0.038665018610789956,0.005324451459773768,0.038665018610789956,0.03551146794865996,0.04206570990718457,0.008416867561584357,0.06316100631111328,0.028476074205440304,0.04485439831824645,0.2739803895504091,0.04949242099964061,0.14260298069313024,0.037192219583253486,0.051679904413834146,0.04158648454071118
2024-01-02,0.01,0.01,0.00021826966690153526,0.04940042389324383,0.00021826966690153526,0.04940042389324383,0.11216672832208446,0.05349270979274884,2.5444837540067318e-05,0.04083678061988071,0.38457391450994366,0.03907728589861257,0.29490411617973816,0.04195023090832044,5.786560747483073e-14,0.11534288623413184,5.786560747483073e-14,0.11534288623413184,0.0022319580014466952,0.17416433204343856,2.7694896977322038e-05,0.03566562832379302,0.028187081592549824,0.03634707796127358,0.02073590221579595,0.05291602465924271,0.08891141214744112,0.03844739742061847,0.04745350277992068,0.13159860360974623
2024-01-03,0.01,0.01,0.00021826966690153526,0.04940042389324383,0.00021826966690153526,0.04940042389324383,0.11216672832208446,0.05349270979274884,2.5444837540067318e-05,0.04083678061988071,0.38457391450994366,0.03907728589861257,0.29490411617973816,0.04195023090832044,5.786560747483073e-14,0.11534288623413184,5.786560747483073e-14,0.11534288623413184,0.0022319580014466952,0.17416433204343856,2.7694896977322038e-05,0.03566562832379302,0.028187081592549824,0.03634707796127358,0.02073590221579595,0.05291602465924271,0.08891141214744112,0.03844739742061847,0.04745350277992068,0.13159860360974623
2024-01-04,0.01,0.01,0.00021826966690153526,0.04940042389324383,0.00021826966690153526,0.04940042389324383,0.11216672832208446,0.05349270979274884,2.5444837540067318e-05,0.04083678061988071,0.38457391450994366,0.03907728589861257,0.29490411617973816,0.04195023090832044,5.786560747483073e-14,0.11534288623413184,5.786560747483073e-14,0.11534288623413184,0.0022319580014466952,0.17416433204343856,2.7694896977322038e-05,0.03566562832379302,0.028187081592549824,0.03634707796127358,0.02073590221579595,0.05291602465924271,0.08891141214744112,0.03844739742061847,0.04745350277992068,0.13159860360974623
2024-01-05,0.01,0.01,0.00021826966690153526,0.04940042389324383,0.00021826966690153526,0.04940042389324383,0.11216672832208446,0.05349270979274884,2.5444837540067318e-05,0.04083678061988071,0.38457391450994366,0.03907728589861257,0.29490411617973816,0.04195023090832044,5.786560747483073e-14,0.11534288623413184,5.786560747483073e-14,0.11534288623413184,0.0022319580014466952,0.17416433204343856,2.7694896977322038e-05,0.03566562832379302,0.028187081592549824,0.03634707796127358,0.02073590221579595,0.05291602465924271,0.08891141214744112,0.03844739742061847,0.04745350277992068,0.13159860360974623
2024-01-08,0.01,0.01,0.00021826966690153526,0.04940042389324383,0.00021826966690153526,0.04940042389324383,0.11216672832208446,0.05349270979274884,2.5444837540067318e-05,0.04083678061988071,0.38457391450994366,0.03907728589861257,0.29490411617973816,0.04195023090832044,5.786560747483073e-14,0.11534288623413184,5.786560747483073e-14,0.11534288623413184,0.0022319580014466952,0.17416433204343856,2.7694896977322038e-05,0.03566562832379302,0.028187081592549824,0.03634707796127358,0.02073590221579595,0.05291602465924271,0.08891141214744112,0.03844739742061847,0.04745350277992068,0.13159860360974623
2024-01-09,0.01,0.01,0.00021826966690153526,0.04940042389324383,0.00021826966690153526,0.04940042389324383,0.11216672832208446,0.05349270979274884,2.5444837540067318e-05,0.04083678061988071,0.38457391450994366,0.03907728589861257,0.29490411617973816,0.04195023090832044,5.786560747483073e-14,0.11534288623413184,5.786560747483073e-14,0.11534288623413184,0.0022319580014466952,0.17416433204343856,2.7694896977322038e-05,0.03566562832379302,0.028187081592549824,0.03634707796127358,0.02073590221579595,0.05291602465924271,0.08891141214744112,0.03844739742061847,0.04745350277992068,0.13159860360974623
2024-01-10,0.01,0.01,0.00021826966690153526,0.04940042389324383,0.00021826966690153526,0.04940042389324383,0.11216672832208446,0.05349270979274884,2.5444837540067318e-05,0.04083678061988071,0.38457391450994366,0.03907728589861257,0.29490411617973816,0.04195023090832044,5.786560747483073e-14,0.11534288623413184,5.786560747483073e-14,0.11534288623413184,0.0022319580014466952,0.17416433204343856,2.7694896977322038e-05,0.03566562832379302,0.028187081592549824,0.03634707796127358,0.02073590221579595,0.05291602465924271,0.08891141214744112,0.03844739742061847,0.04745350277992068,0.13159860360974623
2024-01-11,0.01,0.01,0.00021826966690153526,0.04940042389324383,0.00021826966690153526,0.04940042389324383,0.11216672832208446,0.05349270979274884,2.5444837540067318e-05,0.04083678061988071,0.38457391450994366,0.03907728589861257,0.29490411617973816,0.04195023090832044,5.786560747483073e-14,0.11534288623413184,5.786560747483073e-14,0.11534288623413184,0.0022319580014466952,0.17416433204343856,2.7694896977322038e-05,0.03566562832379302,0.028187081592549824,0.03634707796127358,0.02073590221579595,0.05291602465924271,0.08891141214744112,0.03844739742061847,0.04745350277992068,0.13159860360974623
2024-01-12,0.01,0.01,0.00021826966690153526,0.04940042389324383,0.00021826966690153526,0.04940042389324383,0.11216672832208446,0.05349270979274884,2.5444837540067318e-05,0.04083678061988071,0.38457391450994366,0.03907728589861257,0.29490411617973816,0.04195023090832044,5.786560747483073e-14,0.11534288623413184,5.786560747483073e-14,0.11534288623413184,0.0022319580014466952,0.17416433204343856,2.7694896977322038e-05,0.03566562832379302,0.028187081592549824,0.03634707796127358,0.02073590221579595,0.05291602465924271,0.08891141214744112,0.03844739742061847,0.04745350277992068,0.13159860360974623
2024-01-16,0.01,0.01,0.00021826966690153526,0.04940042389324383,0.00021826966690153526,0.04940042389324383,0.11216672832208446,0.05349270979274884,2.5444837540067318e-05,0.04083678061988071,0.38457391450994366,0.03907728589861257,0.29490411617973816,0.04195023090832044,5.786560747483073e-14,0.11534288623413184,5.786560747483073e-14,0.11534288623413184,0.0022319580014466952,0.17416433204343856,2.7694896977322038e-05,0.03566562832379302,0.028187081592549824,0.03634707796127358,0.02073590221579595,0.05291602465924271,0.08891141214744112,0.03844739742061847,0.04745350277992068,0.13159860360974623
2024-01-17,0.01,0.01,0.00021826966690153526,0.04940042389324383,0.00021826966690153526,0.04940042389324383,0.11216672832208446,0.05349270979274884,2.5444837540067318e-05,0.04083678061988071,0.38457391450994366,0.03907728589861257,0.29490411617973816,0.04195023090832044,5.786560747483073e-14,0.11534288623413184,5.786560747483073e-14,0.11534288623413184,0.0022319580014466952,0.17416433204343856,2.7694896977322038e-05,0.03566562832379302,0.028187081592549824,0.03634707796127358,0.02073590221579595,0.05291602465924271,0.08891141214744112,0.03844739742061847,0.04745350277992068,0.13159860360974623
2024-01-18,0.01,0.01,0.00021826966690153526,0.04940042389324383,0.00021826966690153526,0.04940042389324383,0.11216672832208446,0.05349270979274884,2.5444837540067318e-05,0.04083678061988071,0.38457391450994366,0.03907728589861257,0.29490411617973816,0.04195023090832044,5.786560747483073e-14,0.11534288623413184,5.786560747483073e-14,0.11534288623413184,0.0022319580014466952,0.17416433204343856,2.7694896977322038e-05,0.03566562832379302,0.028187081592549824,0.03634707796127358,0.02073590221579595,0.05291602465924271,0.08891141214744112,0.03844739742061847,0.04745350277992068,0.13159860360974623
2024-01-19,0.01,0.01,0.00021826966690153526,0.04940042389324383,0.00021826966690153526,0.04940042389324383,0.11216672832208446,0.05349270979274884,2.5444837540067318e-05,0.04083678061988071,0.38457391450994366,0.03907728589861257,0.29490411617973816,0.04195023090832044,5.786560747483073e-14,0.11534288623413184,5.786560747483073e-14,0.11534288623413184,0.0022319580014466952,0.17416433204343856,2.7694896977322038e-05,0.03566562832379302,0.028187081592549824,0.03634707796127358,0.02073590221579595,0.05291602465924271,0.08891141214744112,0.03844739742061847,0.04745350277992068,0.13159860360974623
2024-01-22,0.01,0.01,0.00021826966690153526,0.04940042389324383,0.00021826966690153526,0.04940042389324383,0.11216672832208446,0.05349270979274884,2.5444837540067318e-05,0.04083678061988071,0.38457391450994366,0.03907728589861257,0.29490411617973816,0.04195023090832044,5.786560747483073e-14,0.11534288623413184,5.786560747483073e-14,0.11534288623413184,0.0022319580014466952,0.17416433204343856,2.7694896977322038e-05,0.03566562832379302,0.028187081592549824,0.03634707796127358,0.02073590221579595,0.05291602465924271,0.08891141214744112,0.03844739742061847,0.04745350277992068,0.13159860360974623
2024-01-23,0.01,0.01,0.00021826966690153526,0.04940042389324383,0.00021826966690153526,0.04940042389324383,0.11216672832208446,0.05349270979274884,2.5444837540067318e-05,0.04083678061988071,0.38457391450994366,0.03907728589861257,0.29490411617973816,0.04195023090832044,5.786560747483073e-14,0.11534288623413184,5.786560747483073e-14,0.11534288623413184,0.0022319580014466952,0.17416433204343856,2.7694896977322038e-05,0.03566562832379302,0.028187081592549824,0.03634707796127358,0.02073590221579595,0.05291602465924271,0.08891141214744112,0.03844739742061847,0.04745350277992068,0.13159860360974623
2024-01-24,0.01,0.01,0.00021826966690153526,0.04940042389324383,0.00021826966690153526,0.04940042389324383,0.11216672832208446,0.05349270979274884,2.5444837540067318e-05,0.04083678061988071,0.38457391450994366,0.03907728589861257,0.29490411617973816,0.04195023090832044,5.786560747483073e-14,0.11534288623413184,5.786560747483073e-14,0.11534288623413184,0.0022319580014466952,0.17416433204343856,2.7694896977322038e-05,0.03566562832379302,0.028187081592549824,0.03634707796127358,0.02073590221579595,0.05291602465924271,0.08891141214744112,0.03844739742061847,0.04745350277992068,0.13159860360974623
2024-01-25,0.01,0.01,0.00021826966690153526,0.04940042389324383,0.00021826966690153526,0.04940042389324383,0.11216672832208446,0.05349270979274884,2.5444837540067318e-05,0.04083678061988071,0.38457391450994366,0.03907728589861257,0.29490411617973816,0.04195023090832044,5.786560747483073e-14,0.11534288623413184,5.786560747483073e-14,0.11534288623413184,0.0022319580014466952,0.17416433204343856,2.7694896977322038e-05,0.03566562832379302,0.028187081592549824,0.03634707796127358,0.02073590221579595,0.05291602465924271,0.08891141214744112,0.03844739742061847,0.04745350277992068,0.13159860360974623
2024-01-26,0.01,0.01,0.00021826966690153526,0.04940042389324383,0.00021826966690153526,0.04940042389324383,0.11216672832208446,0.05349270979274884,2.5444837540067318e-05,0.04083678061988071,0.38457391450994366,0.03907728589861257,0.29490411617973816,0.04195023090832044,5.786560747483073e-14,0.11534288623413184,5.786560747483073e-14,0.11534288623413184,0.0022319580014466952,0.17416433204343856,2.7694896977322038e-05,0.03566562832379302,0.028187081592549824,0.03634707796127358,0.02073590221579595,0.05291602465924271,0.08891141214744112,0.03844739742061847,0.04745350277992068,0.13159860360974623
2024-01-29,0.01,0.01,0.00021826966690153526,0.04940042389324383,0.00021826966690153526,0.04940042389324383,0.11216672832208446,0.05349270979274884,2.5444837540067318e-05,0.04083678061988071,0.38457391450994366,0.03907728589861257,0.29490411617973816,0.04195023090832044,5.786560747483073e-14,0.11534288623413184,5.786560747483073e-14,0.11534288623413184,0.0022319580014466952,0.17416433204343856,2.7694896977322038e-05,0.03566562832379302,0.028187081592549824,0.03634707796127358,0.02073590221579595,0.05291602465924271,0.08891141214744112,0.03844739742061847,0.04745350277992068,0.13159860360974623
2024-01-30,0.01,0.01,0.00021826966690153526,0.04940042389324383,0.00021826966690153526,0.04940042389324383,0.11216672832208446,0.05349270979274884,2.5444837540067318e-05,0.04083678061988071,0.38457391450994366,0.03907728589861257,0.29490411617973816,0.04195023090832044,5.786560747483073e-14,0.11534288623413184,5.786560747483073e-14,0.11534288623413184,0.0022319580014466952,0.17416433204343856,2.7694896977322038e-05,0.03566562832379302,0.028187081592549824,0.03634707796127358,0.02073590221579595,0.05291602465924271,0.08891141214744112,0.03844739742061847,0.04745350277992068,0.13159860360974623
2024-01-31,0.01,0.01,0.00021826966690153526,0.04940042389324383,0.00021826966690153526,0.04940042389324383,0.11216672832208446,0.05349270979274884,2.5444837540067318e-05,0.04083678061988071,0.38457391450994366,0.03907728589861257,0.29490411617973816,0.04195023090832044,5.786560747483073e-14,0.11534288623413184,5.786560747483073e-14,0.11534288623413184,0.0022319580014466952,0.17416433204343856,2.7694896977322038e-05,0.03566562832379302,0.028187081592549824,0.03634707796127358,0.02073590221579595,0.05291602465924271,0.08891141214744112,0.03844739742061847,0.04745350277992068,0.13159860360974623
2024-02-01,0.01,0.01,0.00021826966690153526,0.04940042389324383,0.00021826966690153526,0.04940042389324383,0.11216672832208446,0.05349270979274884,2.5444837540067318e-05,0.04083678061988071,0.38457391450994366,0.03907728589861257,0.29490411617973816,0.04195023090832044,5.786560747483073e-14,0.11534288623413184,5.786560747483073e-14,0.11534288623413184,0.0022319580014466952,0.17416433204343856,2.7694896977322038e-05,0.03566562832379302,0.028187081592549824,0.03634707796127358,0.02073590221579595,0.05291602465924271,0.08891141214744112,0.03844739742061847,0.04745350277992068,0.13159860360974623
2024-02-02,0.01,0.01,0.00021826966690153526,0.04940042389324383,0.00021826966690153526,0.04940042389324383,0.11216672832208446,0.05349270979274884,2.5444837540067318e-05,0.04083678061988071,0.38457391450994366,0.03907728589861257,0.29490411617973816,0.04195023090832044,5.786560747483073e-14,0.11534288623413184,5.786560747483073e-14,0.11534288623413184,0.0022319580014466952,0.17416433204343856,2.7694896977322038e-05,0.03566562832379302,0.028187081592549824,0.03634707796127358,0.02073590221579595,0.05291602465924271,0.08891141214744112,0.03844739742061847,0.04745350277992068,0.13159860360974623
2024-02-05,0.01,0.01,0.00021826966690153526,0.04940042389324383,0.00021826966690153526,0.04940042389324383,0.11216672832208446,0.05349270979274884,2.5444837540067318e-05,0.04083678061988071,0.38457391450994366,0.03907728589861257,0.29490411617973816,0.04195023090832044,5.786560747483073e-14,0.11534288623413184,5.786560747483073e-14,0.11534288623413184,0.0022319580014466952,0.17416433204343856,2.7694896977322038e-05,0.03566562832379302,0.028187081592549824,0.03634707796127358,0.02073590221579595,0.05291602465924271,0.08891141214744112,0.03844739742061847,0.04745350277992068,0.13159860360974623
2024-02-06,0.01,0.01,0.00021826966690153526,0.04940042389324383,0.00021826966690153526,0.04940042389324383,0.11216672832208446,0.05349270979274884,2.5444837540067318e-05,0.04083678061988071,0.38457391450994366,0.03907728589861257,0.29490411617973816,0.04195023090832044,5.786560747483073e-14,0.11534288623413184,5.786560747483073e-14,0.11534288623413184,0.0022319580014466952,0.17416433204343856,2.7694896977322038e-05,0.03566562832379302,0.028187081592549824,0.03634707796127358,0.02073590221579595,0.05291602465924271,0.08891141214744112,0.03844739742061847,0.04745350277992068,0.13159860360974623
2024-02-07,0.01,0.01,0.00021826966690153526,0.04940042389324383,0.00021826966690153526,0.04940042389324383,0.11216672832208446,0.05349270979274884,2.5444837540067318e-05,0.04083678061988071,0.38457391450994366,0.03907728589861257,0.29490411617973816,0.04195023090832044,5.786560747483073e-14,0.11534288623413184,5.786560747483073e-14,0.11534288623413184,0.0022319580014466952,0.17416433204343856,2.7694896977322038e-05,0.03566562832379302,0.028187081592549824,0.03634707796127358,0.02073590221579595,0.05291602465924271,0.08891141214744112,0.03844739742061847,0.04745350277992068,0.13159860360974623
2024-02-08,0.01,0.01,0.00021826966690153526,0.04940042389324383,0.00021826966690153526,0.04940042389324383,0.11216672832208446,0.05349270979274884,2.5444837540067318e-05,0.04083678061988071,0.38457391450994366,0.03907728589861257,0.29490411617973816,0.04195023090832044,5.786560747483073e-14,0.11534288623413184,5.786560747483073e-14,0.11534288623413184,0.0022319580014466952,0.17416433204343856,2.7694896977322038e-05,0.03566562832379302,0.028187081592549824,0.03634707796127358,0.02073590221579595,0.05291602465924271,0.08891141214744112,0.03844739742061847,0.04745350277992068,0.13159860360974623
2024-02-09,0.01,0.01,0.00021826966690153526,0.04940042389324383,0.00021826966690153526,0.04940042389324383,0.11216672832208446,0.05349270979274884,2.5444837540067318e-05,0.04083678061988071,0.38457391450994366,0.03907728589861257,0.29490411617973816,0.04195023090832044,5.786560747483073e-14,0.11534288623413184,5.786560747483073e-14,0.11534288623413184,0.0022319580014466952,0.17416433204343856,2.7694896977322038e-05,0.03566562832379302,0.028187081592549824,0.03634707796127358,0.02073590221579595,0.05291602465924271,0.08891141214744112,0.03844739742061847,0.04745350277992068,0.13159860360974623
2024-02-12,0.01,0.01,0.00021826966690153526,0.04940042389324383,0.00021826966690153526,0.04940042389324383,0.11216672832208446,0.05349270979274884,2.5444837540067318e-05,0.04083678061988071,0.38457391450994366,0.03907728589861257,0.29490411617973816,0.04195023090832044,5.786560747483073e-14,0.11534288623413184,5.786560747483073e-14,0.11534288623413184,0.0022319580014466952,0.17416433204343856,2.7694896977322038e-05,0.03566562832379302,0.028187081592549824,0.03634707796127358,0.02073590221579595,0.05291602465924271,0.08891141214744112,0.03844739742061847,0.04745350277992068,0.13159860360974623
2024-02-13,0.01,0.01,0.00021826966690153526,0.04940042389324383,0.00021826966690153526,0.04940042389324383,0.11216672832208446,0.05349270979274884,2.5444837540067318e-05,0.04083678061988071,0.38457391450994366,0.03907728589861257,0.29490411617973816,0.04195023090832044,5.786560747483073e-14,0.11534288623413184,5.786560747483073e-14,0.11534288623413184,0.0022319580014466952,0.17416433204343856,2.7694896977322038e-05,0.03566562832379302,0.028187081592549824,0.03634707796127358,0.02073590221579595,0.05291602465924271,0.08891141214744112,0.03844739742061847,0.04745350277992068,0.13159860360974623
2024-02-14,0.01,0.01,0.00021826966690153526,0.04940042389324383,0.00021826966690153526,0.04940042389324383,0.11216672832208446,0.05349270979274884,2.5444837540067318e-05,0.04083678061988071,0.38457391450994366,0.03907728589861257,0.29490411617973816,0.04195023090832044,5.786560747483073e-14,0.11534288623413184,5.786560747483073e-14,0.11534288623413184,0.0022319580014466952,0.17416433204343856,2.7694896977322038e-05,0.03566562832379302,0.028187081592549824,0.03634707796127358,0.02073590221579595,0.05291602465924271,0.08891141214744112,0.03844739742061847,0.04745350277992068,0.13159860360974623
2024-02-15,0.01,0.01,0.00021826966690153526,0.04940042389324383,0.00021826966690153526,0.04940042389324383,0.11216672832208446,0.05349270979274884,2.5444837540067318e-05,0.04083678061988071,0.38457391450994366,0.03907728589861257,0.29490411617973816,0.04195023090832044,5.786560747483073e-14,0.11534288623413184,5.786560747483073e-14,0.11534288623413184,0.0022319580014466952,0.17416433204343856,2.7694896977322038e-05,0.03566562832379302,0.028187081592549824,0.03634707796127358,0.02073590221579595,0.05291602465924271,0.08891141214744112,0.03844739742061847,0.04745350277992068,0.13159860360974623
2024-02-16,0.01,0.01,0.00021826966690153526,0.04940042389324383,0.00021826966690153526,0.04940042389324383,0.11216672832208446,0.05349270979274884,2.5444837540067318e-05,0.04083678061988071,0.38457391450994366,0.03907728589861257,0.29490411617973816,0.04195023090832044,5.786560747483073e-14,0.11534288623413184,5.786560747483073e-14,0.11534288623413184,0.0022319580014466952,0.17416433204343856,2.7694896977322038e-05,0.03566562832379302,0.028187081592549824,0.03634707796127358,0.02073590221579595,0.05291602465924271,0.08891141214744112,0.03844739742061847,0.04745350277992068,0.13159860360974623
2024-02-20,0.01,0.01,0.00021826966690153526,0.04940042389324383,0.00021826966690153526,0.04940042389324383,0.11216672832208446,0.05349270979274884,2.5444837540067318e-05,0.04083678061988071,0.38457391450994366,0.03907728589861257,0.29490411617973816,0.04195023090832044,5.786560747483073e-14,0.11534288623413184,5.786560747483073e-14,0.11534288623413184,0.0022319580014466952,0.17416433204343856,2.7694896977322038e-05,0.03566562832379302,0.028187081592549824,0.03634707796127358,0.02073590221579595,0.05291602465924271,0.08891141214744112,0.03844739742061847,0.04745350277992068,0.13159860360974623
2024-02-21,0.01,0.01,0.00021826966690153526,0.04940042389324383,0.00021826966690153526,0.04940042389324383,0.11216672832208446,0.05349270979274884,2.5444837540067318e-05,0.04083678061988071,0.38457391450994366,0.03907728589861257,0.29490411617973816,0.04195023090832044,5.786560747483073e-14,0.11534288623413184,5.786560747483073e-14,0.11534288623413184,0.0022319580014466952,0.17416433204343856,2.7694896977322038e-05,0.03566562832379302,0.028187081592549824,0.03634707796127358,0.02073590221579595,0.05291602465924271,0.08891141214744112,0.03844739742061847,0.04745350277992068,0.13159860360974623
2024-02-22,0.01,0.01,0.00021826966690153526,0.04940042389324383,0.00021826966690153526,0.04940042389324383,0.11216672832208446,0.05349270979274884,2.5444837540067318e-05,0.04083678061988071,0.38457391450994366,0.03907728589861257,0.29490411617973816,0.04195023090832044,5.786560747483073e-14,0.11534288623413184,5.786560747483073e-14,0.11534288623413184,0.0022319580014466952,0.17416433204343856,2.7694896977322038e-05,0.03566562832379302,0.028187081592549824,0.03634707796127358,0.02073590221579595,0.05291602465924271,0.08891141214744112,0.03844739742061847,0.04745350277992068,0.13159860360974623
2024-02-23,0.01,0.01,0.00021826966690153526,0.04940042389324383,0.00021826966690153526,0.04940042389324383,0.11216672832208446,0.05349270979274884,2.5444837540067318e-05,0.04083678061988071,0.38457391450994366,0.03907728589861257,0.29490411617973816,0.04195023090832044,5.786560747483073e-14,0.11534288623413184,5.786560747483073e-14,0.11534288623413184,0.0022319580014466952,0.17416433204343856,2.7694896977322038e-05,0.03566562832379302,0.028187081592549824,0.03634707796127358,0.02073590221579595,0.05291602465924271,0.08891141214744112,0.03844739742061847,0.04745350277992068,0.13159860360974623
2024-02-26,0.01,0.01,0.00021826966690153526,0.04940042389324383,0.00021826966690153526,0.04940042389324383,0.11216672832208446,0.05349270979274884,2.5444837540067318e-05,0.04083678061988071,0.38457391450994366,0.03907728589861257,0.29490411617973816,0.04195023090832044,5.786560747483073e-14,0.11534288623413184,5.786560747483073e-14,0.11534288623413184,0.0022319580014466952,0.17416433204343856,2.7694896977322038e-05,0.03566562832379302,0.028187081592549824,0.03634707796127358,0.02073590221579595,0.05291602465924271,0.08891141214744112,0.03844739742061847,0.04745350277992068,0.13159860360974623
2024-02-27,0.01,0.01,0.00021826966690153526,0.04940042389324383,0.00021826966690153526,0.04940042389324383,0.11216672832208446,0.05349270979274884,2.5444837540067318e-05,0.04083678061988071,0.38457391450994366,0.03907728589861257,0.29490411617973816,0.04195023090832044,5.786560747483073e-14,0.11534288623413184,5.786560747483073e-14,0.11534288623413184,0.0022319580014466952,0.17416433204343856,2.7694896977322038e-05,0.03566562832379302,0.028187081592549824,0.03634707796127358,0.02073590221579595,0.05291602465924271,0.08891141214744112,0.03844739742061847,0.04745350277992068,0.13159860360974623
2024-02-28,0.01,0.01,0.00021826966690153526,0.04940042389324383,0.00021826966690153526,0.04940042389324383,0.11216672832208446,0.05349270979274884,2.5444837540067318e-05,0.04083678061988071,0.38457391450994366,0.03907728589861257,0.29490411617973816,0.04195023090832044,5.786560747483073e-14,0.11534288623413184,5.786560747483073e-14,0.11534288623413184,0.0022319580014466952,0.17416433204343856,2.7694896977322038e-05,0.03566562832379302,0.028187081592549824,0.03634707796127358,0.02073590221579595,0.05291602465924271,0.08891141214744112,0.03844739742061847,0.04745350277992068,0.13159860360974623
2024-02-29,0.01,0.01,0.00021826966690153526,0.04940042389324383,0.00021826966690153526,0.04940042389324383,0.11216672832208446,0.05349270979274884,2.5444837540067318e-05,0.04083678061988071,0.38457391450994366,0.03907728589861257,0.29490411617973816,0.04195023090832044,5.786560747483073e-14,0.11534288623413184,5.786560747483073e-14,0.11534288623413184,0.0022319580014466952,0.17416433204343856,2.7694896977322038e-05,0.03566562832379302,0.028187081592549824,0.03634707796127358,0.02073590221579595,0.05291602465924271,0.08891141214744112,0.03844739742061847,0.04745350277992068,0.13159860360974623
2024-03-01,0.01,0.01,0.00021826966690153526,0.04940042389324383,0.00021826966690153526,0.04940042389324383,0.11216672832208446,0.05349270979274884,2.5444837540067318e-05,0.04083678061988071,0.38457391450994366,0.03907728589861257,0.29490411617973816,0.04195023090832044,5.786560747483073e-14,0.11534288623413184,5.786560747483073e-14,0.11534288623413184,0.0022319580014466952,0.17416433204343856,2.7694896977322038e-05,0.03566562832379302,0.028187081592549824,0.03634707796127358,0.02073590221579595,0.05291602465924271,0.08891141214744112,0.03844739742061847,0.04745350277992068,0.13159860360974623
2024-03-04,0.01,0.01,0.00021826966690153526,0.04940042389324383,0.00021826966690153526,0.04940042389324383,0.11216672832208446,0.05349270979274884,2.5444837540067318e-05,0.04083678061988071,0.38457391450994366,0.03907728589861257,0.29490411617973816,0.04195023090832044,5.786560747483073e-14,0.11534288623413184,5.786560747483073e-14,0.11534288623413184,0.0022319580014466952,0.17416433204343856,2.7694896977322038e-05,0.03566562832379302,0.028187081592549824,0.03634707796127358,0.02073590221579595,0.05291602465924271,0.08891141214744112,0.03844739742061847,0.04745350277992068,0.13159860360974623
2024-03-05,0.01,0.01,0.00021826966690153526,0.04940042389324383,0.00021826966690153526,0.04940042389324383,0.11216672832208446,0.05349270979274884,2.5444837540067318e-05,0.04083678061988071,0.38457391450994366,0.03907728589861257,0.29490411617973816,0.04195023090832044,5.786560747483073e-14,0.11534288623413184,5.786560747483073e-14,0.11534288623413184,0.0022319580014466952,0.17416433204343856,2.7694896977322038e-05,0.03566562832379302,0.028187081592549824,0.03634707796127358,0.02073590221579595,0.05291602465924271,0.08891141214744112,0.03844739742061847,0.04745350277992068,0.13159860360974623
2024-03-06,0.01,0.01,0.00021826966690153526,0.04940042389324383,0.00021826966690153526,0.04940042389324383,0.11216672832208446,0.05349270979274884,2.5444837540067318e-05,0.04083678061988071,0.38457391450994366,0.03907728589861257,0.29490411617973816,0.04195023090832044,5.786560747483073e-14,0.11534288623413184,5.786560747483073e-14,0.11534288623413184,0.0022319580014466952,0.17416433204343856,2.7694896977322038e-05,0.03566562832379302,0.028187081592549824,0.03634707796127358,0.02073590221579595,0.05291602465924271,0.08891141214744112,0.03844739742061847,0.04745350277992068,0.13159860360974623
2024-03-07,0.01,0.01,0.00021826966690153526,0.04940042389324383,0.00021826966690153526,0.04940042389324383,0.11216672832208446,0.05349270979274884,2.5444837540067318e-05,0.04083678061988071,0.38457391450994366,0.03907728589861257,0.29490411617973816,0.04195023090832044,5.786560747483073e-14,0.11534288623413184,5.786560747483073e-14,0.11534288623413184,0.0022319580014466952,0.17416433204343856,2.7694896977322038e-05,0.03566562832379302,0.028187081592549824,0.03634707796127358,0.02073590221579595,0.05291602465924271,0.08891141214744112,0.03844739742061847,0.04745350277992068,0.13159860360974623
2024-03-08,0.01,0.01,0.00021826966690153526,0.04940042389324383,0.00021826966690153526,0.04940042389324383,0.11216672832208446,0.05349270979274884,2.5444837540067318e-05,0.04083678061988071,0.38457391450994366,0.03907728589861257,0.29490411617973816,0.04195023090832044,5.786560747483073e-14,0.11534288623413184,5.786560747483073e-14,0.11534288623413184,0.0022319580014466952,0.17416433204343856,2.7694896977322038e-05,0.03566562832379302,0.028187081592549824,0.03634707796127358,0.02073590221579595,0.05291602465924271,0.08891141214744112,0.03844739742061847,0.04745350277992068,0.13159860360974623
2024-03-11,0.01,0.01,0.00021826966690153526,0.04940042389324383,0.00021826966690153526,0.04940042389324383,0.11216672832208446,0.05349270979274884,2.5444837540067318e-05,0.04083678061988071,0.38457391450994366,0.03907728589861257,0.29490411617973816,0.04195023090832044,5.786560747483073e-14,0.11534288623413184,5.786560747483073e-14,0.11534288623413184,0.0022319580014466952,0.17416433204343856,2.7694896977322038e-05,0.03566562832379302,0.028187081592549824,0.03634707796127358,0.02073590221579595,0.05291602465924271,0.08891141214744112,0.03844739742061847,0.04745350277992068,0.13159860360974623
2024-03-12,0.01,0.01,0.00021826966690153526,0.04940042389324383,0.00021826966690153526,0.04940042389324383,0.11216672832208446,0.05349270979274884,2.5444837540067318e-05,0.04083678061988071,0.38457391450994366,0.03907728589861257,0.29490411617973816,0.04195023090832044,5.786560747483073e-14,0.11534288623413184,5.786560747483073e-14,0.11534288623413184,0.0022319580014466952,0.17416433204343856,2.7694896977322038e-05,0.03566562832379302,0.028187081592549824,0.03634707796127358,0.02073590221579595,0.05291602465924271,0.08891141214744112,0.03844739742061847,0.04745350277992068,0.13159860360974623
2024-03-13,0.01,0.01,0.00021826966690153526,0.04940042389324383,0.00021826966690153526,0.04940042389324383,0.11216672832208446,0.05349270979274884,2.5444837540067318e-05,0.04083678061988071,0.38457391450994366,0.03907728589861257,0.29490411617973816,0.04195023090832044,5.786560747483073e-14,0.11534288623413184,5.786560747483073e-14,0.11534288623413184,0.0022319580014466952,0.17416433204343856,2.7694896977322038e-05,0.03566562832379302,0.028187081592549824,0.03634707796127358,0.02073590221579595,0.05291602465924271,0.08891141214744112,0.03844739742061847,0.04745350277992068,0.13159860360974623
2024-03-14,0.01,0.01,0.00021826966690153526,0.04940042389324383,0.00021826966690153526,0.04940042389324383,0.11216672832208446,0.05349270979274884,2.5444837540067318e-05,0.04083678061988071,0.38457391450994366,0.03907728589861257,0.29490411617973816,0.04195023090832044,5.786560747483073e-14,0.11534288623413184,5.786560747483073e-14,0.11534288623413184,0.0022319580014466952,0.17416433204343856,2.7694896977322038e-05,0.03566562832379302,0.028187081592549824,0.03634707796127358,0.02073590221579595,0.05291602465924271,0.08891141214744112,0.03844739742061847,0.04745350277992068,0.13159860360974623
2024-03-15,0.01,0.01,0.00021826966690153526,0.04940042389324383,0.00021826966690153526,0.04940042389324383,0.11216672832208446,0.05349270979274884,2.5444837540067318e-05,0.04083678061988071,0.38457391450994366,0.03907728589861257,0.29490411617973816,0.04195023090832044,5.786560747483073e-14,0.11534288623413184,5.786560747483073e-14,0.11534288623413184,0.0022319580014466952,0.17416433204343856,2.7694896977322038e-05,0.03566562832379302,0.028187081592549824,0.03634707796127358,0.02073590221579595,0.05291602465924271,0.08891141214744112,0.03844739742061847,0.04745350277992068,0.13159860360974623
2024-03-18,0.01,0.01,0.00021826966690153526,0.04940042389324383,0.00021826966690153526,0.04940042389324383,0.11216672832208446,0.05349270979274884,2.5444837540067318e-05,0.04083678061988071,0.38457391450994366,0.03907728589861257,0.29490411617973816,0.04195023090832044,5.786560747483073e-14,0.11534288623413184,5.786560747483073e-14,0.11534288623413184,0.0022319580014466952,0.17416433204343856,2.7694896977322038e-05,0.03566562832379302,0.028187081592549824,0.03634707796127358,0.02073590221579595,0.05291602465924271,0.08891141214744112,0.03844739742061847,0.04745350277992068,0.13159860360974623
2024-03-19,0.01,0.01,0.00021826966690153526,0.04940042389324383,0.00021826966690153526,0.04940042389324383,0.11216672832208446,0.05349270979274884,2.5444837540067318e-05,0.04083678061988071,0.38457391450994366,0.03907728589861257,0.29490411617973816,0.04195023090832044,5.786560747483073e-14,0.11534288623413184,5.786560747483073e-14,0.11534288623413184,0.0022319580014466952,0.17416433204343856,2.7694896977322038e-05,0.03566562832379302,0.028187081592549824,0.03634707796127358,0.02073590221579595,0.05291602465924271,0.08891141214744112,0.03844739742061847,0.04745350277992068,0.13159860360974623
2024-03-20,0.01,0.01,0.00021826966690153526,0.04940042389324383,0.00021826966690153526,0.04940042389324383,0.11216672832208446,0.05349270979274884,2.5444837540067318e-05,0.04083678061988071,0.38457391450994366,0.03907728589861257,0.29490411617973816,0.04195023090832044,5.786560747483073e-14,0.11534288623413184,5.786560747483073e-14,0.11534288623413184,0.0022319580014466952,0.17416433204343856,2.7694896977322038e-05,0.03566562832379302,0.028187081592549824,0.03634707796127358,0.02073590221579595,0.05291602465924271,0.08891141214744112,0.03844739742061847,0.04745350277992068,0.13159860360974623
2024-03-21,0.01,0.01,0.00021826966690153526,0.04940042389324383,0.00021826966690153526,0.04940042389324383,0.11216672832208446,0.05349270979274884,2.5444837540067318e-05,0.04083678061988071,0.38457391450994366,0.03907728589861257,0.29490411617973816,0.04195023090832044,5.786560747483073e-14,0.11534288623413184,5.786560747483073e-14,0.11534288623413184,0.0022319580014466952,0.17416433204343856,2.7694896977322038e-05,0.03566562832379302,0.028187081592549824,0.03634707796127358,0.02073590221579595,0.05291602465924271,0.08891141214744112,0.03844739742061847,0.04745350277992068,0.13159860360974623
2024-03-22,0.01,0.01,0.00021826966690153526,0.04940042389324383,0.00021826966690153526,0.04940042389324383,0.11216672832208446,0.05349270979274884,2.5444837540067318e-05,0.04083678061988071,0.38457391450994366,0.03907728589861257,0.29490411617973816,0.04195023090832044,5.786560747483073e-14,0.11534288623413184,5.786560747483073e-14,0.11534288623413184,0.0022319580014466952,0.17416433204343856,2.7694896977322038e-05,0.03566562832379302,0.028187081592549824,0.03634707796127358,0.02073590221579595,0.05291602465924271,0.08891141214744112,0.03844739742061847,0.04745350277992068,0.13159860360974623
2024-03-25,0.01,0.01,0.00021826966690153526,0.04940042389324383,0.00021826966690153526,0.04940042389324383,0.11216672832208446,0.05349270979274884,2.5444837540067318e-05,0.04083678061988071,0.38457391450994366,0.03907728589861257,0.29490411617973816,0.04195023090832044,5.786560747483073e-14,0.11534288623413184,5.786560747483073e-14,0.11534288623413184,0.0022319580014466952,0.17416433204343856,2.7694896977322038e-05,0.03566562832379302,0.028187081592549824,0.03634707796127358,0.02073590221579595,0.05291602465924271,0.08891141214744112,0.03844739742061847,0.04745350277992068,0.13159860360974623
2024-03-26,0.01,0.01,0.00021826966690153526,0.04940042389324383,0.00021826966690153526,0.04940042389324383,0.11216672832208446,0.05349270979274884,2.5444837540067318e-05,0.04083678061988071,0.38457391450994366,0.03907728589861257,0.29490411617973816,0.04195023090832044,5.786560747483073e-14,0.11534288623413184,5.786560747483073e-14,0.11534288623413184,0.0022319580014466952,0.17416433204343856,2.7694896977322038e-05,0.03566562832379302,0.028187081592549824,0.03634707796127358,0.02073590221579595,0.05291602465924271,0.08891141214744112,0.03844739742061847,0.04745350277992068,0.13159860360974623
2024-03-27,0.01,0.01,0.00021826966690153526,0.04940042389324383,0.00021826966690153526,0.04940042389324383,0.11216672832208446,0.05349270979274884,2.5444837540067318e-05,0.04083678061988071,0.38457391450994366,0.03907728589861257,0.29490411617973816,0.04195023090832044,5.786560747483073e-14,0.11534288623413184,5.786560747483073e-14,0.11534288623413184,0.0022319580014466952,0.17416433204343856,2.7694896977322038e-05,0.03566562832379302,0.028187081592549824,0.03634707796127358,0.02073590221579595,0.05291602465924271,0.08891141214744112,0.03844739742061847,0.04745350277992068,0.13159860360974623
2024-03-28,0.01,0.01,0.00021826966690153526,0.04940042389324383,0.00021826966690153526,0.04940042389324383,0.11216672832208446,0.05349270979274884,2.5444837540067318e-05,0.04083678061988071,0.38457391450994366,0.03907728589861257,0.29490411617973816,0.04195023090832044,5.786560747483073e-14,0.11534288623413184,5.786560747483073e-14,0.11534288623413184,0.0022319580014466952,0.17416433204343856,2.7694896977322038e-05,0.03566562832379302,0.028187081592549824,0.03634707796127358,0.02073590221579595,0.05291602465924271,0.08891141214744112,0.03844739742061847,0.04745350277992068,0.13159860360974623
2024-04-01,0.01,0.01,0.00021826966690153526,0.04940042389324383,0.00021826966690153526,0.04940042389324383,0.11216672832208446,0.05349270979274884,2.5444837540067318e-05,0.04083678061988071,0.38457391450994366,0.03907728589861257,0.29490411617973816,0.04195023090832044,5.786560747483073e-14,0.11534288623413184,5.786560747483073e-14,0.11534288623413184,0.0022319580014466952,0.17416433204343856,2.7694896977322038e-05,0.03566562832379302,0.028187081592549824,0.03634707796127358,0.02073590221579595,0.05291602465924271,0.08891141214744112,0.03844739742061847,0.04745350277992068,0.13159860360974623
2024-04-02,0.01,0.01,0.00021826966690153526,0.04940042389324383,0.00021826966690153526,0.04940042389324383,0.11216672832208446,0.05349270979274884,2.5444837540067318e-05,0.04083678061988071,0.38457391450994366,0.03907728589861257,0.29490411617973816,0.04195023090832044,5.786560747483073e-14,0.11534288623413184,5.786560747483073e-14,0.11534288623413184,0.0022319580014466952,0.17416433204343856,2.7694896977322038e-05,0.03566562832379302,0.028187081592549824,0.03634707796127358,0.02073590221579595,0.05291602465924271,0.08891141214744112,0.03844739742061847,0.04745350277992068,0.13159860360974623
2024-04-03,0.01,0.01,0.00021826966690153526,0.04940042389324383,0.00021826966690153526,0.04940042389324383,0.11216672832208446,0.05349270979274884,2.5444837540067318e-05,0.04083678061988071,0.38457391450994366,0.03907728589861257,0.29490411617973816,0.04195023090832044,5.786560747483073e-14,0.11534288623413184,5.786560747483073e-14,0.11534288623413184,0.0022319580014466952,0.17416433204343856,2.7694896977322038e-05,0.03566562832379302,0.028187081592549824,0.03634707796127358,0.02073590221579595,0.05291602465924271,0.08891141214744112,0.03844739742061847,0.04745350277992068,0.13159860360974623
2024-04-04,0.01,0.01,0.00021826966690153526,0.04940042389324383,0.00021826966690153526,0.04940042389324383,0.11216672832208446,0.05349270979274884,2.5444837540067318e-05,0.04083678061988071,0.38457391450994366,0.03907728589861257,0.29490411617973816,0.04195023090832044,5.786560747483073e-14,0.11534288623413184,5.786560747483073e-14,0.11534288623413184,0.0022319580014466952,0.17416433204343856,2.7694896977322038e-05,0.03566562832379302,0.028187081592549824,0.03634707796127358,0.02073590221579595,0.05291602465924271,0.08891141214744112,0.03844739742061847,0.04745350277992068,0.13159860360974623
2024-04-05,0.01,0.01,0.00021826966690153526,0.04940042389324383,0.00021826966690153526,0.04940042389324383,0.11216672832208446,0.05349270979274884,2.5444837540067318e-05,0.04083678061988071,0.38457391450994366,0.03907728589861257,0.29490411617973816,0.04195023090832044,5.786560747483073e-14,0.11534288623413184,5.786560747483073e-14,0.11534288623413184,0.0022319580014466952,0.17416433204343856,2.7694896977322038e-05,0.03566562832379302,0.028187081592549824,0.03634707796127358,0.02073590221579595,0.05291602465924271,0.08891141214744112,0.03844739742061847,0.04745350277992068,0.13159860360974623
2024-04-08,0.01,0.01,0.00021826966690153526,0.04940042389324383,0.00021826966690153526,0.04940042389324383,0.11216672832208446,0.05349270979274884,2.5444837540067318e-05,0.04083678061988071,0.38457391450994366,0.03907728589861257,0.29490411617973816,0.04195023090832044,5.786560747483073e-14,0.11534288623413184,5.786560747483073e-14,0.11534288623413184,0.0022319580014466952,0.17416433204343856,2.7694896977322038e-05,0.03566562832379302,0.028187081592549824,0.03634707796127358,0.02073590221579595,0.05291602465924271,0.08891141214744112,0.03844739742061847,0.04745350277992068,0.13159860360974623
2024-04-09,0.01,0.01,0.00021826966690153526,0.04940042389324383,0.00021826966690153526,0.04940042389324383,0.11216672832208446,0.05349270979274884,2.5444837540067318e-05,0.04083678061988071,0.38457391450994366,0.03907728589861257,0.29490411617973816,0.04195023090832044,5.786560747483073e-14,0.11534288623413184,5.786560747483073e-14,0.11534288623413184,0.0022319580014466952,0.17416433204343856,2.7694896977322038e-05,0.03566562832379302,0.028187081592549824,0.03634707796127358,0.02073590221579595,0.05291602465924271,0.08891141214744112,0.03844739742061847,0.04745350277992068,0.13159860360974623
2024-04-10,0.01,0.01,0.00021826966690153526,0.04940042389324383,0.00021826966690153526,0.04940042389324383,0.11216672832208446,0.05349270979274884,2.5444837540067318e-05,0.04083678061988071,0.38457391450994366,0.03907728589861257,0.29490411617973816,0.04195023090832044,5.786560747483073e-14,0.11534288623413184,5.786560747483073e-14,0.11534288623413184,0.0022319580014466952,0.17416433204343856,2.7694896977322038e-05,0.03566562832379302,0.028187081592549824,0.03634707796127358,0.02073590221579595,0.05291602465924271,0.08891141214744112,0.03844739742061847,0.04745350277992068,0.13159860360974623
2024-04-11,0.01,0.01,0.00021826966690153526,0.04940042389324383,0.00021826966690153526,0.04940042389324383,0.11216672832208446,0.05349270979274884,2.5444837540067318e-05,0.04083678061988071,0.38457391450994366,0.03907728589861257,0.29490411617973816,0.04195023090832044,5.786560747483073e-14,0.11534288623413184,5.786560747483073e-14,0.11534288623413184,0.0022319580014466952,0.17416433204343856,2.7694896977322038e-05,0.03566562832379302,0.028187081592549824,0.03634707796127358,0.02073590221579595,0.05291602465924271,0.08891141214744112,0.03844739742061847,0.04745350277992068,0.13159860360974623
2024-04-12,0.01,0.01,0.00021826966690153526,0.04940042389324383,0.00021826966690153526,0.04940042389324383,0.11216672832208446,0.05349270979274884,2.5444837540067318e-05,0.04083678061988071,0.38457391450994366,0.03907728589861257,0.29490411617973816,0.04195023090832044,5.786560747483073e-14,0.11534288623413184,5.786560747483073e-14,0.11534288623413184,0.0022319580014466952,0.17416433204343856,2.7694896977322038e-05,0.03566562832379302,0.028187081592549824,0.03634707796127358,0.02073590221579595,0.05291602465924271,0.08891141214744112,0.03844739742061847,0.04745350277992068,0.13159860360974623
2024-04-15,0.01,0.01,0.00021826966690153526,0.04940042389324383,0.00021826966690153526,0.04940042389324383,0.11216672832208446,0.05349270979274884,2.5444837540067318e-05,0.04083678061988071,0.38457391450994366,0.03907728589861257,0.29490411617973816,0.04195023090832044,5.786560747483073e-14,0.11534288623413184,5.786560747483073e-14,0.11534288623413184,0.0022319580014466952,0.17416433204343856,2.7694896977322038e-05,0.03566562832379302,0.028187081592549824,0.03634707796127358,0.02073590221579595,0.05291602465924271,0.08891141214744112,0.03844739742061847,0.04745350277992068,0.13159860360974623
2024-04-16,0.01,0.01,0.00021826966690153526,0.04940042389324383,0.00021826966690153526,0.04940042389324383,0.11216672832208446,0.05349270979274884,2.5444837540067318e-05,0.04083678061988071,0.38457391450994366,0.03907728589861257,0.29490411617973816,0.04195023090832044,5.786560747483073e-14,0.11534288623413184,5.786560747483073e-14,0.11534288623413184,0.0022319580014466952,0.17416433204343856,2.7694896977322038e-05,0.03566562832379302,0.028187081592549824,0.03634707796127358,0.02073590221579595,0.05291602465924271,0.08891141214744112,0.03844739742061847,0.04745350277992068,0.13159860360974623
2024-04-17,0.01,0.01,0.00021826966690153526,0.04940042389324383,0.00021826966690153526,0.04940042389324383,0.11216672832208446,0.05349270979274884,2.5444837540067318e-05,0.04083678061988071,0.38457391450994366,0.03907728589861257,0.29490411617973816,0.04195023090832044,5.786560747483073e-14,0.11534288623413184,5.786560747483073e-14,0.11534288623413184,0.0022319580014466952,0.17416433204343856,2.7694896977322038e-05,0.03566562832379302,0.028187081592549824,0.03634707796127358,0.02073590221579595,0.05291602465924271,0.08891141214744112,0.03844739742061847,0.04745350277992068,0.13159860360974623
2024-04-18,0.01,0.01,0.00021826966690153526,0.04940042389324383,0.00021826966690153526,0.04940042389324383,0.11216672832208446,0.05349270979274884,2.5444837540067318e-05,0.04083678061988071,0.38457391450994366,0.03907728589861257,0.29490411617973816,0.04195023090832044,5.786560747483073e-14,0.11534288623413184,5.786560747483073e-14,0.11534288623413184,0.0022319580014466952,0.17416433204343856,2.7694896977322038e-05,0.03566562832379302,0.028187081592549824,0.03634707796127358,0.02073590221579595,0.05291602465924271,0.08891141214744112,0.03844739742061847,0.04745350277992068,0.13159860360974623
2024-04-19,0.01,0.01,0.00021826966690153526,0.04940042389324383,0.00021826966690153526,0.04940042389324383,0.11216672832208446,0.05349270979274884,2.5444837540067318e-05,0.04083678061988071,0.38457391450994366,0.03907728589861257,0.29490411617973816,0.04195023090832044,5.786560747483073e-14,0.11534288623413184,5.786560747483073e-14,0.11534288623413184,0.0022319580014466952,0.17416433204343856,2.7694896977322038e-05,0.03566562832379302,0.028187081592549824,0.03634707796127358,0.02073590221579595,0.05291602465924271,0.08891141214744112,0.03844739742061847,0.04745350277992068,0.13159860360974623
2024-04-22,0.01,0.01,0.00021826966690153526,0.04940042389324383,0.00021826966690153526,0.04940042389324383,0.11216672832208446,0.05349270979274884,2.5444837540067318e-05,0.04083678061988071,0.38457391450994366,0.03907728589861257,0.29490411617973816,0.04195023090832044,5.786560747483073e-14,0.11534288623413184,5.786560747483073e-14,0.11534288623413184,0.0022319580014466952,0.17416433204343856,2.7694896977322038e-05,0.03566562832379302,0.028187081592549824,0.03634707796127358,0.02073590221579595,0.05291602465924271,0.08891141214744112,0.03844739742061847,0.04745350277992068,0.13159860360974623
2024-04-23,0.01,0.01,0.00021826966690153526,0.04940042389324383,0.00021826966690153526,0.04940042389324383,0.11216672832208446,0.05349270979274884,2.5444837540067318e-05,0.04083678061988071,0.38457391450994366,0.03907728589861257,0.29490411617973816,0.04195023090832044,5.786560747483073e-14,0.11534288623413184,5.786560747483073e-14,0.11534288623413184,0.0022319580014466952,0.17416433204343856,2.7694896977322038e-05,0.03566562832379302,0.028187081592549824,0.03634707796127358,0.02073590221579595,0.05291602465924271,0.08891141214744112,0.03844739742061847,0.04745350277992068,0.13159860360974623
2024-04-24,0.01,0.01,0.00021826966690153526,0.04940042389324383,0.00021826966690153526,0.04940042389324383,0.11216672832208446,0.05349270979274884,2.5444837540067318e-05,0.04083678061988071,0.38457391450994366,0.03907728589861257,0.29490411617973816,0.04195023090832044,5.786560747483073e-14,0.11534288623413184,5.786560747483073e-14,0.11534288623413184,0.0022319580014466952,0.17416433204343856,2.7694896977322038e-05,0.03566562832379302,0.028187081592549824,0.03634707796127358,0.02073590221579595,0.05291602465924271,0.08891141214744112,0.03844739742061847,0.04745350277992068,0.13159860360974623
2024-04-25,0.01,0.01,0.00021826966690153526,0.04940042389324383,0.00021826966690153526,0.04940042389324383,0.11216672832208446,0.05349270979274884,2.5444837540067318e-05,0.04083678061988071,0.38457391450994366,0.03907728589861257,0.29490411617973816,0.04195023090832044,5.786560747483073e-14,0.11534288623413184,5.786560747483073e-14,0.11534288623413184,0.0022319580014466952,0.17416433204343856,2.7694896977322038e-05,0.03566562832379302,0.028187081592549824,0.03634707796127358,0.02073590221579595,0.05291602465924271,0.08891141214744112,0.03844739742061847,0.04745350277992068,0.13159860360974623
2024-04-26,0.01,0.01,0.00021826966690153526,0.04940042389324383,0.00021826966690153526,0.04940042389324383,0.11216672832208446,0.05349270979274884,2.5444837540067318e-05,0.04083678061988071,0.38457391450994366,0.03907728589861257,0.29490411617973816,0.04195023090832044,5.786560747483073e-14,0.11534288623413184,5.786560747483073e-14,0.11534288623413184,0.0022319580014466952,0.17416433204343856,2.7694896977322038e-05,0.03566562832379302,0.028187081592549824,0.03634707796127358,0.02073590221579595,0.05291602465924271,0.08891141214744112,0.03844739742061847,0.04745350277992068,0.13159860360974623
2024-04-29,0.01,0.01,0.00021826966690153526,0.04940042389324383,0.00021826966690153526,0.04940042389324383,0.11216672832208446,0.05349270979274884,2.5444837540067318e-05,0.04083678061988071,0.38457391450994366,0.03907728589861257,0.29490411617973816,0.04195023090832044,5.786560747483073e-14,0.11534288623413184,5.786560747483073e-14,0.11534288623413184,0.0022319580014466952,0.17416433204343856,2.7694896977322038e-05,0.03566562832379302,0.028187081592549824,0.03634707796127358,0.02073590221579595,0.05291602465924271,0.08891141214744112,0.03844739742061847,0.04745350277992068,0.13159860360974623
2024-04-30,0.01,0.01,0.00021826966690153526,0.04940042389324383,0.00021826966690153526,0.04940042389324383,0.11216672832208446,0.05349270979274884,2.5444837540067318e-05,0.04083678061988071,0.38457391450994366,0.03907728589861257,0.29490411617973816,0.04195023090832044,5.786560747483073e-14,0.11534288623413184,5.786560747483073e-14,0.11534288623413184,0.0022319580014466952,0.17416433204343856,2.7694896977322038e-05,0.03566562832379302,0.028187081592549824,0.03634707796127358,0.02073590221579595,0.05291602465924271,0.08891141214744112,0.03844739742061847,0.04745350277992068,0.13159860360974623
2024-05-01,0.01,0.01,0.00021826966690153526,0.04940042389324383,0.00021826966690153526,0.04940042389324383,0.11216672832208446,0.05349270979274884,2.5444837540067318e-05,0.04083678061988071,0.38457391450994366,0.03907728589861257,0.29490411617973816,0.04195023090832044,5.786560747483073e-14,0.11534288623413184,5.786560747483073e-14,0.11534288623413184,0.0022319580014466952,0.17416433204343856,2.7694896977322038e-05,0.03566562832379302,0.028187081592549824,0.03634707796127358,0.02073590221579595,0.05291602465924271,0.08891141214744112,0.03844739742061847,0.04745350277992068,0.13159860360974623
2024-05-02,0.01,0.01,0.00021826966690153526,0.04940042389324383,0.00021826966690153526,0.04940042389324383,0.11216672832208446,0.05349270979274884,2.5444837540067318e-05,0.04083678061988071,0.38457391450994366,0.03907728589861257,0.29490411617973816,0.04195023090832044,5.786560747483073e-14,0.11534288623413184,5.786560747483073e-14,0.11534288623413184,0.0022319580014466952,0.17416433204343856,2.7694896977322038e-05,0.03566562832379302,0.028187081592549824,0.03634707796127358,0.02073590221579595,0.05291602465924271,0.08891141214744112,0.03844739742061847,0.04745350277992068,0.13159860360974623
2024-05-03,0.01,0.01,0.00021826966690153526,0.04940042389324383,0.00021826966690153526,0.04940042389324383,0.11216672832208446,0.05349270979274884,2.5444837540067318e-05,0.04083678061988071,0.38457391450994366,0.03907728589861257,0.29490411617973816,0.04195023090832044,5.786560747483073e-14,0.11534288623413184,5.786560747483073e-14,0.11534288623413184,0.0022319580014466952,0.17416433204343856,2.7694896977322038e-05,0.03566562832379302,0.028187081592549824,0.03634707796127358,0.02073590221579595,0.05291602465924271,0.08891141214744112,0.03844739742061847,0.04745350277992068,0.13159860360974623
2024-05-06,0.01,0.01,0.00021826966690153526,0.04940042389324383,0.00021826966690153526,0.04940042389324383,0.11216672832208446,0.05349270979274884,2.5444837540067318e-05,0.04083678061988071,0.38457391450994366,0.03907728589861257,0.29490411617973816,0.04195023090832044,5.786560747483073e-14,0.11534288623413184,5.786560747483073e-14,0.11534288623413184,0.0022319580014466952,0.17416433204343856,2.7694896977322038e-05,0.03566562832379302,0.028187081592549824,0.03634707796127358,0.02073590221579595,0.05291602465924271,0.08891141214744112,0.03844739742061847,0.04745350277992068,0.13159860360974623
2024-05-07,0.01,0.01,0.00021826966690153526,0.04940042389324383,0.00021826966690153526,0.04940042389324383,0.11216672832208446,0.05349270979274884,2.5444837540067318e-05,0.04083678061988071,0.38457391450994366,0.03907728589861257,0.29490411617973816,0.04195023090832044,5.786560747483073e-14,0.11534288623413184,5.786560747483073e-14,0.11534288623413184,0.0022319580014466952,0.17416433204343856,2.7694896977322038e-05,0.03566562832379302,0.028187081592549824,0.03634707796127358,0.02073590221579595,0.05291602465924271,0.08891141214744112,0.03844739742061847,0.04745350277992068,0.13159860360974623
2024-05-08,0.01,0.01,0.00021826966690153526,0.04940042389324383,0.00021826966690153526,0.04940042389324383,0.11216672832208446,0.05349270979274884,2.5444837540067318e-05,0.04083678061988071,0.38457391450994366,0.03907728589861257,0.29490411617973816,0.04195023090832044,5.786560747483073e-14,0.11534288623413184,5.786560747483073e-14,0.11534288623413184,0.0022319580014466952,0.17416433204343856,2.7694896977322038e-05,0.03566562832379302,0.028187081592549824,0.03634707796127358,0.02073590221579595,0.05291602465924271,0.08891141214744112,0.03844739742061847,0.04745350277992068,0.13159860360974623
2024-05-09,0.01,0.01,0.00021826966690153526,0.04940042389324383,0.00021826966690153526,0.04940042389324383,0.11216672832208446,0.05349270979274884,2.5444837540067318e-05,0.04083678061988071,0.38457391450994366,0.03907728589861257,0.29490411617973816,0.04195023090832044,5.786560747483073e-14,0.11534288623413184,5.786560747483073e-14,0.11534288623413184,0.0022319580014466952,0.17416433204343856,2.7694896977322038e-05,0.03566562832379302,0.028187081592549824,0.03634707796127358,0.02073590221579595,0.05291602465924271,0.08891141214744112,0.03844739742061847,0.04745350277992068,0.13159860360974623
2024-05-10,0.01,0.01,0.00021826966690153526,0.04940042389324383,0.00021826966690153526,0.04940042389324383,0.11216672832208446,0.05349270979274884,2.5444837540067318e-05,0.04083678061988071,0.38457391450994366,0.03907728589861257,0.29490411617973816,0.04195023090832044,5.786560747483073e-14,0.11534288623413184,5.786560747483073e-14,0.11534288623413184,0.0022319580014466952,0.17416433204343856,2.7694896977322038e-05,0.03566562832379302,0.028187081592549824,0.03634707796127358,0.02073590221579595,0.05291602465924271,0.08891141214744112,0.03844739742061847,0.04745350277992068,0.13159860360974623
2024-05-13,0.01,0.01,0.00021826966690153526,0.04940042389324383,0.00021826966690153526,0.04940042389324383,0.11216672832208446,0.05349270979274884,2.5444837540067318e-05,0.04083678061988071,0.38457391450994366,0.03907728589861257,0.29490411617973816,0.04195023090832044,5.786560747483073e-14,0.11534288623413184,5.786560747483073e-14,0.11534288623413184,0.0022319580014466952,0.17416433204343856,2.7694896977322038e-05,0.03566562832379302,0.028187081592549824,0.03634707796127358,0.02073590221579595,0.05291602465924271,0.08891141214744112,0.03844739742061847,0.04745350277992068,0.13159860360974623
2024-05-14,0.01,0.01,0.00021826966690153526,0.04940042389324383,0.00021826966690153526,0.04940042389324383,0.11216672832208446,0.05349270979274884,2.5444837540067318e-05,0.04083678061988071,0.38457391450994366,0.03907728589861257,0.29490411617973816,0.04195023090832044,5.786560747483073e-14,0.11534288623413184,5.786560747483073e-14,0.11534288623413184,0.0022319580014466952,0.17416433204343856,2.7694896977322038e-05,0.03566562832379302,0.028187081592549824,0.03634707796127358,0.02073590221579595,0.05291602465924271,0.08891141214744112,0.03844739742061847,0.04745350277992068,0.13159860360974623
2024-05-15,0.01,0.01,0.00021826966690153526,0.04940042389324383,0.00021826966690153526,0.04940042389324383,0.11216672832208446,0.05349270979274884,2.5444837540067318e-05,0.04083678061988071,0.38457391450994366,0.03907728589861257,0.29490411617973816,0.04195023090832044,5.786560747483073e-14,0.11534288623413184,5.786560747483073e-14,0.11534288623413184,0.0022319580014466952,0.17416433204343856,2.7694896977322038e-05,0.03566562832379302,0.028187081592549824,0.03634707796127358,0.02073590221579595,0.05291602465924271,0.08891141214744112,0.03844739742061847,0.04745350277992068,0.13159860360974623
2024-05-16,0.01,0.01,0.00021826966690153526,0.04940042389324383,0.00021826966690153526,0.04940042389324383,0.11216672832208446,0.05349270979274884,2.5444837540067318e-05,0.04083678061988071,0.38457391450994366,0.03907728589861257,0.29490411617973816,0.04195023090832044,5.786560747483073e-14,0.11534288623413184,5.786560747483073e-14,0.11534288623413184,0.0022319580014466952,0.17416433204343856,2.7694896977322038e-05,0.03566562832379302,0.028187081592549824,0.03634707796127358,0.02073590221579595,0.05291602465924271,0.08891141214744112,0.03844739742061847,0.04745350277992068,0.13159860360974623
2024-05-17,0.01,0.01,0.00021826966690153526,0.04940042389324383,0.00021826966690153526,0.04940042389324383,0.11216672832208446,0.05349270979274884,2.5444837540067318e-05,0.04083678061988071,0.38457391450994366,0.03907728589861257,0.29490411617973816,0.04195023090832044,5.786560747483073e-14,0.11534288623413184,5.786560747483073e-14,0.11534288623413184,0.0022319580014466952,0.17416433204343856,2.7694896977322038e-05,0.03566562832379302,0.028187081592549824,0.03634707796127358,0.02073590221579595,0.05291602465924271,0.08891141214744112,0.03844739742061847,0.04745350277992068,0.13159860360974623
2024-05-20,0.01,0.01,0.00021826966690153526,0.04940042389324383,0.00021826966690153526,0.04940042389324383,0.11216672832208446,0.05349270979274884,2.5444837540067318e-05,0.04083678061988071,0.38457391450994366,0.03907728589861257,0.29490411617973816,0.04195023090832044,5.786560747483073e-14,0.11534288623413184,5.786560747483073e-14,0.11534288623413184,0.0022319580014466952,0.17416433204343856,2.7694896977322038e-05,0.03566562832379302,0.028187081592549824,0.03634707796127358,0.02073590221579595,0.05291602465924271,0.08891141214744112,0.03844739742061847,0.04745350277992068,0.13159860360974623
2024-05-21,0.01,0.01,0.00021826966690153526,0.04940042389324383,0.00021826966690153526,0.04940042389324383,0.11216672832208446,0.05349270979274884,2.5444837540067318e-05,0.04083678061988071,0.38457391450994366,0.03907728589861257,0.29490411617973816,0.04195023090832044,5.786560747483073e-14,0.11534288623413184,5.786560747483073e-14,0.11534288623413184,0.0022319580014466952,0.17416433204343856,2.7694896977322038e-05,0.03566562832379302,0.028187081592549824,0.03634707796127358,0.02073590221579595,0.05291602465924271,0.08891141214744112,0.03844739742061847,0.04745350277992068,0.13159860360974623
2024-05-22,0.01,0.01,0.00021826966690153526,0.04940042389324383,0.00021826966690153526,0.04940042389324383,0.11216672832208446,0.05349270979274884,2.5444837540067318e-05,0.04083678061988071,0.38457391450994366,0.03907728589861257,0.29490411617973816,0.04195023090832044,5.786560747483073e-14,0.11534288623413184,5.786560747483073e-14,0.11534288623413184,0.0022319580014466952,0.17416433204343856,2.7694896977322038e-05,0.03566562832379302,0.028187081592549824,0.03634707796127358,0.02073590221579595,0.05291602465924271,0.08891141214744112,0.03844739742061847,0.04745350277992068,0.13159860360974623
2024-05-23,0.01,0.01,0.00021826966690153526,0.04940042389324383,0.00021826966690153526,0.04940042389324383,0.11216672832208446,0.05349270979274884,2.5444837540067318e-05,0.04083678061988071,0.38457391450994366,0.03907728589861257,0.29490411617973816,0.04195023090832044,5.786560747483073e-14,0.11534288623413184,5.786560747483073e-14,0.11534288623413184,0.0022319580014466952,0.17416433204343856,2.7694896977322038e-05,0.03566562832379302,0.028187081592549824,0.03634707796127358,0.02073590221579595,0.05291602465924271,0.08891141214744112,0.03844739742061847,0.04745350277992068,0.13159860360974623
2024-05-24,0.01,0.01,0.00021826966690153526,0.04940042389324383,0.00021826966690153526,0.04940042389324383,0.11216672832208446,0.05349270979274884,2.5444837540067318e-05,0.04083678061988071,0.38457391450994366,0.03907728589861257,0.29490411617973816,0.04195023090832044,5.786560747483073e-14,0.11534288623413184,5.786560747483073e-14,0.11534288623413184,0.0022319580014466952,0.17416433204343856,2.7694896977322038e-05,0.03566562832379302,0.028187081592549824,0.03634707796127358,0.02073590221579595,0.05291602465924271,0.08891141214744112,0.03844739742061847,0.04745350277992068,0.13159860360974623
2024-05-28,0.01,0.01,0.00021826966690153526,0.04940042389324383,0.00021826966690153526,0.04940042389324383,0.11216672832208446,0.05349270979274884,2.5444837540067318e-05,0.04083678061988071,0.38457391450994366,0.03907728589861257,0.29490411617973816,0.04195023090832044,5.786560747483073e-14,0.11534288623413184,5.786560747483073e-14,0.11534288623413184,0.0022319580014466952,0.17416433204343856,2.7694896977322038e-05,0.03566562832379302,0.028187081592549824,0.03634707796127358,0.02073590221579595,0.05291602465924271,0.08891141214744112,0.03844739742061847,0.04745350277992068,0.13159860360974623
2024-05-29,0.01,0.01,0.00021826966690153526,0.04940042389324383,0.00021826966690153526,0.04940042389324383,0.11216672832208446,0.05349270979274884,2.5444837540067318e-05,0.04083678061988071,0.38457391450994366,0.03907728589861257,0.29490411617973816,0.04195023090832044,5.786560747483073e-14,0.11534288623413184,5.786560747483073e-14,0.11534288623413184,0.0022319580014466952,0.17416433204343856,2.7694896977322038e-05,0.03566562832379302,0.028187081592549824,0.03634707796127358,0.02073590221579595,0.05291602465924271,0.08891141214744112,0.03844739742061847,0.04745350277992068,0.13159860360974623
2024-05-30,0.01,0.01,0.00021826966690153526,0.04940042389324383,0.00021826966690153526,0.04940042389324383,0.11216672832208446,0.05349270979274884,2.5444837540067318e-05,0.04083678061988071,0.38457391450994366,0.03907728589861257,0.29490411617973816,0.04195023090832044,5.786560747483073e-14,0.11534288623413184,5.786560747483073e-14,0.11534288623413184,0.0022319580014466952,0.17416433204343856,2.7694896977322038e-05,0.03566562832379302,0.028187081592549824,0.03634707796127358,0.02073590221579595,0.05291602465924271,0.08891141214744112,0.03844739742061847,0.04745350277992068,0.13159860360974623
2024-05-31,0.01,0.01,0.00021826966690153526,0.04940042389324383,0.00021826966690153526,0.04940042389324383,0.11216672832208446,0.05349270979274884,2.5444837540067318e-05,0.04083678061988071,0.38457391450994366,0.03907728589861257,0.29490411617973816,0.04195023090832044,5.786560747483073e-14,0.11534288623413184,5.786560747483073e-14,0.11534288623413184,0.0022319580014466952,0.17416433204343856,2.7694896977322038e-05,0.03566562832379302,0.028187081592549824,0.03634707796127358,0.02073590221579595,0.05291602465924271,0.08891141214744112,0.03844739742061847,0.04745350277992068,0.13159860360974623
2024-06-03,0.01,0.01,0.00021826966690153526,0.04940042389324383,0.00021826966690153526,0.04940042389324383,0.11216672832208446,0.05349270979274884,2.5444837540067318e-05,0.04083678061988071,0.38457391450994366,0.03907728589861257,0.29490411617973816,0.04195023090832044,5.786560747483073e-14,0.11534288623413184,5.786560747483073e-14,0.11534288623413184,0.0022319580014466952,0.17416433204343856,2.7694896977322038e-05,0.03566562832379302,0.028187081592549824,0.03634707796127358,0.02073590221579595,0.05291602465924271,0.08891141214744112,0.03844739742061847,0.04745350277992068,0.13159860360974623
2024-06-04,0.01,0.01,0.00021826966690153526,0.04940042389324383,0.00021826966690153526,0.04940042389324383,0.11216672832208446,0.05349270979274884,2.5444837540067318e-05,0.04083678061988071,0.38457391450994366,0.03907728589861257,0.29490411617973816,0.04195023090832044,5.786560747483073e-14,0.11534288623413184,5.786560747483073e-14,0.11534288623413184,0.0022319580014466952,0.17416433204343856,2.7694896977322038e-05,0.03566562832379302,0.028187081592549824,0.03634707796127358,0.02073590221579595,0.05291602465924271,0.08891141214744112,0.03844739742061847,0.04745350277992068,0.13159860360974623
2024-06-05,0.01,0.01,0.00021826966690153526,0.04940042389324383,0.00021826966690153526,0.04940042389324383,0.11216672832208446,0.05349270979274884,2.5444837540067318e-05,0.04083678061988071,0.38457391450994366,0.03907728589861257,0.29490411617973816,0.04195023090832044,5.786560747483073e-14,0.11534288623413184,5.786560747483073e-14,0.11534288623413184,0.0022319580014466952,0.17416433204343856,2.7694896977322038e-05,0.03566562832379302,0.028187081592549824,0.03634707796127358,0.02073590221579595,0.05291602465924271,0.08891141214744112,0.03844739742061847,0.04745350277992068,0.13159860360974623
2024-06-06,0.01,0.01,0.00021826966690153526,0.04940042389324383,0.00021826966690153526,0.04940042389324383,0.11216672832208446,0.05349270979274884,2.5444837540067318e-05,0.04083678061988071,0.38457391450994366,0.03907728589861257,0.29490411617973816,0.04195023090832044,5.786560747483073e-14,0.11534288623413184,5.786560747483073e-14,0.11534288623413184,0.0022319580014466952,0.17416433204343856,2.7694896977322038e-05,0.03566562832379302,0.028187081592549824,0.03634707796127358,0.02073590221579595,0.05291602465924271,0.08891141214744112,0.03844739742061847,0.04745350277992068,0.13159860360974623
2024-06-07,0.01,0.01,0.00021826966690153526,0.04940042389324383,0.00021826966690153526,0.04940042389324383,0.11216672832208446,0.05349270979274884,2.5444837540067318e-05,0.04083678061988071,0.38457391450994366,0.03907728589861257,0.29490411617973816,0.04195023090832044,5.786560747483073e-14,0.11534288623413184,5.786560747483073e-14,0.11534288623413184,0.0022319580014466952,0.17416433204343856,2.7694896977322038e-05,0.03566562832379302,0.028187081592549824,0.03634707796127358,0.02073590221579595,0.05291602465924271,0.08891141214744112,0.03844739742061847,0.04745350277992068,0.13159860360974623
2024-06-10,0.01,0.01,0.00021826966690153526,0.04940042389324383,0.00021826966690153526,0.04940042389324383,0.11216672832208446,0.05349270979274884,2.5444837540067318e-05,0.04083678061988071,0.38457391450994366,0.03907728589861257,0.29490411617973816,0.04195023090832044,5.786560747483073e-14,0.11534288623413184,5.786560747483073e-14,0.11534288623413184,0.0022319580014466952,0.17416433204343856,2.7694896977322038e-05,0.03566562832379302,0.028187081592549824,0.03634707796127358,0.02073590221579595,0.05291602465924271,0.08891141214744112,0.03844739742061847,0.04745350277992068,0.13159860360974623
2024-06-11,0.01,0.01,0.00021826966690153526,0.04940042389324383,0.00021826966690153526,0.04940042389324383,0.11216672832208446,0.05349270979274884,2.5444837540067318e-05,0.04083678061988071,0.38457391450994366,0.03907728589861257,0.29490411617973816,0.04195023090832044,5.786560747483073e-14,0.11534288623413184,5.786560747483073e-14,0.11534288623413184,0.0022319580014466952,0.17416433204343856,2.7694896977322038e-05,0.03566562832379302,0.028187081592549824,0.03634707796127358,0.02073590221579595,0.05291602465924271,0.08891141214744112,0.03844739742061847,0.04745350277992068,0.13159860360974623
2024-06-12,0.01,0.01,0.00021826966690153526,0.04940042389324383,0.00021826966690153526,0.04940042389324383,0.11216672832208446,0.05349270979274884,2.5444837540067318e-05,0.04083678061988071,0.38457391450994366,0.03907728589861257,0.29490411617973816,0.04195023090832044,5.786560747483073e-14,0.11534288623413184,5.786560747483073e-14,0.11534288623413184,0.0022319580014466952,0.17416433204343856,2.7694896977322038e-05,0.03566562832379302,0.028187081592549824,0.03634707796127358,0.02073590221579595,0.05291602465924271,0.08891141214744112,0.03844739742061847,0.04745350277992068,0.13159860360974623
2024-06-13,0.01,0.01,0.00021826966690153526,0.04940042389324383,0.00021826966690153526,0.04940042389324383,0.11216672832208446,0.05349270979274884,2.5444837540067318e-05,0.04083678061988071,0.38457391450994366,0.03907728589861257,0.29490411617973816,0.04195023090832044,5.786560747483073e-14,0.11534288623413184,5.786560747483073e-14,0.11534288623413184,0.0022319580014466952,0.17416433204343856,2.7694896977322038e-05,0.03566562832379302,0.028187081592549824,0.03634707796127358,0.02073590221579595,0.05291602465924271,0.08891141214744112,0.03844739742061847,0.04745350277992068,0.13159860360974623
2024-06-14,0.01,0.01,0.00021826966690153526,0.04940042389324383,0.00021826966690153526,0.04940042389324383,0.11216672832208446,0.05349270979274884,2.5444837540067318e-05,0.04083678061988071,0.38457391450994366,0.03907728589861257,0.29490411617973816,0.04195023090832044,5.786560747483073e-14,0.11534288623413184,5.786560747483073e-14,0.11534288623413184,0.0022319580014466952,0.17416433204343856,2.7694896977322038e-05,0.03566562832379302,0.028187081592549824,0.03634707796127358,0.02073590221579595,0.05291602465924271,0.08891141214744112,0.03844739742061847,0.04745350277992068,0.13159860360974623
2024-06-17,0.01,0.01,0.00021826966690153526,0.04940042389324383,0.00021826966690153526,0.04940042389324383,0.11216672832208446,0.05349270979274884,2.5444837540067318e-05,0.04083678061988071,0.38457391450994366,0.03907728589861257,0.29490411617973816,0.04195023090832044,5.786560747483073e-14,0.11534288623413184,5.786560747483073e-14,0.11534288623413184,0.0022319580014466952,0.17416433204343856,2.7694896977322038e-05,0.03566562832379302,0.028187081592549824,0.03634707796127358,0.02073590221579595,0.05291602465924271,0.08891141214744112,0.03844739742061847,0.04745350277992068,0.13159860360974623
2024-06-18,0.01,0.01,0.00021826966690153526,0.04940042389324383,0.00021826966690153526,0.04940042389324383,0.11216672832208446,0.05349270979274884,2.5444837540067318e-05,0.04083678061988071,0.38457391450994366,0.03907728589861257,0.29490411617973816,0.04195023090832044,5.786560747483073e-14,0.11534288623413184,5.786560747483073e-14,0.11534288623413184,0.0022319580014466952,0.17416433204343856,2.7694896977322038e-05,0.03566562832379302,0.028187081592549824,0.03634707796127358,0.02073590221579595,0.05291602465924271,0.08891141214744112,0.03844739742061847,0.04745350277992068,0.13159860360974623
2024-06-20,0.01,0.01,0.00021826966690153526,0.04940042389324383,0.00021826966690153526,0.04940042389324383,0.11216672832208446,0.05349270979274884,2.5444837540067318e-05,0.04083678061988071,0.38457391450994366,0.03907728589861257,0.29490411617973816,0.04195023090832044,5.786560747483073e-14,0.11534288623413184,5.786560747483073e-14,0.11534288623413184,0.0022319580014466952,0.17416433204343856,2.7694896977322038e-05,0.03566562832379302,0.028187081592549824,0.03634707796127358,0.02073590221579595,0.05291602465924271,0.08891141214744112,0.03844739742061847,0.04745350277992068,0.13159860360974623
2024-06-21,0.01,0.01,0.00021826966690153526,0.04940042389324383,0.00021826966690153526,0.04940042389324383,0.11216672832208446,0.05349270979274884,2.5444837540067318e-05,0.04083678061988071,0.38457391450994366,0.03907728589861257,0.29490411617973816,0.04195023090832044,5.786560747483073e-14,0.11534288623413184,5.786560747483073e-14,0.11534288623413184,0.0022319580014466952,0.17416433204343856,2.7694896977322038e-05,0.03566562832379302,0.028187081592549824,0.03634707796127358,0.02073590221579595,0.05291602465924271,0.08891141214744112,0.03844739742061847,0.04745350277992068,0.13159860360974623
2024-06-24,0.01,0.01,0.00021826966690153526,0.04940042389324383,0.00021826966690153526,0.04940042389324383,0.11216672832208446,0.05349270979274884,2.5444837540067318e-05,0.04083678061988071,0.38457391450994366,0.03907728589861257,0.29490411617973816,0.04195023090832044,5.786560747483073e-14,0.11534288623413184,5.786560747483073e-14,0.11534288623413184,0.0022319580014466952,0.17416433204343856,2.7694896977322038e-05,0.03566562832379302,0.028187081592549824,0.03634707796127358,0.02073590221579595,0.05291602465924271,0.08891141214744112,0.03844739742061847,0.04745350277992068,0.13159860360974623
2024-06-25,0.01,0.01,0.00021826966690153526,0.04940042389324383,0.00021826966690153526,0.04940042389324383,0.11216672832208446,0.05349270979274884,2.5444837540067318e-05,0.04083678061988071,0.38457391450994366,0.03907728589861257,0.29490411617973816,0.04195023090832044,5.786560747483073e-14,0.11534288623413184,5.786560747483073e-14,0.11534288623413184,0.0022319580014466952,0.17416433204343856,2.7694896977322038e-05,0.03566562832379302,0.028187081592549824,0.03634707796127358,0.02073590221579595,0.05291602465924271,0.08891141214744112,0.03844739742061847,0.04745350277992068,0.13159860360974623
2024-06-26,0.01,0.01,0.00021826966690153526,0.04940042389324383,0.00021826966690153526,0.04940042389324383,0.11216672832208446,0.05349270979274884,2.5444837540067318e-05,0.04083678061988071,0.38457391450994366,0.03907728589861257,0.29490411617973816,0.04195023090832044,5.786560747483073e-14,0.11534288623413184,5.786560747483073e-14,0.11534288623413184,0.0022319580014466952,0.17416433204343856,2.7694896977322038e-05,0.03566562832379302,0.028187081592549824,0.03634707796127358,0.02073590221579595,0.05291602465924271,0.08891141214744112,0.03844739742061847,0.04745350277992068,0.13159860360974623
2024-06-27,0.01,0.01,0.00021826966690153526,0.04940042389324383,0.00021826966690153526,0.04940042389324383,0.11216672832208446,0.05349270979274884,2.5444837540067318e-05,0.04083678061988071,0.38457391450994366,0.03907728589861257,0.29490411617973816,0.04195023090832044,5.786560747483073e-14,0.11534288623413184,5.786560747483073e-14,0.11534288623413184,0.0022319580014466952,0.17416433204343856,2.7694896977322038e-05,0.03566562832379302,0.028187081592549824,0.03634707796127358,0.02073590221579595,0.05291602465924271,0.08891141214744112,0.03844739742061847,0.04745350277992068,0.13159860360974623
2024-06-28,0.01,0.01,0.00021826966690153526,0.04940042389324383,0.00021826966690153526,0.04940042389324383,0.11216672832208446,0.05349270979274884,2.5444837540067318e-05,0.04083678061988071,0.38457391450994366,0.03907728589861257,0.29490411617973816,0.04195023090832044,5.786560747483073e-14,0.11534288623413184,5.786560747483073e-14,0.11534288623413184,0.0022319580014466952,0.17416433204343856,2.7694896977322038e-05,0.03566562832379302,0.028187081592549824,0.03634707796127358,0.02073590221579595,0.05291602465924271,0.08891141214744112,0.03844739742061847,0.04745350277992068,0.13159860360974623
2024-07-01,0.01,0.01,0.00021826966690153526,0.04940042389324383,0.00021826966690153526,0.04940042389324383,0.11216672832208446,0.05349270979274884,2.5444837540067318e-05,0.04083678061988071,0.38457391450994366,0.03907728589861257,0.29490411617973816,0.04195023090832044,5.786560747483073e-14,0.11534288623413184,5.786560747483073e-14,0.11534288623413184,0.0022319580014466952,0.17416433204343856,2.7694896977322038e-05,0.03566562832379302,0.028187081592549824,0.03634707796127358,0.02073590221579595,0.05291602465924271,0.08891141214744112,0.03844739742061847,0.04745350277992068,0.13159860360974623
2024-07-02,0.01,0.01,0.00021826966690153526,0.04940042389324383,0.00021826966690153526,0.04940042389324383,0.11216672832208446,0.05349270979274884,2.5444837540067318e-05,0.04083678061988071,0.38457391450994366,0.03907728589861257,0.29490411617973816,0.04195023090832044,5.786560747483073e-14,0.11534288623413184,5.786560747483073e-14,0.11534288623413184,0.0022319580014466952,0.17416433204343856,2.7694896977322038e-05,0.03566562832379302,0.028187081592549824,0.03634707796127358,0.02073590221579595,0.05291602465924271,0.08891141214744112,0.03844739742061847,0.04745350277992068,0.13159860360974623
2024-07-03,0.01,0.01,0.00021826966690153526,0.04940042389324383,0.00021826966690153526,0.04940042389324383,0.11216672832208446,0.05349270979274884,2.5444837540067318e-05,0.04083678061988071,0.38457391450994366,0.03907728589861257,0.29490411617973816,0.04195023090832044,5.786560747483073e-14,0.11534288623413184,5.786560747483073e-14,0.11534288623413184,0.0022319580014466952,0.17416433204343856,2.7694896977322038e-05,0.03566562832379302,0.028187081592549824,0.03634707796127358,0.02073590221579595,0.05291602465924271,0.08891141214744112,0.03844739742061847,0.04745350277992068,0.13159860360974623
2024-07-05,0.01,0.01,0.00021826966690153526,0.04940042389324383,0.00021826966690153526,0.04940042389324383,0.11216672832208446,0.05349270979274884,2.5444837540067318e-05,0.04083678061988071,0.38457391450994366,0.03907728589861257,0.29490411617973816,0.04195023090832044,5.786560747483073e-14,0.11534288623413184,5.786560747483073e-14,0.11534288623413184,0.0022319580014466952,0.17416433204343856,2.7694896977322038e-05,0.03566562832379302,0.028187081592549824,0.03634707796127358,0.02073590221579595,0.05291602465924271,0.08891141214744112,0.03844739742061847,0.04745350277992068,0.13159860360974623
2024-07-08,0.01,0.01,0.00021826966690153526,0.04940042389324383,0.00021826966690153526,0.04940042389324383,0.11216672832208446,0.05349270979274884,2.5444837540067318e-05,0.04083678061988071,0.38457391450994366,0.03907728589861257,0.29490411617973816,0.04195023090832044,5.786560747483073e-14,0.11534288623413184,5.786560747483073e-14,0.11534288623413184,0.0022319580014466952,0.17416433204343856,2.7694896977322038e-05,0.03566562832379302,0.028187081592549824,0.03634707796127358,0.02073590221579595,0.05291602465924271,0.08891141214744112,0.03844739742061847,0.04745350277992068,0.13159860360974623
2024-07-09,0.01,0.01,0.00021826966690153526,0.04940042389324383,0.00021826966690153526,0.04940042389324383,0.11216672832208446,0.05349270979274884,2.5444837540067318e-05,0.04083678061988071,0.38457391450994366,0.03907728589861257,0.29490411617973816,0.04195023090832044,5.786560747483073e-14,0.11534288623413184,5.786560747483073e-14,0.11534288623413184,0.0022319580014466952,0.17416433204343856,2.7694896977322038e-05,0.03566562832379302,0.028187081592549824,0.03634707796127358,0.02073590221579595,0.05291602465924271,0.08891141214744112,0.03844739742061847,0.04745350277992068,0.13159860360974623
2024-07-10,0.01,0.01,0.00021826966690153526,0.04940042389324383,0.00021826966690153526,0.04940042389324383,0.11216672832208446,0.05349270979274884,2.5444837540067318e-05,0.04083678061988071,0.38457391450994366,0.03907728589861257,0.29490411617973816,0.04195023090832044,5.786560747483073e-14,0.11534288623413184,5.786560747483073e-14,0.11534288623413184,0.0022319580014466952,0.17416433204343856,2.7694896977322038e-05,0.03566562832379302,0.028187081592549824,0.03634707796127358,0.02073590221579595,0.05291602465924271,0.08891141214744112,0.03844739742061847,0.04745350277992068,0.13159860360974623
2024-07-11,0.01,0.01,0.00021826966690153526,0.04940042389324383,0.00021826966690153526,0.04940042389324383,0.11216672832208446,0.05349270979274884,2.5444837540067318e-05,0.04083678061988071,0.38457391450994366,0.03907728589861257,0.29490411617973816,0.04195023090832044,5.786560747483073e-14,0.11534288623413184,5.786560747483073e-14,0.11534288623413184,0.0022319580014466952,0.17416433204343856,2.7694896977322038e-05,0.03566562832379302,0.028187081592549824,0.03634707796127358,0.02073590221579595,0.05291602465924271,0.08891141214744112,0.03844739742061847,0.04745350277992068,0.13159860360974623
2024-07-12,0.01,0.01,0.00021826966690153526,0.04940042389324383,0.00021826966690153526,0.04940042389324383,0.11216672832208446,0.05349270979274884,2.5444837540067318e-05,0.04083678061988071,0.38457391450994366,0.03907728589861257,0.29490411617973816,0.04195023090832044,5.786560747483073e-14,0.11534288623413184,5.786560747483073e-14,0.11534288623413184,0.0022319580014466952,0.17416433204343856,2.7694896977322038e-05,0.03566562832379302,0.028187081592549824,0.03634707796127358,0.02073590221579595,0.05291602465924271,0.08891141214744112,0.03844739742061847,0.04745350277992068,0.13159860360974623
2024-07-15,0.01,0.01,0.00021826966690153526,0.04940042389324383,0.00021826966690153526,0.04940042389324383,0.11216672832208446,0.05349270979274884,2.5444837540067318e-05,0.04083678061988071,0.38457391450994366,0.03907728589861257,0.29490411617973816,0.04195023090832044,5.786560747483073e-14,0.11534288623413184,5.786560747483073e-14,0.11534288623413184,0.0022319580014466952,0.17416433204343856,2.7694896977322038e-05,0.03566562832379302,0.028187081592549824,0.03634707796127358,0.02073590221579595,0.05291602465924271,0.08891141214744112,0.03844739742061847,0.04745350277992068,0.13159860360974623
2024-07-16,0.01,0.01,0.00021826966690153526,0.04940042389324383,0.00021826966690153526,0.04940042389324383,0.11216672832208446,0.05349270979274884,2.5444837540067318e-05,0.04083678061988071,0.38457391450994366,0.03907728589861257,0.29490411617973816,0.04195023090832044,5.786560747483073e-14,0.11534288623413184,5.786560747483073e-14,0.11534288623413184,0.0022319580014466952,0.17416433204343856,2.7694896977322038e-05,0.03566562832379302,0.028187081592549824,0.03634707796127358,0.02073590221579595,0.05291602465924271,0.08891141214744112,0.03844739742061847,0.04745350277992068,0.13159860360974623
2024-07-17,0.01,0.01,0.00021826966690153526,0.04940042389324383,0.00021826966690153526,0.04940042389324383,0.11216672832208446,0.05349270979274884,2.5444837540067318e-05,0.04083678061988071,0.38457391450994366,0.03907728589861257,0.29490411617973816,0.04195023090832044,5.786560747483073e-14,0.11534288623413184,5.786560747483073e-14,0.11534288623413184,0.0022319580014466952,0.17416433204343856,2.7694896977322038e-05,0.03566562832379302,0.028187081592549824,0.03634707796127358,0.02073590221579595,0.05291602465924271,0.08891141214744112,0.03844739742061847,0.04745350277992068,0.13159860360974623
2024-07-18,0.01,0.01,0.00021826966690153526,0.04940042389324383,0.00021826966690153526,0.04940042389324383,0.11216672832208446,0.05349270979274884,2.5444837540067318e-05,0.04083678061988071,0.38457391450994366,0.03907728589861257,0.29490411617973816,0.04195023090832044,5.786560747483073e-14,0.11534288623413184,5.786560747483073e-14,0.11534288623413184,0.0022319580014466952,0.17416433204343856,2.7694896977322038e-05,0.03566562832379302,0.028187081592549824,0.03634707796127358,0.02073590221579595,0.05291602465924271,0.08891141214744112,0.03844739742061847,0.04745350277992068,0.13159860360974623
2024-07-19,0.01,0.01,0.00021826966690153526,0.04940042389324383,0.00021826966690153526,0.04940042389324383,0.11216672832208446,0.05349270979274884,2.5444837540067318e-05,0.04083678061988071,0.38457391450994366,0.03907728589861257,0.29490411617973816,0.04195023090832044,5.786560747483073e-14,0.11534288623413184,5.786560747483073e-14,0.11534288623413184,0.0022319580014466952,0.17416433204343856,2.7694896977322038e-05,0.03566562832379302,0.028187081592549824,0.03634707796127358,0.02073590221579595,0.05291602465924271,0.08891141214744112,0.03844739742061847,0.04745350277992068,0.13159860360974623
2024-07-22,0.01,0.01,0.00021826966690153526,0.04940042389324383,0.00021826966690153526,0.04940042389324383,0.11216672832208446,0.05349270979274884,2.5444837540067318e-05,0.04083678061988071,0.38457391450994366,0.03907728589861257,0.29490411617973816,0.04195023090832044,5.786560747483073e-14,0.11534288623413184,5.786560747483073e-14,0.11534288623413184,0.0022319580014466952,0.17416433204343856,2.7694896977322038e-05,0.03566562832379302,0.028187081592549824,0.03634707796127358,0.02073590221579595,0.05291602465924271,0.08891141214744112,0.03844739742061847,0.04745350277992068,0.13159860360974623
2024-07-23,0.01,0.01,0.00021826966690153526,0.04940042389324383,0.00021826966690153526,0.04940042389324383,0.11216672832208446,0.05349270979274884,2.5444837540067318e-05,0.04083678061988071,0.38457391450994366,0.03907728589861257,0.29490411617973816,0.04195023090832044,5.786560747483073e-14,0.11534288623413184,5.786560747483073e-14,0.11534288623413184,0.0022319580014466952,0.17416433204343856,2.7694896977322038e-05,0.03566562832379302,0.028187081592549824,0.03634707796127358,0.02073590221579595,0.05291602465924271,0.08891141214744112,0.03844739742061847,0.04745350277992068,0.13159860360974623
2024-07-24,0.01,0.01,0.00021826966690153526,0.04940042389324383,0.00021826966690153526,0.04940042389324383,0.11216672832208446,0.05349270979274884,2.5444837540067318e-05,0.04083678061988071,0.38457391450994366,0.03907728589861257,0.29490411617973816,0.04195023090832044,5.786560747483073e-14,0.11534288623413184,5.786560747483073e-14,0.11534288623413184,0.0022319580014466952,0.17416433204343856,2.7694896977322038e-05,0.03566562832379302,0.028187081592549824,0.03634707796127358,0.02073590221579595,0.05291602465924271,0.08891141214744112,0.03844739742061847,0.04745350277992068,0.13159860360974623
2024-07-25,0.01,0.01,0.00021826966690153526,0.04940042389324383,0.00021826966690153526,0.04940042389324383,0.11216672832208446,0.05349270979274884,2.5444837540067318e-05,0.04083678061988071,0.38457391450994366,0.03907728589861257,0.29490411617973816,0.04195023090832044,5.786560747483073e-14,0.11534288623413184,5.786560747483073e-14,0.11534288623413184,0.0022319580014466952,0.17416433204343856,2.7694896977322038e-05,0.03566562832379302,0.028187081592549824,0.03634707796127358,0.02073590221579595,0.05291602465924271,0.08891141214744112,0.03844739742061847,0.04745350277992068,0.13159860360974623
2024-07-26,0.01,0.01,0.00021826966690153526,0.04940042389324383,0.00021826966690153526,0.04940042389324383,0.11216672832208446,0.05349270979274884,2.5444837540067318e-05,0.04083678061988071,0.38457391450994366,0.03907728589861257,0.29490411617973816,0.04195023090832044,5.786560747483073e-14,0.11534288623413184,5.786560747483073e-14,0.11534288623413184,0.0022319580014466952,0.17416433204343856,2.7694896977322038e-05,0.03566562832379302,0.028187081592549824,0.03634707796127358,0.02073590221579595,0.05291602465924271,0.08891141214744112,0.03844739742061847,0.04745350277992068,0.13159860360974623
2024-07-29,0.01,0.01,0.00021826966690153526,0.04940042389324383,0.00021826966690153526,0.04940042389324383,0.11216672832208446,0.05349270979274884,2.5444837540067318e-05,0.04083678061988071,0.38457391450994366,0.03907728589861257,0.29490411617973816,0.04195023090832044,5.786560747483073e-14,0.11534288623413184,5.786560747483073e-14,0.11534288623413184,0.0022319580014466952,0.17416433204343856,2.7694896977322038e-05,0.03566562832379302,0.028187081592549824,0.03634707796127358,0.02073590221579595,0.05291602465924271,0.08891141214744112,0.03844739742061847,0.04745350277992068,0.13159860360974623
2024-07-30,0.01,0.01,0.00021826966690153526,0.04940042389324383,0.00021826966690153526,0.04940042389324383,0.11216672832208446,0.05349270979274884,2.5444837540067318e-05,0.04083678061988071,0.38457391450994366,0.03907728589861257,0.29490411617973816,0.04195023090832044,5.786560747483073e-14,0.11534288623413184,5.786560747483073e-14,0.11534288623413184,0.0022319580014466952,0.17416433204343856,2.7694896977322038e-05,0.03566562832379302,0.028187081592549824,0.03634707796127358,0.02073590221579595,0.05291602465924271,0.08891141214744112,0.03844739742061847,0.04745350277992068,0.13159860360974623
2024-07-31,0.01,0.01,0.00021826966690153526,0.04940042389324383,0.00021826966690153526,0.04940042389324383,0.11216672832208446,0.05349270979274884,2.5444837540067318e-05,0.04083678061988071,0.38457391450994366,0.03907728589861257,0.29490411617973816,0.04195023090832044,5.786560747483073e-14,0.11534288623413184,5.786560747483073e-14,0.11534288623413184,0.0022319580014466952,0.17416433204343856,2.7694896977322038e-05,0.03566562832379302,0.028187081592549824,0.03634707796127358,0.02073590221579595,0.05291602465924271,0.08891141214744112,0.03844739742061847,0.04745350277992068,0.13159860360974623
2024-08-01,0.01,0.01,0.00021826966690153526,0.04940042389324383,0.00021826966690153526,0.04940042389324383,0.11216672832208446,0.05349270979274884,2.5444837540067318e-05,0.04083678061988071,0.38457391450994366,0.03907728589861257,0.29490411617973816,0.04195023090832044,5.786560747483073e-14,0.11534288623413184,5.786560747483073e-14,0.11534288623413184,0.0022319580014466952,0.17416433204343856,2.7694896977322038e-05,0.03566562832379302,0.028187081592549824,0.03634707796127358,0.02073590221579595,0.05291602465924271,0.08891141214744112,0.03844739742061847,0.04745350277992068,0.13159860360974623
2024-08-02,0.01,0.01,0.00021826966690153526,0.04940042389324383,0.00021826966690153526,0.04940042389324383,0.11216672832208446,0.05349270979274884,2.5444837540067318e-05,0.04083678061988071,0.38457391450994366,0.03907728589861257,0.29490411617973816,0.04195023090832044,5.786560747483073e-14,0.11534288623413184,5.786560747483073e-14,0.11534288623413184,0.0022319580014466952,0.17416433204343856,2.7694896977322038e-05,0.03566562832379302,0.028187081592549824,0.03634707796127358,0.02073590221579595,0.05291602465924271,0.08891141214744112,0.03844739742061847,0.04745350277992068,0.13159860360974623
2024-08-05,0.01,0.01,0.00021826966690153526,0.04940042389324383,0.00021826966690153526,0.04940042389324383,0.11216672832208446,0.05349270979274884,2.5444837540067318e-05,0.04083678061988071,0.38457391450994366,0.03907728589861257,0.29490411617973816,0.04195023090832044,5.786560747483073e-14,0.11534288623413184,5.786560747483073e-14,0.11534288623413184,0.0022319580014466952,0.17416433204343856,2.7694896977322038e-05,0.03566562832379302,0.028187081592549824,0.03634707796127358,0.02073590221579595,0.05291602465924271,0.08891141214744112,0.03844739742061847,0.04745350277992068,0.13159860360974623
2024-08-06,0.01,0.01,0.00021826966690153526,0.04940042389324383,0.00021826966690153526,0.04940042389324383,0.11216672832208446,0.05349270979274884,2.5444837540067318e-05,0.04083678061988071,0.38457391450994366,0.03907728589861257,0.29490411617973816,0.04195023090832044,5.786560747483073e-14,0.11534288623413184,5.786560747483073e-14,0.11534288623413184,0.0022319580014466952,0.17416433204343856,2.7694896977322038e-05,0.03566562832379302,0.028187081592549824,0.03634707796127358,0.02073590221579595,0.05291602465924271,0.08891141214744112,0.03844739742061847,0.04745350277992068,0.13159860360974623
2024-08-07,0.01,0.01,0.00021826966690153526,0.04940042389324383,0.00021826966690153526,0.04940042389324383,0.11216672832208446,0.05349270979274884,2.5444837540067318e-05,0.04083678061988071,0.38457391450994366,0.03907728589861257,0.29490411617973816,0.04195023090832044,5.786560747483073e-14,0.11534288623413184,5.786560747483073e-14,0.11534288623413184,0.0022319580014466952,0.17416433204343856,2.7694896977322038e-05,0.03566562832379302,0.028187081592549824,0.03634707796127358,0.02073590221579595,0.05291602465924271,0.08891141214744112,0.03844739742061847,0.04745350277992068,0.13159860360974623
2024-08-08,0.01,0.01,0.00021826966690153526,0.04940042389324383,0.00021826966690153526,0.04940042389324383,0.11216672832208446,0.05349270979274884,2.5444837540067318e-05,0.04083678061988071,0.38457391450994366,0.03907728589861257,0.29490411617973816,0.04195023090832044,5.786560747483073e-14,0.11534288623413184,5.786560747483073e-14,0.11534288623413184,0.0022319580014466952,0.17416433204343856,2.7694896977322038e-05,0.03566562832379302,0.028187081592549824,0.03634707796127358,0.02073590221579595,0.05291602465924271,0.08891141214744112,0.03844739742061847,0.04745350277992068,0.13159860360974623
2024-08-09,0.01,0.01,0.00021826966690153526,0.04940042389324383,0.00021826966690153526,0.04940042389324383,0.11216672832208446,0.05349270979274884,2.5444837540067318e-05,0.04083678061988071,0.38457391450994366,0.03907728589861257,0.29490411617973816,0.04195023090832044,5.786560747483073e-14,0.11534288623413184,5.786560747483073e-14,0.11534288623413184,0.0022319580014466952,0.17416433204343856,2.7694896977322038e-05,0.03566562832379302,0.028187081592549824,0.03634707796127358,0.02073590221579595,0.05291602465924271,0.08891141214744112,0.03844739742061847,0.04745350277992068,0.13159860360974623
2024-08-12,0.01,0.01,0.00021826966690153526,0.04940042389324383,0.00021826966690153526,0.04940042389324383,0.11216672832208446,0.05349270979274884,2.5444837540067318e-05,0.04083678061988071,0.38457391450994366,0.03907728589861257,0.29490411617973816,0.04195023090832044,5.786560747483073e-14,0.11534288623413184,5.786560747483073e-14,0.11534288623413184,0.0022319580014466952,0.17416433204343856,2.7694896977322038e-05,0.03566562832379302,0.028187081592549824,0.03634707796127358,0.02073590221579595,0.05291602465924271,0.08891141214744112,0.03844739742061847,0.04745350277992068,0.13159860360974623
2024-08-13,0.01,0.01,0.00021826966690153526,0.04940042389324383,0.00021826966690153526,0.04940042389324383,0.11216672832208446,0.05349270979274884,2.5444837540067318e-05,0.04083678061988071,0.38457391450994366,0.03907728589861257,0.29490411617973816,0.04195023090832044,5.786560747483073e-14,0.11534288623413184,5.786560747483073e-14,0.11534288623413184,0.0022319580014466952,0.17416433204343856,2.7694896977322038e-05,0.03566562832379302,0.028187081592549824,0.03634707796127358,0.02073590221579595,0.05291602465924271,0.08891141214744112,0.03844739742061847,0.04745350277992068,0.13159860360974623
2024-08-14,0.01,0.01,0.00021826966690153526,0.04940042389324383,0.00021826966690153526,0.04940042389324383,0.11216672832208446,0.05349270979274884,2.5444837540067318e-05,0.04083678061988071,0.38457391450994366,0.03907728589861257,0.29490411617973816,0.04195023090832044,5.786560747483073e-14,0.11534288623413184,5.786560747483073e-14,0.11534288623413184,0.0022319580014466952,0.17416433204343856,2.7694896977322038e-05,0.03566562832379302,0.028187081592549824,0.03634707796127358,0.02073590221579595,0.05291602465924271,0.08891141214744112,0.03844739742061847,0.04745350277992068,0.13159860360974623
2024-08-15,0.01,0.01,0.00021826966690153526,0.04940042389324383,0.00021826966690153526,0.04940042389324383,0.11216672832208446,0.05349270979274884,2.5444837540067318e-05,0.04083678061988071,0.38457391450994366,0.03907728589861257,0.29490411617973816,0.04195023090832044,5.786560747483073e-14,0.11534288623413184,5.786560747483073e-14,0.11534288623413184,0.0022319580014466952,0.17416433204343856,2.7694896977322038e-05,0.03566562832379302,0.028187081592549824,0.03634707796127358,0.02073590221579595,0.05291602465924271,0.08891141214744112,0.03844739742061847,0.04745350277992068,0.13159860360974623
2024-08-16,0.01,0.01,0.00021826966690153526,0.04940042389324383,0.00021826966690153526,0.04940042389324383,0.11216672832208446,0.05349270979274884,2.5444837540067318e-05,0.04083678061988071,0.38457391450994366,0.03907728589861257,0.29490411617973816,0.04195023090832044,5.786560747483073e-14,0.11534288623413184,5.786560747483073e-14,0.11534288623413184,0.0022319580014466952,0.17416433204343856,2.7694896977322038e-05,0.03566562832379302,0.028187081592549824,0.03634707796127358,0.02073590221579595,0.05291602465924271,0.08891141214744112,0.03844739742061847,0.04745350277992068,0.13159860360974623
2024-08-19,0.01,0.01,0.00021826966690153526,0.04940042389324383,0.00021826966690153526,0.04940042389324383,0.11216672832208446,0.05349270979274884,2.5444837540067318e-05,0.04083678061988071,0.38457391450994366,0.03907728589861257,0.29490411617973816,0.04195023090832044,5.786560747483073e-14,0.11534288623413184,5.786560747483073e-14,0.11534288623413184,0.0022319580014466952,0.17416433204343856,2.7694896977322038e-05,0.03566562832379302,0.028187081592549824,0.03634707796127358,0.02073590221579595,0.05291602465924271,0.08891141214744112,0.03844739742061847,0.04745350277992068,0.13159860360974623
2024-08-20,0.01,0.01,0.00021826966690153526,0.04940042389324383,0.00021826966690153526,0.04940042389324383,0.11216672832208446,0.05349270979274884,2.5444837540067318e-05,0.04083678061988071,0.38457391450994366,0.03907728589861257,0.29490411617973816,0.04195023090832044,5.786560747483073e-14,0.11534288623413184,5.786560747483073e-14,0.11534288623413184,0.0022319580014466952,0.17416433204343856,2.7694896977322038e-05,0.03566562832379302,0.028187081592549824,0.03634707796127358,0.02073590221579595,0.05291602465924271,0.08891141214744112,0.03844739742061847,0.04745350277992068,0.13159860360974623
2024-08-21,0.01,0.01,0.00021826966690153526,0.04940042389324383,0.00021826966690153526,0.04940042389324383,0.11216672832208446,0.05349270979274884,2.5444837540067318e-05,0.04083678061988071,0.38457391450994366,0.03907728589861257,0.29490411617973816,0.04195023090832044,5.786560747483073e-14,0.11534288623413184,5.786560747483073e-14,0.11534288623413184,0.0022319580014466952,0.17416433204343856,2.7694896977322038e-05,0.03566562832379302,0.028187081592549824,0.03634707796127358,0.02073590221579595,0.05291602465924271,0.08891141214744112,0.03844739742061847,0.04745350277992068,0.13159860360974623
2024-08-22,0.01,0.01,0.00021826966690153526,0.04940042389324383,0.00021826966690153526,0.04940042389324383,0.11216672832208446,0.05349270979274884,2.5444837540067318e-05,0.04083678061988071,0.38457391450994366,0.03907728589861257,0.29490411617973816,0.04195023090832044,5.786560747483073e-14,0.11534288623413184,5.786560747483073e-14,0.11534288623413184,0.0022319580014466952,0.17416433204343856,2.7694896977322038e-05,0.03566562832379302,0.028187081592549824,0.03634707796127358,0.02073590221579595,0.05291602465924271,0.08891141214744112,0.03844739742061847,0.04745350277992068,0.13159860360974623
2024-08-23,0.01,0.01,0.00021826966690153526,0.04940042389324383,0.00021826966690153526,0.04940042389324383,0.11216672832208446,0.05349270979274884,2.5444837540067318e-05,0.04083678061988071,0.38457391450994366,0.03907728589861257,0.29490411617973816,0.04195023090832044,5.786560747483073e-14,0.11534288623413184,5.786560747483073e-14,0.11534288623413184,0.0022319580014466952,0.17416433204343856,2.7694896977322038e-05,0.03566562832379302,0.028187081592549824,0.03634707796127358,0.02073590221579595,0.05291602465924271,0.08891141214744112,0.03844739742061847,0.04745350277992068,0.13159860360974623
2024-08-26,0.01,0.01,0.00021826966690153526,0.04940042389324383,0.00021826966690153526,0.04940042389324383,0.11216672832208446,0.05349270979274884,2.5444837540067318e-05,0.04083678061988071,0.38457391450994366,0.03907728589861257,0.29490411617973816,0.04195023090832044,5.786560747483073e-14,0.11534288623413184,5.786560747483073e-14,0.11534288623413184,0.0022319580014466952,0.17416433204343856,2.7694896977322038e-05,0.03566562832379302,0.028187081592549824,0.03634707796127358,0.02073590221579595,0.05291602465924271,0.08891141214744112,0.03844739742061847,0.04745350277992068,0.13159860360974623
2024-08-27,0.01,0.01,0.00021826966690153526,0.04940042389324383,0.00021826966690153526,0.04940042389324383,0.11216672832208446,0.05349270979274884,2.5444837540067318e-05,0.04083678061988071,0.38457391450994366,0.03907728589861257,0.29490411617973816,0.04195023090832044,5.786560747483073e-14,0.11534288623413184,5.786560747483073e-14,0.11534288623413184,0.0022319580014466952,0.17416433204343856,2.7694896977322038e-05,0.03566562832379302,0.028187081592549824,0.03634707796127358,0.02073590221579595,0.05291602465924271,0.08891141214744112,0.03844739742061847,0.04745350277992068,0.13159860360974623
2024-08-28,0.01,0.01,0.00021826966690153526,0.04940042389324383,0.00021826966690153526,0.04940042389324383,0.11216672832208446,0.05349270979274884,2.5444837540067318e-05,0.04083678061988071,0.38457391450994366,0.03907728589861257,0.29490411617973816,0.04195023090832044,5.786560747483073e-14,0.11534288623413184,5.786560747483073e-14,0.11534288623413184,0.0022319580014466952,0.17416433204343856,2.7694896977322038e-05,0.03566562832379302,0.028187081592549824,0.03634707796127358,0.02073590221579595,0.05291602465924271,0.08891141214744112,0.03844739742061847,0.04745350277992068,0.13159860360974623
2024-08-29,0.01,0.01,0.00021826966690153526,0.04940042389324383,0.00021826966690153526,0.04940042389324383,0.11216672832208446,0.05349270979274884,2.5444837540067318e-05,0.04083678061988071,0.38457391450994366,0.03907728589861257,0.29490411617973816,0.04195023090832044,5.786560747483073e-14,0.11534288623413184,5.786560747483073e-14,0.11534288623413184,0.0022319580014466952,0.17416433204343856,2.7694896977322038e-05,0.03566562832379302,0.028187081592549824,0.03634707796127358,0.02073590221579595,0.05291602465924271,0.08891141214744112,0.03844739742061847,0.04745350277992068,0.13159860360974623
2024-08-30,0.01,0.01,0.00021826966690153526,0.04940042389324383,0.00021826966690153526,0.04940042389324383,0.11216672832208446,0.05349270979274884,2.5444837540067318e-05,0.04083678061988071,0.38457391450994366,0.03907728589861257,0.29490411617973816,0.04195023090832044,5.786560747483073e-14,0.11534288623413184,5.786560747483073e-14,0.11534288623413184,0.0022319580014466952,0.17416433204343856,2.7694896977322038e-05,0.03566562832379302,0.028187081592549824,0.03634707796127358,0.02073590221579595,0.05291602465924271,0.08891141214744112,0.03844739742061847,0.04745350277992068,0.13159860360974623
2024-09-03,0.01,0.01,0.00021826966690153526,0.04940042389324383,0.00021826966690153526,0.04940042389324383,0.11216672832208446,0.05349270979274884,2.5444837540067318e-05,0.04083678061988071,0.38457391450994366,0.03907728589861257,0.29490411617973816,0.04195023090832044,5.786560747483073e-14,0.11534288623413184,5.786560747483073e-14,0.11534288623413184,0.0022319580014466952,0.17416433204343856,2.7694896977322038e-05,0.03566562832379302,0.028187081592549824,0.03634707796127358,0.02073590221579595,0.05291602465924271,0.08891141214744112,0.03844739742061847,0.04745350277992068,0.13159860360974623
2024-09-04,0.01,0.01,0.00021826966690153526,0.04940042389324383,0.00021826966690153526,0.04940042389324383,0.11216672832208446,0.05349270979274884,2.5444837540067318e-05,0.04083678061988071,0.38457391450994366,0.03907728589861257,0.29490411617973816,0.04195023090832044,5.786560747483073e-14,0.11534288623413184,5.786560747483073e-14,0.11534288623413184,0.0022319580014466952,0.17416433204343856,2.7694896977322038e-05,0.03566562832379302,0.028187081592549824,0.03634707796127358,0.02073590221579595,0.05291602465924271,0.08891141214744112,0.03844739742061847,0.04745350277992068,0.13159860360974623
2024-09-05,0.01,0.01,0.00021826966690153526,0.04940042389324383,0.00021826966690153526,0.04940042389324383,0.11216672832208446,0.05349270979274884,2.5444837540067318e-05,0.04083678061988071,0.38457391450994366,0.03907728589861257,0.29490411617973816,0.04195023090832044,5.786560747483073e-14,0.11534288623413184,5.786560747483073e-14,0.11534288623413184,0.0022319580014466952,0.17416433204343856,2.7694896977322038e-05,0.03566562832379302,0.028187081592549824,0.03634707796127358,0.02073590221579595,0.05291602465924271,0.08891141214744112,0.03844739742061847,0.04745350277992068,0.13159860360974623
2024-09-06,0.01,0.01,0.00021826966690153526,0.04940042389324383,0.00021826966690153526,0.04940042389324383,0.11216672832208446,0.05349270979274884,2.5444837540067318e-05,0.04083678061988071,0.38457391450994366,0.03907728589861257,0.29490411617973816,0.04195023090832044,5.786560747483073e-14,0.11534288623413184,5.786560747483073e-14,0.11534288623413184,0.0022319580014466952,0.17416433204343856,2.7694896977322038e-05,0.03566562832379302,0.028187081592549824,0.03634707796127358,0.02073590221579595,0.05291602465924271,0.08891141214744112,0.03844739742061847,0.04745350277992068,0.13159860360974623
2024-09-09,0.01,0.01,0.00021826966690153526,0.04940042389324383,0.00021826966690153526,0.04940042389324383,0.11216672832208446,0.05349270979274884,2.5444837540067318e-05,0.04083678061988071,0.38457391450994366,0.03907728589861257,0.29490411617973816,0.04195023090832044,5.786560747483073e-14,0.11534288623413184,5.786560747483073e-14,0.11534288623413184,0.0022319580014466952,0.17416433204343856,2.7694896977322038e-05,0.03566562832379302,0.028187081592549824,0.03634707796127358,0.02073590221579595,0.05291602465924271,0.08891141214744112,0.03844739742061847,0.04745350277992068,0.13159860360974623
2024-09-10,0.01,0.01,0.00021826966690153526,0.04940042389324383,0.00021826966690153526,0.04940042389324383,0.11216672832208446,0.05349270979274884,2.5444837540067318e-05,0.04083678061988071,0.38457391450994366,0.03907728589861257,0.29490411617973816,0.04195023090832044,5.786560747483073e-14,0.11534288623413184,5.786560747483073e-14,0.11534288623413184,0.0022319580014466952,0.17416433204343856,2.7694896977322038e-05,0.03566562832379302,0.028187081592549824,0.03634707796127358,0.02073590221579595,0.05291602465924271,0.08891141214744112,0.03844739742061847,0.04745350277992068,0.13159860360974623
2024-09-11,0.01,0.01,0.00021826966690153526,0.04940042389324383,0.00021826966690153526,0.04940042389324383,0.11216672832208446,0.05349270979274884,2.5444837540067318e-05,0.04083678061988071,0.38457391450994366,0.03907728589861257,0.29490411617973816,0.04195023090832044,5.786560747483073e-14,0.11534288623413184,5.786560747483073e-14,0.11534288623413184,0.0022319580014466952,0.17416433204343856,2.7694896977322038e-05,0.03566562832379302,0.028187081592549824,0.03634707796127358,0.02073590221579595,0.05291602465924271,0.08891141214744112,0.03844739742061847,0.04745350277992068,0.13159860360974623
2024-09-12,0.01,0.01,0.00021826966690153526,0.04940042389324383,0.00021826966690153526,0.04940042389324383,0.11216672832208446,0.05349270979274884,2.5444837540067318e-05,0.04083678061988071,0.38457391450994366,0.03907728589861257,0.29490411617973816,0.04195023090832044,5.786560747483073e-14,0.11534288623413184,5.786560747483073e-14,0.11534288623413184,0.0022319580014466952,0.17416433204343856,2.7694896977322038e-05,0.03566562832379302,0.028187081592549824,0.03634707796127358,0.02073590221579595,0.05291602465924271,0.08891141214744112,0.03844739742061847,0.04745350277992068,0.13159860360974623
2024-09-13,0.01,0.01,0.00021826966690153526,0.04940042389324383,0.00021826966690153526,0.04940042389324383,0.11216672832208446,0.05349270979274884,2.5444837540067318e-05,0.04083678061988071,0.38457391450994366,0.03907728589861257,0.29490411617973816,0.04195023090832044,5.786560747483073e-14,0.11534288623413184,5.786560747483073e-14,0.11534288623413184,0.0022319580014466952,0.17416433204343856,2.7694896977322038e-05,0.03566562832379302,0.028187081592549824,0.03634707796127358,0.02073590221579595,0.05291602465924271,0.08891141214744112,0.03844739742061847,0.04745350277992068,0.13159860360974623
2024-09-16,0.01,0.01,0.00021826966690153526,0.04940042389324383,0.00021826966690153526,0.04940042389324383,0.11216672832208446,0.05349270979274884,2.5444837540067318e-05,0.04083678061988071,0.38457391450994366,0.03907728589861257,0.29490411617973816,0.04195023090832044,5.786560747483073e-14,0.11534288623413184,5.786560747483073e-14,0.11534288623413184,0.0022319580014466952,0.17416433204343856,2.7694896977322038e-05,0.03566562832379302,0.028187081592549824,0.03634707796127358,0.02073590221579595,0.05291602465924271,0.08891141214744112,0.03844739742061847,0.04745350277992068,0.13159860360974623
2024-09-17,0.01,0.01,0.00021826966690153526,0.04940042389324383,0.00021826966690153526,0.04940042389324383,0.11216672832208446,0.05349270979274884,2.5444837540067318e-05,0.04083678061988071,0.38457391450994366,0.03907728589861257,0.29490411617973816,0.04195023090832044,5.786560747483073e-14,0.11534288623413184,5.786560747483073e-14,0.11534288623413184,0.0022319580014466952,0.17416433204343856,2.7694896977322038e-05,0.03566562832379302,0.028187081592549824,0.03634707796127358,0.02073590221579595,0.05291602465924271,0.08891141214744112,0.03844739742061847,0.04745350277992068,0.13159860360974623
2024-09-18,0.01,0.01,0.00021826966690153526,0.04940042389324383,0.00021826966690153526,0.04940042389324383,0.11216672832208446,0.05349270979274884,2.5444837540067318e-05,0.04083678061988071,0.38457391450994366,0.03907728589861257,0.29490411617973816,0.04195023090832044,5.786560747483073e-14,0.11534288623413184,5.786560747483073e-14,0.11534288623413184,0.0022319580014466952,0.17416433204343856,2.7694896977322038e-05,0.03566562832379302,0.028187081592549824,0.03634707796127358,0.02073590221579595,0.05291602465924271,0.08891141214744112,0.03844739742061847,0.04745350277992068,0.13159860360974623
2024-09-19,0.01,0.01,0.00021826966690153526,0.04940042389324383,0.00021826966690153526,0.04940042389324383,0.11216672832208446,0.05349270979274884,2.5444837540067318e-05,0.04083678061988071,0.38457391450994366,0.03907728589861257,0.29490411617973816,0.04195023090832044,5.786560747483073e-14,0.11534288623413184,5.786560747483073e-14,0.11534288623413184,0.0022319580014466952,0.17416433204343856,2.7694896977322038e-05,0.03566562832379302,0.028187081592549824,0.03634707796127358,0.02073590221579595,0.05291602465924271,0.08891141214744112,0.03844739742061847,0.04745350277992068,0.13159860360974623
2024-09-20,0.01,0.01,0.00021826966690153526,0.04940042389324383,0.00021826966690153526,0.04940042389324383,0.11216672832208446,0.05349270979274884,2.5444837540067318e-05,0.04083678061988071,0.38457391450994366,0.03907728589861257,0.29490411617973816,0.04195023090832044,5.786560747483073e-14,0.11534288623413184,5.786560747483073e-14,0.11534288623413184,0.0022319580014466952,0.17416433204343856,2.7694896977322038e-05,0.03566562832379302,0.028187081592549824,0.03634707796127358,0.02073590221579595,0.05291602465924271,0.08891141214744112,0.03844739742061847,0.04745350277992068,0.13159860360974623
2024-09-23,0.01,0.01,0.00021826966690153526,0.04940042389324383,0.00021826966690153526,0.04940042389324383,0.11216672832208446,0.05349270979274884,2.5444837540067318e-05,0.04083678061988071,0.38457391450994366,0.03907728589861257,0.29490411617973816,0.04195023090832044,5.786560747483073e-14,0.11534288623413184,5.786560747483073e-14,0.11534288623413184,0.0022319580014466952,0.17416433204343856,2.7694896977322038e-05,0.03566562832379302,0.028187081592549824,0.03634707796127358,0.02073590221579595,0.05291602465924271,0.08891141214744112,0.03844739742061847,0.04745350277992068,0.13159860360974623
2024-09-24,0.01,0.01,0.00021826966690153526,0.04940042389324383,0.00021826966690153526,0.04940042389324383,0.11216672832208446,0.05349270979274884,2.5444837540067318e-05,0.04083678061988071,0.38457391450994366,0.03907728589861257,0.29490411617973816,0.04195023090832044,5.786560747483073e-14,0.11534288623413184,5.786560747483073e-14,0.11534288623413184,0.0022319580014466952,0.17416433204343856,2.7694896977322038e-05,0.03566562832379302,0.028187081592549824,0.03634707796127358,0.02073590221579595,0.05291602465924271,0.08891141214744112,0.03844739742061847,0.04745350277992068,0.13159860360974623
2024-09-25,0.01,0.01,0.00021826966690153526,0.04940042389324383,0.00021826966690153526,0.04940042389324383,0.11216672832208446,0.05349270979274884,2.5444837540067318e-05,0.04083678061988071,0.38457391450994366,0.03907728589861257,0.29490411617973816,0.04195023090832044,5.786560747483073e-14,0.11534288623413184,5.786560747483073e-14,0.11534288623413184,0.0022319580014466952,0.17416433204343856,2.7694896977322038e-05,0.03566562832379302,0.028187081592549824,0.03634707796127358,0.02073590221579595,0.05291602465924271,0.08891141214744112,0.03844739742061847,0.04745350277992068,0.13159860360974623
2024-09-26,0.01,0.01,0.00021826966690153526,0.04940042389324383,0.00021826966690153526,0.04940042389324383,0.11216672832208446,0.05349270979274884,2.5444837540067318e-05,0.04083678061988071,0.38457391450994366,0.03907728589861257,0.29490411617973816,0.04195023090832044,5.786560747483073e-14,0.11534288623413184,5.786560747483073e-14,0.11534288623413184,0.0022319580014466952,0.17416433204343856,2.7694896977322038e-05,0.03566562832379302,0.028187081592549824,0.03634707796127358,0.02073590221579595,0.05291602465924271,0.08891141214744112,0.03844739742061847,0.04745350277992068,0.13159860360974623
2024-09-27,0.01,0.01,0.00021826966690153526,0.04940042389324383,0.00021826966690153526,0.04940042389324383,0.11216672832208446,0.05349270979274884,2.5444837540067318e-05,0.04083678061988071,0.38457391450994366,0.03907728589861257,0.29490411617973816,0.04195023090832044,5.786560747483073e-14,0.11534288623413184,5.786560747483073e-14,0.11534288623413184,0.0022319580014466952,0.17416433204343856,2.7694896977322038e-05,0.03566562832379302,0.028187081592549824,0.03634707796127358,0.02073590221579595,0.05291602465924271,0.08891141214744112,0.03844739742061847,0.04745350277992068,0.13159860360974623
2024-09-30,0.01,0.01,0.00021826966690153526,0.04940042389324383,0.00021826966690153526,0.04940042389324383,0.11216672832208446,0.05349270979274884,2.5444837540067318e-05,0.04083678061988071,0.38457391450994366,0.03907728589861257,0.29490411617973816,0.04195023090832044,5.786560747483073e-14,0.11534288623413184,5.786560747483073e-14,0.11534288623413184,0.0022319580014466952,0.17416433204343856,2.7694896977322038e-05,0.03566562832379302,0.028187081592549824,0.03634707796127358,0.02073590221579595,0.05291602465924271,0.08891141214744112,0.03844739742061847,0.04745350277992068,0.13159860360974623
2024-10-01,0.01,0.01,0.00021826966690153526,0.04940042389324383,0.00021826966690153526,0.04940042389324383,0.11216672832208446,0.05349270979274884,2.5444837540067318e-05,0.04083678061988071,0.38457391450994366,0.03907728589861257,0.29490411617973816,0.04195023090832044,5.786560747483073e-14,0.11534288623413184,5.786560747483073e-14,0.11534288623413184,0.0022319580014466952,0.17416433204343856,2.7694896977322038e-05,0.03566562832379302,0.028187081592549824,0.03634707796127358,0.02073590221579595,0.05291602465924271,0.08891141214744112,0.03844739742061847,0.04745350277992068,0.13159860360974623
2024-10-02,0.01,0.01,0.00021826966690153526,0.04940042389324383,0.00021826966690153526,0.04940042389324383,0.11216672832208446,0.05349270979274884,2.5444837540067318e-05,0.04083678061988071,0.38457391450994366,0.03907728589861257,0.29490411617973816,0.04195023090832044,5.786560747483073e-14,0.11534288623413184,5.786560747483073e-14,0.11534288623413184,0.0022319580014466952,0.17416433204343856,2.7694896977322038e-05,0.03566562832379302,0.028187081592549824,0.03634707796127358,0.02073590221579595,0.05291602465924271,0.08891141214744112,0.03844739742061847,0.04745350277992068,0.13159860360974623
2024-10-03,0.01,0.01,0.00021826966690153526,0.04940042389324383,0.00021826966690153526,0.04940042389324383,0.11216672832208446,0.05349270979274884,2.5444837540067318e-05,0.04083678061988071,0.38457391450994366,0.03907728589861257,0.29490411617973816,0.04195023090832044,5.786560747483073e-14,0.11534288623413184,5.786560747483073e-14,0.11534288623413184,0.0022319580014466952,0.17416433204343856,2.7694896977322038e-05,0.03566562832379302,0.028187081592549824,0.03634707796127358,0.02073590221579595,0.05291602465924271,0.08891141214744112,0.03844739742061847,0.04745350277992068,0.13159860360974623
2024-10-04,0.01,0.01,0.00021826966690153526,0.04940042389324383,0.00021826966690153526,0.04940042389324383,0.11216672832208446,0.05349270979274884,2.5444837540067318e-05,0.04083678061988071,0.38457391450994366,0.03907728589861257,0.29490411617973816,0.04195023090832044,5.786560747483073e-14,0.11534288623413184,5.786560747483073e-14,0.11534288623413184,0.0022319580014466952,0.17416433204343856,2.7694896977322038e-05,0.03566562832379302,0.028187081592549824,0.03634707796127358,0.02073590221579595,0.05291602465924271,0.08891141214744112,0.03844739742061847,0.04745350277992068,0.13159860360974623
2024-10-07,0.01,0.01,0.00021826966690153526,0.04940042389324383,0.00021826966690153526,0.04940042389324383,0.11216672832208446,0.05349270979274884,2.5444837540067318e-05,0.04083678061988071,0.38457391450994366,0.03907728589861257,0.29490411617973816,0.04195023090832044,5.786560747483073e-14,0.11534288623413184,5.786560747483073e-14,0.11534288623413184,0.0022319580014466952,0.17416433204343856,2.7694896977322038e-05,0.03566562832379302,0.028187081592549824,0.03634707796127358,0.02073590221579595,0.05291602465924271,0.08891141214744112,0.03844739742061847,0.04745350277992068,0.13159860360974623
2024-10-08,0.01,0.01,0.00021826966690153526,0.04940042389324383,0.00021826966690153526,0.04940042389324383,0.11216672832208446,0.05349270979274884,2.5444837540067318e-05,0.04083678061988071,0.38457391450994366,0.03907728589861257,0.29490411617973816,0.04195023090832044,5.786560747483073e-14,0.11534288623413184,5.786560747483073e-14,0.11534288623413184,0.0022319580014466952,0.17416433204343856,2.7694896977322038e-05,0.03566562832379302,0.028187081592549824,0.03634707796127358,0.02073590221579595,0.05291602465924271,0.08891141214744112,0.03844739742061847,0.04745350277992068,0.13159860360974623
2024-10-09,0.01,0.01,0.00021826966690153526,0.04940042389324383,0.00021826966690153526,0.04940042389324383,0.11216672832208446,0.05349270979274884,2.5444837540067318e-05,0.04083678061988071,0.38457391450994366,0.03907728589861257,0.29490411617973816,0.04195023090832044,5.786560747483073e-14,0.11534288623413184,5.786560747483073e-14,0.11534288623413184,0.0022319580014466952,0.17416433204343856,2.7694896977322038e-05,0.03566562832379302,0.028187081592549824,0.03634707796127358,0.02073590221579595,0.05291602465924271,0.08891141214744112,0.03844739742061847,0.04745350277992068,0.13159860360974623
2024-10-10,0.01,0.01,0.00021826966690153526,0.04940042389324383,0.00021826966690153526,0.04940042389324383,0.11216672832208446,0.05349270979274884,2.5444837540067318e-05,0.04083678061988071,0.38457391450994366,0.03907728589861257,0.29490411617973816,0.04195023090832044,5.786560747483073e-14,0.11534288623413184,5.786560747483073e-14,0.11534288623413184,0.0022319580014466952,0.17416433204343856,2.7694896977322038e-05,0.03566562832379302,0.028187081592549824,0.03634707796127358,0.02073590221579595,0.05291602465924271,0.08891141214744112,0.03844739742061847,0.04745350277992068,0.13159860360974623
2024-10-11,0.01,0.01,0.00021826966690153526,0.04940042389324383,0.00021826966690153526,0.04940042389324383,0.11216672832208446,0.05349270979274884,2.5444837540067318e-05,0.04083678061988071,0.38457391450994366,0.03907728589861257,0.29490411617973816,0.04195023090832044,5.786560747483073e-14,0.11534288623413184,5.786560747483073e-14,0.11534288623413184,0.0022319580014466952,0.17416433204343856,2.7694896977322038e-05,0.03566562832379302,0.028187081592549824,0.03634707796127358,0.02073590221579595,0.05291602465924271,0.08891141214744112,0.03844739742061847,0.04745350277992068,0.13159860360974623
2024-10-14,0.01,0.01,0.00021826966690153526,0.04940042389324383,0.00021826966690153526,0.04940042389324383,0.11216672832208446,0.05349270979274884,2.5444837540067318e-05,0.04083678061988071,0.38457391450994366,0.03907728589861257,0.29490411617973816,0.04195023090832044,5.786560747483073e-14,0.11534288623413184,5.786560747483073e-14,0.11534288623413184,0.0022319580014466952,0.17416433204343856,2.7694896977322038e-05,0.03566562832379302,0.028187081592549824,0.03634707796127358,0.02073590221579595,0.05291602465924271,0.08891141214744112,0.03844739742061847,0.04745350277992068,0.13159860360974623
2024-10-15,0.01,0.01,0.00021826966690153526,0.04940042389324383,0.00021826966690153526,0.04940042389324383,0.11216672832208446,0.05349270979274884,2.5444837540067318e-05,0.04083678061988071,0.38457391450994366,0.03907728589861257,0.29490411617973816,0.04195023090832044,5.786560747483073e-14,0.11534288623413184,5.786560747483073e-14,0.11534288623413184,0.0022319580014466952,0.17416433204343856,2.7694896977322038e-05,0.03566562832379302,0.028187081592549824,0.03634707796127358,0.02073590221579595,0.05291602465924271,0.08891141214744112,0.03844739742061847,0.04745350277992068,0.13159860360974623
2024-10-16,0.01,0.01,0.00021826966690153526,0.04940042389324383,0.00021826966690153526,0.04940042389324383,0.11216672832208446,0.05349270979274884,2.5444837540067318e-05,0.04083678061988071,0.38457391450994366,0.03907728589861257,0.29490411617973816,0.04195023090832044,5.786560747483073e-14,0.11534288623413184,5.786560747483073e-14,0.11534288623413184,0.0022319580014466952,0.17416433204343856,2.7694896977322038e-05,0.03566562832379302,0.028187081592549824,0.03634707796127358,0.02073590221579595,0.05291602465924271,0.08891141214744112,0.03844739742061847,0.04745350277992068,0.13159860360974623
2024-10-17,0.01,0.01,0.00021826966690153526,0.04940042389324383,0.00021826966690153526,0.04940042389324383,0.11216672832208446,0.05349270979274884,2.5444837540067318e-05,0.04083678061988071,0.38457391450994366,0.03907728589861257,0.29490411617973816,0.04195023090832044,5.786560747483073e-14,0.11534288623413184,5.786560747483073e-14,0.11534288623413184,0.0022319580014466952,0.17416433204343856,2.7694896977322038e-05,0.03566562832379302,0.028187081592549824,0.03634707796127358,0.02073590221579595,0.05291602465924271,0.08891141214744112,0.03844739742061847,0.04745350277992068,0.13159860360974623
2024-10-18,0.01,0.01,0.00021826966690153526,0.04940042389324383,0.00021826966690153526,0.04940042389324383,0.11216672832208446,0.05349270979274884,2.5444837540067318e-05,0.04083678061988071,0.38457391450994366,0.03907728589861257,0.29490411617973816,0.04195023090832044,5.786560747483073e-14,0.11534288623413184,5.786560747483073e-14,0.11534288623413184,0.0022319580014466952,0.17416433204343856,2.7694896977322038e-05,0.03566562832379302,0.028187081592549824,0.03634707796127358,0.02073590221579595,0.05291602465924271,0.08891141214744112,0.03844739742061847,0.04745350277992068,0.13159860360974623
2024-10-21,0.01,0.01,0.00021826966690153526,0.04940042389324383,0.00021826966690153526,0.04940042389324383,0.11216672832208446,0.05349270979274884,2.5444837540067318e-05,0.04083678061988071,0.38457391450994366,0.03907728589861257,0.29490411617973816,0.04195023090832044,5.786560747483073e-14,0.11534288623413184,5.786560747483073e-14,0.11534288623413184,0.0022319580014466952,0.17416433204343856,2.7694896977322038e-05,0.03566562832379302,0.028187081592549824,0.03634707796127358,0.02073590221579595,0.05291602465924271,0.08891141214744112,0.03844739742061847,0.04745350277992068,0.13159860360974623
2024-10-22,0.01,0.01,0.00021826966690153526,0.04940042389324383,0.00021826966690153526,0.04940042389324383,0.11216672832208446,0.05349270979274884,2.5444837540067318e-05,0.04083678061988071,0.38457391450994366,0.03907728589861257,0.29490411617973816,0.04195023090832044,5.786560747483073e-14,0.11534288623413184,5.786560747483073e-14,0.11534288623413184,0.0022319580014466952,0.17416433204343856,2.7694896977322038e-05,0.03566562832379302,0.028187081592549824,0.03634707796127358,0.02073590221579595,0.05291602465924271,0.08891141214744112,0.03844739742061847,0.04745350277992068,0.13159860360974623
2024-10-23,0.01,0.01,0.00021826966690153526,0.04940042389324383,0.00021826966690153526,0.04940042389324383,0.11216672832208446,0.05349270979274884,2.5444837540067318e-05,0.04083678061988071,0.38457391450994366,0.03907728589861257,0.29490411617973816,0.04195023090832044,5.786560747483073e-14,0.11534288623413184,5.786560747483073e-14,0.11534288623413184,0.0022319580014466952,0.17416433204343856,2.7694896977322038e-05,0.03566562832379302,0.028187081592549824,0.03634707796127358,0.02073590221579595,0.05291602465924271,0.08891141214744112,0.03844739742061847,0.04745350277992068,0.13159860360974623
2024-10-24,0.01,0.01,0.00021826966690153526,0.04940042389324383,0.00021826966690153526,0.04940042389324383,0.11216672832208446,0.05349270979274884,2.5444837540067318e-05,0.04083678061988071,0.38457391450994366,0.03907728589861257,0.29490411617973816,0.04195023090832044,5.786560747483073e-14,0.11534288623413184,5.786560747483073e-14,0.11534288623413184,0.0022319580014466952,0.17416433204343856,2.7694896977322038e-05,0.03566562832379302,0.028187081592549824,0.03634707796127358,0.02073590221579595,0.05291602465924271,0.08891141214744112,0.03844739742061847,0.04745350277992068,0.13159860360974623
2024-10-25,0.01,0.01,0.00021826966690153526,0.04940042389324383,0.00021826966690153526,0.04940042389324383,0.11216672832208446,0.05349270979274884,2.5444837540067318e-05,0.04083678061988071,0.38457391450994366,0.03907728589861257,0.29490411617973816,0.04195023090832044,5.786560747483073e-14,0.11534288623413184,5.786560747483073e-14,0.11534288623413184,0.0022319580014466952,0.17416433204343856,2.7694896977322038e-05,0.03566562832379302,0.028187081592549824,0.03634707796127358,0.02073590221579595,0.05291602465924271,0.08891141214744112,0.03844739742061847,0.04745350277992068,0.13159860360974623
2024-10-28,0.01,0.01,0.00021826966690153526,0.04940042389324383,0.00021826966690153526,0.04940042389324383,0.11216672832208446,0.05349270979274884,2.5444837540067318e-05,0.04083678061988071,0.38457391450994366,0.03907728589861257,0.29490411617973816,0.04195023090832044,5.786560747483073e-14,0.11534288623413184,5.786560747483073e-14,0.11534288623413184,0.0022319580014466952,0.17416433204343856,2.7694896977322038e-05,0.03566562832379302,0.028187081592549824,0.03634707796127358,0.02073590221579595,0.05291602465924271,0.08891141214744112,0.03844739742061847,0.04745350277992068,0.13159860360974623
2024-10-29,0.01,0.01,0.00021826966690153526,0.04940042389324383,0.00021826966690153526,0.04940042389324383,0.11216672832208446,0.05349270979274884,2.5444837540067318e-05,0.04083678061988071,0.38457391450994366,0.03907728589861257,0.29490411617973816,0.04195023090832044,5.786560747483073e-14,0.11534288623413184,5.786560747483073e-14,0.11534288623413184,0.0022319580014466952,0.17416433204343856,2.7694896977322038e-05,0.03566562832379302,0.028187081592549824,0.03634707796127358,0.02073590221579595,0.05291602465924271,0.08891141214744112,0.03844739742061847,0.04745350277992068,0.13159860360974623
2024-10-30,0.01,0.01,0.00021826966690153526,0.04940042389324383,0.00021826966690153526,0.04940042389324383,0.11216672832208446,0.05349270979274884,2.5444837540067318e-05,0.04083678061988071,0.38457391450994366,0.03907728589861257,0.29490411617973816,0.04195023090832044,5.786560747483073e-14,0.11534288623413184,5.786560747483073e-14,0.11534288623413184,0.0022319580014466952,0.17416433204343856,2.7694896977322038e-05,0.03566562832379302,0.028187081592549824,0.03634707796127358,0.02073590221579595,0.05291602465924271,0.08891141214744112,0.03844739742061847,0.04745350277992068,0.13159860360974623
2024-10-31,0.01,0.01,0.00021826966690153526,0.04940042389324383,0.00021826966690153526,0.04940042389324383,0.11216672832208446,0.05349270979274884,2.5444837540067318e-05,0.04083678061988071,0.38457391450994366,0.03907728589861257,0.29490411617973816,0.04195023090832044,5.786560747483073e-14,0.11534288623413184,5.786560747483073e-14,0.11534288623413184,0.0022319580014466952,0.17416433204343856,2.7694896977322038e-05,0.03566562832379302,0.028187081592549824,0.03634707796127358,0.02073590221579595,0.05291602465924271,0.08891141214744112,0.03844739742061847,0.04745350277992068,0.13159860360974623
2024-11-01,0.01,0.01,0.00021826966690153526,0.04940042389324383,0.00021826966690153526,0.04940042389324383,0.11216672832208446,0.05349270979274884,2.5444837540067318e-05,0.04083678061988071,0.38457391450994366,0.03907728589861257,0.29490411617973816,0.04195023090832044,5.786560747483073e-14,0.11534288623413184,5.786560747483073e-14,0.11534288623413184,0.0022319580014466952,0.17416433204343856,2.7694896977322038e-05,0.03566562832379302,0.028187081592549824,0.03634707796127358,0.02073590221579595,0.05291602465924271,0.08891141214744112,0.03844739742061847,0.04745350277992068,0.13159860360974623
2024-11-04,0.01,0.01,0.00021826966690153526,0.04940042389324383,0.00021826966690153526,0.04940042389324383,0.11216672832208446,0.05349270979274884,2.5444837540067318e-05,0.04083678061988071,0.38457391450994366,0.03907728589861257,0.29490411617973816,0.04195023090832044,5.786560747483073e-14,0.11534288623413184,5.786560747483073e-14,0.11534288623413184,0.0022319580014466952,0.17416433204343856,2.7694896977322038e-05,0.03566562832379302,0.028187081592549824,0.03634707796127358,0.02073590221579595,0.05291602465924271,0.08891141214744112,0.03844739742061847,0.04745350277992068,0.13159860360974623
2024-11-05,0.01,0.01,0.00021826966690153526,0.04940042389324383,0.00021826966690153526,0.04940042389324383,0.11216672832208446,0.05349270979274884,2.5444837540067318e-05,0.04083678061988071,0.38457391450994366,0.03907728589861257,0.29490411617973816,0.04195023090832044,5.786560747483073e-14,0.11534288623413184,5.786560747483073e-14,0.11534288623413184,0.0022319580014466952,0.17416433204343856,2.7694896977322038e-05,0.03566562832379302,0.028187081592549824,0.03634707796127358,0.02073590221579595,0.05291602465924271,0.08891141214744112,0.03844739742061847,0.04745350277992068,0.13159860360974623
2024-11-06,0.01,0.01,0.00021826966690153526,0.04940042389324383,0.00021826966690153526,0.04940042389324383,0.11216672832208446,0.05349270979274884,2.5444837540067318e-05,0.04083678061988071,0.38457391450994366,0.03907728589861257,0.29490411617973816,0.04195023090832044,5.786560747483073e-14,0.11534288623413184,5.786560747483073e-14,0.11534288623413184,0.0022319580014466952,0.17416433204343856,2.7694896977322038e-05,0.03566562832379302,0.028187081592549824,0.03634707796127358,0.02073590221579595,0.05291602465924271,0.08891141214744112,0.03844739742061847,0.04745350277992068,0.13159860360974623
2024-11-07,0.01,0.01,0.00021826966690153526,0.04940042389324383,0.00021826966690153526,0.04940042389324383,0.11216672832208446,0.05349270979274884,2.5444837540067318e-05,0.04083678061988071,0.38457391450994366,0.03907728589861257,0.29490411617973816,0.04195023090832044,5.786560747483073e-14,0.11534288623413184,5.786560747483073e-14,0.11534288623413184,0.0022319580014466952,0.17416433204343856,2.7694896977322038e-05,0.03566562832379302,0.028187081592549824,0.03634707796127358,0.02073590221579595,0.05291602465924271,0.08891141214744112,0.03844739742061847,0.04745350277992068,0.13159860360974623
2024-11-08,0.01,0.01,0.00021826966690153526,0.04940042389324383,0.00021826966690153526,0.04940042389324383,0.11216672832208446,0.05349270979274884,2.5444837540067318e-05,0.04083678061988071,0.38457391450994366,0.03907728589861257,0.29490411617973816,0.04195023090832044,5.786560747483073e-14,0.11534288623413184,5.786560747483073e-14,0.11534288623413184,0.0022319580014466952,0.17416433204343856,2.7694896977322038e-05,0.03566562832379302,0.028187081592549824,0.03634707796127358,0.02073590221579595,0.05291602465924271,0.08891141214744112,0.03844739742061847,0.04745350277992068,0.13159860360974623
2024-11-11,0.01,0.01,0.00021826966690153526,0.04940042389324383,0.00021826966690153526,0.04940042389324383,0.11216672832208446,0.05349270979274884,2.5444837540067318e-05,0.04083678061988071,0.38457391450994366,0.03907728589861257,0.29490411617973816,0.04195023090832044,5.786560747483073e-14,0.11534288623413184,5.786560747483073e-14,0.11534288623413184,0.0022319580014466952,0.17416433204343856,2.7694896977322038e-05,0.03566562832379302,0.028187081592549824,0.03634707796127358,0.02073590221579595,0.05291602465924271,0.08891141214744112,0.03844739742061847,0.04745350277992068,0.13159860360974623
2024-11-12,0.01,0.01,0.00021826966690153526,0.04940042389324383,0.00021826966690153526,0.04940042389324383,0.11216672832208446,0.05349270979274884,2.5444837540067318e-05,0.04083678061988071,0.38457391450994366,0.03907728589861257,0.29490411617973816,0.04195023090832044,5.786560747483073e-14,0.11534288623413184,5.786560747483073e-14,0.11534288623413184,0.0022319580014466952,0.17416433204343856,2.7694896977322038e-05,0.03566562832379302,0.028187081592549824,0.03634707796127358,0.02073590221579595,0.05291602465924271,0.08891141214744112,0.03844739742061847,0.04745350277992068,0.13159860360974623
2024-11-13,0.01,0.01,0.00021826966690153526,0.04940042389324383,0.00021826966690153526,0.04940042389324383,0.11216672832208446,0.05349270979274884,2.5444837540067318e-05,0.04083678061988071,0.38457391450994366,0.03907728589861257,0.29490411617973816,0.04195023090832044,5.786560747483073e-14,0.11534288623413184,5.786560747483073e-14,0.11534288623413184,0.0022319580014466952,0.17416433204343856,2.7694896977322038e-05,0.03566562832379302,0.028187081592549824,0.03634707796127358,0.02073590221579595,0.05291602465924271,0.08891141214744112,0.03844739742061847,0.04745350277992068,0.13159860360974623
2024-11-14,0.01,0.01,0.00021826966690153526,0.04940042389324383,0.00021826966690153526,0.04940042389324383,0.11216672832208446,0.05349270979274884,2.5444837540067318e-05,0.04083678061988071,0.38457391450994366,0.03907728589861257,0.29490411617973816,0.04195023090832044,5.786560747483073e-14,0.11534288623413184,5.786560747483073e-14,0.11534288623413184,0.0022319580014466952,0.17416433204343856,2.7694896977322038e-05,0.03566562832379302,0.028187081592549824,0.03634707796127358,0.02073590221579595,0.05291602465924271,0.08891141214744112,0.03844739742061847,0.04745350277992068,0.13159860360974623
2024-11-15,0.01,0.01,0.00021826966690153526,0.04940042389324383,0.00021826966690153526,0.04940042389324383,0.11216672832208446,0.05349270979274884,2.5444837540067318e-05,0.04083678061988071,0.38457391450994366,0.03907728589861257,0.29490411617973816,0.04195023090832044,5.786560747483073e-14,0.11534288623413184,5.786560747483073e-14,0.11534288623413184,0.0022319580014466952,0.17416433204343856,2.7694896977322038e-05,0.03566562832379302,0.028187081592549824,0.03634707796127358,0.02073590221579595,0.05291602465924271,0.08891141214744112,0.03844739742061847,0.04745350277992068,0.13159860360974623
2024-11-18,0.01,0.01,0.00021826966690153526,0.04940042389324383,0.00021826966690153526,0.04940042389324383,0.11216672832208446,0.05349270979274884,2.5444837540067318e-05,0.04083678061988071,0.38457391450994366,0.03907728589861257,0.29490411617973816,0.04195023090832044,5.786560747483073e-14,0.11534288623413184,5.786560747483073e-14,0.11534288623413184,0.0022319580014466952,0.17416433204343856,2.7694896977322038e-05,0.03566562832379302,0.028187081592549824,0.03634707796127358,0.02073590221579595,0.05291602465924271,0.08891141214744112,0.03844739742061847,0.04745350277992068,0.13159860360974623
2024-11-19,0.01,0.01,0.00021826966690153526,0.04940042389324383,0.00021826966690153526,0.04940042389324383,0.11216672832208446,0.05349270979274884,2.5444837540067318e-05,0.04083678061988071,0.38457391450994366,0.03907728589861257,0.29490411617973816,0.04195023090832044,5.786560747483073e-14,0.11534288623413184,5.786560747483073e-14,0.11534288623413184,0.0022319580014466952,0.17416433204343856,2.7694896977322038e-05,0.03566562832379302,0.028187081592549824,0.03634707796127358,0.02073590221579595,0.05291602465924271,0.08891141214744112,0.03844739742061847,0.04745350277992068,0.13159860360974623
2024-11-20,0.01,0.01,0.00021826966690153526,0.04940042389324383,0.00021826966690153526,0.04940042389324383,0.11216672832208446,0.05349270979274884,2.5444837540067318e-05,0.04083678061988071,0.38457391450994366,0.03907728589861257,0.29490411617973816,0.04195023090832044,5.786560747483073e-14,0.11534288623413184,5.786560747483073e-14,0.11534288623413184,0.0022319580014466952,0.17416433204343856,2.7694896977322038e-05,0.03566562832379302,0.028187081592549824,0.03634707796127358,0.02073590221579595,0.05291602465924271,0.08891141214744112,0.03844739742061847,0.04745350277992068,0.13159860360974623
2024-11-21,0.01,0.01,0.00021826966690153526,0.04940042389324383,0.00021826966690153526,0.04940042389324383,0.11216672832208446,0.05349270979274884,2.5444837540067318e-05,0.04083678061988071,0.38457391450994366,0.03907728589861257,0.29490411617973816,0.04195023090832044,5.786560747483073e-14,0.11534288623413184,5.786560747483073e-14,0.11534288623413184,0.0022319580014466952,0.17416433204343856,2.7694896977322038e-05,0.03566562832379302,0.028187081592549824,0.03634707796127358,0.02073590221579595,0.05291602465924271,0.08891141214744112,0.03844739742061847,0.04745350277992068,0.13159860360974623
2024-11-22,0.01,0.01,0.00021826966690153526,0.04940042389324383,0.00021826966690153526,0.04940042389324383,0.11216672832208446,0.05349270979274884,2.5444837540067318e-05,0.04083678061988071,0.38457391450994366,0.03907728589861257,0.29490411617973816,0.04195023090832044,5.786560747483073e-14,0.11534288623413184,5.786560747483073e-14,0.11534288623413184,0.0022319580014466952,0.17416433204343856,2.7694896977322038e-05,0.03566562832379302,0.028187081592549824,0.03634707796127358,0.02073590221579595,0.05291602465924271,0.08891141214744112,0.03844739742061847,0.04745350277992068,0.13159860360974623
2024-11-25,0.01,0.01,0.00021826966690153526,0.04940042389324383,0.00021826966690153526,0.04940042389324383,0.11216672832208446,0.05349270979274884,2.5444837540067318e-05,0.04083678061988071,0.38457391450994366,0.03907728589861257,0.29490411617973816,0.04195023090832044,5.786560747483073e-14,0.11534288623413184,5.786560747483073e-14,0.11534288623413184,0.0022319580014466952,0.17416433204343856,2.7694896977322038e-05,0.03566562832379302,0.028187081592549824,0.03634707796127358,0.02073590221579595,0.05291602465924271,0.08891141214744112,0.03844739742061847,0.04745350277992068,0.13159860360974623
2024-11-26,0.01,0.01,0.00021826966690153526,0.04940042389324383,0.00021826966690153526,0.04940042389324383,0.11216672832208446,0.05349270979274884,2.5444837540067318e-05,0.04083678061988071,0.38457391450994366,0.03907728589861257,0.29490411617973816,0.04195023090832044,5.786560747483073e-14,0.11534288623413184,5.786560747483073e-14,0.11534288623413184,0.0022319580014466952,0.17416433204343856,2.7694896977322038e-05,0.03566562832379302,0.028187081592549824,0.03634707796127358,0.02073590221579595,0.05291602465924271,0.08891141214744112,0.03844739742061847,0.04745350277992068,0.13159860360974623
2024-11-27,0.01,0.01,0.00021826966690153526,0.04940042389324383,0.00021826966690153526,0.04940042389324383,0.11216672832208446,0.05349270979274884,2.5444837540067318e-05,0.04083678061988071,0.38457391450994366,0.03907728589861257,0.29490411617973816,0.04195023090832044,5.786560747483073e-14,0.11534288623413184,5.786560747483073e-14,0.11534288623413184,0.0022319580014466952,0.17416433204343856,2.7694896977322038e-05,0.03566562832379302,0.028187081592549824,0.03634707796127358,0.02073590221579595,0.05291602465924271,0.08891141214744112,0.03844739742061847,0.04745350277992068,0.13159860360974623
2024-11-29,0.01,0.01,0.00021826966690153526,0.04940042389324383,0.00021826966690153526,0.04940042389324383,0.11216672832208446,0.05349270979274884,2.5444837540067318e-05,0.04083678061988071,0.38457391450994366,0.03907728589861257,0.29490411617973816,0.04195023090832044,5.786560747483073e-14,0.11534288623413184,5.786560747483073e-14,0.11534288623413184,0.0022319580014466952,0.17416433204343856,2.7694896977322038e-05,0.03566562832379302,0.028187081592549824,0.03634707796127358,0.02073590221579595,0.05291602465924271,0.08891141214744112,0.03844739742061847,0.04745350277992068,0.13159860360974623
2024-12-02,0.01,0.01,0.00021826966690153526,0.04940042389324383,0.00021826966690153526,0.04940042389324383,0.11216672832208446,0.05349270979274884,2.5444837540067318e-05,0.04083678061988071,0.38457391450994366,0.03907728589861257,0.29490411617973816,0.04195023090832044,5.786560747483073e-14,0.11534288623413184,5.786560747483073e-14,0.11534288623413184,0.0022319580014466952,0.17416433204343856,2.7694896977322038e-05,0.03566562832379302,0.028187081592549824,0.03634707796127358,0.02073590221579595,0.05291602465924271,0.08891141214744112,0.03844739742061847,0.04745350277992068,0.13159860360974623
2024-12-03,0.01,0.01,0.00021826966690153526,0.04940042389324383,0.00021826966690153526,0.04940042389324383,0.11216672832208446,0.05349270979274884,2.5444837540067318e-05,0.04083678061988071,0.38457391450994366,0.03907728589861257,0.29490411617973816,0.04195023090832044,5.786560747483073e-14,0.11534288623413184,5.786560747483073e-14,0.11534288623413184,0.0022319580014466952,0.17416433204343856,2.7694896977322038e-05,0.03566562832379302,0.028187081592549824,0.03634707796127358,0.02073590221579595,0.05291602465924271,0.08891141214744112,0.03844739742061847,0.04745350277992068,0.13159860360974623
2024-12-04,0.01,0.01,0.00021826966690153526,0.04940042389324383,0.00021826966690153526,0.04940042389324383,0.11216672832208446,0.05349270979274884,2.5444837540067318e-05,0.04083678061988071,0.38457391450994366,0.03907728589861257,0.29490411617973816,0.04195023090832044,5.786560747483073e-14,0.11534288623413184,5.786560747483073e-14,0.11534288623413184,0.0022319580014466952,0.17416433204343856,2.7694896977322038e-05,0.03566562832379302,0.028187081592549824,0.03634707796127358,0.02073590221579595,0.05291602465924271,0.08891141214744112,0.03844739742061847,0.04745350277992068,0.13159860360974623
2024-12-05,0.01,0.01,0.00021826966690153526,0.04940042389324383,0.00021826966690153526,0.04940042389324383,0.11216672832208446,0.05349270979274884,2.5444837540067318e-05,0.04083678061988071,0.38457391450994366,0.03907728589861257,0.29490411617973816,0.04195023090832044,5.786560747483073e-14,0.11534288623413184,5.786560747483073e-14,0.11534288623413184,0.0022319580014466952,0.17416433204343856,2.7694896977322038e-05,0.03566562832379302,0.028187081592549824,0.03634707796127358,0.02073590221579595,0.05291602465924271,0.08891141214744112,0.03844739742061847,0.04745350277992068,0.13159860360974623
2024-12-06,0.01,0.01,0.00021826966690153526,0.04940042389324383,0.00021826966690153526,0.04940042389324383,0.11216672832208446,0.05349270979274884,2.5444837540067318e-05,0.04083678061988071,0.38457391450994366,0.03907728589861257,0.29490411617973816,0.04195023090832044,5.786560747483073e-14,0.11534288623413184,5.786560747483073e-14,0.11534288623413184,0.0022319580014466952,0.17416433204343856,2.7694896977322038e-05,0.03566562832379302,0.028187081592549824,0.03634707796127358,0.02073590221579595,0.05291602465924271,0.08891141214744112,0.03844739742061847,0.04745350277992068,0.13159860360974623
2024-12-09,0.01,0.01,0.00021826966690153526,0.04940042389324383,0.00021826966690153526,0.04940042389324383,0.11216672832208446,0.05349270979274884,2.5444837540067318e-05,0.04083678061988071,0.38457391450994366,0.03907728589861257,0.29490411617973816,0.04195023090832044,5.786560747483073e-14,0.11534288623413184,5.786560747483073e-14,0.11534288623413184,0.0022319580014466952,0.17416433204343856,2.7694896977322038e-05,0.03566562832379302,0.028187081592549824,0.03634707796127358,0.02073590221579595,0.05291602465924271,0.08891141214744112,0.03844739742061847,0.04745350277992068,0.13159860360974623
2024-12-10,0.01,0.01,0.00021826966690153526,0.04940042389324383,0.00021826966690153526,0.04940042389324383,0.11216672832208446,0.05349270979274884,2.5444837540067318e-05,0.04083678061988071,0.38457391450994366,0.03907728589861257,0.29490411617973816,0.04195023090832044,5.786560747483073e-14,0.11534288623413184,5.786560747483073e-14,0.11534288623413184,0.0022319580014466952,0.17416433204343856,2.7694896977322038e-05,0.03566562832379302,0.028187081592549824,0.03634707796127358,0.02073590221579595,0.05291602465924271,0.08891141214744112,0.03844739742061847,0.04745350277992068,0.13159860360974623
2024-12-11,0.01,0.01,0.00021826966690153526,0.04940042389324383,0.00021826966690153526,0.04940042389324383,0.11216672832208446,0.05349270979274884,2.5444837540067318e-05,0.04083678061988071,0.38457391450994366,0.03907728589861257,0.29490411617973816,0.04195023090832044,5.786560747483073e-14,0.11534288623413184,5.786560747483073e-14,0.11534288623413184,0.0022319580014466952,0.17416433204343856,2.7694896977322038e-05,0.03566562832379302,0.028187081592549824,0.03634707796127358,0.02073590221579595,0.05291602465924271,0.08891141214744112,0.03844739742061847,0.04745350277992068,0.13159860360974623
2024-12-12,0.01,0.01,0.00021826966690153526,0.04940042389324383,0.00021826966690153526,0.04940042389324383,0.11216672832208446,0.05349270979274884,2.5444837540067318e-05,0.04083678061988071,0.38457391450994366,0.03907728589861257,0.29490411617973816,0.04195023090832044,5.786560747483073e-14,0.11534288623413184,5.786560747483073e-14,0.11534288623413184,0.0022319580014466952,0.17416433204343856,2.7694896977322038e-05,0.03566562832379302,0.028187081592549824,0.03634707796127358,0.02073590221579595,0.05291602465924271,0.08891141214744112,0.03844739742061847,0.04745350277992068,0.13159860360974623
2024-12-13,0.01,0.01,0.00021826966690153526,0.04940042389324383,0.00021826966690153526,0.04940042389324383,0.11216672832208446,0.05349270979274884,2.5444837540067318e-05,0.04083678061988071,0.38457391450994366,0.03907728589861257,0.29490411617973816,0.04195023090832044,5.786560747483073e-14,0.11534288623413184,5.786560747483073e-14,0.11534288623413184,0.0022319580014466952,0.17416433204343856,2.7694896977322038e-05,0.03566562832379302,0.028187081592549824,0.03634707796127358,0.02073590221579595,0.05291602465924271,0.08891141214744112,0.03844739742061847,0.04745350277992068,0.13159860360974623
2024-12-16,0.01,0.01,0.00021826966690153526,0.04940042389324383,0.00021826966690153526,0.04940042389324383,0.11216672832208446,0.05349270979274884,2.5444837540067318e-05,0.04083678061988071,0.38457391450994366,0.03907728589861257,0.29490411617973816,0.04195023090832044,5.786560747483073e-14,0.11534288623413184,5.786560747483073e-14,0.11534288623413184,0.0022319580014466952,0.17416433204343856,2.7694896977322038e-05,0.03566562832379302,0.028187081592549824,0.03634707796127358,0.02073590221579595,0.05291602465924271,0.08891141214744112,0.03844739742061847,0.04745350277992068,0.13159860360974623
2024-12-17,0.01,0.01,0.00021826966690153526,0.04940042389324383,0.00021826966690153526,0.04940042389324383,0.11216672832208446,0.05349270979274884,2.5444837540067318e-05,0.04083678061988071,0.38457391450994366,0.03907728589861257,0.29490411617973816,0.04195023090832044,5.786560747483073e-14,0.11534288623413184,5.786560747483073e-14,0.11534288623413184,0.0022319580014466952,0.17416433204343856,2.7694896977322038e-05,0.03566562832379302,0.028187081592549824,0.03634707796127358,0.02073590221579595,0.05291602465924271,0.08891141214744112,0.03844739742061847,0.04745350277992068,0.13159860360974623
2024-12-18,0.01,0.01,0.00021826966690153526,0.04940042389324383,0.00021826966690153526,0.04940042389324383,0.11216672832208446,0.05349270979274884,2.5444837540067318e-05,0.04083678061988071,0.38457391450994366,0.03907728589861257,0.29490411617973816,0.04195023090832044,5.786560747483073e-14,0.11534288623413184,5.786560747483073e-14,0.11534288623413184,0.0022319580014466952,0.17416433204343856,2.7694896977322038e-05,0.03566562832379302,0.028187081592549824,0.03634707796127358,0.02073590221579595,0.05291602465924271,0.08891141214744112,0.03844739742061847,0.04745350277992068,0.13159860360974623
2024-12-19,0.01,0.01,0.00021826966690153526,0.04940042389324383,0.00021826966690153526,0.04940042389324383,0.11216672832208446,0.05349270979274884,2.5444837540067318e-05,0.04083678061988071,0.38457391450994366,0.03907728589861257,0.29490411617973816,0.04195023090832044,5.786560747483073e-14,0.11534288623413184,5.786560747483073e-14,0.11534288623413184,0.0022319580014466952,0.17416433204343856,2.7694896977322038e-05,0.03566562832379302,0.028187081592549824,0.03634707796127358,0.02073590221579595,0.05291602465924271,0.08891141214744112,0.03844739742061847,0.04745350277992068,0.13159860360974623
2024-12-20,0.01,0.01,0.00021826966690153526,0.04940042389324383,0.00021826966690153526,0.04940042389324383,0.11216672832208446,0.05349270979274884,2.5444837540067318e-05,0.04083678061988071,0.38457391450994366,0.03907728589861257,0.29490411617973816,0.04195023090832044,5.786560747483073e-14,0.11534288623413184,5.786560747483073e-14,0.11534288623413184,0.0022319580014466952,0.17416433204343856,2.7694896977322038e-05,0.03566562832379302,0.028187081592549824,0.03634707796127358,0.02073590221579595,0.05291602465924271,0.08891141214744112,0.03844739742061847,0.04745350277992068,0.13159860360974623
2024-12-23,0.01,0.01,0.00021826966690153526,0.04940042389324383,0.00021826966690153526,0.04940042389324383,0.11216672832208446,0.05349270979274884,2.5444837540067318e-05,0.04083678061988071,0.38457391450994366,0.03907728589861257,0.29490411617973816,0.04195023090832044,5.786560747483073e-14,0.11534288623413184,5.786560747483073e-14,0.11534288623413184,0.0022319580014466952,0.17416433204343856,2.7694896977322038e-05,0.03566562832379302,0.028187081592549824,0.03634707796127358,0.02073590221579595,0.05291602465924271,0.08891141214744112,0.03844739742061847,0.04745350277992068,0.13159860360974623
2024-12-24,0.01,0.01,0.00021826966690153526,0.04940042389324383,0.00021826966690153526,0.04940042389324383,0.11216672832208446,0.05349270979274884,2.5444837540067318e-05,0.04083678061988071,0.38457391450994366,0.03907728589861257,0.29490411617973816,0.04195023090832044,5.786560747483073e-14,0.11534288623413184,5.786560747483073e-14,0.11534288623413184,0.0022319580014466952,0.17416433204343856,2.7694896977322038e-05,0.03566562832379302,0.028187081592549824,0.03634707796127358,0.02073590221579595,0.05291602465924271,0.08891141214744112,0.03844739742061847,0.04745350277992068,0.13159860360974623
2024-12-26,0.01,0.01,0.00021826966690153526,0.04940042389324383,0.00021826966690153526,0.04940042389324383,0.11216672832208446,0.05349270979274884,2.5444837540067318e-05,0.04083678061988071,0.38457391450994366,0.03907728589861257,0.29490411617973816,0.04195023090832044,5.786560747483073e-14,0.11534288623413184,5.786560747483073e-14,0.11534288623413184,0.0022319580014466952,0.17416433204343856,2.7694896977322038e-05,0.03566562832379302,0.028187081592549824,0.03634707796127358,0.02073590221579595,0.05291602465924271,0.08891141214744112,0.03844739742061847,0.04745350277992068,0.13159860360974623
2024-12-27,0.01,0.01,0.00021826966690153526,0.04940042389324383,0.00021826966690153526,0.04940042389324383,0.11216672832208446,0.05349270979274884,2.5444837540067318e-05,0.04083678061988071,0.38457391450994366,0.03907728589861257,0.29490411617973816,0.04195023090832044,5.786560747483073e-14,0.11534288623413184,5.786560747483073e-14,0.11534288623413184,0.0022319580014466952,0.17416433204343856,2.7694896977322038e-05,0.03566562832379302,0.028187081592549824,0.03634707796127358,0.02073590221579595,0.05291602465924271,0.08891141214744112,0.03844739742061847,0.04745350277992068,0.13159860360974623
2024-12-30,0.01,0.01,0.00021826966690153526,0.04940042389324383,0.00021826966690153526,0.04940042389324383,0.11216672832208446,0.05349270979274884,2.5444837540067318e-05,0.04083678061988071,0.38457391450994366,0.03907728589861257,0.29490411617973816,0.04195023090832044,5.786560747483073e-14,0.11534288623413184,5.786560747483073e-14,0.11534288623413184,0.0022319580014466952,0.17416433204343856,2.7694896977322038e-05,0.03566562832379302,0.028187081592549824,0.03634707796127358,0.02073590221579595,0.05291602465924271,0.08891141214744112,0.03844739742061847,0.04745350277992068,0.13159860360974623
2024-12-31,0.01,0.01,0.00021826966690153526,0.04940042389324383,0.00021826966690153526,0.04940042389324383,0.11216672832208446,0.05349270979274884,2.5444837540067318e-05,0.04083678061988071,0.38457391450994366,0.03907728589861257,0.29490411617973816,0.04195023090832044,5.786560747483073e-14,0.11534288623413184,5.786560747483073e-14,0.11534288623413184,0.0022319580014466952,0.17416433204343856,2.7694896977322038e-05,0.03566562832379302,0.028187081592549824,0.03634707796127358,0.02073590221579595,0.05291602465924271,0.08891141214744112,0.03844739742061847,0.04745350277992068,0.13159860360974623
2025-01-02,0.01,0.01,2.2077356630692004e-67,0.025027320685457453,2.2077356630692004e-67,0.025027320685457453,8.756418040815032e-07,0.02508208158877894,0.00013596301598064212,0.06036034923140542,4.0490919161336595e-13,0.019208343008951842,1.8326360618965885e-15,0.025221882349688616,1.2775455477429557e-43,0.026821937376896934,1.2775455477429557e-43,0.026821937376896934,1.5453305942210648e-05,0.026853964032640332,2.0298683332180496e-06,0.03553774820681447,1.0589764092392925e-07,0.020050140793539166,3.552207004583786e-09,0.02318140508831238,0.053453621484147756,0.027488956834396165,0.05784937121320127,0.01
2025-01-03,0.01,0.01,2.2077356630692004e-67,0.025027320685457453,2.2077356630692004e-67,0.025027320685457453,8.756418040815032e-07,0.02508208158877894,0.00013596301598064212,0.06036034923140542,4.0490919161336595e-13,0.019208343008951842,1.8326360618965885e-15,0.025221882349688616,1.2775455477429557e-43,0.026821937376896934,1.2775455477429557e-43,0.026821937376896934,1.5453305942210648e-05,0.026853964032640332,2.0298683332180496e-06,0.03553774820681447,1.0589764092392925e-07,0.020050140793539166,3.552207004583786e-09,0.02318140508831238,0.053453621484147756,0.027488956834396165,0.05784937121320127,0.01
2025-01-06,0.01,0.01,2.2077356630692004e-67,0.025027320685457453,2.2077356630692004e-67,0.025027320685457453,8.756418040815032e-07,0.02508208158877894,0.00013596301598064212,0.06036034923140542,4.0490919161336595e-13,0.019208343008951842,1.8326360618965885e-15,0.025221882349688616,1.2775455477429557e-43,0.026821937376896934,1.2775455477429557e-43,0.026821937376896934,1.5453305942210648e-05,0.026853964032640332,2.0298683332180496e-06,0.03553774820681447,1.0589764092392925e-07,0.020050140793539166,3.552207004583786e-09,0.02318140508831238,0.053453621484147756,0.027488956834396165,0.05784937121320127,0.01
2025-01-07,0.01,0.01,2.2077356630692004e-67,0.025027320685457453,2.2077356630692004e-67,0.025027320685457453,8.756418040815032e-07,0.02508208158877894,0.00013596301598064212,0.06036034923140542,4.0490919161336595e-13,0.019208343008951842,1.8326360618965885e-15,0.025221882349688616,1.2775455477429557e-43,0.026821937376896934,1.2775455477429557e-43,0.026821937376896934,1.5453305942210648e-05,0.026853964032640332,2.0298683332180496e-06,0.03553774820681447,1.0589764092392925e-07,0.020050140793539166,3.552207004583786e-09,0.02318140508831238,0.053453621484147756,0.027488956834396165,0.05784937121320127,0.01
2025-01-08,0.01,0.01,2.2077356630692004e-67,0.025027320685457453,2.2077356630692004e-67,0.025027320685457453,8.756418040815032e-07,0.02508208158877894,0.00013596301598064212,0.06036034923140542,4.0490919161336595e-13,0.019208343008951842,1.8326360618965885e-15,0.025221882349688616,1.2775455477429557e-43,0.026821937376896934,1.2775455477429557e-43,0.026821937376896934,1.5453305942210648e-05,0.026853964032640332,2.0298683332180496e-06,0.03553774820681447,1.0589764092392925e-07,0.020050140793539166,3.552207004583786e-09,0.02318140508831238,0.053453621484147756,0.027488956834396165,0.05784937121320127,0.01
2025-01-10,0.01,0.01,2.2077356630692004e-67,0.025027320685457453,2.2077356630692004e-67,0.025027320685457453,8.756418040815032e-07,0.02508208158877894,0.00013596301598064212,0.06036034923140542,4.0490919161336595e-13,0.019208343008951842,1.8326360618965885e-15,0.025221882349688616,1.2775455477429557e-43,0.026821937376896934,1.2775455477429557e-43,0.026821937376896934,1.5453305942210648e-05,0.026853964032640332,2.0298683332180496e-06,0.03553774820681447,1.0589764092392925e-07,0.020050140793539166,3.552207004583786e-09,0.02318140508831238,0.053453621484147756,0.027488956834396165,0.05784937121320127,0.01
2025-01-13,0.01,0.01,2.2077356630692004e-67,0.025027320685457453,2.2077356630692004e-67,0.025027320685457453,8.756418040815032e-07,0.02508208158877894,0.00013596301598064212,0.06036034923140542,4.0490919161336595e-13,0.019208343008951842,1.8326360618965885e-15,0.025221882349688616,1.2775455477429557e-43,0.026821937376896934,1.2775455477429557e-43,0.026821937376896934,1.5453305942210648e-05,0.026853964032640332,2.0298683332180496e-06,0.03553774820681447,1.0589764092392925e-07,0.020050140793539166,3.552207004583786e-09,0.02318140508831238,0.053453621484147756,0.027488956834396165,0.05784937121320127,0.01
2025-01-14,0.01,0.01,2.2077356630692004e-67,0.025027320685457453,2.2077356630692004e-67,0.025027320685457453,8.756418040815032e-07,0.02508208158877894,0.00013596301598064212,0.06036034923140542,4.0490919161336595e-13,0.019208343008951842,1.8326360618965885e-15,0.025221882349688616,1.2775455477429557e-43,0.026821937376896934,1.2775455477429557e-43,0.026821937376896934,1.5453305942210648e-05,0.026853964032640332,2.0298683332180496e-06,0.03553774820681447,1.0589764092392925e-07,0.020050140793539166,3.552207004583786e-09,0.02318140508831238,0.053453621484147756,0.027488956834396165,0.05784937121320127,0.01
2025-01-15,0.01,0.01,2.2077356630692004e-67,0.025027320685457453,2.2077356630692004e-67,0.025027320685457453,8.756418040815032e-07,0.02508208158877894,0.00013596301598064212,0.06036034923140542,4.0490919161336595e-13,0.019208343008951842,1.8326360618965885e-15,0.025221882349688616,1.2775455477429557e-43,0.026821937376896934,1.2775455477429557e-43,0.026821937376896934,1.5453305942210648e-05,0.026853964032640332,2.0298683332180496e-06,0.03553774820681447,1.0589764092392925e-07,0.020050140793539166,3.552207004583786e-09,0.02318140508831238,0.053453621484147756,0.027488956834396165,0.05784937121320127,0.01
2025-01-16,0.01,0.01,2.2077356630692004e-67,0.025027320685457453,2.2077356630692004e-67,0.025027320685457453,8.756418040815032e-07,0.02508208158877894,0.00013596301598064212,0.06036034923140542,4.0490919161336595e-13,0.019208343008951842,1.8326360618965885e-15,0.025221882349688616,1.2775455477429557e-43,0.026821937376896934,1.2775455477429557e-43,0.026821937376896934,1.5453305942210648e-05,0.026853964032640332,2.0298683332180496e-06,0.03553774820681447,1.0589764092392925e-07,0.020050140793539166,3.552207004583786e-09,0.02318140508831238,0.053453621484147756,0.027488956834396165,0.05784937121320127,0.01
2025-01-17,0.01,0.01,2.2077356630692004e-67,0.025027320685457453,2.2077356630692004e-67,0.025027320685457453,8.756418040815032e-07,0.02508208158877894,0.00013596301598064212,0.06036034923140542,4.0490919161336595e-13,0.019208343008951842,1.8326360618965885e-15,0.025221882349688616,1.2775455477429557e-43,0.026821937376896934,1.2775455477429557e-43,0.026821937376896934,1.5453305942210648e-05,0.026853964032640332,2.0298683332180496e-06,0.03553774820681447,1.0589764092392925e-07,0.020050140793539166,3.552207004583786e-09,0.02318140508831238,0.053453621484147756,0.027488956834396165,0.05784937121320127,0.01
2025-01-21,0.01,0.01,2.2077356630692004e-67,0.025027320685457453,2.2077356630692004e-67,0.025027320685457453,8.756418040815032e-07,0.02508208158877894,0.00013596301598064212,0.06036034923140542,4.0490919161336595e-13,0.019208343008951842,1.8326360618965885e-15,0.025221882349688616,1.2775455477429557e-43,0.026821937376896934,1.2775455477429557e-43,0.026821937376896934,1.5453305942210648e-05,0.026853964032640332,2.0298683332180496e-06,0.03553774820681447,1.0589764092392925e-07,0.020050140793539166,3.552207004583786e-09,0.02318140508831238,0.053453621484147756,0.027488956834396165,0.05784937121320127,0.01
2025-01-22,0.01,0.01,2.2077356630692004e-67,0.025027320685457453,2.2077356630692004e-67,0.025027320685457453,8.756418040815032e-07,0.02508208158877894,0.00013596301598064212,0.06036034923140542,4.0490919161336595e-13,0.019208343008951842,1.8326360618965885e-15,0.025221882349688616,1.2775455477429557e-43,0.026821937376896934,1.2775455477429557e-43,0.026821937376896934,1.5453305942210648e-05,0.026853964032640332,2.0298683332180496e-06,0.03553774820681447,1.0589764092392925e-07,0.020050140793539166,3.552207004583786e-09,0.02318140508831238,0.053453621484147756,0.027488956834396165,0.05784937121320127,0.01
2025-01-23,0.01,0.01,2.2077356630692004e-67,0.025027320685457453,2.2077356630692004e-67,0.025027320685457453,8.756418040815032e-07,0.02508208158877894,0.00013596301598064212,0.06036034923140542,4.0490919161336595e-13,0.019208343008951842,1.8326360618965885e-15,0.025221882349688616,1.2775455477429557e-43,0.026821937376896934,1.2775455477429557e-43,0.026821937376896934,1.5453305942210648e-05,0.026853964032640332,2.0298683332180496e-06,0.03553774820681447,1.0589764092392925e-07,0.020050140793539166,3.552207004583786e-09,0.02318140508831238,0.053453621484147756,0.027488956834396165,0.05784937121320127,0.01
2025-01-24,0.01,0.01,2.2077356630692004e-67,0.025027320685457453,2.2077356630692004e-67,0.025027320685457453,8.756418040815032e-07,0.02508208158877894,0.00013596301598064212,0.06036034923140542,4.0490919161336595e-13,0.019208343008951842,1.8326360618965885e-15,0.025221882349688616,1.2775455477429557e-43,0.026821937376896934,1.2775455477429557e-43,0.026821937376896934,1.5453305942210648e-05,0.026853964032640332,2.0298683332180496e-06,0.03553774820681447,1.0589764092392925e-07,0.020050140793539166,3.552207004583786e-09,0.02318140508831238,0.053453621484147756,0.027488956834396165,0.05784937121320127,0.01
2025-01-27,0.01,0.01,2.2077356630692004e-67,0.025027320685457453,2.2077356630692004e-67,0.025027320685457453,8.756418040815032e-07,0.02508208158877894,0.00013596301598064212,0.06036034923140542,4.0490919161336595e-13,0.019208343008951842,1.8326360618965885e-15,0.025221882349688616,1.2775455477429557e-43,0.026821937376896934,1.2775455477429557e-43,0.026821937376896934,1.5453305942210648e-05,0.026853964032640332,2.0298683332180496e-06,0.03553774820681447,1.0589764092392925e-07,0.020050140793539166,3.552207004583786e-09,0.02318140508831238,0.053453621484147756,0.027488956834396165,0.05784937121320127,0.01
2025-01-28,0.01,0.01,2.2077356630692004e-67,0.025027320685457453,2.2077356630692004e-67,0.025027320685457453,8.756418040815032e-07,0.02508208158877894,0.00013596301598064212,0.06036034923140542,4.0490919161336595e-13,0.019208343008951842,1.8326360618965885e-15,0.025221882349688616,1.2775455477429557e-43,0.026821937376896934,1.2775455477429557e-43,0.026821937376896934,1.5453305942210648e-05,0.026853964032640332,2.0298683332180496e-06,0.03553774820681447,1.0589764092392925e-07,0.020050140793539166,3.552207004583786e-09,0.02318140508831238,0.053453621484147756,0.027488956834396165,0.05784937121320127,0.01
2025-01-29,0.01,0.01,2.2077356630692004e-67,0.025027320685457453,2.2077356630692004e-67,0.025027320685457453,8.756418040815032e-07,0.02508208158877894,0.00013596301598064212,0.06036034923140542,4.0490919161336595e-13,0.019208343008951842,1.8326360618965885e-15,0.025221882349688616,1.2775455477429557e-43,0.026821937376896934,1.2775455477429557e-43,0.026821937376896934,1.5453305942210648e-05,0.026853964032640332,2.0298683332180496e-06,0.03553774820681447,1.0589764092392925e-07,0.020050140793539166,3.552207004583786e-09,0.02318140508831238,0.053453621484147756,0.027488956834396165,0.05784937121320127,0.01
2025-01-30,0.01,0.01,2.2077356630692004e-67,0.025027320685457453,2.2077356630692004e-67,0.025027320685457453,8.756418040815032e-07,0.02508208158877894,0.00013596301598064212,0.06036034923140542,4.0490919161336595e-13,0.019208343008951842,1.8326360618965885e-15,0.025221882349688616,1.2775455477429557e-43,0.026821937376896934,1.2775455477429557e-43,0.026821937376896934,1.5453305942210648e-05,0.026853964032640332,2.0298683332180496e-06,0.03553774820681447,1.0589764092392925e-07,0.020050140793539166,3.552207004583786e-09,0.02318140508831238,0.053453621484147756,0.027488956834396165,0.05784937121320127,0.01
2025-01-31,0.01,0.01,2.2077356630692004e-67,0.025027320685457453,2.2077356630692004e-67,0.025027320685457453,8.756418040815032e-07,0.02508208158877894,0.00013596301598064212,0.06036034923140542,4.0490919161336595e-13,0.019208343008951842,1.8326360618965885e-15,0.025221882349688616,1.2775455477429557e-43,0.026821937376896934,1.2775455477429557e-43,0.026821937376896934,1.5453305942210648e-05,0.026853964032640332,2.0298683332180496e-06,0.03553774820681447,1.0589764092392925e-07,0.020050140793539166,3.552207004583786e-09,0.02318140508831238,0.053453621484147756,0.027488956834396165,0.05784937121320127,0.01
2025-02-03,0.01,0.01,2.2077356630692004e-67,0.025027320685457453,2.2077356630692004e-67,0.025027320685457453,8.756418040815032e-07,0.02508208158877894,0.00013596301598064212,0.06036034923140542,4.0490919161336595e-13,0.019208343008951842,1.8326360618965885e-15,0.025221882349688616,1.2775455477429557e-43,0.026821937376896934,1.2775455477429557e-43,0.026821937376896934,1.5453305942210648e-05,0.026853964032640332,2.0298683332180496e-06,0.03553774820681447,1.0589764092392925e-07,0.020050140793539166,3.552207004583786e-09,0.02318140508831238,0.053453621484147756,0.027488956834396165,0.05784937121320127,0.01
2025-02-04,0.01,0.01,2.2077356630692004e-67,0.025027320685457453,2.2077356630692004e-67,0.025027320685457453,8.756418040815032e-07,0.02508208158877894,0.00013596301598064212,0.06036034923140542,4.0490919161336595e-13,0.019208343008951842,1.8326360618965885e-15,0.025221882349688616,1.2775455477429557e-43,0.026821937376896934,1.2775455477429557e-43,0.026821937376896934,1.5453305942210648e-05,0.026853964032640332,2.0298683332180496e-06,0.03553774820681447,1.0589764092392925e-07,0.020050140793539166,3.552207004583786e-09,0.02318140508831238,0.053453621484147756,0.027488956834396165,0.05784937121320127,0.01
2025-02-05,0.01,0.01,2.2077356630692004e-67,0.025027320685457453,2.2077356630692004e-67,0.025027320685457453,8.756418040815032e-07,0.02508208158877894,0.00013596301598064212,0.06036034923140542,4.0490919161336595e-13,0.019208343008951842,1.8326360618965885e-15,0.025221882349688616,1.2775455477429557e-43,0.026821937376896934,1.2775455477429557e-43,0.026821937376896934,1.5453305942210648e-05,0.026853964032640332,2.0298683332180496e-06,0.03553774820681447,1.0589764092392925e-07,0.020050140793539166,3.552207004583786e-09,0.02318140508831238,0.053453621484147756,0.027488956834396165,0.05784937121320127,0.01
2025-02-06,0.01,0.01,2.2077356630692004e-67,0.025027320685457453,2.2077356630692004e-67,0.025027320685457453,8.756418040815032e-07,0.02508208158877894,0.00013596301598064212,0.06036034923140542,4.0490919161336595e-13,0.019208343008951842,1.8326360618965885e-15,0.025221882349688616,1.2775455477429557e-43,0.026821937376896934,1.2775455477429557e-43,0.026821937376896934,1.5453305942210648e-05,0.026853964032640332,2.0298683332180496e-06,0.03553774820681447,1.0589764092392925e-07,0.020050140793539166,3.552207004583786e-09,0.02318140508831238,0.053453621484147756,0.027488956834396165,0.05784937121320127,0.01
2025-02-07,0.01,0.01,2.2077356630692004e-67,0.025027320685457453,2.2077356630692004e-67,0.025027320685457453,8.756418040815032e-07,0.02508208158877894,0.00013596301598064212,0.06036034923140542,4.0490919161336595e-13,0.019208343008951842,1.8326360618965885e-15,0.025221882349688616,1.2775455477429557e-43,0.026821937376896934,1.2775455477429557e-43,0.026821937376896934,1.5453305942210648e-05,0.026853964032640332,2.0298683332180496e-06,0.03553774820681447,1.0589764092392925e-07,0.020050140793539166,3.552207004583786e-09,0.02318140508831238,0.053453621484147756,0.027488956834396165,0.05784937121320127,0.01
2025-02-10,0.01,0.01,2.2077356630692004e-67,0.025027320685457453,2.2077356630692004e-67,0.025027320685457453,8.756418040815032e-07,0.02508208158877894,0.00013596301598064212,0.06036034923140542,4.0490919161336595e-13,0.019208343008951842,1.8326360618965885e-15,0.025221882349688616,1.2775455477429557e-43,0.026821937376896934,1.2775455477429557e-43,0.026821937376896934,1.5453305942210648e-05,0.026853964032640332,2.0298683332180496e-06,0.03553774820681447,1.0589764092392925e-07,0.020050140793539166,3.552207004583786e-09,0.02318140508831238,0.053453621484147756,0.027488956834396165,0.05784937121320127,0.01
2025-02-11,0.01,0.01,2.2077356630692004e-67,0.025027320685457453,2.2077356630692004e-67,0.025027320685457453,8.756418040815032e-07,0.02508208158877894,0.00013596301598064212,0.06036034923140542,4.0490919161336595e-13,0.019208343008951842,1.8326360618965885e-15,0.025221882349688616,1.2775455477429557e-43,0.026821937376896934,1.2775455477429557e-43,0.026821937376896934,1.5453305942210648e-05,0.026853964032640332,2.0298683332180496e-06,0.03553774820681447,1.0589764092392925e-07,0.020050140793539166,3.552207004583786e-09,0.02318140508831238,0.053453621484147756,0.027488956834396165,0.05784937121320127,0.01
2025-02-12,0.01,0.01,2.2077356630692004e-67,0.025027320685457453,2.2077356630692004e-67,0.025027320685457453,8.756418040815032e-07,0.02508208158877894,0.00013596301598064212,0.06036034923140542,4.0490919161336595e-13,0.019208343008951842,1.8326360618965885e-15,0.025221882349688616,1.2775455477429557e-43,0.026821937376896934,1.2775455477429557e-43,0.026821937376896934,1.5453305942210648e-05,0.026853964032640332,2.0298683332180496e-06,0.03553774820681447,1.0589764092392925e-07,0.020050140793539166,3.552207004583786e-09,0.02318140508831238,0.053453621484147756,0.027488956834396165,0.05784937121320127,0.01
2025-02-13,0.01,0.01,2.2077356630692004e-67,0.025027320685457453,2.2077356630692004e-67,0.025027320685457453,8.756418040815032e-07,0.02508208158877894,0.00013596301598064212,0.06036034923140542,4.0490919161336595e-13,0.019208343008951842,1.8326360618965885e-15,0.025221882349688616,1.2775455477429557e-43,0.026821937376896934,1.2775455477429557e-43,0.026821937376896934,1.5453305942210648e-05,0.026853964032640332,2.0298683332180496e-06,0.03553774820681447,1.0589764092392925e-07,0.020050140793539166,3.552207004583786e-09,0.02318140508831238,0.053453621484147756,0.027488956834396165,0.05784937121320127,0.01
2025-02-14,0.01,0.01,2.2077356630692004e-67,0.025027320685457453,2.2077356630692004e-67,0.025027320685457453,8.756418040815032e-07,0.02508208158877894,0.00013596301598064212,0.06036034923140542,4.0490919161336595e-13,0.019208343008951842,1.8326360618965885e-15,0.025221882349688616,1.2775455477429557e-43,0.026821937376896934,1.2775455477429557e-43,0.026821937376896934,1.5453305942210648e-05,0.026853964032640332,2.0298683332180496e-06,0.03553774820681447,1.0589764092392925e-07,0.020050140793539166,3.552207004583786e-09,0.02318140508831238,0.053453621484147756,0.027488956834396165,0.05784937121320127,0.01
2025-02-18,0.01,0.01,2.2077356630692004e-67,0.025027320685457453,2.2077356630692004e-67,0.025027320685457453,8.756418040815032e-07,0.02508208158877894,0.00013596301598064212,0.06036034923140542,4.0490919161336595e-13,0.019208343008951842,1.8326360618965885e-15,0.025221882349688616,1.2775455477429557e-43,0.026821937376896934,1.2775455477429557e-43,0.026821937376896934,1.5453305942210648e-05,0.026853964032640332,2.0298683332180496e-06,0.03553774820681447,1.0589764092392925e-07,0.020050140793539166,3.552207004583786e-09,0.02318140508831238,0.053453621484147756,0.027488956834396165,0.05784937121320127,0.01
2025-02-19,0.01,0.01,2.2077356630692004e-67,0.025027320685457453,2.2077356630692004e-67,0.025027320685457453,8.756418040815032e-07,0.02508208158877894,0.00013596301598064212,0.06036034923140542,4.0490919161336595e-13,0.019208343008951842,1.8326360618965885e-15,0.025221882349688616,1.2775455477429557e-43,0.026821937376896934,1.2775455477429557e-43,0.026821937376896934,1.5453305942210648e-05,0.026853964032640332,2.0298683332180496e-06,0.03553774820681447,1.0589764092392925e-07,0.020050140793539166,3.552207004583786e-09,0.02318140508831238,0.053453621484147756,0.027488956834396165,0.05784937121320127,0.01
2025-02-20,0.01,0.01,2.2077356630692004e-67,0.025027320685457453,2.2077356630692004e-67,0.025027320685457453,8.756418040815032e-07,0.02508208158877894,0.00013596301598064212,0.06036034923140542,4.0490919161336595e-13,0.019208343008951842,1.8326360618965885e-15,0.025221882349688616,1.2775455477429557e-43,0.026821937376896934,1.2775455477429557e-43,0.026821937376896934,1.5453305942210648e-05,0.026853964032640332,2.0298683332180496e-06,0.03553774820681447,1.0589764092392925e-07,0.020050140793539166,3.552207004583786e-09,0.02318140508831238,0.053453621484147756,0.027488956834396165,0.05784937121320127,0.01
2025-02-21,0.01,0.01,2.2077356630692004e-67,0.025027320685457453,2.2077356630692004e-67,0.025027320685457453,8.756418040815032e-07,0.02508208158877894,0.00013596301598064212,0.06036034923140542,4.0490919161336595e-13,0.019208343008951842,1.8326360618965885e-15,0.025221882349688616,1.2775455477429557e-43,0.026821937376896934,1.2775455477429557e-43,0.026821937376896934,1.5453305942210648e-05,0.026853964032640332,2.0298683332180496e-06,0.03553774820681447,1.0589764092392925e-07,0.020050140793539166,3.552207004583786e-09,0.02318140508831238,0.053453621484147756,0.027488956834396165,0.05784937121320127,0.01
2025-02-24,0.01,0.01,2.2077356630692004e-67,0.025027320685457453,2.2077356630692004e-67,0.025027320685457453,8.756418040815032e-07,0.02508208158877894,0.00013596301598064212,0.06036034923140542,4.0490919161336595e-13,0.019208343008951842,1.8326360618965885e-15,0.025221882349688616,1.2775455477429557e-43,0.026821937376896934,1.2775455477429557e-43,0.026821937376896934,1.5453305942210648e-05,0.026853964032640332,2.0298683332180496e-06,0.03553774820681447,1.0589764092392925e-07,0.020050140793539166,3.552207004583786e-09,0.02318140508831238,0.053453621484147756,0.027488956834396165,0.05784937121320127,0.01
2025-02-25,0.01,0.01,2.2077356630692004e-67,0.025027320685457453,2.2077356630692004e-67,0.025027320685457453,8.756418040815032e-07,0.02508208158877894,0.00013596301598064212,0.06036034923140542,4.0490919161336595e-13,0.019208343008951842,1.8326360618965885e-15,0.025221882349688616,1.2775455477429557e-43,0.026821937376896934,1.2775455477429557e-43,0.026821937376896934,1.5453305942210648e-05,0.026853964032640332,2.0298683332180496e-06,0.03553774820681447,1.0589764092392925e-07,0.020050140793539166,3.552207004583786e-09,0.02318140508831238,0.053453621484147756,0.027488956834396165,0.05784937121320127,0.01
2025-02-26,0.01,0.01,2.2077356630692004e-67,0.025027320685457453,2.2077356630692004e-67,0.025027320685457453,8.756418040815032e-07,0.02508208158877894,0.00013596301598064212,0.06036034923140542,4.0490919161336595e-13,0.019208343008951842,1.8326360618965885e-15,0.025221882349688616,1.2775455477429557e-43,0.026821937376896934,1.2775455477429557e-43,0.026821937376896934,1.5453305942210648e-05,0.026853964032640332,2.0298683332180496e-06,0.03553774820681447,1.0589764092392925e-07,0.020050140793539166,3.552207004583786e-09,0.02318140508831238,0.053453621484147756,0.027488956834396165,0.05784937121320127,0.01
2025-02-27,0.01,0.01,2.2077356630692004e-67,0.025027320685457453,2.2077356630692004e-67,0.025027320685457453,8.756418040815032e-07,0.02508208158877894,0.00013596301598064212,0.06036034923140542,4.0490919161336595e-13,0.019208343008951842,1.8326360618965885e-15,0.025221882349688616,1.2775455477429557e-43,0.026821937376896934,1.2775455477429557e-43,0.026821937376896934,1.5453305942210648e-05,0.026853964032640332,2.0298683332180496e-06,0.03553774820681447,1.0589764092392925e-07,0.020050140793539166,3.552207004583786e-09,0.02318140508831238,0.053453621484147756,0.027488956834396165,0.05784937121320127,0.01
2025-02-28,0.01,0.01,2.2077356630692004e-67,0.025027320685457453,2.2077356630692004e-67,0.025027320685457453,8.756418040815032e-07,0.02508208158877894,0.00013596301598064212,0.06036034923140542,4.0490919161336595e-13,0.019208343008951842,1.8326360618965885e-15,0.025221882349688616,1.2775455477429557e-43,0.026821937376896934,1.2775455477429557e-43,0.026821937376896934,1.5453305942210648e-05,0.026853964032640332,2.0298683332180496e-06,0.03553774820681447,1.0589764092392925e-07,0.020050140793539166,3.552207004583786e-09,0.02318140508831238,0.053453621484147756,0.027488956834396165,0.05784937121320127,0.01
2025-03-03,0.01,0.01,2.2077356630692004e-67,0.025027320685457453,2.2077356630692004e-67,0.025027320685457453,8.756418040815032e-07,0.02508208158877894,0.00013596301598064212,0.06036034923140542,4.0490919161336595e-13,0.019208343008951842,1.8326360618965885e-15,0.025221882349688616,1.2775455477429557e-43,0.026821937376896934,1.2775455477429557e-43,0.026821937376896934,1.5453305942210648e-05,0.026853964032640332,2.0298683332180496e-06,0.03553774820681447,1.0589764092392925e-07,0.020050140793539166,3.552207004583786e-09,0.02318140508831238,0.053453621484147756,0.027488956834396165,0.05784937121320127,0.01
2025-03-04,0.01,0.01,2.2077356630692004e-67,0.025027320685457453,2.2077356630692004e-67,0.025027320685457453,8.756418040815032e-07,0.02508208158877894,0.00013596301598064212,0.06036034923140542,4.0490919161336595e-13,0.019208343008951842,1.8326360618965885e-15,0.025221882349688616,1.2775455477429557e-43,0.026821937376896934,1.2775455477429557e-43,0.026821937376896934,1.5453305942210648e-05,0.026853964032640332,2.0298683332180496e-06,0.03553774820681447,1.0589764092392925e-07,0.020050140793539166,3.552207004583786e-09,0.02318140508831238,0.053453621484147756,0.027488956834396165,0.05784937121320127,0.01
2025-03-05,0.01,0.01,2.2077356630692004e-67,0.025027320685457453,2.2077356630692004e-67,0.025027320685457453,8.756418040815032e-07,0.02508208158877894,0.00013596301598064212,0.06036034923140542,4.0490919161336595e-13,0.019208343008951842,1.8326360618965885e-15,0.025221882349688616,1.2775455477429557e-43,0.026821937376896934,1.2775455477429557e-43,0.026821937376896934,1.5453305942210648e-05,0.026853964032640332,2.0298683332180496e-06,0.03553774820681447,1.0589764092392925e-07,0.020050140793539166,3.552207004583786e-09,0.02318140508831238,0.053453621484147756,0.027488956834396165,0.05784937121320127,0.01
2025-03-06,0.01,0.01,2.2077356630692004e-67,0.025027320685457453,2.2077356630692004e-67,0.025027320685457453,8.756418040815032e-07,0.02508208158877894,0.00013596301598064212,0.06036034923140542,4.0490919161336595e-13,0.019208343008951842,1.8326360618965885e-15,0.025221882349688616,1.2775455477429557e-43,0.026821937376896934,1.2775455477429557e-43,0.026821937376896934,1.5453305942210648e-05,0.026853964032640332,2.0298683332180496e-06,0.03553774820681447,1.0589764092392925e-07,0.020050140793539166,3.552207004583786e-09,0.02318140508831238,0.053453621484147756,0.027488956834396165,0.05784937121320127,0.01
2025-03-07,0.01,0.01,2.2077356630692004e-67,0.025027320685457453,2.2077356630692004e-67,0.025027320685457453,8.756418040815032e-07,0.02508208158877894,0.00013596301598064212,0.06036034923140542,4.0490919161336595e-13,0.019208343008951842,1.8326360618965885e-15,0.025221882349688616,1.2775455477429557e-43,0.026821937376896934,1.2775455477429557e-43,0.026821937376896934,1.5453305942210648e-05,0.026853964032640332,2.0298683332180496e-06,0.03553774820681447,1.0589764092392925e-07,0.020050140793539166,3.552207004583786e-09,0.02318140508831238,0.053453621484147756,0.027488956834396165,0.05784937121320127,0.01
2025-03-10,0.01,0.01,2.2077356630692004e-67,0.025027320685457453,2.2077356630692004e-67,0.025027320685457453,8.756418040815032e-07,0.02508208158877894,0.00013596301598064212,0.06036034923140542,4.0490919161336595e-13,0.019208343008951842,1.8326360618965885e-15,0.025221882349688616,1.2775455477429557e-43,0.026821937376896934,1.2775455477429557e-43,0.026821937376896934,1.5453305942210648e-05,0.026853964032640332,2.0298683332180496e-06,0.03553774820681447,1.0589764092392925e-07,0.020050140793539166,3.552207004583786e-09,0.02318140508831238,0.053453621484147756,0.027488956834396165,0.05784937121320127,0.01
2025-03-11,0.01,0.01,2.2077356630692004e-67,0.025027320685457453,2.2077356630692004e-67,0.025027320685457453,8.756418040815032e-07,0.02508208158877894,0.00013596301598064212,0.06036034923140542,4.0490919161336595e-13,0.019208343008951842,1.8326360618965885e-15,0.025221882349688616,1.2775455477429557e-43,0.026821937376896934,1.2775455477429557e-43,0.026821937376896934,1.5453305942210648e-05,0.026853964032640332,2.0298683332180496e-06,0.03553774820681447,1.0589764092392925e-07,0.020050140793539166,3.552207004583786e-09,0.02318140508831238,0.053453621484147756,0.027488956834396165,0.05784937121320127,0.01
2025-03-12,0.01,0.01,2.2077356630692004e-67,0.025027320685457453,2.2077356630692004e-67,0.025027320685457453,8.756418040815032e-07,0.02508208158877894,0.00013596301598064212,0.06036034923140542,4.0490919161336595e-13,0.019208343008951842,1.8326360618965885e-15,0.025221882349688616,1.2775455477429557e-43,0.026821937376896934,1.2775455477429557e-43,0.026821937376896934,1.5453305942210648e-05,0.026853964032640332,2.0298683332180496e-06,0.03553774820681447,1.0589764092392925e-07,0.020050140793539166,3.552207004583786e-09,0.02318140508831238,0.053453621484147756,0.027488956834396165,0.05784937121320127,0.01
2025-03-13,0.01,0.01,2.2077356630692004e-67,0.025027320685457453,2.2077356630692004e-67,0.025027320685457453,8.756418040815032e-07,0.02508208158877894,0.00013596301598064212,0.06036034923140542,4.0490919161336595e-13,0.019208343008951842,1.8326360618965885e-15,0.025221882349688616,1.2775455477429557e-43,0.026821937376896934,1.2775455477429557e-43,0.026821937376896934,1.5453305942210648e-05,0.026853964032640332,2.0298683332180496e-06,0.03553774820681447,1.0589764092392925e-07,0.020050140793539166,3.552207004583786e-09,0.02318140508831238,0.053453621484147756,0.027488956834396165,0.05784937121320127,0.01
2025-03-14,0.01,0.01,2.2077356630692004e-67,0.025027320685457453,2.2077356630692004e-67,0.025027320685457453,8.756418040815032e-07,0.02508208158877894,0.00013596301598064212,0.06036034923140542,4.0490919161336595e-13,0.019208343008951842,1.8326360618965885e-15,0.025221882349688616,1.2775455477429557e-43,0.026821937376896934,1.2775455477429557e-43,0.026821937376896934,1.5453305942210648e-05,0.026853964032640332,2.0298683332180496e-06,0.03553774820681447,1.0589764092392925e-07,0.020050140793539166,3.552207004583786e-09,0.02318140508831238,0.053453621484147756,0.027488956834396165,0.05784937121320127,0.01
2025-03-17,0.01,0.01,2.2077356630692004e-67,0.025027320685457453,2.2077356630692004e-67,0.025027320685457453,8.756418040815032e-07,0.02508208158877894,0.00013596301598064212,0.06036034923140542,4.0490919161336595e-13,0.019208343008951842,1.8326360618965885e-15,0.025221882349688616,1.2775455477429557e-43,0.026821937376896934,1.2775455477429557e-43,0.026821937376896934,1.5453305942210648e-05,0.026853964032640332,2.0298683332180496e-06,0.03553774820681447,1.0589764092392925e-07,0.020050140793539166,3.552207004583786e-09,0.02318140508831238,0.053453621484147756,0.027488956834396165,0.05784937121320127,0.01
2025-03-18,0.01,0.01,2.2077356630692004e-67,0.025027320685457453,2.2077356630692004e-67,0.025027320685457453,8.756418040815032e-07,0.02508208158877894,0.00013596301598064212,0.06036034923140542,4.0490919161336595e-13,0.019208343008951842,1.8326360618965885e-15,0.025221882349688616,1.2775455477429557e-43,0.026821937376896934,1.2775455477429557e-43,0.026821937376896934,1.5453305942210648e-05,0.026853964032640332,2.0298683332180496e-06,0.03553774820681447,1.0589764092392925e-07,0.020050140793539166,3.552207004583786e-09,0.02318140508831238,0.053453621484147756,0.027488956834396165,0.05784937121320127,0.01
2025-03-19,0.01,0.01,2.2077356630692004e-67,0.025027320685457453,2.2077356630692004e-67,0.025027320685457453,8.756418040815032e-07,0.02508208158877894,0.00013596301598064212,0.06036034923140542,4.0490919161336595e-13,0.019208343008951842,1.8326360618965885e-15,0.025221882349688616,1.2775455477429557e-43,0.026821937376896934,1.2775455477429557e-43,0.026821937376896934,1.5453305942210648e-05,0.026853964032640332,2.0298683332180496e-06,0.03553774820681447,1.0589764092392925e-07,0.020050140793539166,3.552207004583786e-09,0.02318140508831238,0.053453621484147756,0.027488956834396165,0.05784937121320127,0.01
2025-03-20,0.01,0.01,2.2077356630692004e-67,0.025027320685457453,2.2077356630692004e-67,0.025027320685457453,8.756418040815032e-07,0.02508208158877894,0.00013596301598064212,0.06036034923140542,4.0490919161336595e-13,0.019208343008951842,1.8326360618965885e-15,0.025221882349688616,1.2775455477429557e-43,0.026821937376896934,1.2775455477429557e-43,0.026821937376896934,1.5453305942210648e-05,0.026853964032640332,2.0298683332180496e-06,0.03553774820681447,1.0589764092392925e-07,0.020050140793539166,3.552207004583786e-09,0.02318140508831238,0.053453621484147756,0.027488956834396165,0.05784937121320127,0.01
2025-03-21,0.01,0.01,2.2077356630692004e-67,0.025027320685457453,2.2077356630692004e-67,0.025027320685457453,8.756418040815032e-07,0.02508208158877894,0.00013596301598064212,0.06036034923140542,4.0490919161336595e-13,0.019208343008951842,1.8326360618965885e-15,0.025221882349688616,1.2775455477429557e-43,0.026821937376896934,1.2775455477429557e-43,0.026821937376896934,1.5453305942210648e-05,0.026853964032640332,2.0298683332180496e-06,0.03553774820681447,1.0589764092392925e-07,0.020050140793539166,3.552207004583786e-09,0.02318140508831238,0.053453621484147756,0.027488956834396165,0.05784937121320127,0.01
2025-03-24,0.01,0.01,2.2077356630692004e-67,0.025027320685457453,2.2077356630692004e-67,0.025027320685457453,8.756418040815032e-07,0.02508208158877894,0.00013596301598064212,0.06036034923140542,4.0490919161336595e-13,0.019208343008951842,1.8326360618965885e-15,0.025221882349688616,1.2775455477429557e-43,0.026821937376896934,1.2775455477429557e-43,0.026821937376896934,1.5453305942210648e-05,0.026853964032640332,2.0298683332180496e-06,0.03553774820681447,1.0589764092392925e-07,0.020050140793539166,3.552207004583786e-09,0.02318140508831238,0.053453621484147756,0.027488956834396165,0.05784937121320127,0.01
2025-03-25,0.01,0.01,2.2077356630692004e-67,0.025027320685457453,2.2077356630692004e-67,0.025027320685457453,8.756418040815032e-07,0.02508208158877894,0.00013596301598064212,0.06036034923140542,4.0490919161336595e-13,0.019208343008951842,1.8326360618965885e-15,0.025221882349688616,1.2775455477429557e-43,0.026821937376896934,1.2775455477429557e-43,0.026821937376896934,1.5453305942210648e-05,0.026853964032640332,2.0298683332180496e-06,0.03553774820681447,1.0589764092392925e-07,0.020050140793539166,3.552207004583786e-09,0.02318140508831238,0.053453621484147756,0.027488956834396165,0.05784937121320127,0.01
2025-03-26,0.01,0.01,2.2077356630692004e-67,0.025027320685457453,2.2077356630692004e-67,0.025027320685457453,8.756418040815032e-07,0.02508208158877894,0.00013596301598064212,0.06036034923140542,4.0490919161336595e-13,0.019208343008951842,1.8326360618965885e-15,0.025221882349688616,1.2775455477429557e-43,0.026821937376896934,1.2775455477429557e-43,0.026821937376896934,1.5453305942210648e-05,0.026853964032640332,2.0298683332180496e-06,0.03553774820681447,1.0589764092392925e-07,0.020050140793539166,3.552207004583786e-09,0.02318140508831238,0.053453621484147756,0.027488956834396165,0.05784937121320127,0.01
2025-03-27,0.01,0.01,2.2077356630692004e-67,0.025027320685457453,2.2077356630692004e-67,0.025027320685457453,8.756418040815032e-07,0.02508208158877894,0.00013596301598064212,0.06036034923140542,4.0490919161336595e-13,0.019208343008951842,1.8326360618965885e-15,0.025221882349688616,1.2775455477429557e-43,0.026821937376896934,1.2775455477429557e-43,0.026821937376896934,1.5453305942210648e-05,0.026853964032640332,2.0298683332180496e-06,0.03553774820681447,1.0589764092392925e-07,0.020050140793539166,3.552207004583786e-09,0.02318140508831238,0.053453621484147756,0.027488956834396165,0.05784937121320127,0.01
2025-03-28,0.01,0.01,2.2077356630692004e-67,0.025027320685457453,2.2077356630692004e-67,0.025027320685457453,8.756418040815032e-07,0.02508208158877894,0.00013596301598064212,0.06036034923140542,4.0490919161336595e-13,0.019208343008951842,1.8326360618965885e-15,0.025221882349688616,1.2775455477429557e-43,0.026821937376896934,1.2775455477429557e-43,0.026821937376896934,1.5453305942210648e-05,0.026853964032640332,2.0298683332180496e-06,0.03553774820681447,1.0589764092392925e-07,0.020050140793539166,3.552207004583786e-09,0.02318140508831238,0.053453621484147756,0.027488956834396165,0.05784937121320127,0.01
2025-03-31,0.01,0.01,2.2077356630692004e-67,0.025027320685457453,2.2077356630692004e-67,0.025027320685457453,8.756418040815032e-07,0.02508208158877894,0.00013596301598064212,0.06036034923140542,4.0490919161336595e-13,0.019208343008951842,1.8326360618965885e-15,0.025221882349688616,1.2775455477429557e-43,0.026821937376896934,1.2775455477429557e-43,0.026821937376896934,1.5453305942210648e-05,0.026853964032640332,2.0298683332180496e-06,0.03553774820681447,1.0589764092392925e-07,0.020050140793539166,3.552207004583786e-09,0.02318140508831238,0.053453621484147756,0.027488956834396165,0.05784937121320127,0.01
2025-04-01,0.01,0.01,2.2077356630692004e-67,0.025027320685457453,2.2077356630692004e-67,0.025027320685457453,8.756418040815032e-07,0.02508208158877894,0.00013596301598064212,0.06036034923140542,4.0490919161336595e-13,0.019208343008951842,1.8326360618965885e-15,0.025221882349688616,1.2775455477429557e-43,0.026821937376896934,1.2775455477429557e-43,0.026821937376896934,1.5453305942210648e-05,0.026853964032640332,2.0298683332180496e-06,0.03553774820681447,1.0589764092392925e-07,0.020050140793539166,3.552207004583786e-09,0.02318140508831238,0.053453621484147756,0.027488956834396165,0.05784937121320127,0.01
2025-04-02,0.01,0.01,2.2077356630692004e-67,0.025027320685457453,2.2077356630692004e-67,0.025027320685457453,8.756418040815032e-07,0.02508208158877894,0.00013596301598064212,0.06036034923140542,4.0490919161336595e-13,0.019208343008951842,1.8326360618965885e-15,0.025221882349688616,1.2775455477429557e-43,0.026821937376896934,1.2775455477429557e-43,0.026821937376896934,1.5453305942210648e-05,0.026853964032640332,2.0298683332180496e-06,0.03553774820681447,1.0589764092392925e-07,0.020050140793539166,3.552207004583786e-09,0.02318140508831238,0.053453621484147756,0.027488956834396165,0.05784937121320127,0.01
2025-04-03,0.01,0.01,2.2077356630692004e-67,0.025027320685457453,2.2077356630692004e-67,0.025027320685457453,8.756418040815032e-07,0.02508208158877894,0.00013596301598064212,0.06036034923140542,4.0490919161336595e-13,0.019208343008951842,1.8326360618965885e-15,0.025221882349688616,1.2775455477429557e-43,0.026821937376896934,1.2775455477429557e-43,0.026821937376896934,1.5453305942210648e-05,0.026853964032640332,2.0298683332180496e-06,0.03553774820681447,1.0589764092392925e-07,0.020050140793539166,3.552207004583786e-09,0.02318140508831238,0.053453621484147756,0.027488956834396165,0.05784937121320127,0.01
2025-04-04,0.01,0.01,2.2077356630692004e-67,0.025027320685457453,2.2077356630692004e-67,0.025027320685457453,8.756418040815032e-07,0.02508208158877894,0.00013596301598064212,0.06036034923140542,4.0490919161336595e-13,0.019208343008951842,1.8326360618965885e-15,0.025221882349688616,1.2775455477429557e-43,0.026821937376896934,1.2775455477429557e-43,0.026821937376896934,1.5453305942210648e-05,0.026853964032640332,2.0298683332180496e-06,0.03553774820681447,1.0589764092392925e-07,0.020050140793539166,3.552207004583786e-09,0.02318140508831238,0.053453621484147756,0.027488956834396165,0.05784937121320127,0.01
2025-04-07,0.01,0.01,2.2077356630692004e-67,0.025027320685457453,2.2077356630692004e-67,0.025027320685457453,8.756418040815032e-07,0.02508208158877894,0.00013596301598064212,0.06036034923140542,4.0490919161336595e-13,0.019208343008951842,1.8326360618965885e-15,0.025221882349688616,1.2775455477429557e-43,0.026821937376896934,1.2775455477429557e-43,0.026821937376896934,1.5453305942210648e-05,0.026853964032640332,2.0298683332180496e-06,0.03553774820681447,1.0589764092392925e-07,0.020050140793539166,3.552207004583786e-09,0.02318140508831238,0.053453621484147756,0.027488956834396165,0.05784937121320127,0.01
2025-04-08,0.01,0.01,2.2077356630692004e-67,0.025027320685457453,2.2077356630692004e-67,0.025027320685457453,8.756418040815032e-07,0.02508208158877894,0.00013596301598064212,0.06036034923140542,4.0490919161336595e-13,0.019208343008951842,1.8326360618965885e-15,0.025221882349688616,1.2775455477429557e-43,0.026821937376896934,1.2775455477429557e-43,0.026821937376896934,1.5453305942210648e-05,0.026853964032640332,2.0298683332180496e-06,0.03553774820681447,1.0589764092392925e-07,0.020050140793539166,3.552207004583786e-09,0.02318140508831238,0.053453621484147756,0.027488956834396165,0.05784937121320127,0.01
2025-04-09,0.01,0.01,2.2077356630692004e-67,0.025027320685457453,2.2077356630692004e-67,0.025027320685457453,8.756418040815032e-07,0.02508208158877894,0.00013596301598064212,0.06036034923140542,4.0490919161336595e-13,0.019208343008951842,1.8326360618965885e-15,0.025221882349688616,1.2775455477429557e-43,0.026821937376896934,1.2775455477429557e-43,0.026821937376896934,1.5453305942210648e-05,0.026853964032640332,2.0298683332180496e-06,0.03553774820681447,1.0589764092392925e-07,0.020050140793539166,3.552207004583786e-09,0.02318140508831238,0.053453621484147756,0.027488956834396165,0.05784937121320127,0.01
2025-04-10,0.01,0.01,2.2077356630692004e-67,0.025027320685457453,2.2077356630692004e-67,0.025027320685457453,8.756418040815032e-07,0.02508208158877894,0.00013596301598064212,0.06036034923140542,4.0490919161336595e-13,0.019208343008951842,1.8326360618965885e-15,0.025221882349688616,1.2775455477429557e-43,0.026821937376896934,1.2775455477429557e-43,0.026821937376896934,1.5453305942210648e-05,0.026853964032640332,2.0298683332180496e-06,0.03553774820681447,1.0589764092392925e-07,0.020050140793539166,3.552207004583786e-09,0.02318140508831238,0.053453621484147756,0.027488956834396165,0.05784937121320127,0.01
2025-04-11,0.01,0.01,2.2077356630692004e-67,0.025027320685457453,2.2077356630692004e-67,0.025027320685457453,8.756418040815032e-07,0.02508208158877894,0.00013596301598064212,0.06036034923140542,4.0490919161336595e-13,0.019208343008951842,1.8326360618965885e-15,0.025221882349688616,1.2775455477429557e-43,0.026821937376896934,1.2775455477429557e-43,0.026821937376896934,1.5453305942210648e-05,0.026853964032640332,2.0298683332180496e-06,0.03553774820681447,1.0589764092392925e-07,0.020050140793539166,3.552207004583786e-09,0.02318140508831238,0.053453621484147756,0.027488956834396165,0.05784937121320127,0.01
2025-04-14,0.01,0.01,2.2077356630692004e-67,0.025027320685457453,2.2077356630692004e-67,0.025027320685457453,8.756418040815032e-07,0.02508208158877894,0.00013596301598064212,0.06036034923140542,4.0490919161336595e-13,0.019208343008951842,1.8326360618965885e-15,0.025221882349688616,1.2775455477429557e-43,0.026821937376896934,1.2775455477429557e-43,0.026821937376896934,1.5453305942210648e-05,0.026853964032640332,2.0298683332180496e-06,0.03553774820681447,1.0589764092392925e-07,0.020050140793539166,3.552207004583786e-09,0.02318140508831238,0.053453621484147756,0.027488956834396165,0.05784937121320127,0.01
2025-04-15,0.01,0.01,2.2077356630692004e-67,0.025027320685457453,2.2077356630692004e-67,0.025027320685457453,8.756418040815032e-07,0.02508208158877894,0.00013596301598064212,0.06036034923140542,4.0490919161336595e-13,0.019208343008951842,1.8326360618965885e-15,0.025221882349688616,1.2775455477429557e-43,0.026821937376896934,1.2775455477429557e-43,0.026821937376896934,1.5453305942210648e-05,0.026853964032640332,2.0298683332180496e-06,0.03553774820681447,1.0589764092392925e-07,0.020050140793539166,3.552207004583786e-09,0.02318140508831238,0.053453621484147756,0.027488956834396165,0.05784937121320127,0.01
2025-04-16,0.01,0.01,2.2077356630692004e-67,0.025027320685457453,2.2077356630692004e-67,0.025027320685457453,8.756418040815032e-07,0.02508208158877894,0.00013596301598064212,0.06036034923140542,4.0490919161336595e-13,0.019208343008951842,1.8326360618965885e-15,0.025221882349688616,1.2775455477429557e-43,0.026821937376896934,1.2775455477429557e-43,0.026821937376896934,1.5453305942210648e-05,0.026853964032640332,2.0298683332180496e-06,0.03553774820681447,1.0589764092392925e-07,0.020050140793539166,3.552207004583786e-09,0.02318140508831238,0.053453621484147756,0.027488956834396165,0.05784937121320127,0.01
2025-04-17,0.01,0.01,2.2077356630692004e-67,0.025027320685457453,2.2077356630692004e-67,0.025027320685457453,8.756418040815032e-07,0.02508208158877894,0.00013596301598064212,0.06036034923140542,4.0490919161336595e-13,0.019208343008951842,1.8326360618965885e-15,0.025221882349688616,1.2775455477429557e-43,0.026821937376896934,1.2775455477429557e-43,0.026821937376896934,1.5453305942210648e-05,0.026853964032640332,2.0298683332180496e-06,0.03553774820681447,1.0589764092392925e-07,0.020050140793539166,3.552207004583786e-09,0.02318140508831238,0.053453621484147756,0.027488956834396165,0.05784937121320127,0.01
2025-04-21,0.01,0.01,2.2077356630692004e-67,0.025027320685457453,2.2077356630692004e-67,0.025027320685457453,8.756418040815032e-07,0.02508208158877894,0.00013596301598064212,0.06036034923140542,4.0490919161336595e-13,0.019208343008951842,1.8326360618965885e-15,0.025221882349688616,1.2775455477429557e-43,0.026821937376896934,1.2775455477429557e-43,0.026821937376896934,1.5453305942210648e-05,0.026853964032640332,2.0298683332180496e-06,0.03553774820681447,1.0589764092392925e-07,0.020050140793539166,3.552207004583786e-09,0.02318140508831238,0.053453621484147756,0.027488956834396165,0.05784937121320127,0.01
2025-04-22,0.01,0.01,2.2077356630692004e-67,0.025027320685457453,2.2077356630692004e-67,0.025027320685457453,8.756418040815032e-07,0.02508208158877894,0.00013596301598064212,0.06036034923140542,4.0490919161336595e-13,0.019208343008951842,1.8326360618965885e-15,0.025221882349688616,1.2775455477429557e-43,0.026821937376896934,1.2775455477429557e-43,0.026821937376896934,1.5453305942210648e-05,0.026853964032640332,2.0298683332180496e-06,0.03553774820681447,1.0589764092392925e-07,0.020050140793539166,3.552207004583786e-09,0.02318140508831238,0.053453621484147756,0.027488956834396165,0.05784937121320127,0.01
2025-04-23,0.01,0.01,2.2077356630692004e-67,0.025027320685457453,2.2077356630692004e-67,0.025027320685457453,8.756418040815032e-07,0.02508208158877894,0.00013596301598064212,0.06036034923140542,4.0490919161336595e-13,0.019208343008951842,1.8326360618965885e-15,0.025221882349688616,1.2775455477429557e-43,0.026821937376896934,1.2775455477429557e-43,0.026821937376896934,1.5453305942210648e-05,0.026853964032640332,2.0298683332180496e-06,0.03553774820681447,1.0589764092392925e-07,0.020050140793539166,3.552207004583786e-09,0.02318140508831238,0.053453621484147756,0.027488956834396165,0.05784937121320127,0.01
2025-04-24,0.01,0.01,2.2077356630692004e-67,0.025027320685457453,2.2077356630692004e-67,0.025027320685457453,8.756418040815032e-07,0.02508208158877894,0.00013596301598064212,0.06036034923140542,4.0490919161336595e-13,0.019208343008951842,1.8326360618965885e-15,0.025221882349688616,1.2775455477429557e-43,0.026821937376896934,1.2775455477429557e-43,0.026821937376896934,1.5453305942210648e-05,0.026853964032640332,2.0298683332180496e-06,0.03553774820681447,1.0589764092392925e-07,0.020050140793539166,3.552207004583786e-09,0.02318140508831238,0.053453621484147756,0.027488956834396165,0.05784937121320127,0.01
2025-04-25,0.01,0.01,2.2077356630692004e-67,0.025027320685457453,2.2077356630692004e-67,0.025027320685457453,8.756418040815032e-07,0.02508208158877894,0.00013596301598064212,0.06036034923140542,4.0490919161336595e-13,0.019208343008951842,1.8326360618965885e-15,0.025221882349688616,1.2775455477429557e-43,0.026821937376896934,1.2775455477429557e-43,0.026821937376896934,1.5453305942210648e-05,0.026853964032640332,2.0298683332180496e-06,0.03553774820681447,1.0589764092392925e-07,0.020050140793539166,3.552207004583786e-09,0.02318140508831238,0.053453621484147756,0.027488956834396165,0.05784937121320127,0.01
2025-04-28,0.01,0.01,2.2077356630692004e-67,0.025027320685457453,2.2077356630692004e-67,0.025027320685457453,8.756418040815032e-07,0.02508208158877894,0.00013596301598064212,0.06036034923140542,4.0490919161336595e-13,0.019208343008951842,1.8326360618965885e-15,0.025221882349688616,1.2775455477429557e-43,0.026821937376896934,1.2775455477429557e-43,0.026821937376896934,1.5453305942210648e-05,0.026853964032640332,2.0298683332180496e-06,0.03553774820681447,1.0589764092392925e-07,0.020050140793539166,3.552207004583786e-09,0.02318140508831238,0.053453621484147756,0.027488956834396165,0.05784937121320127,0.01
2025-04-29,0.01,0.01,2.2077356630692004e-67,0.025027320685457453,2.2077356630692004e-67,0.025027320685457453,8.756418040815032e-07,0.02508208158877894,0.00013596301598064212,0.06036034923140542,4.0490919161336595e-13,0.019208343008951842,1.8326360618965885e-15,0.025221882349688616,1.2775455477429557e-43,0.026821937376896934,1.2775455477429557e-43,0.026821937376896934,1.5453305942210648e-05,0.026853964032640332,2.0298683332180496e-06,0.03553774820681447,1.0589764092392925e-07,0.020050140793539166,3.552207004583786e-09,0.02318140508831238,0.053453621484147756,0.027488956834396165,0.05784937121320127,0.01
2025-04-30,0.01,0.01,2.2077356630692004e-67,0.025027320685457453,2.2077356630692004e-67,0.025027320685457453,8.756418040815032e-07,0.02508208158877894,0.00013596301598064212,0.06036034923140542,4.0490919161336595e-13,0.019208343008951842,1.8326360618965885e-15,0.025221882349688616,1.2775455477429557e-43,0.026821937376896934,1.2775455477429557e-43,0.026821937376896934,1.5453305942210648e-05,0.026853964032640332,2.0298683332180496e-06,0.03553774820681447,1.0589764092392925e-07,0.020050140793539166,3.552207004583786e-09,0.02318140508831238,0.053453621484147756,0.027488956834396165,0.05784937121320127,0.01
2025-05-01,0.01,0.01,2.2077356630692004e-67,0.025027320685457453,2.2077356630692004e-67,0.025027320685457453,8.756418040815032e-07,0.02508208158877894,0.00013596301598064212,0.06036034923140542,4.0490919161336595e-13,0.019208343008951842,1.8326360618965885e-15,0.025221882349688616,1.2775455477429557e-43,0.026821937376896934,1.2775455477429557e-43,0.026821937376896934,1.5453305942210648e-05,0.026853964032640332,2.0298683332180496e-06,0.03553774820681447,1.0589764092392925e-07,0.020050140793539166,3.552207004583786e-09,0.02318140508831238,0.053453621484147756,0.027488956834396165,0.05784937121320127,0.01
2025-05-02,0.01,0.01,2.2077356630692004e-67,0.025027320685457453,2.2077356630692004e-67,0.025027320685457453,8.756418040815032e-07,0.02508208158877894,0.00013596301598064212,0.06036034923140542,4.0490919161336595e-13,0.019208343008951842,1.8326360618965885e-15,0.025221882349688616,1.2775455477429557e-43,0.026821937376896934,1.2775455477429557e-43,0.026821937376896934,1.5453305942210648e-05,0.026853964032640332,2.0298683332180496e-06,0.03553774820681447,1.0589764092392925e-07,0.020050140793539166,3.552207004583786e-09,0.02318140508831238,0.053453621484147756,0.027488956834396165,0.05784937121320127,0.01
2025-05-05,0.01,0.01,2.2077356630692004e-67,0.025027320685457453,2.2077356630692004e-67,0.025027320685457453,8.756418040815032e-07,0.02508208158877894,0.00013596301598064212,0.06036034923140542,4.0490919161336595e-13,0.019208343008951842,1.8326360618965885e-15,0.025221882349688616,1.2775455477429557e-43,0.026821937376896934,1.2775455477429557e-43,0.026821937376896934,1.5453305942210648e-05,0.026853964032640332,2.0298683332180496e-06,0.03553774820681447,1.0589764092392925e-07,0.020050140793539166,3.552207004583786e-09,0.02318140508831238,0.053453621484147756,0.027488956834396165,0.05784937121320127,0.01
2025-05-06,0.01,0.01,2.2077356630692004e-67,0.025027320685457453,2.2077356630692004e-67,0.025027320685457453,8.756418040815032e-07,0.02508208158877894,0.00013596301598064212,0.06036034923140542,4.0490919161336595e-13,0.019208343008951842,1.8326360618965885e-15,0.025221882349688616,1.2775455477429557e-43,0.026821937376896934,1.2775455477429557e-43,0.026821937376896934,1.5453305942210648e-05,0.026853964032640332,2.0298683332180496e-06,0.03553774820681447,1.0589764092392925e-07,0.020050140793539166,3.552207004583786e-09,0.02318140508831238,0.053453621484147756,0.027488956834396165,0.05784937121320127,0.01
2025-05-07,0.01,0.01,2.2077356630692004e-67,0.025027320685457453,2.2077356630692004e-67,0.025027320685457453,8.756418040815032e-07,0.02508208158877894,0.00013596301598064212,0.06036034923140542,4.0490919161336595e-13,0.019208343008951842,1.8326360618965885e-15,0.025221882349688616,1.2775455477429557e-43,0.026821937376896934,1.2775455477429557e-43,0.026821937376896934,1.5453305942210648e-05,0.026853964032640332,2.0298683332180496e-06,0.03553774820681447,1.0589764092392925e-07,0.020050140793539166,3.552207004583786e-09,0.02318140508831238,0.053453621484147756,0.027488956834396165,0.05784937121320127,0.01
2025-05-08,0.01,0.01,2.2077356630692004e-67,0.025027320685457453,2.2077356630692004e-67,0.025027320685457453,8.756418040815032e-07,0.02508208158877894,0.00013596301598064212,0.06036034923140542,4.0490919161336595e-13,0.019208343008951842,1.8326360618965885e-15,0.025221882349688616,1.2775455477429557e-43,0.026821937376896934,1.2775455477429557e-43,0.026821937376896934,1.5453305942210648e-05,0.026853964032640332,2.0298683332180496e-06,0.03553774820681447,1.0589764092392925e-07,0.020050140793539166,3.552207004583786e-09,0.02318140508831238,0.053453621484147756,0.027488956834396165,0.05784937121320127,0.01
2025-05-09,0.01,0.01,2.2077356630692004e-67,0.025027320685457453,2.2077356630692004e-67,0.025027320685457453,8.756418040815032e-07,0.02508208158877894,0.00013596301598064212,0.06036034923140542,4.0490919161336595e-13,0.019208343008951842,1.8326360618965885e-15,0.025221882349688616,1.2775455477429557e-43,0.026821937376896934,1.2775455477429557e-43,0.026821937376896934,1.5453305942210648e-05,0.026853964032640332,2.0298683332180496e-06,0.03553774820681447,1.0589764092392925e-07,0.020050140793539166,3.552207004583786e-09,0.02318140508831238,0.053453621484147756,0.027488956834396165,0.05784937121320127,0.01
2025-05-12,0.01,0.01,2.2077356630692004e-67,0.025027320685457453,2.2077356630692004e-67,0.025027320685457453,8.756418040815032e-07,0.02508208158877894,0.00013596301598064212,0.06036034923140542,4.0490919161336595e-13,0.019208343008951842,1.8326360618965885e-15,0.025221882349688616,1.2775455477429557e-43,0.026821937376896934,1.2775455477429557e-43,0.026821937376896934,1.5453305942210648e-05,0.026853964032640332,2.0298683332180496e-06,0.03553774820681447,1.0589764092392925e-07,0.020050140793539166,3.552207004583786e-09,0.02318140508831238,0.053453621484147756,0.027488956834396165,0.05784937121320127,0.01
2025-05-13,0.01,0.01,2.2077356630692004e-67,0.025027320685457453,2.2077356630692004e-67,0.025027320685457453,8.756418040815032e-07,0.02508208158877894,0.00013596301598064212,0.06036034923140542,4.0490919161336595e-13,0.019208343008951842,1.8326360618965885e-15,0.025221882349688616,1.2775455477429557e-43,0.026821937376896934,1.2775455477429557e-43,0.026821937376896934,1.5453305942210648e-05,0.026853964032640332,2.0298683332180496e-06,0.03553774820681447,1.0589764092392925e-07,0.020050140793539166,3.552207004583786e-09,0.02318140508831238,0.053453621484147756,0.027488956834396165,0.05784937121320127,0.01
2025-05-14,0.01,0.01,2.2077356630692004e-67,0.025027320685457453,2.2077356630692004e-67,0.025027320685457453,8.756418040815032e-07,0.02508208158877894,0.00013596301598064212,0.06036034923140542,4.0490919161336595e-13,0.019208343008951842,1.8326360618965885e-15,0.025221882349688616,1.2775455477429557e-43,0.026821937376896934,1.2775455477429557e-43,0.026821937376896934,1.5453305942210648e-05,0.026853964032640332,2.0298683332180496e-06,0.03553774820681447,1.0589764092392925e-07,0.020050140793539166,3.552207004583786e-09,0.02318140508831238,0.053453621484147756,0.027488956834396165,0.05784937121320127,0.01
2025-05-15,0.01,0.01,2.2077356630692004e-67,0.025027320685457453,2.2077356630692004e-67,0.025027320685457453,8.756418040815032e-07,0.02508208158877894,0.00013596301598064212,0.06036034923140542,4.0490919161336595e-13,0.019208343008951842,1.8326360618965885e-15,0.025221882349688616,1.2775455477429557e-43,0.026821937376896934,1.2775455477429557e-43,0.026821937376896934,1.5453305942210648e-05,0.026853964032640332,2.0298683332180496e-06,0.03553774820681447,1.0589764092392925e-07,0.020050140793539166,3.552207004583786e-09,0.02318140508831238,0.053453621484147756,0.027488956834396165,0.05784937121320127,0.01
2025-05-16,0.01,0.01,2.2077356630692004e-67,0.025027320685457453,2.2077356630692004e-67,0.025027320685457453,8.756418040815032e-07,0.02508208158877894,0.00013596301598064212,0.06036034923140542,4.0490919161336595e-13,0.019208343008951842,1.8326360618965885e-15,0.025221882349688616,1.2775455477429557e-43,0.026821937376896934,1.2775455477429557e-43,0.026821937376896934,1.5453305942210648e-05,0.026853964032640332,2.0298683332180496e-06,0.03553774820681447,1.0589764092392925e-07,0.020050140793539166,3.552207004583786e-09,0.02318140508831238,0.053453621484147756,0.027488956834396165,0.05784937121320127,0.01
2025-05-19,0.01,0.01,2.2077356630692004e-67,0.025027320685457453,2.2077356630692004e-67,0.025027320685457453,8.756418040815032e-07,0.02508208158877894,0.00013596301598064212,0.06036034923140542,4.0490919161336595e-13,0.019208343008951842,1.8326360618965885e-15,0.025221882349688616,1.2775455477429557e-43,0.026821937376896934,1.2775455477429557e-43,0.026821937376896934,1.5453305942210648e-05,0.026853964032640332,2.0298683332180496e-06,0.03553774820681447,1.0589764092392925e-07,0.020050140793539166,3.552207004583786e-09,0.02318140508831238,0.053453621484147756,0.027488956834396165,0.05784937121320127,0.01
2025-05-20,0.01,0.01,2.2077356630692004e-67,0.025027320685457453,2.2077356630692004e-67,0.025027320685457453,8.756418040815032e-07,0.02508208158877894,0.00013596301598064212,0.06036034923140542,4.0490919161336595e-13,0.019208343008951842,1.8326360618965885e-15,0.025221882349688616,1.2775455477429557e-43,0.026821937376896934,1.2775455477429557e-43,0.026821937376896934,1.5453305942210648e-05,0.026853964032640332,2.0298683332180496e-06,0.03553774820681447,1.0589764092392925e-07,0.020050140793539166,3.552207004583786e-09,0.02318140508831238,0.053453621484147756,0.027488956834396165,0.05784937121320127,0.01
2025-05-21,0.01,0.01,2.2077356630692004e-67,0.025027320685457453,2.2077356630692004e-67,0.025027320685457453,8.756418040815032e-07,0.02508208158877894,0.00013596301598064212,0.06036034923140542,4.0490919161336595e-13,0.019208343008951842,1.8326360618965885e-15,0.025221882349688616,1.2775455477429557e-43,0.026821937376896934,1.2775455477429557e-43,0.026821937376896934,1.5453305942210648e-05,0.026853964032640332,2.0298683332180496e-06,0.03553774820681447,1.0589764092392925e-07,0.020050140793539166,3.552207004583786e-09,0.02318140508831238,0.053453621484147756,0.027488956834396165,0.05784937121320127,0.01
2025-05-22,0.01,0.01,2.2077356630692004e-67,0.025027320685457453,2.2077356630692004e-67,0.025027320685457453,8.756418040815032e-07,0.02508208158877894,0.00013596301598064212,0.06036034923140542,4.0490919161336595e-13,0.019208343008951842,1.8326360618965885e-15,0.025221882349688616,1.2775455477429557e-43,0.026821937376896934,1.2775455477429557e-43,0.026821937376896934,1.5453305942210648e-05,0.026853964032640332,2.0298683332180496e-06,0.03553774820681447,1.0589764092392925e-07,0.020050140793539166,3.552207004583786e-09,0.02318140508831238,0.053453621484147756,0.027488956834396165,0.05784937121320127,0.01
2025-05-23,0.01,0.01,2.2077356630692004e-67,0.025027320685457453,2.2077356630692004e-67,0.025027320685457453,8.756418040815032e-07,0.02508208158877894,0.00013596301598064212,0.06036034923140542,4.0490919161336595e-13,0.019208343008951842,1.8326360618965885e-15,0.025221882349688616,1.2775455477429557e-43,0.026821937376896934,1.2775455477429557e-43,0.026821937376896934,1.5453305942210648e-05,0.026853964032640332,2.0298683332180496e-06,0.03553774820681447,1.0589764092392925e-07,0.020050140793539166,3.552207004583786e-09,0.02318140508831238,0.053453621484147756,0.027488956834396165,0.05784937121320127,0.01
2025-05-27,0.01,0.01,2.2077356630692004e-67,0.025027320685457453,2.2077356630692004e-67,0.025027320685457453,8.756418040815032e-07,0.02508208158877894,0.00013596301598064212,0.06036034923140542,4.0490919161336595e-13,0.019208343008951842,1.8326360618965885e-15,0.025221882349688616,1.2775455477429557e-43,0.026821937376896934,1.2775455477429557e-43,0.026821937376896934,1.5453305942210648e-05,0.026853964032640332,2.0298683332180496e-06,0.03553774820681447,1.0589764092392925e-07,0.020050140793539166,3.552207004583786e-09,0.02318140508831238,0.053453621484147756,0.027488956834396165,0.05784937121320127,0.01
2025-05-28,0.01,0.01,2.2077356630692004e-67,0.025027320685457453,2.2077356630692004e-67,0.025027320685457453,8.756418040815032e-07,0.02508208158877894,0.00013596301598064212,0.06036034923140542,4.0490919161336595e-13,0.019208343008951842,1.8326360618965885e-15,0.025221882349688616,1.2775455477429557e-43,0.026821937376896934,1.2775455477429557e-43,0.026821937376896934,1.5453305942210648e-05,0.026853964032640332,2.0298683332180496e-06,0.03553774820681447,1.0589764092392925e-07,0.020050140793539166,3.552207004583786e-09,0.02318140508831238,0.053453621484147756,0.027488956834396165,0.05784937121320127,0.01
2025-05-29,0.01,0.01,2.2077356630692004e-67,0.025027320685457453,2.2077356630692004e-67,0.025027320685457453,8.756418040815032e-07,0.02508208158877894,0.00013596301598064212,0.06036034923140542,4.0490919161336595e-13,0.019208343008951842,1.8326360618965885e-15,0.025221882349688616,1.2775455477429557e-43,0.026821937376896934,1.2775455477429557e-43,0.026821937376896934,1.5453305942210648e-05,0.026853964032640332,2.0298683332180496e-06,0.03553774820681447,1.0589764092392925e-07,0.020050140793539166,3.552207004583786e-09,0.02318140508831238,0.053453621484147756,0.027488956834396165,0.05784937121320127,0.01
2025-05-30,0.01,0.01,2.2077356630692004e-67,0.025027320685457453,2.2077356630692004e-67,0.025027320685457453,8.756418040815032e-07,0.02508208158877894,0.00013596301598064212,0.06036034923140542,4.0490919161336595e-13,0.019208343008951842,1.8326360618965885e-15,0.025221882349688616,1.2775455477429557e-43,0.026821937376896934,1.2775455477429557e-43,0.026821937376896934,1.5453305942210648e-05,0.026853964032640332,2.0298683332180496e-06,0.03553774820681447,1.0589764092392925e-07,0.020050140793539166,3.552207004583786e-09,0.02318140508831238,0.053453621484147756,0.027488956834396165,0.05784937121320127,0.01
2025-06-02,0.01,0.01,2.2077356630692004e-67,0.025027320685457453,2.2077356630692004e-67,0.025027320685457453,8.756418040815032e-07,0.02508208158877894,0.00013596301598064212,0.06036034923140542,4.0490919161336595e-13,0.019208343008951842,1.8326360618965885e-15,0.025221882349688616,1.2775455477429557e-43,0.026821937376896934,1.2775455477429557e-43,0.026821937376896934,1.5453305942210648e-05,0.026853964032640332,2.0298683332180496e-06,0.03553774820681447,1.0589764092392925e-07,0.020050140793539166,3.552207004583786e-09,0.02318140508831238,0.053453621484147756,0.027488956834396165,0.05784937121320127,0.01
2025-06-03,0.01,0.01,2.2077356630692004e-67,0.025027320685457453,2.2077356630692004e-67,0.025027320685457453,8.756418040815032e-07,0.02508208158877894,0.00013596301598064212,0.06036034923140542,4.0490919161336595e-13,0.019208343008951842,1.8326360618965885e-15,0.025221882349688616,1.2775455477429557e-43,0.026821937376896934,1.2775455477429557e-43,0.026821937376896934,1.5453305942210648e-05,0.026853964032640332,2.0298683332180496e-06,0.03553774820681447,1.0589764092392925e-07,0.020050140793539166,3.552207004583786e-09,0.02318140508831238,0.053453621484147756,0.027488956834396165,0.05784937121320127,0.01
2025-06-04,0.01,0.01,2.2077356630692004e-67,0.025027320685457453,2.2077356630692004e-67,0.025027320685457453,8.756418040815032e-07,0.02508208158877894,0.00013596301598064212,0.06036034923140542,4.0490919161336595e-13,0.019208343008951842,1.8326360618965885e-15,0.025221882349688616,1.2775455477429557e-43,0.026821937376896934,1.2775455477429557e-43,0.026821937376896934,1.5453305942210648e-05,0.026853964032640332,2.0298683332180496e-06,0.03553774820681447,1.0589764092392925e-07,0.020050140793539166,3.552207004583786e-09,0.02318140508831238,0.053453621484147756,0.027488956834396165,0.05784937121320127,0.01
2025-06-05,0.01,0.01,2.2077356630692004e-67,0.025027320685457453,2.2077356630692004e-67,0.025027320685457453,8.756418040815032e-07,0.02508208158877894,0.00013596301598064212,0.06036034923140542,4.0490919161336595e-13,0.019208343008951842,1.8326360618965885e-15,0.025221882349688616,1.2775455477429557e-43,0.026821937376896934,1.2775455477429557e-43,0.026821937376896934,1.5453305942210648e-05,0.026853964032640332,2.0298683332180496e-06,0.03553774820681447,1.0589764092392925e-07,0.020050140793539166,3.552207004583786e-09,0.02318140508831238,0.053453621484147756,0.027488956834396165,0.05784937121320127,0.01
2025-06-06,0.01,0.01,2.2077356630692004e-67,0.025027320685457453,2.2077356630692004e-67,0.025027320685457453,8.756418040815032e-07,0.02508208158877894,0.00013596301598064212,0.06036034923140542,4.0490919161336595e-13,0.019208343008951842,1.8326360618965885e-15,0.025221882349688616,1.2775455477429557e-43,0.026821937376896934,1.2775455477429557e-43,0.026821937376896934,1.5453305942210648e-05,0.026853964032640332,2.0298683332180496e-06,0.03553774820681447,1.0589764092392925e-07,0.020050140793539166,3.552207004583786e-09,0.02318140508831238,0.053453621484147756,0.027488956834396165,0.05784937121320127,0.01
2025-06-09,0.01,0.01,2.2077356630692004e-67,0.025027320685457453,2.2077356630692004e-67,0.025027320685457453,8.756418040815032e-07,0.02508208158877894,0.00013596301598064212,0.06036034923140542,4.0490919161336595e-13,0.019208343008951842,1.8326360618965885e-15,0.025221882349688616,1.2775455477429557e-43,0.026821937376896934,1.2775455477429557e-43,0.026821937376896934,1.5453305942210648e-05,0.026853964032640332,2.0298683332180496e-06,0.03553774820681447,1.0589764092392925e-07,0.020050140793539166,3.552207004583786e-09,0.02318140508831238,0.053453621484147756,0.027488956834396165,0.05784937121320127,0.01
2025-06-10,0.01,0.01,2.2077356630692004e-67,0.025027320685457453,2.2077356630692004e-67,0.025027320685457453,8.756418040815032e-07,0.02508208158877894,0.00013596301598064212,0.06036034923140542,4.0490919161336595e-13,0.019208343008951842,1.8326360618965885e-15,0.025221882349688616,1.2775455477429557e-43,0.026821937376896934,1.2775455477429557e-43,0.026821937376896934,1.5453305942210648e-05,0.026853964032640332,2.0298683332180496e-06,0.03553774820681447,1.0589764092392925e-07,0.020050140793539166,3.552207004583786e-09,0.02318140508831238,0.053453621484147756,0.027488956834396165,0.05784937121320127,0.01
2025-06-11,0.01,0.01,2.2077356630692004e-67,0.025027320685457453,2.2077356630692004e-67,0.025027320685457453,8.756418040815032e-07,0.02508208158877894,0.00013596301598064212,0.06036034923140542,4.0490919161336595e-13,0.019208343008951842,1.8326360618965885e-15,0.025221882349688616,1.2775455477429557e-43,0.026821937376896934,1.2775455477429557e-43,0.026821937376896934,1.5453305942210648e-05,0.026853964032640332,2.0298683332180496e-06,0.03553774820681447,1.0589764092392925e-07,0.020050140793539166,3.552207004583786e-09,0.02318140508831238,0.053453621484147756,0.027488956834396165,0.05784937121320127,0.01
2025-06-12,0.01,0.01,2.2077356630692004e-67,0.025027320685457453,2.2077356630692004e-67,0.025027320685457453,8.756418040815032e-07,0.02508208158877894,0.00013596301598064212,0.06036034923140542,4.0490919161336595e-13,0.019208343008951842,1.8326360618965885e-15,0.025221882349688616,1.2775455477429557e-43,0.026821937376896934,1.2775455477429557e-43,0.026821937376896934,1.5453305942210648e-05,0.026853964032640332,2.0298683332180496e-06,0.03553774820681447,1.0589764092392925e-07,0.020050140793539166,3.552207004583786e-09,0.02318140508831238,0.053453621484147756,0.027488956834396165,0.05784937121320127,0.01
2025-06-13,0.01,0.01,2.2077356630692004e-67,0.025027320685457453,2.2077356630692004e-67,0.025027320685457453,8.756418040815032e-07,0.02508208158877894,0.00013596301598064212,0.06036034923140542,4.0490919161336595e-13,0.019208343008951842,1.8326360618965885e-15,0.025221882349688616,1.2775455477429557e-43,0.026821937376896934,1.2775455477429557e-43,0.026821937376896934,1.5453305942210648e-05,0.026853964032640332,2.0298683332180496e-06,0.03553774820681447,1.0589764092392925e-07,0.020050140793539166,3.552207004583786e-09,0.02318140508831238,0.053453621484147756,0.027488956834396165,0.05784937121320127,0.01
2025-06-16,0.01,0.01,2.2077356630692004e-67,0.025027320685457453,2.2077356630692004e-67,0.025027320685457453,8.756418040815032e-07,0.02508208158877894,0.00013596301598064212,0.06036034923140542,4.0490919161336595e-13,0.019208343008951842,1.8326360618965885e-15,0.025221882349688616,1.2775455477429557e-43,0.026821937376896934,1.2775455477429557e-43,0.026821937376896934,1.5453305942210648e-05,0.026853964032640332,2.0298683332180496e-06,0.03553774820681447,1.0589764092392925e-07,0.020050140793539166,3.552207004583786e-09,0.02318140508831238,0.053453621484147756,0.027488956834396165,0.05784937121320127,0.01
2025-06-17,0.01,0.01,2.2077356630692004e-67,0.025027320685457453,2.2077356630692004e-67,0.025027320685457453,8.756418040815032e-07,0.02508208158877894,0.00013596301598064212,0.06036034923140542,4.0490919161336595e-13,0.019208343008951842,1.8326360618965885e-15,0.025221882349688616,1.2775455477429557e-43,0.026821937376896934,1.2775455477429557e-43,0.026821937376896934,1.5453305942210648e-05,0.026853964032640332,2.0298683332180496e-06,0.03553774820681447,1.0589764092392925e-07,0.020050140793539166,3.552207004583786e-09,0.02318140508831238,0.053453621484147756,0.027488956834396165,0.05784937121320127,0.01
2025-06-18,0.01,0.01,2.2077356630692004e-67,0.025027320685457453,2.2077356630692004e-67,0.025027320685457453,8.756418040815032e-07,0.02508208158877894,0.00013596301598064212,0.06036034923140542,4.0490919161336595e-13,0.019208343008951842,1.8326360618965885e-15,0.025221882349688616,1.2775455477429557e-43,0.026821937376896934,1.2775455477429557e-43,0.026821937376896934,1.5453305942210648e-05,0.026853964032640332,2.0298683332180496e-06,0.03553774820681447,1.0589764092392925e-07,0.020050140793539166,3.552207004583786e-09,0.02318140508831238,0.053453621484147756,0.027488956834396165,0.05784937121320127,0.01
2025-06-20,0.01,0.01,2.2077356630692004e-67,0.025027320685457453,2.2077356630692004e-67,0.025027320685457453,8.756418040815032e-07,0.02508208158877894,0.00013596301598064212,0.06036034923140542,4.0490919161336595e-13,0.019208343008951842,1.8326360618965885e-15,0.025221882349688616,1.2775455477429557e-43,0.026821937376896934,1.2775455477429557e-43,0.026821937376896934,1.5453305942210648e-05,0.026853964032640332,2.0298683332180496e-06,0.03553774820681447,1.0589764092392925e-07,0.020050140793539166,3.552207004583786e-09,0.02318140508831238,0.053453621484147756,0.027488956834396165,0.05784937121320127,0.01
2025-06-23,0.01,0.01,2.2077356630692004e-67,0.025027320685457453,2.2077356630692004e-67,0.025027320685457453,8.756418040815032e-07,0.02508208158877894,0.00013596301598064212,0.06036034923140542,4.0490919161336595e-13,0.019208343008951842,1.8326360618965885e-15,0.025221882349688616,1.2775455477429557e-43,0.026821937376896934,1.2775455477429557e-43,0.026821937376896934,1.5453305942210648e-05,0.026853964032640332,2.0298683332180496e-06,0.03553774820681447,1.0589764092392925e-07,0.020050140793539166,3.552207004583786e-09,0.02318140508831238,0.053453621484147756,0.027488956834396165,0.05784937121320127,0.01
2025-06-24,0.01,0.01,2.2077356630692004e-67,0.025027320685457453,2.2077356630692004e-67,0.025027320685457453,8.756418040815032e-07,0.02508208158877894,0.00013596301598064212,0.06036034923140542,4.0490919161336595e-13,0.019208343008951842,1.8326360618965885e-15,0.025221882349688616,1.2775455477429557e-43,0.026821937376896934,1.2775455477429557e-43,0.026821937376896934,1.5453305942210648e-05,0.026853964032640332,2.0298683332180496e-06,0.03553774820681447,1.0589764092392925e-07,0.020050140793539166,3.552207004583786e-09,0.02318140508831238,0.053453621484147756,0.027488956834396165,0.05784937121320127,0.01
2025-06-25,0.01,0.01,2.2077356630692004e-67,0.025027320685457453,2.2077356630692004e-67,0.025027320685457453,8.756418040815032e-07,0.02508208158877894,0.00013596301598064212,0.06036034923140542,4.0490919161336595e-13,0.019208343008951842,1.8326360618965885e-15,0.025221882349688616,1.2775455477429557e-43,0.026821937376896934,1.2775455477429557e-43,0.026821937376896934,1.5453305942210648e-05,0.026853964032640332,2.0298683332180496e-06,0.03553774820681447,1.0589764092392925e-07,0.020050140793539166,3.552207004583786e-09,0.02318140508831238,0.053453621484147756,0.027488956834396165,0.05784937121320127,0.01
2025-06-26,0.01,0.01,2.2077356630692004e-67,0.025027320685457453,2.2077356630692004e-67,0.025027320685457453,8.756418040815032e-07,0.02508208158877894,0.00013596301598064212,0.06036034923140542,4.0490919161336595e-13,0.019208343008951842,1.8326360618965885e-15,0.025221882349688616,1.2775455477429557e-43,0.026821937376896934,1.2775455477429557e-43,0.026821937376896934,1.5453305942210648e-05,0.026853964032640332,2.0298683332180496e-06,0.03553774820681447,1.0589764092392925e-07,0.020050140793539166,3.552207004583786e-09,0.02318140508831238,0.053453621484147756,0.027488956834396165,0.05784937121320127,0.01
2025-06-27,0.01,0.01,2.2077356630692004e-67,0.025027320685457453,2.2077356630692004e-67,0.025027320685457453,8.756418040815032e-07,0.02508208158877894,0.00013596301598064212,0.06036034923140542,4.0490919161336595e-13,0.019208343008951842,1.8326360618965885e-15,0.025221882349688616,1.2775455477429557e-43,0.026821937376896934,1.2775455477429557e-43,0.026821937376896934,1.5453305942210648e-05,0.026853964032640332,2.0298683332180496e-06,0.03553774820681447,1.0589764092392925e-07,0.020050140793539166,3.552207004583786e-09,0.02318140508831238,0.053453621484147756,0.027488956834396165,0.05784937121320127,0.01
2025-06-30,0.01,0.01,2.2077356630692004e-67,0.025027320685457453,2.2077356630692004e-67,0.025027320685457453,8.756418040815032e-07,0.02508208158877894,0.00013596301598064212,0.06036034923140542,4.0490919161336595e-13,0.019208343008951842,1.8326360618965885e-15,0.025221882349688616,1.2775455477429557e-43,0.026821937376896934,1.2775455477429557e-43,0.026821937376896934,1.5453305942210648e-05,0.026853964032640332,2.0298683332180496e-06,0.03553774820681447,1.0589764092392925e-07,0.020050140793539166,3.552207004583786e-09,0.02318140508831238,0.053453621484147756,0.027488956834396165,0.05784937121320127,0.01
2025-07-01,0.01,0.01,2.2077356630692004e-67,0.025027320685457453,2.2077356630692004e-67,0.025027320685457453,8.756418040815032e-07,0.02508208158877894,0.00013596301598064212,0.06036034923140542,4.0490919161336595e-13,0.019208343008951842,1.8326360618965885e-15,0.025221882349688616,1.2775455477429557e-43,0.026821937376896934,1.2775455477429557e-43,0.026821937376896934,1.5453305942210648e-05,0.026853964032640332,2.0298683332180496e-06,0.03553774820681447,1.0589764092392925e-07,0.020050140793539166,3.552207004583786e-09,0.02318140508831238,0.053453621484147756,0.027488956834396165,0.05784937121320127,0.01
2025-07-02,0.01,0.01,2.2077356630692004e-67,0.025027320685457453,2.2077356630692004e-67,0.025027320685457453,8.756418040815032e-07,0.02508208158877894,0.00013596301598064212,0.06036034923140542,4.0490919161336595e-13,0.019208343008951842,1.8326360618965885e-15,0.025221882349688616,1.2775455477429557e-43,0.026821937376896934,1.2775455477429557e-43,0.026821937376896934,1.5453305942210648e-05,0.026853964032640332,2.0298683332180496e-06,0.03553774820681447,1.0589764092392925e-07,0.020050140793539166,3.552207004583786e-09,0.02318140508831238,0.053453621484147756,0.027488956834396165,0.05784937121320127,0.01
2025-07-03,0.01,0.01,2.2077356630692004e-67,0.025027320685457453,2.2077356630692004e-67,0.025027320685457453,8.756418040815032e-07,0.02508208158877894,0.00013596301598064212,0.06036034923140542,4.0490919161336595e-13,0.019208343008951842,1.8326360618965885e-15,0.025221882349688616,1.2775455477429557e-43,0.026821937376896934,1.2775455477429557e-43,0.026821937376896934,1.5453305942210648e-05,0.026853964032640332,2.0298683332180496e-06,0.03553774820681447,1.0589764092392925e-07,0.020050140793539166,3.552207004583786e-09,0.02318140508831238,0.053453621484147756,0.027488956834396165,0.05784937121320127,0.01
2025-07-07,0.01,0.01,2.2077356630692004e-67,0.025027320685457453,2.2077356630692004e-67,0.025027320685457453,8.756418040815032e-07,0.02508208158877894,0.00013596301598064212,0.06036034923140542,4.0490919161336595e-13,0.019208343008951842,1.8326360618965885e-15,0.025221882349688616,1.2775455477429557e-43,0.026821937376896934,1.2775455477429557e-43,0.026821937376896934,1.5453305942210648e-05,0.026853964032640332,2.0298683332180496e-06,0.03553774820681447,1.0589764092392925e-07,0.020050140793539166,3.552207004583786e-09,0.02318140508831238,0.053453621484147756,0.027488956834396165,0.05784937121320127,0.01
2025-07-08,0.01,0.01,2.2077356630692004e-67,0.025027320685457453,2.2077356630692004e-67,0.025027320685457453,8.756418040815032e-07,0.02508208158877894,0.00013596301598064212,0.06036034923140542,4.0490919161336595e-13,0.019208343008951842,1.8326360618965885e-15,0.025221882349688616,1.2775455477429557e-43,0.026821937376896934,1.2775455477429557e-43,0.026821937376896934,1.5453305942210648e-05,0.026853964032640332,2.0298683332180496e-06,0.03553774820681447,1.0589764092392925e-07,0.020050140793539166,3.552207004583786e-09,0.02318140508831238,0.053453621484147756,0.027488956834396165,0.05784937121320127,0.01
2025-07-09,0.01,0.01,2.2077356630692004e-67,0.025027320685457453,2.2077356630692004e-67,0.025027320685457453,8.756418040815032e-07,0.02508208158877894,0.00013596301598064212,0.06036034923140542,4.0490919161336595e-13,0.019208343008951842,1.8326360618965885e-15,0.025221882349688616,1.2775455477429557e-43,0.026821937376896934,1.2775455477429557e-43,0.026821937376896934,1.5453305942210648e-05,0.026853964032640332,2.0298683332180496e-06,0.03553774820681447,1.0589764092392925e-07,0.020050140793539166,3.552207004583786e-09,0.02318140508831238,0.053453621484147756,0.027488956834396165,0.05784937121320127,0.01
2025-07-10,0.01,0.01,2.2077356630692004e-67,0.025027320685457453,2.2077356630692004e-67,0.025027320685457453,8.756418040815032e-07,0.02508208158877894,0.00013596301598064212,0.06036034923140542,4.0490919161336595e-13,0.019208343008951842,1.8326360618965885e-15,0.025221882349688616,1.2775455477429557e-43,0.026821937376896934,1.2775455477429557e-43,0.026821937376896934,1.5453305942210648e-05,0.026853964032640332,2.0298683332180496e-06,0.03553774820681447,1.0589764092392925e-07,0.020050140793539166,3.552207004583786e-09,0.02318140508831238,0.053453621484147756,0.027488956834396165,0.05784937121320127,0.01
2025-07-11,0.01,0.01,2.2077356630692004e-67,0.025027320685457453,2.2077356630692004e-67,0.025027320685457453,8.756418040815032e-07,0.02508208158877894,0.00013596301598064212,0.06036034923140542,4.0490919161336595e-13,0.019208343008951842,1.8326360618965885e-15,0.025221882349688616,1.2775455477429557e-43,0.026821937376896934,1.2775455477429557e-43,0.026821937376896934,1.5453305942210648e-05,0.026853964032640332,2.0298683332180496e-06,0.03553774820681447,1.0589764092392925e-07,0.020050140793539166,3.552207004583786e-09,0.02318140508831238,0.053453621484147756,0.027488956834396165,0.05784937121320127,0.01
2025-07-14,0.01,0.01,2.2077356630692004e-67,0.025027320685457453,2.2077356630692004e-67,0.025027320685457453,8.756418040815032e-07,0.02508208158877894,0.00013596301598064212,0.06036034923140542,4.0490919161336595e-13,0.019208343008951842,1.8326360618965885e-15,0.025221882349688616,1.2775455477429557e-43,0.026821937376896934,1.2775455477429557e-43,0.026821937376896934,1.5453305942210648e-05,0.026853964032640332,2.0298683332180496e-06,0.03553774820681447,1.0589764092392925e-07,0.020050140793539166,3.552207004583786e-09,0.02318140508831238,0.053453621484147756,0.027488956834396165,0.05784937121320127,0.01
2025-07-15,0.01,0.01,2.2077356630692004e-67,0.025027320685457453,2.2077356630692004e-67,0.025027320685457453,8.756418040815032e-07,0.02508208158877894,0.00013596301598064212,0.06036034923140542,4.0490919161336595e-13,0.019208343008951842,1.8326360618965885e-15,0.025221882349688616,1.2775455477429557e-43,0.026821937376896934,1.2775455477429557e-43,0.026821937376896934,1.5453305942210648e-05,0.026853964032640332,2.0298683332180496e-06,0.03553774820681447,1.0589764092392925e-07,0.020050140793539166,3.552207004583786e-09,0.02318140508831238,0.053453621484147756,0.027488956834396165,0.05784937121320127,0.01
2025-07-16,0.01,0.01,2.2077356630692004e-67,0.025027320685457453,2.2077356630692004e-67,0.025027320685457453,8.756418040815032e-07,0.02508208158877894,0.00013596301598064212,0.06036034923140542,4.0490919161336595e-13,0.019208343008951842,1.8326360618965885e-15,0.025221882349688616,1.2775455477429557e-43,0.026821937376896934,1.2775455477429557e-43,0.026821937376896934,1.5453305942210648e-05,0.026853964032640332,2.0298683332180496e-06,0.03553774820681447,1.0589764092392925e-07,0.020050140793539166,3.552207004583786e-09,0.02318140508831238,0.053453621484147756,0.027488956834396165,0.05784937121320127,0.01
2025-07-17,0.01,0.01,2.2077356630692004e-67,0.025027320685457453,2.2077356630692004e-67,0.025027320685457453,8.756418040815032e-07,0.02508208158877894,0.00013596301598064212,0.06036034923140542,4.0490919161336595e-13,0.019208343008951842,1.8326360618965885e-15,0.025221882349688616,1.2775455477429557e-43,0.026821937376896934,1.2775455477429557e-43,0.026821937376896934,1.5453305942210648e-05,0.026853964032640332,2.0298683332180496e-06,0.03553774820681447,1.0589764092392925e-07,0.020050140793539166,3.552207004583786e-09,0.02318140508831238,0.053453621484147756,0.027488956834396165,0.05784937121320127,0.01
2025-07-18,0.01,0.01,2.2077356630692004e-67,0.025027320685457453,2.2077356630692004e-67,0.025027320685457453,8.756418040815032e-07,0.02508208158877894,0.00013596301598064212,0.06036034923140542,4.0490919161336595e-13,0.019208343008951842,1.8326360618965885e-15,0.025221882349688616,1.2775455477429557e-43,0.026821937376896934,1.2775455477429557e-43,0.026821937376896934,1.5453305942210648e-05,0.026853964032640332,2.0298683332180496e-06,0.03553774820681447,1.0589764092392925e-07,0.020050140793539166,3.552207004583786e-09,0.02318140508831238,0.053453621484147756,0.027488956834396165,0.05784937121320127,0.01
2025-07-21,0.01,0.01,2.2077356630692004e-67,0.025027320685457453,2.2077356630692004e-67,0.025027320685457453,8.756418040815032e-07,0.02508208158877894,0.00013596301598064212,0.06036034923140542,4.0490919161336595e-13,0.019208343008951842,1.8326360618965885e-15,0.025221882349688616,1.2775455477429557e-43,0.026821937376896934,1.2775455477429557e-43,0.026821937376896934,1.5453305942210648e-05,0.026853964032640332,2.0298683332180496e-06,0.03553774820681447,1.0589764092392925e-07,0.020050140793539166,3.552207004583786e-09,0.02318140508831238,0.053453621484147756,0.027488956834396165,0.05784937121320127,0.01
2025-07-22,0.01,0.01,2.2077356630692004e-67,0.025027320685457453,2.2077356630692004e-67,0.025027320685457453,8.756418040815032e-07,0.02508208158877894,0.00013596301598064212,0.06036034923140542,4.0490919161336595e-13,0.019208343008951842,1.8326360618965885e-15,0.025221882349688616,1.2775455477429557e-43,0.026821937376896934,1.2775455477429557e-43,0.026821937376896934,1.5453305942210648e-05,0.026853964032640332,2.0298683332180496e-06,0.03553774820681447,1.0589764092392925e-07,0.020050140793539166,3.552207004583786e-09,0.02318140508831238,0.053453621484147756,0.027488956834396165,0.05784937121320127,0.01
2025-07-23,0.01,0.01,2.2077356630692004e-67,0.025027320685457453,2.2077356630692004e-67,0.025027320685457453,8.756418040815032e-07,0.02508208158877894,0.00013596301598064212,0.06036034923140542,4.0490919161336595e-13,0.019208343008951842,1.8326360618965885e-15,0.025221882349688616,1.2775455477429557e-43,0.026821937376896934,1.2775455477429557e-43,0.026821937376896934,1.5453305942210648e-05,0.026853964032640332,2.0298683332180496e-06,0.03553774820681447,1.0589764092392925e-07,0.020050140793539166,3.552207004583786e-09,0.02318140508831238,0.053453621484147756,0.027488956834396165,0.05784937121320127,0.01
2025-07-24,0.01,0.01,2.2077356630692004e-67,0.025027320685457453,2.2077356630692004e-67,0.025027320685457453,8.756418040815032e-07,0.02508208158877894,0.00013596301598064212,0.06036034923140542,4.0490919161336595e-13,0.019208343008951842,1.8326360618965885e-15,0.025221882349688616,1.2775455477429557e-43,0.026821937376896934,1.2775455477429557e-43,0.026821937376896934,1.5453305942210648e-05,0.026853964032640332,2.0298683332180496e-06,0.03553774820681447,1.0589764092392925e-07,0.020050140793539166,3.552207004583786e-09,0.02318140508831238,0.053453621484147756,0.027488956834396165,0.05784937121320127,0.01
2025-07-25,0.01,0.01,2.2077356630692004e-67,0.025027320685457453,2.2077356630692004e-67,0.025027320685457453,8.756418040815032e-07,0.02508208158877894,0.00013596301598064212,0.06036034923140542,4.0490919161336595e-13,0.019208343008951842,1.8326360618965885e-15,0.025221882349688616,1.2775455477429557e-43,0.026821937376896934,1.2775455477429557e-43,0.026821937376896934,1.5453305942210648e-05,0.026853964032640332,2.0298683332180496e-06,0.03553774820681447,1.0589764092392925e-07,0.020050140793539166,3.552207004583786e-09,0.02318140508831238,0.053453621484147756,0.027488956834396165,0.05784937121320127,0.01
2025-07-28,0.01,0.01,2.2077356630692004e-67,0.025027320685457453,2.2077356630692004e-67,0.025027320685457453,8.756418040815032e-07,0.02508208158877894,0.00013596301598064212,0.06036034923140542,4.0490919161336595e-13,0.019208343008951842,1.8326360618965885e-15,0.025221882349688616,1.2775455477429557e-43,0.026821937376896934,1.2775455477429557e-43,0.026821937376896934,1.5453305942210648e-05,0.026853964032640332,2.0298683332180496e-06,0.03553774820681447,1.0589764092392925e-07,0.020050140793539166,3.552207004583786e-09,0.02318140508831238,0.053453621484147756,0.027488956834396165,0.05784937121320127,0.01
2025-07-29,0.01,0.01,2.2077356630692004e-67,0.025027320685457453,2.2077356630692004e-67,0.025027320685457453,8.756418040815032e-07,0.02508208158877894,0.00013596301598064212,0.06036034923140542,4.0490919161336595e-13,0.019208343008951842,1.8326360618965885e-15,0.025221882349688616,1.2775455477429557e-43,0.026821937376896934,1.2775455477429557e-43,0.026821937376896934,1.5453305942210648e-05,0.026853964032640332,2.0298683332180496e-06,0.03553774820681447,1.0589764092392925e-07,0.020050140793539166,3.552207004583786e-09,0.02318140508831238,0.053453621484147756,0.027488956834396165,0.05784937121320127,0.01
2025-07-30,0.01,0.01,2.2077356630692004e-67,0.025027320685457453,2.2077356630692004e-67,0.025027320685457453,8.756418040815032e-07,0.02508208158877894,0.00013596301598064212,0.06036034923140542,4.0490919161336595e-13,0.019208343008951842,1.8326360618965885e-15,0.025221882349688616,1.2775455477429557e-43,0.026821937376896934,1.2775455477429557e-43,0.026821937376896934,1.5453305942210648e-05,0.026853964032640332,2.0298683332180496e-06,0.03553774820681447,1.0589764092392925e-07,0.020050140793539166,3.552207004583786e-09,0.02318140508831238,0.053453621484147756,0.027488956834396165,0.05784937121320127,0.01
2025-07-31,0.01,0.01,2.2077356630692004e-67,0.025027320685457453,2.2077356630692004e-67,0.025027320685457453,8.756418040815032e-07,0.02508208158877894,0.00013596301598064212,0.06036034923140542,4.0490919161336595e-13,0.019208343008951842,1.8326360618965885e-15,0.025221882349688616,1.2775455477429557e-43,0.026821937376896934,1.2775455477429557e-43,0.026821937376896934,1.5453305942210648e-05,0.026853964032640332,2.0298683332180496e-06,0.03553774820681447,1.0589764092392925e-07,0.020050140793539166,3.552207004583786e-09,0.02318140508831238,0.053453621484147756,0.027488956834396165,0.05784937121320127,0.01
2025-08-01,0.01,0.01,2.2077356630692004e-67,0.025027320685457453,2.2077356630692004e-67,0.025027320685457453,8.756418040815032e-07,0.02508208158877894,0.00013596301598064212,0.06036034923140542,4.0490919161336595e-13,0.019208343008951842,1.8326360618965885e-15,0.025221882349688616,1.2775455477429557e-43,0.026821937376896934,1.2775455477429557e-43,0.026821937376896934,1.5453305942210648e-05,0.026853964032640332,2.0298683332180496e-06,0.03553774820681447,1.0589764092392925e-07,0.020050140793539166,3.552207004583786e-09,0.02318140508831238,0.053453621484147756,0.027488956834396165,0.05784937121320127,0.01
2025-08-04,0.01,0.01,2.2077356630692004e-67,0.025027320685457453,2.2077356630692004e-67,0.025027320685457453,8.756418040815032e-07,0.02508208158877894,0.00013596301598064212,0.06036034923140542,4.0490919161336595e-13,0.019208343008951842,1.8326360618965885e-15,0.025221882349688616,1.2775455477429557e-43,0.026821937376896934,1.2775455477429557e-43,0.026821937376896934,1.5453305942210648e-05,0.026853964032640332,2.0298683332180496e-06,0.03553774820681447,1.0589764092392925e-07,0.020050140793539166,3.552207004583786e-09,0.02318140508831238,0.053453621484147756,0.027488956834396165,0.05784937121320127,0.01
2025-08-05,0.01,0.01,2.2077356630692004e-67,0.025027320685457453,2.2077356630692004e-67,0.025027320685457453,8.756418040815032e-07,0.02508208158877894,0.00013596301598064212,0.06036034923140542,4.0490919161336595e-13,0.019208343008951842,1.8326360618965885e-15,0.025221882349688616,1.2775455477429557e-43,0.026821937376896934,1.2775455477429557e-43,0.026821937376896934,1.5453305942210648e-05,0.026853964032640332,2.0298683332180496e-06,0.03553774820681447,1.0589764092392925e-07,0.020050140793539166,3.552207004583786e-09,0.02318140508831238,0.053453621484147756,0.027488956834396165,0.05784937121320127,0.01
2025-08-06,0.01,0.01,2.2077356630692004e-67,0.025027320685457453,2.2077356630692004e-67,0.025027320685457453,8.756418040815032e-07,0.02508208158877894,0.00013596301598064212,0.06036034923140542,4.0490919161336595e-13,0.019208343008951842,1.8326360618965885e-15,0.025221882349688616,1.2775455477429557e-43,0.026821937376896934,1.2775455477429557e-43,0.026821937376896934,1.5453305942210648e-05,0.026853964032640332,2.0298683332180496e-06,0.03553774820681447,1.0589764092392925e-07,0.020050140793539166,3.552207004583786e-09,0.02318140508831238,0.053453621484147756,0.027488956834396165,0.05784937121320127,0.01
2025-08-07,0.01,0.01,2.2077356630692004e-67,0.025027320685457453,2.2077356630692004e-67,0.025027320685457453,8.756418040815032e-07,0.02508208158877894,0.00013596301598064212,0.06036034923140542,4.0490919161336595e-13,0.019208343008951842,1.8326360618965885e-15,0.025221882349688616,1.2775455477429557e-43,0.026821937376896934,1.2775455477429557e-43,0.026821937376896934,1.5453305942210648e-05,0.026853964032640332,2.0298683332180496e-06,0.03553774820681447,1.0589764092392925e-07,0.020050140793539166,3.552207004583786e-09,0.02318140508831238,0.053453621484147756,0.027488956834396165,0.05784937121320127,0.01
2025-08-08,0.01,0.01,2.2077356630692004e-67,0.025027320685457453,2.2077356630692004e-67,0.025027320685457453,8.756418040815032e-07,0.02508208158877894,0.00013596301598064212,0.06036034923140542,4.0490919161336595e-13,0.019208343008951842,1.8326360618965885e-15,0.025221882349688616,1.2775455477429557e-43,0.026821937376896934,1.2775455477429557e-43,0.026821937376896934,1.5453305942210648e-05,0.026853964032640332,2.0298683332180496e-06,0.03553774820681447,1.0589764092392925e-07,0.020050140793539166,3.552207004583786e-09,0.02318140508831238,0.053453621484147756,0.027488956834396165,0.05784937121320127,0.01
2025-08-11,0.01,0.01,2.2077356630692004e-67,0.025027320685457453,2.2077356630692004e-67,0.025027320685457453,8.756418040815032e-07,0.02508208158877894,0.00013596301598064212,0.06036034923140542,4.0490919161336595e-13,0.019208343008951842,1.8326360618965885e-15,0.025221882349688616,1.2775455477429557e-43,0.026821937376896934,1.2775455477429557e-43,0.026821937376896934,1.5453305942210648e-05,0.026853964032640332,2.0298683332180496e-06,0.03553774820681447,1.0589764092392925e-07,0.020050140793539166,3.552207004583786e-09,0.02318140508831238,0.053453621484147756,0.027488956834396165,0.05784937121320127,0.01
2025-08-12,0.01,0.01,2.2077356630692004e-67,0.025027320685457453,2.2077356630692004e-67,0.025027320685457453,8.756418040815032e-07,0.02508208158877894,0.00013596301598064212,0.06036034923140542,4.0490919161336595e-13,0.019208343008951842,1.8326360618965885e-15,0.025221882349688616,1.2775455477429557e-43,0.026821937376896934,1.2775455477429557e-43,0.026821937376896934,1.5453305942210648e-05,0.026853964032640332,2.0298683332180496e-06,0.03553774820681447,1.0589764092392925e-07,0.020050140793539166,3.552207004583786e-09,0.02318140508831238,0.053453621484147756,0.027488956834396165,0.05784937121320127,0.01
2025-08-13,0.01,0.01,2.2077356630692004e-67,0.025027320685457453,2.2077356630692004e-67,0.025027320685457453,8.756418040815032e-07,0.02508208158877894,0.00013596301598064212,0.06036034923140542,4.0490919161336595e-13,0.019208343008951842,1.8326360618965885e-15,0.025221882349688616,1.2775455477429557e-43,0.026821937376896934,1.2775455477429557e-43,0.026821937376896934,1.5453305942210648e-05,0.026853964032640332,2.0298683332180496e-06,0.03553774820681447,1.0589764092392925e-07,0.020050140793539166,3.552207004583786e-09,0.02318140508831238,0.053453621484147756,0.027488956834396165,0.05784937121320127,0.01
2025-08-14,0.01,0.01,2.2077356630692004e-67,0.025027320685457453,2.2077356630692004e-67,0.025027320685457453,8.756418040815032e-07,0.02508208158877894,0.00013596301598064212,0.06036034923140542,4.0490919161336595e-13,0.019208343008951842,1.8326360618965885e-15,0.025221882349688616,1.2775455477429557e-43,0.026821937376896934,1.2775455477429557e-43,0.026821937376896934,1.5453305942210648e-05,0.026853964032640332,2.0298683332180496e-06,0.03553774820681447,1.0589764092392925e-07,0.020050140793539166,3.552207004583786e-09,0.02318140508831238,0.053453621484147756,0.027488956834396165,0.05784937121320127,0.01
2025-08-15,0.01,0.01,2.2077356630692004e-67,0.025027320685457453,2.2077356630692004e-67,0.025027320685457453,8.756418040815032e-07,0.02508208158877894,0.00013596301598064212,0.06036034923140542,4.0490919161336595e-13,0.019208343008951842,1.8326360618965885e-15,0.025221882349688616,1.2775455477429557e-43,0.026821937376896934,1.2775455477429557e-43,0.026821937376896934,1.5453305942210648e-05,0.026853964032640332,2.0298683332180496e-06,0.03553774820681447,1.0589764092392925e-07,0.020050140793539166,3.552207004583786e-09,0.02318140508831238,0.053453621484147756,0.027488956834396165,0.05784937121320127,0.01
2025-08-18,0.01,0.01,2.2077356630692004e-67,0.025027320685457453,2.2077356630692004e-67,0.025027320685457453,8.756418040815032e-07,0.02508208158877894,0.00013596301598064212,0.06036034923140542,4.0490919161336595e-13,0.019208343008951842,1.8326360618965885e-15,0.025221882349688616,1.2775455477429557e-43,0.026821937376896934,1.2775455477429557e-43,0.026821937376896934,1.5453305942210648e-05,0.026853964032640332,2.0298683332180496e-06,0.03553774820681447,1.0589764092392925e-07,0.020050140793539166,3.552207004583786e-09,0.02318140508831238,0.053453621484147756,0.027488956834396165,0.05784937121320127,0.01
2025-08-19,0.01,0.01,2.2077356630692004e-67,0.025027320685457453,2.2077356630692004e-67,0.025027320685457453,8.756418040815032e-07,0.02508208158877894,0.00013596301598064212,0.06036034923140542,4.0490919161336595e-13,0.019208343008951842,1.8326360618965885e-15,0.025221882349688616,1.2775455477429557e-43,0.026821937376896934,1.2775455477429557e-43,0.026821937376896934,1.5453305942210648e-05,0.026853964032640332,2.0298683332180496e-06,0.03553774820681447,1.0589764092392925e-07,0.020050140793539166,3.552207004583786e-09,0.02318140508831238,0.053453621484147756,0.027488956834396165,0.05784937121320127,0.01
2025-08-20,0.01,0.01,2.2077356630692004e-67,0.025027320685457453,2.2077356630692004e-67,0.025027320685457453,8.756418040815032e-07,0.02508208158877894,0.00013596301598064212,0.06036034923140542,4.0490919161336595e-13,0.019208343008951842,1.8326360618965885e-15,0.025221882349688616,1.2775455477429557e-43,0.026821937376896934,1.2775455477429557e-43,0.026821937376896934,1.5453305942210648e-05,0.026853964032640332,2.0298683332180496e-06,0.03553774820681447,1.0589764092392925e-07,0.020050140793539166,3.552207004583786e-09,0.02318140508831238,0.053453621484147756,0.027488956834396165,0.05784937121320127,0.01
2025-08-21,0.01,0.01,2.2077356630692004e-67,0.025027320685457453,2.2077356630692004e-67,0.025027320685457453,8.756418040815032e-07,0.02508208158877894,0.00013596301598064212,0.06036034923140542,4.0490919161336595e-13,0.019208343008951842,1.8326360618965885e-15,0.025221882349688616,1.2775455477429557e-43,0.026821937376896934,1.2775455477429557e-43,0.026821937376896934,1.5453305942210648e-05,0.026853964032640332,2.0298683332180496e-06,0.03553774820681447,1.0589764092392925e-07,0.020050140793539166,3.552207004583786e-09,0.02318140508831238,0.053453621484147756,0.027488956834396165,0.05784937121320127,0.01
2025-08-22,0.01,0.01,2.2077356630692004e-67,0.025027320685457453,2.2077356630692004e-67,0.025027320685457453,8.756418040815032e-07,0.02508208158877894,0.00013596301598064212,0.06036034923140542,4.0490919161336595e-13,0.019208343008951842,1.8326360618965885e-15,0.025221882349688616,1.2775455477429557e-43,0.026821937376896934,1.2775455477429557e-43,0.026821937376896934,1.5453305942210648e-05,0.026853964032640332,2.0298683332180496e-06,0.03553774820681447,1.0589764092392925e-07,0.020050140793539166,3.552207004583786e-09,0.02318140508831238,0.053453621484147756,0.027488956834396165,0.05784937121320127,0.01
2025-08-25,0.01,0.01,2.2077356630692004e-67,0.025027320685457453,2.2077356630692004e-67,0.025027320685457453,8.756418040815032e-07,0.02508208158877894,0.00013596301598064212,0.06036034923140542,4.0490919161336595e-13,0.019208343008951842,1.8326360618965885e-15,0.025221882349688616,1.2775455477429557e-43,0.026821937376896934,1.2775455477429557e-43,0.026821937376896934,1.5453305942210648e-05,0.026853964032640332,2.0298683332180496e-06,0.03553774820681447,1.0589764092392925e-07,0.020050140793539166,3.552207004583786e-09,0.02318140508831238,0.053453621484147756,0.027488956834396165,0.05784937121320127,0.01
2025-08-26,0.01,0.01,2.2077356630692004e-67,0.025027320685457453,2.2077356630692004e-67,0.025027320685457453,8.756418040815032e-07,0.02508208158877894,0.00013596301598064212,0.06036034923140542,4.0490919161336595e-13,0.019208343008951842,1.8326360618965885e-15,0.025221882349688616,1.2775455477429557e-43,0.026821937376896934,1.2775455477429557e-43,0.026821937376896934,1.5453305942210648e-05,0.026853964032640332,2.0298683332180496e-06,0.03553774820681447,1.0589764092392925e-07,0.020050140793539166,3.552207004583786e-09,0.02318140508831238,0.053453621484147756,0.027488956834396165,0.05784937121320127,0.01
2025-08-27,0.01,0.01,2.2077356630692004e-67,0.025027320685457453,2.2077356630692004e-67,0.025027320685457453,8.756418040815032e-07,0.02508208158877894,0.00013596301598064212,0.06036034923140542,4.0490919161336595e-13,0.019208343008951842,1.8326360618965885e-15,0.025221882349688616,1.2775455477429557e-43,0.026821937376896934,1.2775455477429557e-43,0.026821937376896934,1.5453305942210648e-05,0.026853964032640332,2.0298683332180496e-06,0.03553774820681447,1.0589764092392925e-07,0.020050140793539166,3.552207004583786e-09,0.02318140508831238,0.053453621484147756,0.027488956834396165,0.05784937121320127,0.01
2025-08-28,0.01,0.01,2.2077356630692004e-67,0.025027320685457453,2.2077356630692004e-67,0.025027320685457453,8.756418040815032e-07,0.02508208158877894,0.00013596301598064212,0.06036034923140542,4.0490919161336595e-13,0.019208343008951842,1.8326360618965885e-15,0.025221882349688616,1.2775455477429557e-43,0.026821937376896934,1.2775455477429557e-43,0.026821937376896934,1.5453305942210648e-05,0.026853964032640332,2.0298683332180496e-06,0.03553774820681447,1.0589764092392925e-07,0.020050140793539166,3.552207004583786e-09,0.02318140508831238,0.053453621484147756,0.027488956834396165,0.05784937121320127,0.01
2025-08-29,0.01,0.01,2.2077356630692004e-67,0.025027320685457453,2.2077356630692004e-67,0.025027320685457453,8.756418040815032e-07,0.02508208158877894,0.00013596301598064212,0.06036034923140542,4.0490919161336595e-13,0.019208343008951842,1.8326360618965885e-15,0.025221882349688616,1.2775455477429557e-43,0.026821937376896934,1.2775455477429557e-43,0.026821937376896934,1.5453305942210648e-05,0.026853964032640332,2.0298683332180496e-06,0.03553774820681447,1.0589764092392925e-07,0.020050140793539166,3.552207004583786e-09,0.02318140508831238,0.053453621484147756,0.027488956834396165,0.05784937121320127,0.01
2025-09-02,0.01,0.01,2.2077356630692004e-67,0.025027320685457453,2.2077356630692004e-67,0.025027320685457453,8.756418040815032e-07,0.02508208158877894,0.00013596301598064212,0.06036034923140542,4.0490919161336595e-13,0.019208343008951842,1.8326360618965885e-15,0.025221882349688616,1.2775455477429557e-43,0.026821937376896934,1.2775455477429557e-43,0.026821937376896934,1.5453305942210648e-05,0.026853964032640332,2.0298683332180496e-06,0.03553774820681447,1.0589764092392925e-07,0.020050140793539166,3.552207004583786e-09,0.02318140508831238,0.053453621484147756,0.027488956834396165,0.05784937121320127,0.01
2025-09-03,0.01,0.01,2.2077356630692004e-67,0.025027320685457453,2.2077356630692004e-67,0.025027320685457453,8.756418040815032e-07,0.02508208158877894,0.00013596301598064212,0.06036034923140542,4.0490919161336595e-13,0.019208343008951842,1.8326360618965885e-15,0.025221882349688616,1.2775455477429557e-43,0.026821937376896934,1.2775455477429557e-43,0.026821937376896934,1.5453305942210648e-05,0.026853964032640332,2.0298683332180496e-06,0.03553774820681447,1.0589764092392925e-07,0.020050140793539166,3.552207004583786e-09,0.02318140508831238,0.053453621484147756,0.027488956834396165,0.05784937121320127,0.01
2025-09-04,0.01,0.01,2.2077356630692004e-67,0.025027320685457453,2.2077356630692004e-67,0.025027320685457453,8.756418040815032e-07,0.02508208158877894,0.00013596301598064212,0.06036034923140542,4.0490919161336595e-13,0.019208343008951842,1.8326360618965885e-15,0.025221882349688616,1.2775455477429557e-43,0.026821937376896934,1.2775455477429557e-43,0.026821937376896934,1.5453305942210648e-05,0.026853964032640332,2.0298683332180496e-06,0.03553774820681447,1.0589764092392925e-07,0.020050140793539166,3.552207004583786e-09,0.02318140508831238,0.053453621484147756,0.027488956834396165,0.05784937121320127,0.01
2025-09-05,0.01,0.01,2.2077356630692004e-67,0.025027320685457453,2.2077356630692004e-67,0.025027320685457453,8.756418040815032e-07,0.02508208158877894,0.00013596301598064212,0.06036034923140542,4.0490919161336595e-13,0.019208343008951842,1.8326360618965885e-15,0.025221882349688616,1.2775455477429557e-43,0.026821937376896934,1.2775455477429557e-43,0.026821937376896934,1.5453305942210648e-05,0.026853964032640332,2.0298683332180496e-06,0.03553774820681447,1.0589764092392925e-07,0.020050140793539166,3.552207004583786e-09,0.02318140508831238,0.053453621484147756,0.027488956834396165,0.05784937121320127,0.01
2025-09-08,0.01,0.01,2.2077356630692004e-67,0.025027320685457453,2.2077356630692004e-67,0.025027320685457453,8.756418040815032e-07,0.02508208158877894,0.00013596301598064212,0.06036034923140542,4.0490919161336595e-13,0.019208343008951842,1.8326360618965885e-15,0.025221882349688616,1.2775455477429557e-43,0.026821937376896934,1.2775455477429557e-43,0.026821937376896934,1.5453305942210648e-05,0.026853964032640332,2.0298683332180496e-06,0.03553774820681447,1.0589764092392925e-07,0.020050140793539166,3.552207004583786e-09,0.02318140508831238,0.053453621484147756,0.027488956834396165,0.05784937121320127,0.01
2025-09-09,0.01,0.01,2.2077356630692004e-67,0.025027320685457453,2.2077356630692004e-67,0.025027320685457453,8.756418040815032e-07,0.02508208158877894,0.00013596301598064212,0.06036034923140542,4.0490919161336595e-13,0.019208343008951842,1.8326360618965885e-15,0.025221882349688616,1.2775455477429557e-43,0.026821937376896934,1.2775455477429557e-43,0.026821937376896934,1.5453305942210648e-05,0.026853964032640332,2.0298683332180496e-06,0.03553774820681447,1.0589764092392925e-07,0.020050140793539166,3.552207004583786e-09,0.02318140508831238,0.053453621484147756,0.027488956834396165,0.05784937121320127,0.01
2025-09-10,0.01,0.01,2.2077356630692004e-67,0.025027320685457453,2.2077356630692004e-67,0.025027320685457453,8.756418040815032e-07,0.02508208158877894,0.00013596301598064212,0.06036034923140542,4.0490919161336595e-13,0.019208343008951842,1.8326360618965885e-15,0.025221882349688616,1.2775455477429557e-43,0.026821937376896934,1.2775455477429557e-43,0.026821937376896934,1.5453305942210648e-05,0.026853964032640332,2.0298683332180496e-06,0.03553774820681447,1.0589764092392925e-07,0.020050140793539166,3.552207004583786e-09,0.02318140508831238,0.053453621484147756,0.027488956834396165,0.05784937121320127,0.01
2025-09-11,0.01,0.01,2.2077356630692004e-67,0.025027320685457453,2.2077356630692004e-67,0.025027320685457453,8.756418040815032e-07,0.02508208158877894,0.00013596301598064212,0.06036034923140542,4.0490919161336595e-13,0.019208343008951842,1.8326360618965885e-15,0.025221882349688616,1.2775455477429557e-43,0.026821937376896934,1.2775455477429557e-43,0.026821937376896934,1.5453305942210648e-05,0.026853964032640332,2.0298683332180496e-06,0.03553774820681447,1.0589764092392925e-07,0.020050140793539166,3.552207004583786e-09,0.02318140508831238,0.053453621484147756,0.027488956834396165,0.05784937121320127,0.01
2025-09-12,0.01,0.01,2.2077356630692004e-67,0.025027320685457453,2.2077356630692004e-67,0.025027320685457453,8.756418040815032e-07,0.02508208158877894,0.00013596301598064212,0.06036034923140542,4.0490919161336595e-13,0.019208343008951842,1.8326360618965885e-15,0.025221882349688616,1.2775455477429557e-43,0.026821937376896934,1.2775455477429557e-43,0.026821937376896934,1.5453305942210648e-05,0.026853964032640332,2.0298683332180496e-06,0.03553774820681447,1.0589764092392925e-07,0.020050140793539166,3.552207004583786e-09,0.02318140508831238,0.053453621484147756,0.027488956834396165,0.05784937121320127,0.01
2025-09-15,0.01,0.01,2.2077356630692004e-67,0.025027320685457453,2.2077356630692004e-67,0.025027320685457453,8.756418040815032e-07,0.02508208158877894,0.00013596301598064212,0.06036034923140542,4.0490919161336595e-13,0.019208343008951842,1.8326360618965885e-15,0.025221882349688616,1.2775455477429557e-43,0.026821937376896934,1.2775455477429557e-43,0.026821937376896934,1.5453305942210648e-05,0.026853964032640332,2.0298683332180496e-06,0.03553774820681447,1.0589764092392925e-07,0.020050140793539166,3.552207004583786e-09,0.02318140508831238,0.053453621484147756,0.027488956834396165,0.05784937121320127,0.01
2025-09-16,0.01,0.01,2.2077356630692004e-67,0.025027320685457453,2.2077356630692004e-67,0.025027320685457453,8.756418040815032e-07,0.02508208158877894,0.00013596301598064212,0.06036034923140542,4.0490919161336595e-13,0.019208343008951842,1.8326360618965885e-15,0.025221882349688616,1.2775455477429557e-43,0.026821937376896934,1.2775455477429557e-43,0.026821937376896934,1.5453305942210648e-05,0.026853964032640332,2.0298683332180496e-06,0.03553774820681447,1.0589764092392925e-07,0.020050140793539166,3.552207004583786e-09,0.02318140508831238,0.053453621484147756,0.027488956834396165,0.05784937121320127,0.01
2025-09-17,0.01,0.01,2.2077356630692004e-67,0.025027320685457453,2.2077356630692004e-67,0.025027320685457453,8.756418040815032e-07,0.02508208158877894,0.00013596301598064212,0.06036034923140542,4.0490919161336595e-13,0.019208343008951842,1.8326360618965885e-15,0.025221882349688616,1.2775455477429557e-43,0.026821937376896934,1.2775455477429557e-43,0.026821937376896934,1.5453305942210648e-05,0.026853964032640332,2.0298683332180496e-06,0.03553774820681447,1.0589764092392925e-07,0.020050140793539166,3.552207004583786e-09,0.02318140508831238,0.053453621484147756,0.027488956834396165,0.05784937121320127,0.01
2025-09-18,0.01,0.01,2.2077356630692004e-67,0.025027320685457453,2.2077356630692004e-67,0.025027320685457453,8.756418040815032e-07,0.02508208158877894,0.00013596301598064212,0.06036034923140542,4.0490919161336595e-13,0.019208343008951842,1.8326360618965885e-15,0.025221882349688616,1.2775455477429557e-43,0.026821937376896934,1.2775455477429557e-43,0.026821937376896934,1.5453305942210648e-05,0.026853964032640332,2.0298683332180496e-06,0.03553774820681447,1.0589764092392925e-07,0.020050140793539166,3.552207004583786e-09,0.02318140508831238,0.053453621484147756,0.027488956834396165,0.05784937121320127,0.01
2025-09-19,0.01,0.01,2.2077356630692004e-67,0.025027320685457453,2.2077356630692004e-67,0.025027320685457453,8.756418040815032e-07,0.02508208158877894,0.00013596301598064212,0.06036034923140542,4.0490919161336595e-13,0.019208343008951842,1.8326360618965885e-15,0.025221882349688616,1.2775455477429557e-43,0.026821937376896934,1.2775455477429557e-43,0.026821937376896934,1.5453305942210648e-05,0.026853964032640332,2.0298683332180496e-06,0.03553774820681447,1.0589764092392925e-07,0.020050140793539166,3.552207004583786e-09,0.02318140508831238,0.053453621484147756,0.027488956834396165,0.05784937121320127,0.01
2025-09-22,0.01,0.01,2.2077356630692004e-67,0.025027320685457453,2.2077356630692004e-67,0.025027320685457453,8.756418040815032e-07,0.02508208158877894,0.00013596301598064212,0.06036034923140542,4.0490919161336595e-13,0.019208343008951842,1.8326360618965885e-15,0.025221882349688616,1.2775455477429557e-43,0.026821937376896934,1.2775455477429557e-43,0.026821937376896934,1.5453305942210648e-05,0.026853964032640332,2.0298683332180496e-06,0.03553774820681447,1.0589764092392925e-07,0.020050140793539166,3.552207004583786e-09,0.02318140508831238,0.053453621484147756,0.027488956834396165,0.05784937121320127,0.01
2025-09-23,0.01,0.01,2.2077356630692004e-67,0.025027320685457453,2.2077356630692004e-67,0.025027320685457453,8.756418040815032e-07,0.02508208158877894,0.00013596301598064212,0.06036034923140542,4.0490919161336595e-13,0.019208343008951842,1.8326360618965885e-15,0.025221882349688616,1.2775455477429557e-43,0.026821937376896934,1.2775455477429557e-43,0.026821937376896934,1.5453305942210648e-05,0.026853964032640332,2.0298683332180496e-06,0.03553774820681447,1.0589764092392925e-07,0.020050140793539166,3.552207004583786e-09,0.02318140508831238,0.053453621484147756,0.027488956834396165,0.05784937121320127,0.01
2025-09-24,0.01,0.01,2.2077356630692004e-67,0.025027320685457453,2.2077356630692004e-67,0.025027320685457453,8.756418040815032e-07,0.02508208158877894,0.00013596301598064212,0.06036034923140542,4.0490919161336595e-13,0.019208343008951842,1.8326360618965885e-15,0.025221882349688616,1.2775455477429557e-43,0.026821937376896934,1.2775455477429557e-43,0.026821937376896934,1.5453305942210648e-05,0.026853964032640332,2.0298683332180496e-06,0.03553774820681447,1.0589764092392925e-07,0.020050140793539166,3.552207004583786e-09,0.02318140508831238,0.053453621484147756,0.027488956834396165,0.05784937121320127,0.01
2025-09-25,0.01,0.01,2.2077356630692004e-67,0.025027320685457453,2.2077356630692004e-67,0.025027320685457453,8.756418040815032e-07,0.02508208158877894,0.00013596301598064212,0.06036034923140542,4.0490919161336595e-13,0.019208343008951842,1.8326360618965885e-15,0.025221882349688616,1.2775455477429557e-43,0.026821937376896934,1.2775455477429557e-43,0.026821937376896934,1.5453305942210648e-05,0.026853964032640332,2.0298683332180496e-06,0.03553774820681447,1.0589764092392925e-07,0.020050140793539166,3.552207004583786e-09,0.02318140508831238,0.053453621484147756,0.027488956834396165,0.05784937121320127,0.01
2025-09-26,0.01,0.01,2.2077356630692004e-67,0.025027320685457453,2.2077356630692004e-67,0.025027320685457453,8.756418040815032e-07,0.02508208158877894,0.00013596301598064212,0.06036034923140542,4.0490919161336595e-13,0.019208343008951842,1.8326360618965885e-15,0.025221882349688616,1.2775455477429557e-43,0.026821937376896934,1.2775455477429557e-43,0.026821937376896934,1.5453305942210648e-05,0.026853964032640332,2.0298683332180496e-06,0.03553774820681447,1.0589764092392925e-07,0.020050140793539166,3.552207004583786e-09,0.02318140508831238,0.053453621484147756,0.027488956834396165,0.05784937121320127,0.01
2025-09-29,0.01,0.01,2.2077356630692004e-67,0.025027320685457453,2.2077356630692004e-67,0.025027320685457453,8.756418040815032e-07,0.02508208158877894,0.00013596301598064212,0.06036034923140542,4.0490919161336595e-13,0.019208343008951842,1.8326360618965885e-15,0.025221882349688616,1.2775455477429557e-43,0.026821937376896934,1.2775455477429557e-43,0.026821937376896934,1.5453305942210648e-05,0.026853964032640332,2.0298683332180496e-06,0.03553774820681447,1.0589764092392925e-07,0.020050140793539166,3.552207004583786e-09,0.02318140508831238,0.053453621484147756,0.027488956834396165,0.05784937121320127,0.01
2025-09-30,0.01,0.01,2.2077356630692004e-67,0.025027320685457453,2.2077356630692004e-67,0.025027320685457453,8.756418040815032e-07,0.02508208158877894,0.00013596301598064212,0.06036034923140542,4.0490919161336595e-13,0.019208343008951842,1.8326360618965885e-15,0.025221882349688616,1.2775455477429557e-43,0.026821937376896934,1.2775455477429557e-43,0.026821937376896934,1.5453305942210648e-05,0.026853964032640332,2.0298683332180496e-06,0.03553774820681447,1.0589764092392925e-07,0.020050140793539166,3.552207004583786e-09,0.02318140508831238,0.053453621484147756,0.027488956834396165,0.05784937121320127,0.01
2025-10-01,0.01,0.01,2.2077356630692004e-67,0.025027320685457453,2.2077356630692004e-67,0.025027320685457453,8.756418040815032e-07,0.02508208158877894,0.00013596301598064212,0.06036034923140542,4.0490919161336595e-13,0.019208343008951842,1.8326360618965885e-15,0.025221882349688616,1.2775455477429557e-43,0.026821937376896934,1.2775455477429557e-43,0.026821937376896934,1.5453305942210648e-05,0.026853964032640332,2.0298683332180496e-06,0.03553774820681447,1.0589764092392925e-07,0.020050140793539166,3.552207004583786e-09,0.02318140508831238,0.053453621484147756,0.027488956834396165,0.05784937121320127,0.01
2025-10-02,0.01,0.01,2.2077356630692004e-67,0.025027320685457453,2.2077356630692004e-67,0.025027320685457453,8.756418040815032e-07,0.02508208158877894,0.00013596301598064212,0.06036034923140542,4.0490919161336595e-13,0.019208343008951842,1.8326360618965885e-15,0.025221882349688616,1.2775455477429557e-43,0.026821937376896934,1.2775455477429557e-43,0.026821937376896934,1.5453305942210648e-05,0.026853964032640332,2.0298683332180496e-06,0.03553774820681447,1.0589764092392925e-07,0.020050140793539166,3.552207004583786e-09,0.02318140508831238,0.053453621484147756,0.027488956834396165,0.05784937121320127,0.01
2025-10-03,0.01,0.01,2.2077356630692004e-67,0.025027320685457453,2.2077356630692004e-67,0.025027320685457453,8.756418040815032e-07,0.02508208158877894,0.00013596301598064212,0.06036034923140542,4.0490919161336595e-13,0.019208343008951842,1.8326360618965885e-15,0.025221882349688616,1.2775455477429557e-43,0.026821937376896934,1.2775455477429557e-43,0.026821937376896934,1.5453305942210648e-05,0.026853964032640332,2.0298683332180496e-06,0.03553774820681447,1.0589764092392925e-07,0.020050140793539166,3.552207004583786e-09,0.02318140508831238,0.053453621484147756,0.027488956834396165,0.05784937121320127,0.01
2025-10-06,0.01,0.01,2.2077356630692004e-67,0.025027320685457453,2.2077356630692004e-67,0.025027320685457453,8.756418040815032e-07,0.02508208158877894,0.00013596301598064212,0.06036034923140542,4.0490919161336595e-13,0.019208343008951842,1.8326360618965885e-15,0.025221882349688616,1.2775455477429557e-43,0.026821937376896934,1.2775455477429557e-43,0.026821937376896934,1.5453305942210648e-05,0.026853964032640332,2.0298683332180496e-06,0.03553774820681447,1.0589764092392925e-07,0.020050140793539166,3.552207004583786e-09,0.02318140508831238,0.053453621484147756,0.027488956834396165,0.05784937121320127,0.01
2025-10-07,0.01,0.01,2.2077356630692004e-67,0.025027320685457453,2.2077356630692004e-67,0.025027320685457453,8.756418040815032e-07,0.02508208158877894,0.00013596301598064212,0.06036034923140542,4.0490919161336595e-13,0.019208343008951842,1.8326360618965885e-15,0.025221882349688616,1.2775455477429557e-43,0.026821937376896934,1.2775455477429557e-43,0.026821937376896934,1.5453305942210648e-05,0.026853964032640332,2.0298683332180496e-06,0.03553774820681447,1.0589764092392925e-07,0.020050140793539166,3.552207004583786e-09,0.02318140508831238,0.053453621484147756,0.027488956834396165,0.05784937121320127,0.01
2025-10-08,0.01,0.01,2.2077356630692004e-67,0.025027320685457453,2.2077356630692004e-67,0.025027320685457453,8.756418040815032e-07,0.02508208158877894,0.00013596301598064212,0.06036034923140542,4.0490919161336595e-13,0.019208343008951842,1.8326360618965885e-15,0.025221882349688616,1.2775455477429557e-43,0.026821937376896934,1.2775455477429557e-43,0.026821937376896934,1.5453305942210648e-05,0.026853964032640332,2.0298683332180496e-06,0.03553774820681447,1.0589764092392925e-07,0.020050140793539166,3.552207004583786e-09,0.02318140508831238,0.053453621484147756,0.027488956834396165,0.05784937121320127,0.01
2025-10-09,0.01,0.01,2.2077356630692004e-67,0.025027320685457453,2.2077356630692004e-67,0.025027320685457453,8.756418040815032e-07,0.02508208158877894,0.00013596301598064212,0.06036034923140542,4.0490919161336595e-13,0.019208343008951842,1.8326360618965885e-15,0.025221882349688616,1.2775455477429557e-43,0.026821937376896934,1.2775455477429557e-43,0.026821937376896934,1.5453305942210648e-05,0.026853964032640332,2.0298683332180496e-06,0.03553774820681447,1.0589764092392925e-07,0.020050140793539166,3.552207004583786e-09,0.02318140508831238,0.053453621484147756,0.027488956834396165,0.05784937121320127,0.01
2025-10-10,0.01,0.01,2.2077356630692004e-67,0.025027320685457453,2.2077356630692004e-67,0.025027320685457453,8.756418040815032e-07,0.02508208158877894,0.00013596301598064212,0.06036034923140542,4.0490919161336595e-13,0.019208343008951842,1.8326360618965885e-15,0.025221882349688616,1.2775455477429557e-43,0.026821937376896934,1.2775455477429557e-43,0.026821937376896934,1.5453305942210648e-05,0.026853964032640332,2.0298683332180496e-06,0.03553774820681447,1.0589764092392925e-07,0.020050140793539166,3.552207004583786e-09,0.02318140508831238,0.053453621484147756,0.027488956834396165,0.05784937121320127,0.01
2025-10-13,0.01,0.01,2.2077356630692004e-67,0.025027320685457453,2.2077356630692004e-67,0.025027320685457453,8.756418040815032e-07,0.02508208158877894,0.00013596301598064212,0.06036034923140542,4.0490919161336595e-13,0.019208343008951842,1.8326360618965885e-15,0.025221882349688616,1.2775455477429557e-43,0.026821937376896934,1.2775455477429557e-43,0.026821937376896934,1.5453305942210648e-05,0.026853964032640332,2.0298683332180496e-06,0.03553774820681447,1.0589764092392925e-07,0.020050140793539166,3.552207004583786e-09,0.02318140508831238,0.053453621484147756,0.027488956834396165,0.05784937121320127,0.01
2025-10-14,0.01,0.01,2.2077356630692004e-67,0.025027320685457453,2.2077356630692004e-67,0.025027320685457453,8.756418040815032e-07,0.02508208158877894,0.00013596301598064212,0.06036034923140542,4.0490919161336595e-13,0.019208343008951842,1.8326360618965885e-15,0.025221882349688616,1.2775455477429557e-43,0.026821937376896934,1.2775455477429557e-43,0.026821937376896934,1.5453305942210648e-05,0.026853964032640332,2.0298683332180496e-06,0.03553774820681447,1.0589764092392925e-07,0.020050140793539166,3.552207004583786e-09,0.02318140508831238,0.053453621484147756,0.027488956834396165,0.05784937121320127,0.01
2025-10-15,0.01,0.01,2.2077356630692004e-67,0.025027320685457453,2.2077356630692004e-67,0.025027320685457453,8.756418040815032e-07,0.02508208158877894,0.00013596301598064212,0.06036034923140542,4.0490919161336595e-13,0.019208343008951842,1.8326360618965885e-15,0.025221882349688616,1.2775455477429557e-43,0.026821937376896934,1.2775455477429557e-43,0.026821937376896934,1.5453305942210648e-05,0.026853964032640332,2.0298683332180496e-06,0.03553774820681447,1.0589764092392925e-07,0.020050140793539166,3.552207004583786e-09,0.02318140508831238,0.053453621484147756,0.027488956834396165,0.05784937121320127,0.01
2025-10-16,0.01,0.01,2.2077356630692004e-67,0.025027320685457453,2.2077356630692004e-67,0.025027320685457453,8.756418040815032e-07,0.02508208158877894,0.00013596301598064212,0.06036034923140542,4.0490919161336595e-13,0.019208343008951842,1.8326360618965885e-15,0.025221882349688616,1.2775455477429557e-43,0.026821937376896934,1.2775455477429557e-43,0.026821937376896934,1.5453305942210648e-05,0.026853964032640332,2.0298683332180496e-06,0.03553774820681447,1.0589764092392925e-07,0.020050140793539166,3.552207004583786e-09,0.02318140508831238,0.053453621484147756,0.027488956834396165,0.05784937121320127,0.01
2025-10-17,0.01,0.01,2.2077356630692004e-67,0.025027320685457453,2.2077356630692004e-67,0.025027320685457453,8.756418040815032e-07,0.02508208158877894,0.00013596301598064212,0.06036034923140542,4.0490919161336595e-13,0.019208343008951842,1.8326360618965885e-15,0.025221882349688616,1.2775455477429557e-43,0.026821937376896934,1.2775455477429557e-43,0.026821937376896934,1.5453305942210648e-05,0.026853964032640332,2.0298683332180496e-06,0.03553774820681447,1.0589764092392925e-07,0.020050140793539166,3.552207004583786e-09,0.02318140508831238,0.053453621484147756,0.027488956834396165,0.05784937121320127,0.01
2025-10-20,0.01,0.01,2.2077356630692004e-67,0.025027320685457453,2.2077356630692004e-67,0.025027320685457453,8.756418040815032e-07,0.02508208158877894,0.00013596301598064212,0.06036034923140542,4.0490919161336595e-13,0.019208343008951842,1.8326360618965885e-15,0.025221882349688616,1.2775455477429557e-43,0.026821937376896934,1.2775455477429557e-43,0.026821937376896934,1.5453305942210648e-05,0.026853964032640332,2.0298683332180496e-06,0.03553774820681447,1.0589764092392925e-07,0.020050140793539166,3.552207004583786e-09,0.02318140508831238,0.053453621484147756,0.027488956834396165,0.05784937121320127,0.01
2025-10-21,0.01,0.01,2.2077356630692004e-67,0.025027320685457453,2.2077356630692004e-67,0.025027320685457453,8.756418040815032e-07,0.02508208158877894,0.00013596301598064212,0.06036034923140542,4.0490919161336595e-13,0.019208343008951842,1.8326360618965885e-15,0.025221882349688616,1.2775455477429557e-43,0.026821937376896934,1.2775455477429557e-43,0.026821937376896934,1.5453305942210648e-05,0.026853964032640332,2.0298683332180496e-06,0.03553774820681447,1.0589764092392925e-07,0.020050140793539166,3.552207004583786e-09,0.02318140508831238,0.053453621484147756,0.027488956834396165,0.05784937121320127,0.01
2025-10-22,0.01,0.01,2.2077356630692004e-67,0.025027320685457453,2.2077356630692004e-67,0.025027320685457453,8.756418040815032e-07,0.02508208158877894,0.00013596301598064212,0.06036034923140542,4.0490919161336595e-13,0.019208343008951842,1.8326360618965885e-15,0.025221882349688616,1.2775455477429557e-43,0.026821937376896934,1.2775455477429557e-43,0.026821937376896934,1.5453305942210648e-05,0.026853964032640332,2.0298683332180496e-06,0.03553774820681447,1.0589764092392925e-07,0.020050140793539166,3.552207004583786e-09,0.02318140508831238,0.053453621484147756,0.027488956834396165,0.05784937121320127,0.01
2025-10-23,0.01,0.01,2.2077356630692004e-67,0.025027320685457453,2.2077356630692004e-67,0.025027320685457453,8.756418040815032e-07,0.02508208158877894,0.00013596301598064212,0.06036034923140542,4.0490919161336595e-13,0.019208343008951842,1.8326360618965885e-15,0.025221882349688616,1.2775455477429557e-43,0.026821937376896934,1.2775455477429557e-43,0.026821937376896934,1.5453305942210648e-05,0.026853964032640332,2.0298683332180496e-06,0.03553774820681447,1.0589764092392925e-07,0.020050140793539166,3.552207004583786e-09,0.02318140508831238,0.053453621484147756,0.027488956834396165,0.05784937121320127,0.01
2025-10-24,0.01,0.01,2.2077356630692004e-67,0.025027320685457453,2.2077356630692004e-67,0.025027320685457453,8.756418040815032e-07,0.02508208158877894,0.00013596301598064212,0.06036034923140542,4.0490919161336595e-13,0.019208343008951842,1.8326360618965885e-15,0.025221882349688616,1.2775455477429557e-43,0.026821937376896934,1.2775455477429557e-43,0.026821937376896934,1.5453305942210648e-05,0.026853964032640332,2.0298683332180496e-06,0.03553774820681447,1.0589764092392925e-07,0.020050140793539166,3.552207004583786e-09,0.02318140508831238,0.053453621484147756,0.027488956834396165,0.05784937121320127,0.01
2025-10-27,0.01,0.01,2.2077356630692004e-67,0.025027320685457453,2.2077356630692004e-67,0.025027320685457453,8.756418040815032e-07,0.02508208158877894,0.00013596301598064212,0.06036034923140542,4.0490919161336595e-13,0.019208343008951842,1.8326360618965885e-15,0.025221882349688616,1.2775455477429557e-43,0.026821937376896934,1.2775455477429557e-43,0.026821937376896934,1.5453305942210648e-05,0.026853964032640332,2.0298683332180496e-06,0.03553774820681447,1.0589764092392925e-07,0.020050140793539166,3.552207004583786e-09,0.02318140508831238,0.053453621484147756,0.027488956834396165,0.05784937121320127,0.01
2025-10-28,0.01,0.01,2.2077356630692004e-67,0.025027320685457453,2.2077356630692004e-67,0.025027320685457453,8.756418040815032e-07,0.02508208158877894,0.00013596301598064212,0.06036034923140542,4.0490919161336595e-13,0.019208343008951842,1.8326360618965885e-15,0.025221882349688616,1.2775455477429557e-43,0.026821937376896934,1.2775455477429557e-43,0.026821937376896934,1.5453305942210648e-05,0.026853964032640332,2.0298683332180496e-06,0.03553774820681447,1.0589764092392925e-07,0.020050140793539166,3.552207004583786e-09,0.02318140508831238,0.053453621484147756,0.027488956834396165,0.05784937121320127,0.01
2025-10-29,0.01,0.01,2.2077356630692004e-67,0.025027320685457453,2.2077356630692004e-67,0.025027320685457453,8.756418040815032e-07,0.02508208158877894,0.00013596301598064212,0.06036034923140542,4.0490919161336595e-13,0.019208343008951842,1.8326360618965885e-15,0.025221882349688616,1.2775455477429557e-43,0.026821937376896934,1.2775455477429557e-43,0.026821937376896934,1.5453305942210648e-05,0.026853964032640332,2.0298683332180496e-06,0.03553774820681447,1.0589764092392925e-07,0.020050140793539166,3.552207004583786e-09,0.02318140508831238,0.053453621484147756,0.027488956834396165,0.05784937121320127,0.01
2025-10-30,0.01,0.01,2.2077356630692004e-67,0.025027320685457453,2.2077356630692004e-67,0.025027320685457453,8.756418040815032e-07,0.02508208158877894,0.00013596301598064212,0.06036034923140542,4.0490919161336595e-13,0.019208343008951842,1.8326360618965885e-15,0.025221882349688616,1.2775455477429557e-43,0.026821937376896934,1.2775455477429557e-43,0.026821937376896934,1.5453305942210648e-05,0.026853964032640332,2.0298683332180496e-06,0.03553774820681447,1.0589764092392925e-07,0.020050140793539166,3.552207004583786e-09,0.02318140508831238,0.053453621484147756,0.027488956834396165,0.05784937121320127,0.01
2025-10-31,0.01,0.01,2.2077356630692004e-67,0.025027320685457453,2.2077356630692004e-67,0.025027320685457453,8.756418040815032e-07,0.02508208158877894,0.00013596301598064212,0.06036034923140542,4.0490919161336595e-13,0.019208343008951842,1.8326360618965885e-15,0.025221882349688616,1.2775455477429557e-43,0.026821937376896934,1.2775455477429557e-43,0.026821937376896934,1.5453305942210648e-05,0.026853964032640332,2.0298683332180496e-06,0.03553774820681447,1.0589764092392925e-07,0.020050140793539166,3.552207004583786e-09,0.02318140508831238,0.053453621484147756,0.027488956834396165,0.05784937121320127,0.01
2025-11-03,0.01,0.01,2.2077356630692004e-67,0.025027320685457453,2.2077356630692004e-67,0.025027320685457453,8.756418040815032e-07,0.02508208158877894,0.00013596301598064212,0.06036034923140542,4.0490919161336595e-13,0.019208343008951842,1.8326360618965885e-15,0.025221882349688616,1.2775455477429557e-43,0.026821937376896934,1.2775455477429557e-43,0.026821937376896934,1.5453305942210648e-05,0.026853964032640332,2.0298683332180496e-06,0.03553774820681447,1.0589764092392925e-07,0.020050140793539166,3.552207004583786e-09,0.02318140508831238,0.053453621484147756,0.027488956834396165,0.05784937121320127,0.01
2025-11-04,0.01,0.01,2.2077356630692004e-67,0.025027320685457453,2.2077356630692004e-67,0.025027320685457453,8.756418040815032e-07,0.02508208158877894,0.00013596301598064212,0.06036034923140542,4.0490919161336595e-13,0.019208343008951842,1.8326360618965885e-15,0.025221882349688616,1.2775455477429557e-43,0.026821937376896934,1.2775455477429557e-43,0.026821937376896934,1.5453305942210648e-05,0.026853964032640332,2.0298683332180496e-06,0.03553774820681447,1.0589764092392925e-07,0.020050140793539166,3.552207004583786e-09,0.02318140508831238,0.053453621484147756,0.027488956834396165,0.05784937121320127,0.01
2025-11-05,0.01,0.01,2.2077356630692004e-67,0.025027320685457453,2.2077356630692004e-67,0.025027320685457453,8.756418040815032e-07,0.02508208158877894,0.00013596301598064212,0.06036034923140542,4.0490919161336595e-13,0.019208343008951842,1.8326360618965885e-15,0.025221882349688616,1.2775455477429557e-43,0.026821937376896934,1.2775455477429557e-43,0.026821937376896934,1.5453305942210648e-05,0.026853964032640332,2.0298683332180496e-06,0.03553774820681447,1.0589764092392925e-07,0.020050140793539166,3.552207004583786e-09,0.02318140508831238,0.053453621484147756,0.027488956834396165,0.05784937121320127,0.01
2025-11-06,0.01,0.01,2.2077356630692004e-67,0.025027320685457453,2.2077356630692004e-67,0.025027320685457453,8.756418040815032e-07,0.02508208158877894,0.00013596301598064212,0.06036034923140542,4.0490919161336595e-13,0.019208343008951842,1.8326360618965885e-15,0.025221882349688616,1.2775455477429557e-43,0.026821937376896934,1.2775455477429557e-43,0.026821937376896934,1.5453305942210648e-05,0.026853964032640332,2.0298683332180496e-06,0.03553774820681447,1.0589764092392925e-07,0.020050140793539166,3.552207004583786e-09,0.02318140508831238,0.053453621484147756,0.027488956834396165,0.05784937121320127,0.01
2025-11-07,0.01,0.01,2.2077356630692004e-67,0.025027320685457453,2.2077356630692004e-67,0.025027320685457453,8.756418040815032e-07,0.02508208158877894,0.00013596301598064212,0.06036034923140542,4.0490919161336595e-13,0.019208343008951842,1.8326360618965885e-15,0.025221882349688616,1.2775455477429557e-43,0.026821937376896934,1.2775455477429557e-43,0.026821937376896934,1.5453305942210648e-05,0.026853964032640332,2.0298683332180496e-06,0.03553774820681447,1.0589764092392925e-07,0.020050140793539166,3.552207004583786e-09,0.02318140508831238,0.053453621484147756,0.027488956834396165,0.05784937121320127,0.01
2025-11-10,0.01,0.01,2.2077356630692004e-67,0.025027320685457453,2.2077356630692004e-67,0.025027320685457453,8.756418040815032e-07,0.02508208158877894,0.00013596301598064212,0.06036034923140542,4.0490919161336595e-13,0.019208343008951842,1.8326360618965885e-15,0.025221882349688616,1.2775455477429557e-43,0.026821937376896934,1.2775455477429557e-43,0.026821937376896934,1.5453305942210648e-05,0.026853964032640332,2.0298683332180496e-06,0.03553774820681447,1.0589764092392925e-07,0.020050140793539166,3.552207004583786e-09,0.02318140508831238,0.053453621484147756,0.027488956834396165,0.05784937121320127,0.01
2025-11-11,0.01,0.01,2.2077356630692004e-67,0.025027320685457453,2.2077356630692004e-67,0.025027320685457453,8.756418040815032e-07,0.02508208158877894,0.00013596301598064212,0.06036034923140542,4.0490919161336595e-13,0.019208343008951842,1.8326360618965885e-15,0.025221882349688616,1.2775455477429557e-43,0.026821937376896934,1.2775455477429557e-43,0.026821937376896934,1.5453305942210648e-05,0.026853964032640332,2.0298683332180496e-06,0.03553774820681447,1.0589764092392925e-07,0.020050140793539166,3.552207004583786e-09,0.02318140508831238,0.053453621484147756,0.027488956834396165,0.05784937121320127,0.01
2025-11-12,0.01,0.01,2.2077356630692004e-67,0.025027320685457453,2.2077356630692004e-67,0.025027320685457453,8.756418040815032e-07,0.02508208158877894,0.00013596301598064212,0.06036034923140542,4.0490919161336595e-13,0.019208343008951842,1.8326360618965885e-15,0.025221882349688616,1.2775455477429557e-43,0.026821937376896934,1.2775455477429557e-43,0.026821937376896934,1.5453305942210648e-05,0.026853964032640332,2.0298683332180496e-06,0.03553774820681447,1.0589764092392925e-07,0.020050140793539166,3.552207004583786e-09,0.02318140508831238,0.053453621484147756,0.027488956834396165,0.05784937121320127,0.01
2025-11-13,0.01,0.01,2.2077356630692004e-67,0.025027320685457453,2.2077356630692004e-67,0.025027320685457453,8.756418040815032e-07,0.02508208158877894,0.00013596301598064212,0.06036034923140542,4.0490919161336595e-13,0.019208343008951842,1.8326360618965885e-15,0.025221882349688616,1.2775455477429557e-43,0.026821937376896934,1.2775455477429557e-43,0.026821937376896934,1.5453305942210648e-05,0.026853964032640332,2.0298683332180496e-06,0.03553774820681447,1.0589764092392925e-07,0.020050140793539166,3.552207004583786e-09,0.02318140508831238,0.053453621484147756,0.027488956834396165,0.05784937121320127,0.01
2025-11-14,0.01,0.01,2.2077356630692004e-67,0.025027320685457453,2.2077356630692004e-67,0.025027320685457453,8.756418040815032e-07,0.02508208158877894,0.00013596301598064212,0.06036034923140542,4.0490919161336595e-13,0.019208343008951842,1.8326360618965885e-15,0.025221882349688616,1.2775455477429557e-43,0.026821937376896934,1.2775455477429557e-43,0.026821937376896934,1.5453305942210648e-05,0.026853964032640332,2.0298683332180496e-06,0.03553774820681447,1.0589764092392925e-07,0.020050140793539166,3.552207004583786e-09,0.02318140508831238,0.053453621484147756,0.027488956834396165,0.05784937121320127,0.01
2025-11-17,0.01,0.01,2.2077356630692004e-67,0.025027320685457453,2.2077356630692004e-67,0.025027320685457453,8.756418040815032e-07,0.02508208158877894,0.00013596301598064212,0.06036034923140542,4.0490919161336595e-13,0.019208343008951842,1.8326360618965885e-15,0.025221882349688616,1.2775455477429557e-43,0.026821937376896934,1.2775455477429557e-43,0.026821937376896934,1.5453305942210648e-05,0.026853964032640332,2.0298683332180496e-06,0.03553774820681447,1.0589764092392925e-07,0.020050140793539166,3.552207004583786e-09,0.02318140508831238,0.053453621484147756,0.027488956834396165,0.05784937121320127,0.01
2025-11-18,0.01,0.01,2.2077356630692004e-67,0.025027320685457453,2.2077356630692004e-67,0.025027320685457453,8.756418040815032e-07,0.02508208158877894,0.00013596301598064212,0.06036034923140542,4.0490919161336595e-13,0.019208343008951842,1.8326360618965885e-15,0.025221882349688616,1.2775455477429557e-43,0.026821937376896934,1.2775455477429557e-43,0.026821937376896934,1.5453305942210648e-05,0.026853964032640332,2.0298683332180496e-06,0.03553774820681447,1.0589764092392925e-07,0.020050140793539166,3.552207004583786e-09,0.02318140508831238,0.053453621484147756,0.027488956834396165,0.05784937121320127,0.01
2025-11-19,0.01,0.01,2.2077356630692004e-67,0.025027320685457453,2.2077356630692004e-67,0.025027320685457453,8.756418040815032e-07,0.02508208158877894,0.00013596301598064212,0.06036034923140542,4.0490919161336595e-13,0.019208343008951842,1.8326360618965885e-15,0.025221882349688616,1.2775455477429557e-43,0.026821937376896934,1.2775455477429557e-43,0.026821937376896934,1.5453305942210648e-05,0.026853964032640332,2.0298683332180496e-06,0.03553774820681447,1.0589764092392925e-07,0.020050140793539166,3.552207004583786e-09,0.02318140508831238,0.053453621484147756,0.027488956834396165,0.05784937121320127,0.01
2025-11-20,0.01,0.01,2.2077356630692004e-67,0.025027320685457453,2.2077356630692004e-67,0.025027320685457453,8.756418040815032e-07,0.02508208158877894,0.00013596301598064212,0.06036034923140542,4.0490919161336595e-13,0.019208343008951842,1.8326360618965885e-15,0.025221882349688616,1.2775455477429557e-43,0.026821937376896934,1.2775455477429557e-43,0.026821937376896934,1.5453305942210648e-05,0.026853964032640332,2.0298683332180496e-06,0.03553774820681447,1.0589764092392925e-07,0.020050140793539166,3.552207004583786e-09,0.02318140508831238,0.053453621484147756,0.027488956834396165,0.05784937121320127,0.01
2025-11-21,0.01,0.01,2.2077356630692004e-67,0.025027320685457453,2.2077356630692004e-67,0.025027320685457453,8.756418040815032e-07,0.02508208158877894,0.00013596301598064212,0.06036034923140542,4.0490919161336595e-13,0.019208343008951842,1.8326360618965885e-15,0.025221882349688616,1.2775455477429557e-43,0.026821937376896934,1.2775455477429557e-43,0.026821937376896934,1.5453305942210648e-05,0.026853964032640332,2.0298683332180496e-06,0.03553774820681447,1.0589764092392925e-07,0.020050140793539166,3.552207004583786e-09,0.02318140508831238,0.053453621484147756,0.027488956834396165,0.05784937121320127,0.01
2025-11-24,0.01,0.01,2.2077356630692004e-67,0.025027320685457453,2.2077356630692004e-67,0.025027320685457453,8.756418040815032e-07,0.02508208158877894,0.00013596301598064212,0.06036034923140542,4.0490919161336595e-13,0.019208343008951842,1.8326360618965885e-15,0.025221882349688616,1.2775455477429557e-43,0.026821937376896934,1.2775455477429557e-43,0.026821937376896934,1.5453305942210648e-05,0.026853964032640332,2.0298683332180496e-06,0.03553774820681447,1.0589764092392925e-07,0.020050140793539166,3.552207004583786e-09,0.02318140508831238,0.053453621484147756,0.027488956834396165,0.05784937121320127,0.01
2025-11-25,0.01,0.01,2.2077356630692004e-67,0.025027320685457453,2.2077356630692004e-67,0.025027320685457453,8.756418040815032e-07,0.02508208158877894,0.00013596301598064212,0.06036034923140542,4.0490919161336595e-13,0.019208343008951842,1.8326360618965885e-15,0.025221882349688616,1.2775455477429557e-43,0.026821937376896934,1.2775455477429557e-43,0.026821937376896934,1.5453305942210648e-05,0.026853964032640332,2.0298683332180496e-06,0.03553774820681447,1.0589764092392925e-07,0.020050140793539166,3.552207004583786e-09,0.02318140508831238,0.053453621484147756,0.027488956834396165,0.05784937121320127,0.01
2025-11-26,0.01,0.01,2.2077356630692004e-67,0.025027320685457453,2.2077356630692004e-67,0.025027320685457453,8.756418040815032e-07,0.02508208158877894,0.00013596301598064212,0.06036034923140542,4.0490919161336595e-13,0.019208343008951842,1.8326360618965885e-15,0.025221882349688616,1.2775455477429557e-43,0.026821937376896934,1.2775455477429557e-43,0.026821937376896934,1.5453305942210648e-05,0.026853964032640332,2.0298683332180496e-06,0.03553774820681447,1.0589764092392925e-07,0.020050140793539166,3.552207004583786e-09,0.02318140508831238,0.053453621484147756,0.027488956834396165,0.05784937121320127,0.01
2025-11-28,0.01,0.01,2.2077356630692004e-67,0.025027320685457453,2.2077356630692004e-67,0.025027320685457453,8.756418040815032e-07,0.02508208158877894,0.00013596301598064212,0.06036034923140542,4.0490919161336595e-13,0.019208343008951842,1.8326360618965885e-15,0.025221882349688616,1.2775455477429557e-43,0.026821937376896934,1.2775455477429557e-43,0.026821937376896934,1.5453305942210648e-05,0.026853964032640332,2.0298683332180496e-06,0.03553774820681447,1.0589764092392925e-07,0.020050140793539166,3.552207004583786e-09,0.02318140508831238,0.053453621484147756,0.027488956834396165,0.05784937121320127,0.01
2025-12-01,0.01,0.01,2.2077356630692004e-67,0.025027320685457453,2.2077356630692004e-67,0.025027320685457453,8.756418040815032e-07,0.02508208158877894,0.00013596301598064212,0.06036034923140542,4.0490919161336595e-13,0.019208343008951842,1.8326360618965885e-15,0.025221882349688616,1.2775455477429557e-43,0.026821937376896934,1.2775455477429557e-43,0.026821937376896934,1.5453305942210648e-05,0.026853964032640332,2.0298683332180496e-06,0.03553774820681447,1.0589764092392925e-07,0.020050140793539166,3.552207004583786e-09,0.02318140508831238,0.053453621484147756,0.027488956834396165,0.05784937121320127,0.01
2025-12-02,0.01,0.01,2.2077356630692004e-67,0.025027320685457453,2.2077356630692004e-67,0.025027320685457453,8.756418040815032e-07,0.02508208158877894,0.00013596301598064212,0.06036034923140542,4.0490919161336595e-13,0.019208343008951842,1.8326360618965885e-15,0.025221882349688616,1.2775455477429557e-43,0.026821937376896934,1.2775455477429557e-43,0.026821937376896934,1.5453305942210648e-05,0.026853964032640332,2.0298683332180496e-06,0.03553774820681447,1.0589764092392925e-07,0.020050140793539166,3.552207004583786e-09,0.02318140508831238,0.053453621484147756,0.027488956834396165,0.05784937121320127,0.01
2025-12-03,0.01,0.01,2.2077356630692004e-67,0.025027320685457453,2.2077356630692004e-67,0.025027320685457453,8.756418040815032e-07,0.02508208158877894,0.00013596301598064212,0.06036034923140542,4.0490919161336595e-13,0.019208343008951842,1.8326360618965885e-15,0.025221882349688616,1.2775455477429557e-43,0.026821937376896934,1.2775455477429557e-43,0.026821937376896934,1.5453305942210648e-05,0.026853964032640332,2.0298683332180496e-06,0.03553774820681447,1.0589764092392925e-07,0.020050140793539166,3.552207004583786e-09,0.02318140508831238,0.053453621484147756,0.027488956834396165,0.05784937121320127,0.01
2025-12-04,0.01,0.01,2.2077356630692004e-67,0.025027320685457453,2.2077356630692004e-67,0.025027320685457453,8.756418040815032e-07,0.02508208158877894,0.00013596301598064212,0.06036034923140542,4.0490919161336595e-13,0.019208343008951842,1.8326360618965885e-15,0.025221882349688616,1.2775455477429557e-43,0.026821937376896934,1.2775455477429557e-43,0.026821937376896934,1.5453305942210648e-05,0.026853964032640332,2.0298683332180496e-06,0.03553774820681447,1.0589764092392925e-07,0.020050140793539166,3.552207004583786e-09,0.02318140508831238,0.053453621484147756,0.027488956834396165,0.05784937121320127,0.01
2025-12-05,0.01,0.01,2.2077356630692004e-67,0.025027320685457453,2.2077356630692004e-67,0.025027320685457453,8.756418040815032e-07,0.02508208158877894,0.00013596301598064212,0.06036034923140542,4.0490919161336595e-13,0.019208343008951842,1.8326360618965885e-15,0.025221882349688616,1.2775455477429557e-43,0.026821937376896934,1.2775455477429557e-43,0.026821937376896934,1.5453305942210648e-05,0.026853964032640332,2.0298683332180496e-06,0.03553774820681447,1.0589764092392925e-07,0.020050140793539166,3.552207004583786e-09,0.02318140508831238,0.053453621484147756,0.027488956834396165,0.05784937121320127,0.01
2025-12-08,0.01,0.01,2.2077356630692004e-67,0.025027320685457453,2.2077356630692004e-67,0.025027320685457453,8.756418040815032e-07,0.02508208158877894,0.00013596301598064212,0.06036034923140542,4.0490919161336595e-13,0.019208343008951842,1.8326360618965885e-15,0.025221882349688616,1.2775455477429557e-43,0.026821937376896934,1.2775455477429557e-43,0.026821937376896934,1.5453305942210648e-05,0.026853964032640332,2.0298683332180496e-06,0.03553774820681447,1.0589764092392925e-07,0.020050140793539166,3.552207004583786e-09,0.02318140508831238,0.053453621484147756,0.027488956834396165,0.05784937121320127,0.01
2025-12-09,0.01,0.01,2.2077356630692004e-67,0.025027320685457453,2.2077356630692004e-67,0.025027320685457453,8.756418040815032e-07,0.02508208158877894,0.00013596301598064212,0.06036034923140542,4.0490919161336595e-13,0.019208343008951842,1.8326360618965885e-15,0.025221882349688616,1.2775455477429557e-43,0.026821937376896934,1.2775455477429557e-43,0.026821937376896934,1.5453305942210648e-05,0.026853964032640332,2.0298683332180496e-06,0.03553774820681447,1.0589764092392925e-07,0.020050140793539166,3.552207004583786e-09,0.02318140508831238,0.053453621484147756,0.027488956834396165,0.05784937121320127,0.01
2025-12-10,0.01,0.01,2.2077356630692004e-67,0.025027320685457453,2.2077356630692004e-67,0.025027320685457453,8.756418040815032e-07,0.02508208158877894,0.00013596301598064212,0.06036034923140542,4.0490919161336595e-13,0.019208343008951842,1.8326360618965885e-15,0.025221882349688616,1.2775455477429557e-43,0.026821937376896934,1.2775455477429557e-43,0.026821937376896934,1.5453305942210648e-05,0.026853964032640332,2.0298683332180496e-06,0.03553774820681447,1.0589764092392925e-07,0.020050140793539166,3.552207004583786e-09,0.02318140508831238,0.053453621484147756,0.027488956834396165,0.05784937121320127,0.01
2025-12-11,0.01,0.01,2.2077356630692004e-67,0.025027320685457453,2.2077356630692004e-67,0.025027320685457453,8.756418040815032e-07,0.02508208158877894,0.00013596301598064212,0.06036034923140542,4.0490919161336595e-13,0.019208343008951842,1.8326360618965885e-15,0.025221882349688616,1.2775455477429557e-43,0.026821937376896934,1.2775455477429557e-43,0.026821937376896934,1.5453305942210648e-05,0.026853964032640332,2.0298683332180496e-06,0.03553774820681447,1.0589764092392925e-07,0.020050140793539166,3.552207004583786e-09,0.02318140508831238,0.053453621484147756,0.027488956834396165,0.05784937121320127,0.01
2025-12-12,0.01,0.01,2.2077356630692004e-67,0.025027320685457453,2.2077356630692004e-67,0.025027320685457453,8.756418040815032e-07,0.02508208158877894,0.00013596301598064212,0.06036034923140542,4.0490919161336595e-13,0.019208343008951842,1.8326360618965885e-15,0.025221882349688616,1.2775455477429557e-43,0.026821937376896934,1.2775455477429557e-43,0.026821937376896934,1.5453305942210648e-05,0.026853964032640332,2.0298683332180496e-06,0.03553774820681447,1.0589764092392925e-07,0.020050140793539166,3.552207004583786e-09,0.02318140508831238,0.053453621484147756,0.027488956834396165,0.05784937121320127,0.01
2025-12-15,0.01,0.01,2.2077356630692004e-67,0.025027320685457453,2.2077356630692004e-67,0.025027320685457453,8.756418040815032e-07,0.02508208158877894,0.00013596301598064212,0.06036034923140542,4.0490919161336595e-13,0.019208343008951842,1.8326360618965885e-15,0.025221882349688616,1.2775455477429557e-43,0.026821937376896934,1.2775455477429557e-43,0.026821937376896934,1.5453305942210648e-05,0.026853964032640332,2.0298683332180496e-06,0.03553774820681447,1.0589764092392925e-07,0.020050140793539166,3.552207004583786e-09,0.02318140508831238,0.053453621484147756,0.027488956834396165,0.05784937121320127,0.01
2025-12-16,0.01,0.01,2.2077356630692004e-67,0.025027320685457453,2.2077356630692004e-67,0.025027320685457453,8.756418040815032e-07,0.02508208158877894,0.00013596301598064212,0.06036034923140542,4.0490919161336595e-13,0.019208343008951842,1.8326360618965885e-15,0.025221882349688616,1.2775455477429557e-43,0.026821937376896934,1.2775455477429557e-43,0.026821937376896934,1.5453305942210648e-05,0.026853964032640332,2.0298683332180496e-06,0.03553774820681447,1.0589764092392925e-07,0.020050140793539166,3.552207004583786e-09,0.02318140508831238,0.053453621484147756,0.027488956834396165,0.05784937121320127,0.01
2025-12-17,0.01,0.01,2.2077356630692004e-67,0.025027320685457453,2.2077356630692004e-67,0.025027320685457453,8.756418040815032e-07,0.02508208158877894,0.00013596301598064212,0.06036034923140542,4.0490919161336595e-13,0.019208343008951842,1.8326360618965885e-15,0.025221882349688616,1.2775455477429557e-43,0.026821937376896934,1.2775455477429557e-43,0.026821937376896934,1.5453305942210648e-05,0.026853964032640332,2.0298683332180496e-06,0.03553774820681447,1.0589764092392925e-07,0.020050140793539166,3.552207004583786e-09,0.02318140508831238,0.053453621484147756,0.027488956834396165,0.05784937121320127,0.01
2025-12-18,0.01,0.01,2.2077356630692004e-67,0.025027320685457453,2.2077356630692004e-67,0.025027320685457453,8.756418040815032e-07,0.02508208158877894,0.00013596301598064212,0.06036034923140542,4.0490919161336595e-13,0.019208343008951842,1.8326360618965885e-15,0.025221882349688616,1.2775455477429557e-43,0.026821937376896934,1.2775455477429557e-43,0.026821937376896934,1.5453305942210648e-05,0.026853964032640332,2.0298683332180496e-06,0.03553774820681447,1.0589764092392925e-07,0.020050140793539166,3.552207004583786e-09,0.02318140508831238,0.053453621484147756,0.027488956834396165,0.05784937121320127,0.01
2025-12-19,0.01,0.01,2.2077356630692004e-67,0.025027320685457453,2.2077356630692004e-67,0.025027320685457453,8.756418040815032e-07,0.02508208158877894,0.00013596301598064212,0.06036034923140542,4.0490919161336595e-13,0.019208343008951842,1.8326360618965885e-15,0.025221882349688616,1.2775455477429557e-43,0.026821937376896934,1.2775455477429557e-43,0.026821937376896934,1.5453305942210648e-05,0.026853964032640332,2.0298683332180496e-06,0.03553774820681447,1.0589764092392925e-07,0.020050140793539166,3.552207004583786e-09,0.02318140508831238,0.053453621484147756,0.027488956834396165,0.05784937121320127,0.01
2025-12-22,0.01,0.01,2.2077356630692004e-67,0.025027320685457453,2.2077356630692004e-67,0.025027320685457453,8.756418040815032e-07,0.02508208158877894,0.00013596301598064212,0.06036034923140542,4.0490919161336595e-13,0.019208343008951842,1.8326360618965885e-15,0.025221882349688616,1.2775455477429557e-43,0.026821937376896934,1.2775455477429557e-43,0.026821937376896934,1.5453305942210648e-05,0.026853964032640332,2.0298683332180496e-06,0.03553774820681447,1.0589764092392925e-07,0.020050140793539166,3.552207004583786e-09,0.02318140508831238,0.053453621484147756,0.027488956834396165,0.05784937121320127,0.01
2025-12-23,0.01,0.01,2.2077356630692004e-67,0.025027320685457453,2.2077356630692004e-67,0.025027320685457453,8.756418040815032e-07,0.02508208158877894,0.00013596301598064212,0.06036034923140542,4.0490919161336595e-13,0.019208343008951842,1.8326360618965885e-15,0.025221882349688616,1.2775455477429557e-43,0.026821937376896934,1.2775455477429557e-43,0.026821937376896934,1.5453305942210648e-05,0.026853964032640332,2.0298683332180496e-06,0.03553774820681447,1.0589764092392925e-07,0.020050140793539166,3.552207004583786e-09,0.02318140508831238,0.053453621484147756,0.027488956834396165,0.05784937121320127,0.01
2025-12-24,0.01,0.01,2.2077356630692004e-67,0.025027320685457453,2.2077356630692004e-67,0.025027320685457453,8.756418040815032e-07,0.02508208158877894,0.00013596301598064212,0.06036034923140542,4.0490919161336595e-13,0.019208343008951842,1.8326360618965885e-15,0.025221882349688616,1.2775455477429557e-43,0.026821937376896934,1.2775455477429557e-43,0.026821937376896934,1.5453305942210648e-05,0.026853964032640332,2.0298683332180496e-06,0.03553774820681447,1.0589764092392925e-07,0.020050140793539166,3.552207004583786e-09,0.02318140508831238,0.053453621484147756,0.027488956834396165,0.05784937121320127,0.01
2025-12-26,0.01,0.01,2.2077356630692004e-67,0.025027320685457453,2.2077356630692004e-67,0.025027320685457453,8.756418040815032e-07,0.02508208158877894,0.00013596301598064212,0.06036034923140542,4.0490919161336595e-13,0.019208343008951842,1.8326360618965885e-15,0.025221882349688616,1.2775455477429557e-43,0.026821937376896934,1.2775455477429557e-43,0.026821937376896934,1.5453305942210648e-05,0.026853964032640332,2.0298683332180496e-06,0.03553774820681447,1.0589764092392925e-07,0.020050140793539166,3.552207004583786e-09,0.02318140508831238,0.053453621484147756,0.027488956834396165,0.05784937121320127,0.01
2025-12-29,0.01,0.01,2.2077356630692004e-67,0.025027320685457453,2.2077356630692004e-67,0.025027320685457453,8.756418040815032e-07,0.02508208158877894,0.00013596301598064212,0.06036034923140542,4.0490919161336595e-13,0.019208343008951842,1.8326360618965885e-15,0.025221882349688616,1.2775455477429557e-43,0.026821937376896934,1.2775455477429557e-43,0.026821937376896934,1.5453305942210648e-05,0.026853964032640332,2.0298683332180496e-06,0.03553774820681447,1.0589764092392925e-07,0.020050140793539166,3.552207004583786e-09,0.02318140508831238,0.053453621484147756,0.027488956834396165,0.05784937121320127,0.01
2025-12-30,0.01,0.01,2.2077356630692004e-67,0.025027320685457453,2.2077356630692004e-67,0.025027320685457453,8.756418040815032e-07,0.02508208158877894,0.00013596301598064212,0.06036034923140542,4.0490919161336595e-13,0.019208343008951842,1.8326360618965885e-15,0.025221882349688616,1.2775455477429557e-43,0.026821937376896934,1.2775455477429557e-43,0.026821937376896934,1.5453305942210648e-05,0.026853964032640332,2.0298683332180496e-06,0.03553774820681447,1.0589764092392925e-07,0.020050140793539166,3.552207004583786e-09,0.02318140508831238,0.053453621484147756,0.027488956834396165,0.05784937121320127,0.01
2025-12-31,0.01,0.01,2.2077356630692004e-67,0.025027320685457453,2.2077356630692004e-67,0.025027320685457453,8.756418040815032e-07,0.02508208158877894,0.00013596301598064212,0.06036034923140542,4.0490919161336595e-13,0.019208343008951842,1.8326360618965885e-15,0.025221882349688616,1.2775455477429557e-43,0.026821937376896934,1.2775455477429557e-43,0.026821937376896934,1.5453305942210648e-05,0.026853964032640332,2.0298683332180496e-06,0.03553774820681447,1.0589764092392925e-07,0.020050140793539166,3.552207004583786e-09,0.02318140508831238,0.053453621484147756,0.027488956834396165,0.05784937121320127,0.01
2026-01-02,0.01,0.01,0.6989243624582913,0.07311920857215828,0.6989243624582913,0.07311920857215828,0.629860286757839,0.07610346672805414,0.008772664748430178,0.054552439479093766,0.8674743945660556,0.057078860821134426,0.8321326862671887,0.06725411241691523,0.21321988480395795,0.051734910397504705,0.21321988480395795,0.051734910397504705,0.0805155042682045,0.05703393505370877,0.006414450404084631,0.051979099392658754,0.24891896892373896,0.06114003116368471,0.19774223209967284,0.05885103753933806,0.4100524703439786,0.06342024850954518,0.06437135799374667,0.01
2026-01-05,0.01,0.01,0.6989243624582913,0.07311920857215828,0.6989243624582913,0.07311920857215828,0.629860286757839,0.07610346672805414,0.008772664748430178,0.054552439479093766,0.8674743945660556,0.057078860821134426,0.8321326862671887,0.06725411241691523,0.21321988480395795,0.051734910397504705,0.21321988480395795,0.051734910397504705,0.0805155042682045,0.05703393505370877,0.006414450404084631,0.051979099392658754,0.24891896892373896,0.06114003116368471,0.19774223209967284,0.05885103753933806,0.4100524703439786,0.06342024850954518,0.06437135799374667,0.01
2026-01-06,0.01,0.01,0.6989243624582913,0.07311920857215828,0.6989243624582913,0.07311920857215828,0.629860286757839,0.07610346672805414,0.008772664748430178,0.054552439479093766,0.8674743945660556,0.057078860821134426,0.8321326862671887,0.06725411241691523,0.21321988480395795,0.051734910397504705,0.21321988480395795,0.051734910397504705,0.0805155042682045,0.05703393505370877,0.006414450404084631,0.051979099392658754,0.24891896892373896,0.06114003116368471,0.19774223209967284,0.05885103753933806,0.4100524703439786,0.06342024850954518,0.06437135799374667,0.01
2026-01-07,0.01,0.01,0.6989243624582913,0.07311920857215828,0.6989243624582913,0.07311920857215828,0.629860286757839,0.07610346672805414,0.008772664748430178,0.054552439479093766,0.8674743945660556,0.057078860821134426,0.8321326862671887,0.06725411241691523,0.21321988480395795,0.051734910397504705,0.21321988480395795,0.051734910397504705,0.0805155042682045,0.05703393505370877,0.006414450404084631,0.051979099392658754,0.24891896892373896,0.06114003116368471,0.19774223209967284,0.05885103753933806,0.4100524703439786,0.06342024850954518,0.06437135799374667,0.01
2026-01-08,0.01,0.01,0.6989243624582913,0.07311920857215828,0.6989243624582913,0.07311920857215828,0.629860286757839,0.07610346672805414,0.008772664748430178,0.054552439479093766,0.8674743945660556,0.057078860821134426,0.8321326862671887,0.06725411241691523,0.21321988480395795,0.051734910397504705,0.21321988480395795,0.051734910397504705,0.0805155042682045,0.05703393505370877,0.006414450404084631,0.051979099392658754,0.24891896892373896,0.06114003116368471,0.19774223209967284,0.05885103753933806,0.4100524703439786,0.06342024850954518,0.06437135799374667,0.01
2026-01-09,0.01,0.01,0.6989243624582913,0.07311920857215828,0.6989243624582913,0.07311920857215828,0.629860286757839,0.07610346672805414,0.008772664748430178,0.054552439479093766,0.8674743945660556,0.057078860821134426,0.8321326862671887,0.06725411241691523,0.21321988480395795,0.051734910397504705,0.21321988480395795,0.051734910397504705,0.0805155042682045,0.05703393505370877,0.006414450404084631,0.051979099392658754,0.24891896892373896,0.06114003116368471,0.19774223209967284,0.05885103753933806,0.4100524703439786,0.06342024850954518,0.06437135799374667,0.01
2026-01-12,0.01,0.01,0.6989243624582913,0.07311920857215828,0.6989243624582913,0.07311920857215828,0.629860286757839,0.07610346672805414,0.008772664748430178,0.054552439479093766,0.8674743945660556,0.057078860821134426,0.8321326862671887,0.06725411241691523,0.21321988480395795,0.051734910397504705,0.21321988480395795,0.051734910397504705,0.0805155042682045,0.05703393505370877,0.006414450404084631,0.051979099392658754,0.24891896892373896,0.06114003116368471,0.19774223209967284,0.05885103753933806,0.4100524703439786,0.06342024850954518,0.06437135799374667,0.01
2026-01-13,0.01,0.01,0.6989243624582913,0.07311920857215828,0.6989243624582913,0.07311920857215828,0.629860286757839,0.07610346672805414,0.008772664748430178,0.054552439479093766,0.8674743945660556,0.057078860821134426,0.8321326862671887,0.06725411241691523,0.21321988480395795,0.051734910397504705,0.21321988480395795,0.051734910397504705,0.0805155042682045,0.05703393505370877,0.006414450404084631,0.051979099392658754,0.24891896892373896,0.06114003116368471,0.19774223209967284,0.05885103753933806,0.4100524703439786,0.06342024850954518,0.06437135799374667,0.01
2026-01-14,0.01,0.01,0.6989243624582913,0.07311920857215828,0.6989243624582913,0.07311920857215828,0.629860286757839,0.07610346672805414,0.008772664748430178,0.054552439479093766,0.8674743945660556,0.057078860821134426,0.8321326862671887,0.06725411241691523,0.21321988480395795,0.051734910397504705,0.21321988480395795,0.051734910397504705,0.0805155042682045,0.05703393505370877,0.006414450404084631,0.051979099392658754,0.24891896892373896,0.06114003116368471,0.19774223209967284,0.05885103753933806,0.4100524703439786,0.06342024850954518,0.06437135799374667,0.01
2026-01-15,0.01,0.01,0.6989243624582913,0.07311920857215828,0.6989243624582913,0.07311920857215828,0.629860286757839,0.07610346672805414,0.008772664748430178,0.054552439479093766,0.8674743945660556,0.057078860821134426,0.8321326862671887,0.06725411241691523,0.21321988480395795,0.051734910397504705,0.21321988480395795,0.051734910397504705,0.0805155042682045,0.05703393505370877,0.006414450404084631,0.051979099392658754,0.24891896892373896,0.06114003116368471,0.19774223209967284,0.05885103753933806,0.4100524703439786,0.06342024850954518,0.06437135799374667,0.01
2026-01-16,0.01,0.01,0.6989243624582913,0.07311920857215828,0.6989243624582913,0.07311920857215828,0.629860286757839,0.07610346672805414,0.008772664748430178,0.054552439479093766,0.8674743945660556,0.057078860821134426,0.8321326862671887,0.06725411241691523,0.21321988480395795,0.051734910397504705,0.21321988480395795,0.051734910397504705,0.0805155042682045,0.05703393505370877,0.006414450404084631,0.051979099392658754,0.24891896892373896,0.06114003116368471,0.19774223209967284,0.05885103753933806,0.4100524703439786,0.06342024850954518,0.06437135799374667,0.01
2026-01-20,0.01,0.01,0.6989243624582913,0.07311920857215828,0.6989243624582913,0.07311920857215828,0.629860286757839,0.07610346672805414,0.008772664748430178,0.054552439479093766,0.8674743945660556,0.057078860821134426,0.8321326862671887,0.06725411241691523,0.21321988480395795,0.051734910397504705,0.21321988480395795,0.051734910397504705,0.0805155042682045,0.05703393505370877,0.006414450404084631,0.051979099392658754,0.24891896892373896,0.06114003116368471,0.19774223209967284,0.05885103753933806,0.4100524703439786,0.06342024850954518,0.06437135799374667,0.01
2026-01-21,0.01,0.01,0.6989243624582913,0.07311920857215828,0.6989243624582913,0.07311920857215828,0.629860286757839,0.07610346672805414,0.008772664748430178,0.054552439479093766,0.8674743945660556,0.057078860821134426,0.8321326862671887,0.06725411241691523,0.21321988480395795,0.051734910397504705,0.21321988480395795,0.051734910397504705,0.0805155042682045,0.05703393505370877,0.006414450404084631,0.051979099392658754,0.24891896892373896,0.06114003116368471,0.19774223209967284,0.05885103753933806,0.4100524703439786,0.06342024850954518,0.06437135799374667,0.01
2026-01-22,0.01,0.01,0.6989243624582913,0.07311920857215828,0.6989243624582913,0.07311920857215828,0.629860286757839,0.07610346672805414,0.008772664748430178,0.054552439479093766,0.8674743945660556,0.057078860821134426,0.8321326862671887,0.06725411241691523,0.21321988480395795,0.051734910397504705,0.21321988480395795,0.051734910397504705,0.0805155042682045,0.05703393505370877,0.006414450404084631,0.051979099392658754,0.24891896892373896,0.06114003116368471,0.19774223209967284,0.05885103753933806,0.4100524703439786,0.06342024850954518,0.06437135799374667,0.01
2026-01-23,0.01,0.01,0.6989243624582913,0.07311920857215828,0.6989243624582913,0.07311920857215828,0.629860286757839,0.07610346672805414,0.008772664748430178,0.054552439479093766,0.8674743945660556,0.057078860821134426,0.8321326862671887,0.06725411241691523,0.21321988480395795,0.051734910397504705,0.21321988480395795,0.051734910397504705,0.0805155042682045,0.05703393505370877,0.006414450404084631,0.051979099392658754,0.24891896892373896,0.06114003116368471,0.19774223209967284,0.05885103753933806,0.4100524703439786,0.06342024850954518,0.06437135799374667,0.01
2026-01-26,0.01,0.01,0.6989243624582913,0.07311920857215828,0.6989243624582913,0.07311920857215828,0.629860286757839,0.07610346672805414,0.008772664748430178,0.054552439479093766,0.8674743945660556,0.057078860821134426,0.8321326862671887,0.06725411241691523,0.21321988480395795,0.051734910397504705,0.21321988480395795,0.051734910397504705,0.0805155042682045,0.05703393505370877,0.006414450404084631,0.051979099392658754,0.24891896892373896,0.06114003116368471,0.19774223209967284,0.05885103753933806,0.4100524703439786,0.06342024850954518,0.06437135799374667,0.01
2026-01-27,0.01,0.01,0.6989243624582913,0.07311920857215828,0.6989243624582913,0.07311920857215828,0.629860286757839,0.07610346672805414,0.008772664748430178,0.054552439479093766,0.8674743945660556,0.057078860821134426,0.8321326862671887,0.06725411241691523,0.21321988480395795,0.051734910397504705,0.21321988480395795,0.051734910397504705,0.0805155042682045,0.05703393505370877,0.006414450404084631,0.051979099392658754,0.24891896892373896,0.06114003116368471,0.19774223209967284,0.05885103753933806,0.4100524703439786,0.06342024850954518,0.06437135799374667,0.01
2026-01-28,0.01,0.01,0.6989243624582913,0.07311920857215828,0.6989243624582913,0.07311920857215828,0.629860286757839,0.07610346672805414,0.008772664748430178,0.054552439479093766,0.8674743945660556,0.057078860821134426,0.8321326862671887,0.06725411241691523,0.21321988480395795,0.051734910397504705,0.21321988480395795,0.051734910397504705,0.0805155042682045,0.05703393505370877,0.006414450404084631,0.051979099392658754,0.24891896892373896,0.06114003116368471,0.19774223209967284,0.05885103753933806,0.4100524703439786,0.06342024850954518,0.06437135799374667,0.01
2026-01-29,0.01,0.01,0.6989243624582913,0.07311920857215828,0.6989243624582913,0.07311920857215828,0.629860286757839,0.07610346672805414,0.008772664748430178,0.054552439479093766,0.8674743945660556,0.057078860821134426,0.8321326862671887,0.06725411241691523,0.21321988480395795,0.051734910397504705,0.21321988480395795,0.051734910397504705,0.0805155042682045,0.05703393505370877,0.006414450404084631,0.051979099392658754,0.24891896892373896,0.06114003116368471,0.19774223209967284,0.05885103753933806,0.4100524703439786,0.06342024850954518,0.06437135799374667,0.01
2026-01-30,0.01,0.01,0.6989243624582913,0.07311920857215828,0.6989243624582913,0.07311920857215828,0.629860286757839,0.07610346672805414,0.008772664748430178,0.054552439479093766,0.8674743945660556,0.057078860821134426,0.8321326862671887,0.06725411241691523,0.21321988480395795,0.051734910397504705,0.21321988480395795,0.051734910397504705,0.0805155042682045,0.05703393505370877,0.006414450404084631,0.051979099392658754,0.24891896892373896,0.06114003116368471,0.19774223209967284,0.05885103753933806,0.4100524703439786,0.06342024850954518,0.06437135799374667,0.01
2026-02-02,0.01,0.01,0.6989243624582913,0.07311920857215828,0.6989243624582913,0.07311920857215828,0.629860286757839,0.07610346672805414,0.008772664748430178,0.054552439479093766,0.8674743945660556,0.057078860821134426,0.8321326862671887,0.06725411241691523,0.21321988480395795,0.051734910397504705,0.21321988480395795,0.051734910397504705,0.0805155042682045,0.05703393505370877,0.006414450404084631,0.051979099392658754,0.24891896892373896,0.06114003116368471,0.19774223209967284,0.05885103753933806,0.4100524703439786,0.06342024850954518,0.06437135799374667,0.01
2026-02-03,0.01,0.01,0.6989243624582913,0.07311920857215828,0.6989243624582913,0.07311920857215828,0.629860286757839,0.07610346672805414,0.008772664748430178,0.054552439479093766,0.8674743945660556,0.057078860821134426,0.8321326862671887,0.06725411241691523,0.21321988480395795,0.051734910397504705,0.21321988480395795,0.051734910397504705,0.0805155042682045,0.05703393505370877,0.006414450404084631,0.051979099392658754,0.24891896892373896,0.06114003116368471,0.19774223209967284,0.05885103753933806,0.4100524703439786,0.06342024850954518,0.06437135799374667,0.01
2026-02-04,0.01,0.01,0.6989243624582913,0.07311920857215828,0.6989243624582913,0.07311920857215828,0.629860286757839,0.07610346672805414,0.008772664748430178,0.054552439479093766,0.8674743945660556,0.057078860821134426,0.8321326862671887,0.06725411241691523,0.21321988480395795,0.051734910397504705,0.21321988480395795,0.051734910397504705,0.0805155042682045,0.05703393505370877,0.006414450404084631,0.051979099392658754,0.24891896892373896,0.06114003116368471,0.19774223209967284,0.05885103753933806,0.4100524703439786,0.06342024850954518,0.06437135799374667,0.01
2026-02-05,0.01,0.01,0.6989243624582913,0.07311920857215828,0.6989243624582913,0.07311920857215828,0.629860286757839,0.07610346672805414,0.008772664748430178,0.054552439479093766,0.8674743945660556,0.057078860821134426,0.8321326862671887,0.06725411241691523,0.21321988480395795,0.051734910397504705,0.21321988480395795,0.051734910397504705,0.0805155042682045,0.05703393505370877,0.006414450404084631,0.051979099392658754,0.24891896892373896,0.06114003116368471,0.19774223209967284,0.05885103753933806,0.4100524703439786,0.06342024850954518,0.06437135799374667,0.01
2026-02-06,0.01,0.01,0.6989243624582913,0.07311920857215828,0.6989243624582913,0.07311920857215828,0.629860286757839,0.07610346672805414,0.008772664748430178,0.054552439479093766,0.8674743945660556,0.057078860821134426,0.8321326862671887,0.06725411241691523,0.21321988480395795,0.051734910397504705,0.21321988480395795,0.051734910397504705,0.0805155042682045,0.05703393505370877,0.006414450404084631,0.051979099392658754,0.24891896892373896,0.06114003116368471,0.19774223209967284,0.05885103753933806,0.4100524703439786,0.06342024850954518,0.06437135799374667,0.01
2026-02-09,0.01,0.01,0.6989243624582913,0.07311920857215828,0.6989243624582913,0.07311920857215828,0.629860286757839,0.07610346672805414,0.008772664748430178,0.054552439479093766,0.8674743945660556,0.057078860821134426,0.8321326862671887,0.06725411241691523,0.21321988480395795,0.051734910397504705,0.21321988480395795,0.051734910397504705,0.0805155042682045,0.05703393505370877,0.006414450404084631,0.051979099392658754,0.24891896892373896,0.06114003116368471,0.19774223209967284,0.05885103753933806,0.4100524703439786,0.06342024850954518,0.06437135799374667,0.01
2026-02-10,0.01,0.01,0.6989243624582913,0.07311920857215828,0.6989243624582913,0.07311920857215828,0.629860286757839,0.07610346672805414,0.008772664748430178,0.054552439479093766,0.8674743945660556,0.057078860821134426,0.8321326862671887,0.06725411241691523,0.21321988480395795,0.051734910397504705,0.21321988480395795,0.051734910397504705,0.0805155042682045,0.05703393505370877,0.006414450404084631,0.051979099392658754,0.24891896892373896,0.06114003116368471,0.19774223209967284,0.05885103753933806,0.4100524703439786,0.06342024850954518,0.06437135799374667,0.01
2026-02-11,0.01,0.01,0.6989243624582913,0.07311920857215828,0.6989243624582913,0.07311920857215828,0.629860286757839,0.07610346672805414,0.008772664748430178,0.054552439479093766,0.8674743945660556,0.057078860821134426,0.8321326862671887,0.06725411241691523,0.21321988480395795,0.051734910397504705,0.21321988480395795,0.051734910397504705,0.0805155042682045,0.05703393505370877,0.006414450404084631,0.051979099392658754,0.24891896892373896,0.06114003116368471,0.19774223209967284,0.05885103753933806,0.4100524703439786,0.06342024850954518,0.06437135799374667,0.01
2026-02-12,0.01,0.01,0.6989243624582913,0.07311920857215828,0.6989243624582913,0.07311920857215828,0.629860286757839,0.07610346672805414,0.008772664748430178,0.054552439479093766,0.8674743945660556,0.057078860821134426,0.8321326862671887,0.06725411241691523,0.21321988480395795,0.051734910397504705,0.21321988480395795,0.051734910397504705,0.0805155042682045,0.05703393505370877,0.006414450404084631,0.051979099392658754,0.24891896892373896,0.06114003116368471,0.19774223209967284,0.05885103753933806,0.4100524703439786,0.06342024850954518,0.06437135799374667,0.01
2026-02-13,0.01,0.01,0.6989243624582913,0.07311920857215828,0.6989243624582913,0.07311920857215828,0.629860286757839,0.07610346672805414,0.008772664748430178,0.054552439479093766,0.8674743945660556,0.057078860821134426,0.8321326862671887,0.06725411241691523,0.21321988480395795,0.051734910397504705,0.21321988480395795,0.051734910397504705,0.0805155042682045,0.05703393505370877,0.006414450404084631,0.051979099392658754,0.24891896892373896,0.06114003116368471,0.19774223209967284,0.05885103753933806,0.4100524703439786,0.06342024850954518,0.06437135799374667,0.01
2026-02-17,0.01,0.01,0.6989243624582913,0.07311920857215828,0.6989243624582913,0.07311920857215828,0.629860286757839,0.07610346672805414,0.008772664748430178,0.054552439479093766,0.8674743945660556,0.057078860821134426,0.8321326862671887,0.06725411241691523,0.21321988480395795,0.051734910397504705,0.21321988480395795,0.051734910397504705,0.0805155042682045,0.05703393505370877,0.006414450404084631,0.051979099392658754,0.24891896892373896,0.06114003116368471,0.19774223209967284,0.05885103753933806,0.4100524703439786,0.06342024850954518,0.06437135799374667,0.01
2026-02-18,0.01,0.01,0.6989243624582913,0.07311920857215828,0.6989243624582913,0.07311920857215828,0.629860286757839,0.07610346672805414,0.008772664748430178,0.054552439479093766,0.8674743945660556,0.057078860821134426,0.8321326862671887,0.06725411241691523,0.21321988480395795,0.051734910397504705,0.21321988480395795,0.051734910397504705,0.0805155042682045,0.05703393505370877,0.006414450404084631,0.051979099392658754,0.24891896892373896,0.06114003116368471,0.19774223209967284,0.05885103753933806,0.4100524703439786,0.06342024850954518,0.06437135799374667,0.01
2026-02-19,0.01,0.01,0.6989243624582913,0.07311920857215828,0.6989243624582913,0.07311920857215828,0.629860286757839,0.07610346672805414,0.008772664748430178,0.054552439479093766,0.8674743945660556,0.057078860821134426,0.8321326862671887,0.06725411241691523,0.21321988480395795,0.051734910397504705,0.21321988480395795,0.051734910397504705,0.0805155042682045,0.05703393505370877,0.006414450404084631,0.051979099392658754,0.24891896892373896,0.06114003116368471,0.19774223209967284,0.05885103753933806,0.4100524703439786,0.06342024850954518,0.06437135799374667,0.01
2026-02-20,0.01,0.01,0.6989243624582913,0.07311920857215828,0.6989243624582913,0.07311920857215828,0.629860286757839,0.07610346672805414,0.008772664748430178,0.054552439479093766,0.8674743945660556,0.057078860821134426,0.8321326862671887,0.06725411241691523,0.21321988480395795,0.051734910397504705,0.21321988480395795,0.051734910397504705,0.0805155042682045,0.05703393505370877,0.006414450404084631,0.051979099392658754,0.24891896892373896,0.06114003116368471,0.19774223209967284,0.05885103753933806,0.4100524703439786,0.06342024850954518,0.06437135799374667,0.01
2026-02-23,0.01,0.01,0.6989243624582913,0.07311920857215828,0.6989243624582913,0.07311920857215828,0.629860286757839,0.07610346672805414,0.008772664748430178,0.054552439479093766,0.8674743945660556,0.057078860821134426,0.8321326862671887,0.06725411241691523,0.21321988480395795,0.051734910397504705,0.21321988480395795,0.051734910397504705,0.0805155042682045,0.05703393505370877,0.006414450404084631,0.051979099392658754,0.24891896892373896,0.06114003116368471,0.19774223209967284,0.05885103753933806,0.4100524703439786,0.06342024850954518,0.06437135799374667,0.01
2026-02-24,0.01,0.01,0.6989243624582913,0.07311920857215828,0.6989243624582913,0.07311920857215828,0.629860286757839,0.07610346672805414,0.008772664748430178,0.054552439479093766,0.8674743945660556,0.057078860821134426,0.8321326862671887,0.06725411241691523,0.21321988480395795,0.051734910397504705,0.21321988480395795,0.051734910397504705,0.0805155042682045,0.05703393505370877,0.006414450404084631,0.051979099392658754,0.24891896892373896,0.06114003116368471,0.19774223209967284,0.05885103753933806,0.4100524703439786,0.06342024850954518,0.06437135799374667,0.01
2026-02-25,0.01,0.01,0.6989243624582913,0.07311920857215828,0.6989243624582913,0.07311920857215828,0.629860286757839,0.07610346672805414,0.008772664748430178,0.054552439479093766,0.8674743945660556,0.057078860821134426,0.8321326862671887,0.06725411241691523,0.21321988480395795,0.051734910397504705,0.21321988480395795,0.051734910397504705,0.0805155042682045,0.05703393505370877,0.006414450404084631,0.051979099392658754,0.24891896892373896,0.06114003116368471,0.19774223209967284,0.05885103753933806,0.4100524703439786,0.06342024850954518,0.06437135799374667,0.01
2026-02-26,0.01,0.01,0.6989243624582913,0.07311920857215828,0.6989243624582913,0.07311920857215828,0.629860286757839,0.07610346672805414,0.008772664748430178,0.054552439479093766,0.8674743945660556,0.057078860821134426,0.8321326862671887,0.06725411241691523,0.21321988480395795,0.051734910397504705,0.21321988480395795,0.051734910397504705,0.0805155042682045,0.05703393505370877,0.006414450404084631,0.051979099392658754,0.24891896892373896,0.06114003116368471,0.19774223209967284,0.05885103753933806,0.4100524703439786,0.06342024850954518,0.06437135799374667,0.01
2026-02-27,0.01,0.01,0.6989243624582913,0.07311920857215828,0.6989243624582913,0.07311920857215828,0.629860286757839,0.07610346672805414,0.008772664748430178,0.054552439479093766,0.8674743945660556,0.057078860821134426,0.8321326862671887,0.06725411241691523,0.21321988480395795,0.051734910397504705,0.21321988480395795,0.051734910397504705,0.0805155042682045,0.05703393505370877,0.006414450404084631,0.051979099392658754,0.24891896892373896,0.06114003116368471,0.19774223209967284,0.05885103753933806,0.4100524703439786,0.06342024850954518,0.06437135799374667,0.01
2026-03-02,0.01,0.01,0.6989243624582913,0.07311920857215828,0.6989243624582913,0.07311920857215828,0.629860286757839,0.07610346672805414,0.008772664748430178,0.054552439479093766,0.8674743945660556,0.057078860821134426,0.8321326862671887,0.06725411241691523,0.21321988480395795,0.051734910397504705,0.21321988480395795,0.051734910397504705,0.0805155042682045,0.05703393505370877,0.006414450404084631,0.051979099392658754,0.24891896892373896,0.06114003116368471,0.19774223209967284,0.05885103753933806,0.4100524703439786,0.06342024850954518,0.06437135799374667,0.01
2026-03-03,0.01,0.01,0.6989243624582913,0.07311920857215828,0.6989243624582913,0.07311920857215828,0.629860286757839,0.07610346672805414,0.008772664748430178,0.054552439479093766,0.8674743945660556,0.057078860821134426,0.8321326862671887,0.06725411241691523,0.21321988480395795,0.051734910397504705,0.21321988480395795,0.051734910397504705,0.0805155042682045,0.05703393505370877,0.006414450404084631,0.051979099392658754,0.24891896892373896,0.06114003116368471,0.19774223209967284,0.05885103753933806,0.4100524703439786,0.06342024850954518,0.06437135799374667,0.01
2026-03-04,0.01,0.01,0.6989243624582913,0.07311920857215828,0.6989243624582913,0.07311920857215828,0.629860286757839,0.07610346672805414,0.008772664748430178,0.054552439479093766,0.8674743945660556,0.057078860821134426,0.8321326862671887,0.06725411241691523,0.21321988480395795,0.051734910397504705,0.21321988480395795,0.051734910397504705,0.0805155042682045,0.05703393505370877,0.006414450404084631,0.051979099392658754,0.24891896892373896,0.06114003116368471,0.19774223209967284,0.05885103753933806,0.4100524703439786,0.06342024850954518,0.06437135799374667,0.01
2026-03-05,0.01,0.01,0.6989243624582913,0.07311920857215828,0.6989243624582913,0.07311920857215828,0.629860286757839,0.07610346672805414,0.008772664748430178,0.054552439479093766,0.8674743945660556,0.057078860821134426,0.8321326862671887,0.06725411241691523,0.21321988480395795,0.051734910397504705,0.21321988480395795,0.051734910397504705,0.0805155042682045,0.05703393505370877,0.006414450404084631,0.051979099392658754,0.24891896892373896,0.06114003116368471,0.19774223209967284,0.05885103753933806,0.4100524703439786,0.06342024850954518,0.06437135799374667,0.01
2026-03-06,0.01,0.01,0.6989243624582913,0.07311920857215828,0.6989243624582913,0.07311920857215828,0.629860286757839,0.07610346672805414,0.008772664748430178,0.054552439479093766,0.8674743945660556,0.057078860821134426,0.8321326862671887,0.06725411241691523,0.21321988480395795,0.051734910397504705,0.21321988480395795,0.051734910397504705,0.0805155042682045,0.05703393505370877,0.006414450404084631,0.051979099392658754,0.24891896892373896,0.06114003116368471,0.19774223209967284,0.05885103753933806,0.4100524703439786,0.06342024850954518,0.06437135799374667,0.01
2026-03-09,0.01,0.01,0.6989243624582913,0.07311920857215828,0.6989243624582913,0.07311920857215828,0.629860286757839,0.07610346672805414,0.008772664748430178,0.054552439479093766,0.8674743945660556,0.057078860821134426,0.8321326862671887,0.06725411241691523,0.21321988480395795,0.051734910397504705,0.21321988480395795,0.051734910397504705,0.0805155042682045,0.05703393505370877,0.006414450404084631,0.051979099392658754,0.24891896892373896,0.06114003116368471,0.19774223209967284,0.05885103753933806,0.4100524703439786,0.06342024850954518,0.06437135799374667,0.01
2026-03-10,0.01,0.01,0.6989243624582913,0.07311920857215828,0.6989243624582913,0.07311920857215828,0.629860286757839,0.07610346672805414,0.008772664748430178,0.054552439479093766,0.8674743945660556,0.057078860821134426,0.8321326862671887,0.06725411241691523,0.21321988480395795,0.051734910397504705,0.21321988480395795,0.051734910397504705,0.0805155042682045,0.05703393505370877,0.006414450404084631,0.051979099392658754,0.24891896892373896,0.06114003116368471,0.19774223209967284,0.05885103753933806,0.4100524703439786,0.06342024850954518,0.06437135799374667,0.01
2026-03-11,0.01,0.01,0.6989243624582913,0.07311920857215828,0.6989243624582913,0.07311920857215828,0.629860286757839,0.07610346672805414,0.008772664748430178,0.054552439479093766,0.8674743945660556,0.057078860821134426,0.8321326862671887,0.06725411241691523,0.21321988480395795,0.051734910397504705,0.21321988480395795,0.051734910397504705,0.0805155042682045,0.05703393505370877,0.006414450404084631,0.051979099392658754,0.24891896892373896,0.06114003116368471,0.19774223209967284,0.05885103753933806,0.4100524703439786,0.06342024850954518,0.06437135799374667,0.01
2026-03-12,0.01,0.01,0.6989243624582913,0.07311920857215828,0.6989243624582913,0.07311920857215828,0.629860286757839,0.07610346672805414,0.008772664748430178,0.054552439479093766,0.8674743945660556,0.057078860821134426,0.8321326862671887,0.06725411241691523,0.21321988480395795,0.051734910397504705,0.21321988480395795,0.051734910397504705,0.0805155042682045,0.05703393505370877,0.006414450404084631,0.051979099392658754,0.24891896892373896,0.06114003116368471,0.19774223209967284,0.05885103753933806,0.4100524703439786,0.06342024850954518,0.06437135799374667,0.01
2026-03-13,0.01,0.01,0.6989243624582913,0.07311920857215828,0.6989243624582913,0.07311920857215828,0.629860286757839,0.07610346672805414,0.008772664748430178,0.054552439479093766,0.8674743945660556,0.057078860821134426,0.8321326862671887,0.06725411241691523,0.21321988480395795,0.051734910397504705,0.21321988480395795,0.051734910397504705,0.0805155042682045,0.05703393505370877,0.006414450404084631,0.051979099392658754,0.24891896892373896,0.06114003116368471,0.19774223209967284,0.05885103753933806,0.4100524703439786,0.06342024850954518,0.06437135799374667,0.01
2026-03-16,0.01,0.01,0.6989243624582913,0.07311920857215828,0.6989243624582913,0.07311920857215828,0.629860286757839,0.07610346672805414,0.008772664748430178,0.054552439479093766,0.8674743945660556,0.057078860821134426,0.8321326862671887,0.06725411241691523,0.21321988480395795,0.051734910397504705,0.21321988480395795,0.051734910397504705,0.0805155042682045,0.05703393505370877,0.006414450404084631,0.051979099392658754,0.24891896892373896,0.06114003116368471,0.19774223209967284,0.05885103753933806,0.4100524703439786,0.06342024850954518,0.06437135799374667,0.01
2026-03-17,0.01,0.01,0.6989243624582913,0.07311920857215828,0.6989243624582913,0.07311920857215828,0.629860286757839,0.07610346672805414,0.008772664748430178,0.054552439479093766,0.8674743945660556,0.057078860821134426,0.8321326862671887,0.06725411241691523,0.21321988480395795,0.051734910397504705,0.21321988480395795,0.051734910397504705,0.0805155042682045,0.05703393505370877,0.006414450404084631,0.051979099392658754,0.24891896892373896,0.06114003116368471,0.19774223209967284,0.05885103753933806,0.4100524703439786,0.06342024850954518,0.06437135799374667,0.01
2026-03-18,0.01,0.01,0.6989243624582913,0.07311920857215828,0.6989243624582913,0.07311920857215828,0.629860286757839,0.07610346672805414,0.008772664748430178,0.054552439479093766,0.8674743945660556,0.057078860821134426,0.8321326862671887,0.06725411241691523,0.21321988480395795,0.051734910397504705,0.21321988480395795,0.051734910397504705,0.0805155042682045,0.05703393505370877,0.006414450404084631,0.051979099392658754,0.24891896892373896,0.06114003116368471,0.19774223209967284,0.05885103753933806,0.4100524703439786,0.06342024850954518,0.06437135799374667,0.01
2026-03-19,0.01,0.01,0.6989243624582913,0.07311920857215828,0.6989243624582913,0.07311920857215828,0.629860286757839,0.07610346672805414,0.008772664748430178,0.054552439479093766,0.8674743945660556,0.057078860821134426,0.8321326862671887,0.06725411241691523,0.21321988480395795,0.051734910397504705,0.21321988480395795,0.051734910397504705,0.0805155042682045,0.05703393505370877,0.006414450404084631,0.051979099392658754,0.24891896892373896,0.06114003116368471,0.19774223209967284,0.05885103753933806,0.4100524703439786,0.06342024850954518,0.06437135799374667,0.01
2026-03-20,0.01,0.01,0.6989243624582913,0.07311920857215828,0.6989243624582913,0.07311920857215828,0.629860286757839,0.07610346672805414,0.008772664748430178,0.054552439479093766,0.8674743945660556,0.057078860821134426,0.8321326862671887,0.06725411241691523,0.21321988480395795,0.051734910397504705,0.21321988480395795,0.051734910397504705,0.0805155042682045,0.05703393505370877,0.006414450404084631,0.051979099392658754,0.24891896892373896,0.06114003116368471,0.19774223209967284,0.05885103753933806,0.4100524703439786,0.06342024850954518,0.06437135799374667,0.01
2026-03-23,0.01,0.01,0.6989243624582913,0.07311920857215828,0.6989243624582913,0.07311920857215828,0.629860286757839,0.07610346672805414,0.008772664748430178,0.054552439479093766,0.8674743945660556,0.057078860821134426,0.8321326862671887,0.06725411241691523,0.21321988480395795,0.051734910397504705,0.21321988480395795,0.051734910397504705,0.0805155042682045,0.05703393505370877,0.006414450404084631,0.051979099392658754,0.24891896892373896,0.06114003116368471,0.19774223209967284,0.05885103753933806,0.4100524703439786,0.06342024850954518,0.06437135799374667,0.01
2026-03-24,0.01,0.01,0.6989243624582913,0.07311920857215828,0.6989243624582913,0.07311920857215828,0.629860286757839,0.07610346672805414,0.008772664748430178,0.054552439479093766,0.8674743945660556,0.057078860821134426,0.8321326862671887,0.06725411241691523,0.21321988480395795,0.051734910397504705,0.21321988480395795,0.051734910397504705,0.0805155042682045,0.05703393505370877,0.006414450404084631,0.051979099392658754,0.24891896892373896,0.06114003116368471,0.19774223209967284,0.05885103753933806,0.4100524703439786,0.06342024850954518,0.06437135799374667,0.01
2026-03-25,0.01,0.01,0.6989243624582913,0.07311920857215828,0.6989243624582913,0.07311920857215828,0.629860286757839,0.07610346672805414,0.008772664748430178,0.054552439479093766,0.8674743945660556,0.057078860821134426,0.8321326862671887,0.06725411241691523,0.21321988480395795,0.051734910397504705,0.21321988480395795,0.051734910397504705,0.0805155042682045,0.05703393505370877,0.006414450404084631,0.051979099392658754,0.24891896892373896,0.06114003116368471,0.19774223209967284,0.05885103753933806,0.4100524703439786,0.06342024850954518,0.06437135799374667,0.01
2026-03-26,0.01,0.01,0.6989243624582913,0.07311920857215828,0.6989243624582913,0.07311920857215828,0.629860286757839,0.07610346672805414,0.008772664748430178,0.054552439479093766,0.8674743945660556,0.057078860821134426,0.8321326862671887,0.06725411241691523,0.21321988480395795,0.051734910397504705,0.21321988480395795,0.051734910397504705,0.0805155042682045,0.05703393505370877,0.006414450404084631,0.051979099392658754,0.24891896892373896,0.06114003116368471,0.19774223209967284,0.05885103753933806,0.4100524703439786,0.06342024850954518,0.06437135799374667,0.01
2026-03-27,0.01,0.01,0.6989243624582913,0.07311920857215828,0.6989243624582913,0.07311920857215828,0.629860286757839,0.07610346672805414,0.008772664748430178,0.054552439479093766,0.8674743945660556,0.057078860821134426,0.8321326862671887,0.06725411241691523,0.21321988480395795,0.051734910397504705,0.21321988480395795,0.051734910397504705,0.0805155042682045,0.05703393505370877,0.006414450404084631,0.051979099392658754,0.24891896892373896,0.06114003116368471,0.19774223209967284,0.05885103753933806,0.4100524703439786,0.06342024850954518,0.06437135799374667,0.01
2026-03-30,0.01,0.01,0.6989243624582913,0.07311920857215828,0.6989243624582913,0.07311920857215828,0.629860286757839,0.07610346672805414,0.008772664748430178,0.054552439479093766,0.8674743945660556,0.057078860821134426,0.8321326862671887,0.06725411241691523,0.21321988480395795,0.051734910397504705,0.21321988480395795,0.051734910397504705,0.0805155042682045,0.05703393505370877,0.006414450404084631,0.051979099392658754,0.24891896892373896,0.06114003116368471,0.19774223209967284,0.05885103753933806,0.4100524703439786,0.06342024850954518,0.06437135799374667,0.01
2026-03-31,0.01,0.01,0.6989243624582913,0.07311920857215828,0.6989243624582913,0.07311920857215828,0.629860286757839,0.07610346672805414,0.008772664748430178,0.054552439479093766,0.8674743945660556,0.057078860821134426,0.8321326862671887,0.06725411241691523,0.21321988480395795,0.051734910397504705,0.21321988480395795,0.051734910397504705,0.0805155042682045,0.05703393505370877,0.006414450404084631,0.051979099392658754,0.24891896892373896,0.06114003116368471,0.19774223209967284,0.05885103753933806,0.4100524703439786,0.06342024850954518,0.06437135799374667,0.01
2026-04-01,0.01,0.01,0.6989243624582913,0.07311920857215828,0.6989243624582913,0.07311920857215828,0.629860286757839,0.07610346672805414,0.008772664748430178,0.054552439479093766,0.8674743945660556,0.057078860821134426,0.8321326862671887,0.06725411241691523,0.21321988480395795,0.051734910397504705,0.21321988480395795,0.051734910397504705,0.0805155042682045,0.05703393505370877,0.006414450404084631,0.051979099392658754,0.24891896892373896,0.06114003116368471,0.19774223209967284,0.05885103753933806,0.4100524703439786,0.06342024850954518,0.06437135799374667,0.01
2026-04-02,0.01,0.01,0.6989243624582913,0.07311920857215828,0.6989243624582913,0.07311920857215828,0.629860286757839,0.07610346672805414,0.008772664748430178,0.054552439479093766,0.8674743945660556,0.057078860821134426,0.8321326862671887,0.06725411241691523,0.21321988480395795,0.051734910397504705,0.21321988480395795,0.051734910397504705,0.0805155042682045,0.05703393505370877,0.006414450404084631,0.051979099392658754,0.24891896892373896,0.06114003116368471,0.19774223209967284,0.05885103753933806,0.4100524703439786,0.06342024850954518,0.06437135799374667,0.01
2026-04-06,0.01,0.01,0.6989243624582913,0.07311920857215828,0.6989243624582913,0.07311920857215828,0.629860286757839,0.07610346672805414,0.008772664748430178,0.054552439479093766,0.8674743945660556,0.057078860821134426,0.8321326862671887,0.06725411241691523,0.21321988480395795,0.051734910397504705,0.21321988480395795,0.051734910397504705,0.0805155042682045,0.05703393505370877,0.006414450404084631,0.051979099392658754,0.24891896892373896,0.06114003116368471,0.19774223209967284,0.05885103753933806,0.4100524703439786,0.06342024850954518,0.06437135799374667,0.01
2026-04-07,0.01,0.01,0.6989243624582913,0.07311920857215828,0.6989243624582913,0.07311920857215828,0.629860286757839,0.07610346672805414,0.008772664748430178,0.054552439479093766,0.8674743945660556,0.057078860821134426,0.8321326862671887,0.06725411241691523,0.21321988480395795,0.051734910397504705,0.21321988480395795,0.051734910397504705,0.0805155042682045,0.05703393505370877,0.006414450404084631,0.051979099392658754,0.24891896892373896,0.06114003116368471,0.19774223209967284,0.05885103753933806,0.4100524703439786,0.06342024850954518,0.06437135799374667,0.01
2026-04-08,0.01,0.01,0.6989243624582913,0.07311920857215828,0.6989243624582913,0.07311920857215828,0.629860286757839,0.07610346672805414,0.008772664748430178,0.054552439479093766,0.8674743945660556,0.057078860821134426,0.8321326862671887,0.06725411241691523,0.21321988480395795,0.051734910397504705,0.21321988480395795,0.051734910397504705,0.0805155042682045,0.05703393505370877,0.006414450404084631,0.051979099392658754,0.24891896892373896,0.06114003116368471,0.19774223209967284,0.05885103753933806,0.4100524703439786,0.06342024850954518,0.06437135799374667,0.01
2026-04-09,0.01,0.01,0.6989243624582913,0.07311920857215828,0.6989243624582913,0.07311920857215828,0.629860286757839,0.07610346672805414,0.008772664748430178,0.054552439479093766,0.8674743945660556,0.057078860821134426,0.8321326862671887,0.06725411241691523,0.21321988480395795,0.051734910397504705,0.21321988480395795,0.051734910397504705,0.0805155042682045,0.05703393505370877,0.006414450404084631,0.051979099392658754,0.24891896892373896,0.06114003116368471,0.19774223209967284,0.05885103753933806,0.4100524703439786,0.06342024850954518,0.06437135799374667,0.01
2026-04-10,0.01,0.01,0.6989243624582913,0.07311920857215828,0.6989243624582913,0.07311920857215828,0.629860286757839,0.07610346672805414,0.008772664748430178,0.054552439479093766,0.8674743945660556,0.057078860821134426,0.8321326862671887,0.06725411241691523,0.21321988480395795,0.051734910397504705,0.21321988480395795,0.051734910397504705,0.0805155042682045,0.05703393505370877,0.006414450404084631,0.051979099392658754,0.24891896892373896,0.06114003116368471,0.19774223209967284,0.05885103753933806,0.4100524703439786,0.06342024850954518,0.06437135799374667,0.01
2026-04-13,0.01,0.01,0.6989243624582913,0.07311920857215828,0.6989243624582913,0.07311920857215828,0.629860286757839,0.07610346672805414,0.008772664748430178,0.054552439479093766,0.8674743945660556,0.057078860821134426,0.8321326862671887,0.06725411241691523,0.21321988480395795,0.051734910397504705,0.21321988480395795,0.051734910397504705,0.0805155042682045,0.05703393505370877,0.006414450404084631,0.051979099392658754,0.24891896892373896,0.06114003116368471,0.19774223209967284,0.05885103753933806,0.4100524703439786,0.06342024850954518,0.06437135799374667,0.01
2026-04-14,0.01,0.01,0.6989243624582913,0.07311920857215828,0.6989243624582913,0.07311920857215828,0.629860286757839,0.07610346672805414,0.008772664748430178,0.054552439479093766,0.8674743945660556,0.057078860821134426,0.8321326862671887,0.06725411241691523,0.21321988480395795,0.051734910397504705,0.21321988480395795,0.051734910397504705,0.0805155042682045,0.05703393505370877,0.006414450404084631,0.051979099392658754,0.24891896892373896,0.06114003116368471,0.19774223209967284,0.05885103753933806,0.4100524703439786,0.06342024850954518,0.06437135799374667,0.01
2026-04-15,0.01,0.01,0.6989243624582913,0.07311920857215828,0.6989243624582913,0.07311920857215828,0.629860286757839,0.07610346672805414,0.008772664748430178,0.054552439479093766,0.8674743945660556,0.057078860821134426,0.8321326862671887,0.06725411241691523,0.21321988480395795,0.051734910397504705,0.21321988480395795,0.051734910397504705,0.0805155042682045,0.05703393505370877,0.006414450404084631,0.051979099392658754,0.24891896892373896,0.06114003116368471,0.19774223209967284,0.05885103753933806,0.4100524703439786,0.06342024850954518,0.06437135799374667,0.01
2026-04-16,0.01,0.01,0.6989243624582913,0.07311920857215828,0.6989243624582913,0.07311920857215828,0.629860286757839,0.07610346672805414,0.008772664748430178,0.054552439479093766,0.8674743945660556,0.057078860821134426,0.8321326862671887,0.06725411241691523,0.21321988480395795,0.051734910397504705,0.21321988480395795,0.051734910397504705,0.0805155042682045,0.05703393505370877,0.006414450404084631,0.051979099392658754,0.24891896892373896,0.06114003116368471,0.19774223209967284,0.05885103753933806,0.4100524703439786,0.06342024850954518,0.06437135799374667,0.01
2026-04-17,0.01,0.01,0.6989243624582913,0.07311920857215828,0.6989243624582913,0.07311920857215828,0.629860286757839,0.07610346672805414,0.008772664748430178,0.054552439479093766,0.8674743945660556,0.057078860821134426,0.8321326862671887,0.06725411241691523,0.21321988480395795,0.051734910397504705,0.21321988480395795,0.051734910397504705,0.0805155042682045,0.05703393505370877,0.006414450404084631,0.051979099392658754,0.24891896892373896,0.06114003116368471,0.19774223209967284,0.05885103753933806,0.4100524703439786,0.06342024850954518,0.06437135799374667,0.01
2026-04-20,0.01,0.01,0.6989243624582913,0.07311920857215828,0.6989243624582913,0.07311920857215828,0.629860286757839,0.07610346672805414,0.008772664748430178,0.054552439479093766,0.8674743945660556,0.057078860821134426,0.8321326862671887,0.06725411241691523,0.21321988480395795,0.051734910397504705,0.21321988480395795,0.051734910397504705,0.0805155042682045,0.05703393505370877,0.006414450404084631,0.051979099392658754,0.24891896892373896,0.06114003116368471,0.19774223209967284,0.05885103753933806,0.4100524703439786,0.06342024850954518,0.06437135799374667,0.01
2026-04-21,0.01,0.01,0.6989243624582913,0.07311920857215828,0.6989243624582913,0.07311920857215828,0.629860286757839,0.07610346672805414,0.008772664748430178,0.054552439479093766,0.8674743945660556,0.057078860821134426,0.8321326862671887,0.06725411241691523,0.21321988480395795,0.051734910397504705,0.21321988480395795,0.051734910397504705,0.0805155042682045,0.05703393505370877,0.006414450404084631,0.051979099392658754,0.24891896892373896,0.06114003116368471,0.19774223209967284,0.05885103753933806,0.4100524703439786,0.06342024850954518,0.06437135799374667,0.01
2026-04-22,0.01,0.01,0.6989243624582913,0.07311920857215828,0.6989243624582913,0.07311920857215828,0.629860286757839,0.07610346672805414,0.008772664748430178,0.054552439479093766,0.8674743945660556,0.057078860821134426,0.8321326862671887,0.06725411241691523,0.21321988480395795,0.051734910397504705,0.21321988480395795,0.051734910397504705,0.0805155042682045,0.05703393505370877,0.006414450404084631,0.051979099392658754,0.24891896892373896,0.06114003116368471,0.19774223209967284,0.05885103753933806,0.4100524703439786,0.06342024850954518,0.06437135799374667,0.01
2026-04-23,0.01,0.01,0.6989243624582913,0.07311920857215828,0.6989243624582913,0.07311920857215828,0.629860286757839,0.07610346672805414,0.008772664748430178,0.054552439479093766,0.8674743945660556,0.057078860821134426,0.8321326862671887,0.06725411241691523,0.21321988480395795,0.051734910397504705,0.21321988480395795,0.051734910397504705,0.0805155042682045,0.05703393505370877,0.006414450404084631,0.051979099392658754,0.24891896892373896,0.06114003116368471,0.19774223209967284,0.05885103753933806,0.4100524703439786,0.06342024850954518,0.06437135799374667,0.01
2026-04-24,0.01,0.01,0.6989243624582913,0.07311920857215828,0.6989243624582913,0.07311920857215828,0.629860286757839,0.07610346672805414,0.008772664748430178,0.054552439479093766,0.8674743945660556,0.057078860821134426,0.8321326862671887,0.06725411241691523,0.21321988480395795,0.051734910397504705,0.21321988480395795,0.051734910397504705,0.0805155042682045,0.05703393505370877,0.006414450404084631,0.051979099392658754,0.24891896892373896,0.06114003116368471,0.19774223209967284,0.05885103753933806,0.4100524703439786,0.06342024850954518,0.06437135799374667,0.01
2026-04-27,0.01,0.01,0.6989243624582913,0.07311920857215828,0.6989243624582913,0.07311920857215828,0.629860286757839,0.07610346672805414,0.008772664748430178,0.054552439479093766,0.8674743945660556,0.057078860821134426,0.8321326862671887,0.06725411241691523,0.21321988480395795,0.051734910397504705,0.21321988480395795,0.051734910397504705,0.0805155042682045,0.05703393505370877,0.006414450404084631,0.051979099392658754,0.24891896892373896,0.06114003116368471,0.19774223209967284,0.05885103753933806,0.4100524703439786,0.06342024850954518,0.06437135799374667,0.01
2026-04-28,0.01,0.01,0.6989243624582913,0.07311920857215828,0.6989243624582913,0.07311920857215828,0.629860286757839,0.07610346672805414,0.008772664748430178,0.054552439479093766,0.8674743945660556,0.057078860821134426,0.8321326862671887,0.06725411241691523,0.21321988480395795,0.051734910397504705,0.21321988480395795,0.051734910397504705,0.0805155042682045,0.05703393505370877,0.006414450404084631,0.051979099392658754,0.24891896892373896,0.06114003116368471,0.19774223209967284,0.05885103753933806,0.4100524703439786,0.06342024850954518,0.06437135799374667,0.01
2026-04-29,0.01,0.01,0.6989243624582913,0.07311920857215828,0.6989243624582913,0.07311920857215828,0.629860286757839,0.07610346672805414,0.008772664748430178,0.054552439479093766,0.8674743945660556,0.057078860821134426,0.8321326862671887,0.06725411241691523,0.21321988480395795,0.051734910397504705,0.21321988480395795,0.051734910397504705,0.0805155042682045,0.05703393505370877,0.006414450404084631,0.051979099392658754,0.24891896892373896,0.06114003116368471,0.19774223209967284,0.05885103753933806,0.4100524703439786,0.06342024850954518,0.06437135799374667,0.01
2026-04-30,0.01,0.01,0.6989243624582913,0.07311920857215828,0.6989243624582913,0.07311920857215828,0.629860286757839,0.07610346672805414,0.008772664748430178,0.054552439479093766,0.8674743945660556,0.057078860821134426,0.8321326862671887,0.06725411241691523,0.21321988480395795,0.051734910397504705,0.21321988480395795,0.051734910397504705,0.0805155042682045,0.05703393505370877,0.006414450404084631,0.051979099392658754,0.24891896892373896,0.06114003116368471,0.19774223209967284,0.05885103753933806,0.4100524703439786,0.06342024850954518,0.06437135799374667,0.01
2026-05-01,0.01,0.01,0.6989243624582913,0.07311920857215828,0.6989243624582913,0.07311920857215828,0.629860286757839,0.07610346672805414,0.008772664748430178,0.054552439479093766,0.8674743945660556,0.057078860821134426,0.8321326862671887,0.06725411241691523,0.21321988480395795,0.051734910397504705,0.21321988480395795,0.051734910397504705,0.0805155042682045,0.05703393505370877,0.006414450404084631,0.051979099392658754,0.24891896892373896,0.06114003116368471,0.19774223209967284,0.05885103753933806,0.4100524703439786,0.06342024850954518,0.06437135799374667,0.01
2026-05-04,0.01,0.01,0.6989243624582913,0.07311920857215828,0.6989243624582913,0.07311920857215828,0.629860286757839,0.07610346672805414,0.008772664748430178,0.054552439479093766,0.8674743945660556,0.057078860821134426,0.8321326862671887,0.06725411241691523,0.21321988480395795,0.051734910397504705,0.21321988480395795,0.051734910397504705,0.0805155042682045,0.05703393505370877,0.006414450404084631,0.051979099392658754,0.24891896892373896,0.06114003116368471,0.19774223209967284,0.05885103753933806,0.4100524703439786,0.06342024850954518,0.06437135799374667,0.01
2026-05-05,0.01,0.01,0.6989243624582913,0.07311920857215828,0.6989243624582913,0.07311920857215828,0.629860286757839,0.07610346672805414,0.008772664748430178,0.054552439479093766,0.8674743945660556,0.057078860821134426,0.8321326862671887,0.06725411241691523,0.21321988480395795,0.051734910397504705,0.21321988480395795,0.051734910397504705,0.0805155042682045,0.05703393505370877,0.006414450404084631,0.051979099392658754,0.24891896892373896,0.06114003116368471,0.19774223209967284,0.05885103753933806,0.4100524703439786,0.06342024850954518,0.06437135799374667,0.01
2026-05-06,0.01,0.01,0.6989243624582913,0.07311920857215828,0.6989243624582913,0.07311920857215828,0.629860286757839,0.07610346672805414,0.008772664748430178,0.054552439479093766,0.8674743945660556,0.057078860821134426,0.8321326862671887,0.06725411241691523,0.21321988480395795,0.051734910397504705,0.21321988480395795,0.051734910397504705,0.0805155042682045,0.05703393505370877,0.006414450404084631,0.051979099392658754,0.24891896892373896,0.06114003116368471,0.19774223209967284,0.05885103753933806,0.4100524703439786,0.06342024850954518,0.06437135799374667,0.01
2026-05-07,0.01,0.01,0.6989243624582913,0.07311920857215828,0.6989243624582913,0.07311920857215828,0.629860286757839,0.07610346672805414,0.008772664748430178,0.054552439479093766,0.8674743945660556,0.057078860821134426,0.8321326862671887,0.06725411241691523,0.21321988480395795,0.051734910397504705,0.21321988480395795,0.051734910397504705,0.0805155042682045,0.05703393505370877,0.006414450404084631,0.051979099392658754,0.24891896892373896,0.06114003116368471,0.19774223209967284,0.05885103753933806,0.4100524703439786,0.06342024850954518,0.06437135799374667,0.01
2026-05-08,0.01,0.01,0.6989243624582913,0.07311920857215828,0.6989243624582913,0.07311920857215828,0.629860286757839,0.07610346672805414,0.008772664748430178,0.054552439479093766,0.8674743945660556,0.057078860821134426,0.8321326862671887,0.06725411241691523,0.21321988480395795,0.051734910397504705,0.21321988480395795,0.051734910397504705,0.0805155042682045,0.05703393505370877,0.006414450404084631,0.051979099392658754,0.24891896892373896,0.06114003116368471,0.19774223209967284,0.05885103753933806,0.4100524703439786,0.06342024850954518,0.06437135799374667,0.01
2026-05-11,0.01,0.01,0.6989243624582913,0.07311920857215828,0.6989243624582913,0.07311920857215828,0.629860286757839,0.07610346672805414,0.008772664748430178,0.054552439479093766,0.8674743945660556,0.057078860821134426,0.8321326862671887,0.06725411241691523,0.21321988480395795,0.051734910397504705,0.21321988480395795,0.051734910397504705,0.0805155042682045,0.05703393505370877,0.006414450404084631,0.051979099392658754,0.24891896892373896,0.06114003116368471,0.19774223209967284,0.05885103753933806,0.4100524703439786,0.06342024850954518,0.06437135799374667,0.01
2026-05-12,0.01,0.01,0.6989243624582913,0.07311920857215828,0.6989243624582913,0.07311920857215828,0.629860286757839,0.07610346672805414,0.008772664748430178,0.054552439479093766,0.8674743945660556,0.057078860821134426,0.8321326862671887,0.06725411241691523,0.21321988480395795,0.051734910397504705,0.21321988480395795,0.051734910397504705,0.0805155042682045,0.05703393505370877,0.006414450404084631,0.051979099392658754,0.24891896892373896,0.06114003116368471,0.19774223209967284,0.05885103753933806,0.4100524703439786,0.06342024850954518,0.06437135799374667,0.01
2026-05-13,0.01,0.01,0.6989243624582913,0.07311920857215828,0.6989243624582913,0.07311920857215828,0.629860286757839,0.07610346672805414,0.008772664748430178,0.054552439479093766,0.8674743945660556,0.057078860821134426,0.8321326862671887,0.06725411241691523,0.21321988480395795,0.051734910397504705,0.21321988480395795,0.051734910397504705,0.0805155042682045,0.05703393505370877,0.006414450404084631,0.051979099392658754,0.24891896892373896,0.06114003116368471,0.19774223209967284,0.05885103753933806,0.4100524703439786,0.06342024850954518,0.06437135799374667,0.01
2026-05-14,0.01,0.01,0.6989243624582913,0.07311920857215828,0.6989243624582913,0.07311920857215828,0.629860286757839,0.07610346672805414,0.008772664748430178,0.054552439479093766,0.8674743945660556,0.057078860821134426,0.8321326862671887,0.06725411241691523,0.21321988480395795,0.051734910397504705,0.21321988480395795,0.051734910397504705,0.0805155042682045,0.05703393505370877,0.006414450404084631,0.051979099392658754,0.24891896892373896,0.06114003116368471,0.19774223209967284,0.05885103753933806,0.4100524703439786,0.06342024850954518,0.06437135799374667,0.01
2026-05-15,0.01,0.01,0.6989243624582913,0.07311920857215828,0.6989243624582913,0.07311920857215828,0.629860286757839,0.07610346672805414,0.008772664748430178,0.054552439479093766,0.8674743945660556,0.057078860821134426,0.8321326862671887,0.06725411241691523,0.21321988480395795,0.051734910397504705,0.21321988480395795,0.051734910397504705,0.0805155042682045,0.05703393505370877,0.006414450404084631,0.051979099392658754,0.24891896892373896,0.06114003116368471,0.19774223209967284,0.05885103753933806,0.4100524703439786,0.06342024850954518,0.06437135799374667,0.01
2026-05-18,0.01,0.01,0.6989243624582913,0.07311920857215828,0.6989243624582913,0.07311920857215828,0.629860286757839,0.07610346672805414,0.008772664748430178,0.054552439479093766,0.8674743945660556,0.057078860821134426,0.8321326862671887,0.06725411241691523,0.21321988480395795,0.051734910397504705,0.21321988480395795,0.051734910397504705,0.0805155042682045,0.05703393505370877,0.006414450404084631,0.051979099392658754,0.24891896892373896,0.06114003116368471,0.19774223209967284,0.05885103753933806,0.4100524703439786,0.06342024850954518,0.06437135799374667,0.01
2026-05-19,0.01,0.01,0.6989243624582913,0.07311920857215828,0.6989243624582913,0.07311920857215828,0.629860286757839,0.07610346672805414,0.008772664748430178,0.054552439479093766,0.8674743945660556,0.057078860821134426,0.8321326862671887,0.06725411241691523,0.21321988480395795,0.051734910397504705,0.21321988480395795,0.051734910397504705,0.0805155042682045,0.05703393505370877,0.006414450404084631,0.051979099392658754,0.24891896892373896,0.06114003116368471,0.19774223209967284,0.05885103753933806,0.4100524703439786,0.06342024850954518,0.06437135799374667,0.01
2026-05-20,0.01,0.01,0.6989243624582913,0.07311920857215828,0.6989243624582913,0.07311920857215828,0.629860286757839,0.07610346672805414,0.008772664748430178,0.054552439479093766,0.8674743945660556,0.057078860821134426,0.8321326862671887,0.06725411241691523,0.21321988480395795,0.051734910397504705,0.21321988480395795,0.051734910397504705,0.0805155042682045,0.05703393505370877,0.006414450404084631,0.051979099392658754,0.24891896892373896,0.06114003116368471,0.19774223209967284,0.05885103753933806,0.4100524703439786,0.06342024850954518,0.06437135799374667,0.01
2026-05-21,0.01,0.01,0.6989243624582913,0.07311920857215828,0.6989243624582913,0.07311920857215828,0.629860286757839,0.07610346672805414,0.008772664748430178,0.054552439479093766,0.8674743945660556,0.057078860821134426,0.8321326862671887,0.06725411241691523,0.21321988480395795,0.051734910397504705,0.21321988480395795,0.051734910397504705,0.0805155042682045,0.05703393505370877,0.006414450404084631,0.051979099392658754,0.24891896892373896,0.06114003116368471,0.19774223209967284,0.05885103753933806,0.4100524703439786,0.06342024850954518,0.06437135799374667,0.01
2026-05-22,0.01,0.01,0.6989243624582913,0.07311920857215828,0.6989243624582913,0.07311920857215828,0.629860286757839,0.07610346672805414,0.008772664748430178,0.054552439479093766,0.8674743945660556,0.057078860821134426,0.8321326862671887,0.06725411241691523,0.21321988480395795,0.051734910397504705,0.21321988480395795,0.051734910397504705,0.0805155042682045,0.05703393505370877,0.006414450404084631,0.051979099392658754,0.24891896892373896,0.06114003116368471,0.19774223209967284,0.05885103753933806,0.4100524703439786,0.06342024850954518,0.06437135799374667,0.01
2026-05-26,0.01,0.01,0.6989243624582913,0.07311920857215828,0.6989243624582913,0.07311920857215828,0.629860286757839,0.07610346672805414,0.008772664748430178,0.054552439479093766,0.8674743945660556,0.057078860821134426,0.8321326862671887,0.06725411241691523,0.21321988480395795,0.051734910397504705,0.21321988480395795,0.051734910397504705,0.0805155042682045,0.05703393505370877,0.006414450404084631,0.051979099392658754,0.24891896892373896,0.06114003116368471,0.19774223209967284,0.05885103753933806,0.4100524703439786,0.06342024850954518,0.06437135799374667,0.01
2026-05-27,0.01,0.01,0.6989243624582913,0.07311920857215828,0.6989243624582913,0.07311920857215828,0.629860286757839,0.07610346672805414,0.008772664748430178,0.054552439479093766,0.8674743945660556,0.057078860821134426,0.8321326862671887,0.06725411241691523,0.21321988480395795,0.051734910397504705,0.21321988480395795,0.051734910397504705,0.0805155042682045,0.05703393505370877,0.006414450404084631,0.051979099392658754,0.24891896892373896,0.06114003116368471,0.19774223209967284,0.05885103753933806,0.4100524703439786,0.06342024850954518,0.06437135799374667,0.01
2026-05-28,0.01,0.01,0.6989243624582913,0.07311920857215828,0.6989243624582913,0.07311920857215828,0.629860286757839,0.07610346672805414,0.008772664748430178,0.054552439479093766,0.8674743945660556,0.057078860821134426,0.8321326862671887,0.06725411241691523,0.21321988480395795,0.051734910397504705,0.21321988480395795,0.051734910397504705,0.0805155042682045,0.05703393505370877,0.006414450404084631,0.051979099392658754,0.24891896892373896,0.06114003116368471,0.19774223209967284,0.05885103753933806,0.4100524703439786,0.06342024850954518,0.06437135799374667,0.01
2026-05-29,0.01,0.01,0.6989243624582913,0.07311920857215828,0.6989243624582913,0.07311920857215828,0.629860286757839,0.07610346672805414,0.008772664748430178,0.054552439479093766,0.8674743945660556,0.057078860821134426,0.8321326862671887,0.06725411241691523,0.21321988480395795,0.051734910397504705,0.21321988480395795,0.051734910397504705,0.0805155042682045,0.05703393505370877,0.006414450404084631,0.051979099392658754,0.24891896892373896,0.06114003116368471,0.19774223209967284,0.05885103753933806,0.4100524703439786,0.06342024850954518,0.06437135799374667,0.01
2026-06-01,0.01,0.01,0.6989243624582913,0.07311920857215828,0.6989243624582913,0.07311920857215828,0.629860286757839,0.07610346672805414,0.008772664748430178,0.054552439479093766,0.8674743945660556,0.057078860821134426,0.8321326862671887,0.06725411241691523,0.21321988480395795,0.051734910397504705,0.21321988480395795,0.051734910397504705,0.0805155042682045,0.05703393505370877,0.006414450404084631,0.051979099392658754,0.24891896892373896,0.06114003116368471,0.19774223209967284,0.05885103753933806,0.4100524703439786,0.06342024850954518,0.06437135799374667,0.01
2026-06-02,0.01,0.01,0.6989243624582913,0.07311920857215828,0.6989243624582913,0.07311920857215828,0.629860286757839,0.07610346672805414,0.008772664748430178,0.054552439479093766,0.8674743945660556,0.057078860821134426,0.8321326862671887,0.06725411241691523,0.21321988480395795,0.051734910397504705,0.21321988480395795,0.051734910397504705,0.0805155042682045,0.05703393505370877,0.006414450404084631,0.051979099392658754,0.24891896892373896,0.06114003116368471,0.19774223209967284,0.05885103753933806,0.4100524703439786,0.06342024850954518,0.06437135799374667,0.01
2026-06-03,0.01,0.01,0.6989243624582913,0.07311920857215828,0.6989243624582913,0.07311920857215828,0.629860286757839,0.07610346672805414,0.008772664748430178,0.054552439479093766,0.8674743945660556,0.057078860821134426,0.8321326862671887,0.06725411241691523,0.21321988480395795,0.051734910397504705,0.21321988480395795,0.051734910397504705,0.0805155042682045,0.05703393505370877,0.006414450404084631,0.051979099392658754,0.24891896892373896,0.06114003116368471,0.19774223209967284,0.05885103753933806,0.4100524703439786,0.06342024850954518,0.06437135799374667,0.01
2026-06-04,0.01,0.01,0.6989243624582913,0.07311920857215828,0.6989243624582913,0.07311920857215828,0.629860286757839,0.07610346672805414,0.008772664748430178,0.054552439479093766,0.8674743945660556,0.057078860821134426,0.8321326862671887,0.06725411241691523,0.21321988480395795,0.051734910397504705,0.21321988480395795,0.051734910397504705,0.0805155042682045,0.05703393505370877,0.006414450404084631,0.051979099392658754,0.24891896892373896,0.06114003116368471,0.19774223209967284,0.05885103753933806,0.4100524703439786,0.06342024850954518,0.06437135799374667,0.01
2026-06-05,0.01,0.01,0.6989243624582913,0.07311920857215828,0.6989243624582913,0.07311920857215828,0.629860286757839,0.07610346672805414,0.008772664748430178,0.054552439479093766,0.8674743945660556,0.057078860821134426,0.8321326862671887,0.06725411241691523,0.21321988480395795,0.051734910397504705,0.21321988480395795,0.051734910397504705,0.0805155042682045,0.05703393505370877,0.006414450404084631,0.051979099392658754,0.24891896892373896,0.06114003116368471,0.19774223209967284,0.05885103753933806,0.4100524703439786,0.06342024850954518,0.06437135799374667,0.01
2026-06-08,0.01,0.01,0.6989243624582913,0.07311920857215828,0.6989243624582913,0.07311920857215828,0.629860286757839,0.07610346672805414,0.008772664748430178,0.054552439479093766,0.8674743945660556,0.057078860821134426,0.8321326862671887,0.06725411241691523,0.21321988480395795,0.051734910397504705,0.21321988480395795,0.051734910397504705,0.0805155042682045,0.05703393505370877,0.006414450404084631,0.051979099392658754,0.24891896892373896,0.06114003116368471,0.19774223209967284,0.05885103753933806,0.4100524703439786,0.06342024850954518,0.06437135799374667,0.01
2026-06-09,0.01,0.01,0.6989243624582913,0.07311920857215828,0.6989243624582913,0.07311920857215828,0.629860286757839,0.07610346672805414,0.008772664748430178,0.054552439479093766,0.8674743945660556,0.057078860821134426,0.8321326862671887,0.06725411241691523,0.21321988480395795,0.051734910397504705,0.21321988480395795,0.051734910397504705,0.0805155042682045,0.05703393505370877,0.006414450404084631,0.051979099392658754,0.24891896892373896,0.06114003116368471,0.19774223209967284,0.05885103753933806,0.4100524703439786,0.06342024850954518,0.06437135799374667,0.01
2026-06-10,0.01,0.01,0.6989243624582913,0.07311920857215828,0.6989243624582913,0.07311920857215828,0.629860286757839,0.07610346672805414,0.008772664748430178,0.054552439479093766,0.8674743945660556,0.057078860821134426,0.8321326862671887,0.06725411241691523,0.21321988480395795,0.051734910397504705,0.21321988480395795,0.051734910397504705,0.0805155042682045,0.05703393505370877,0.006414450404084631,0.051979099392658754,0.24891896892373896,0.06114003116368471,0.19774223209967284,0.05885103753933806,0.4100524703439786,0.06342024850954518,0.06437135799374667,0.01
2026-06-11,0.01,0.01,0.6989243624582913,0.07311920857215828,0.6989243624582913,0.07311920857215828,0.629860286757839,0.07610346672805414,0.008772664748430178,0.054552439479093766,0.8674743945660556,0.057078860821134426,0.8321326862671887,0.06725411241691523,0.21321988480395795,0.051734910397504705,0.21321988480395795,0.051734910397504705,0.0805155042682045,0.05703393505370877,0.006414450404084631,0.051979099392658754,0.24891896892373896,0.06114003116368471,0.19774223209967284,0.05885103753933806,0.4100524703439786,0.06342024850954518,0.06437135799374667,0.01
2026-06-12,0.01,0.01,0.6989243624582913,0.07311920857215828,0.6989243624582913,0.07311920857215828,0.629860286757839,0.07610346672805414,0.008772664748430178,0.054552439479093766,0.8674743945660556,0.057078860821134426,0.8321326862671887,0.06725411241691523,0.21321988480395795,0.051734910397504705,0.21321988480395795,0.051734910397504705,0.0805155042682045,0.05703393505370877,0.006414450404084631,0.051979099392658754,0.24891896892373896,0.06114003116368471,0.19774223209967284,0.05885103753933806,0.4100524703439786,0.06342024850954518,0.06437135799374667,0.01
2026-06-15,0.01,0.01,0.6989243624582913,0.07311920857215828,0.6989243624582913,0.07311920857215828,0.629860286757839,0.07610346672805414,0.008772664748430178,0.054552439479093766,0.8674743945660556,0.057078860821134426,0.8321326862671887,0.06725411241691523,0.21321988480395795,0.051734910397504705,0.21321988480395795,0.051734910397504705,0.0805155042682045,0.05703393505370877,0.006414450404084631,0.051979099392658754,0.24891896892373896,0.06114003116368471,0.19774223209967284,0.05885103753933806,0.4100524703439786,0.06342024850954518,0.06437135799374667,0.01
2026-06-16,0.01,0.01,0.6989243624582913,0.07311920857215828,0.6989243624582913,0.07311920857215828,0.629860286757839,0.07610346672805414,0.008772664748430178,0.054552439479093766,0.8674743945660556,0.057078860821134426,0.8321326862671887,0.06725411241691523,0.21321988480395795,0.051734910397504705,0.21321988480395795,0.051734910397504705,0.0805155042682045,0.05703393505370877,0.006414450404084631,0.051979099392658754,0.24891896892373896,0.06114003116368471,0.19774223209967284,0.05885103753933806,0.4100524703439786,0.06342024850954518,0.06437135799374667,0.01
2026-06-17,0.01,0.01,0.6989243624582913,0.07311920857215828,0.6989243624582913,0.07311920857215828,0.629860286757839,0.07610346672805414,0.008772664748430178,0.054552439479093766,0.8674743945660556,0.057078860821134426,0.8321326862671887,0.06725411241691523,0.21321988480395795,0.051734910397504705,0.21321988480395795,0.051734910397504705,0.0805155042682045,0.05703393505370877,0.006414450404084631,0.051979099392658754,0.24891896892373896,0.06114003116368471,0.19774223209967284,0.05885103753933806,0.4100524703439786,0.06342024850954518,0.06437135799374667,0.01
2026-06-18,0.01,0.01,0.6989243624582913,0.07311920857215828,0.6989243624582913,0.07311920857215828,0.629860286757839,0.07610346672805414,0.008772664748430178,0.054552439479093766,0.8674743945660556,0.057078860821134426,0.8321326862671887,0.06725411241691523,0.21321988480395795,0.051734910397504705,0.21321988480395795,0.051734910397504705,0.0805155042682045,0.05703393505370877,0.006414450404084631,0.051979099392658754,0.24891896892373896,0.06114003116368471,0.19774223209967284,0.05885103753933806,0.4100524703439786,0.06342024850954518,0.06437135799374667,0.01
2026-06-22,0.01,0.01,0.6989243624582913,0.07311920857215828,0.6989243624582913,0.07311920857215828,0.629860286757839,0.07610346672805414,0.008772664748430178,0.054552439479093766,0.8674743945660556,0.057078860821134426,0.8321326862671887,0.06725411241691523,0.21321988480395795,0.051734910397504705,0.21321988480395795,0.051734910397504705,0.0805155042682045,0.05703393505370877,0.006414450404084631,0.051979099392658754,0.24891896892373896,0.06114003116368471,0.19774223209967284,0.05885103753933806,0.4100524703439786,0.06342024850954518,0.06437135799374667,0.01
2026-06-23,0.01,0.01,0.6989243624582913,0.07311920857215828,0.6989243624582913,0.07311920857215828,0.629860286757839,0.07610346672805414,0.008772664748430178,0.054552439479093766,0.8674743945660556,0.057078860821134426,0.8321326862671887,0.06725411241691523,0.21321988480395795,0.051734910397504705,0.21321988480395795,0.051734910397504705,0.0805155042682045,0.05703393505370877,0.006414450404084631,0.051979099392658754,0.24891896892373896,0.06114003116368471,0.19774223209967284,0.05885103753933806,0.4100524703439786,0.06342024850954518,0.06437135799374667,0.01
2026-06-24,0.01,0.01,0.6989243624582913,0.07311920857215828,0.6989243624582913,0.07311920857215828,0.629860286757839,0.07610346672805414,0.008772664748430178,0.054552439479093766,0.8674743945660556,0.057078860821134426,0.8321326862671887,0.06725411241691523,0.21321988480395795,0.051734910397504705,0.21321988480395795,0.051734910397504705,0.0805155042682045,0.05703393505370877,0.006414450404084631,0.051979099392658754,0.24891896892373896,0.06114003116368471,0.19774223209967284,0.05885103753933806,0.4100524703439786,0.06342024850954518,0.06437135799374667,0.01
2026-06-25,0.01,0.01,0.6989243624582913,0.07311920857215828,0.6989243624582913,0.07311920857215828,0.629860286757839,0.07610346672805414,0.008772664748430178,0.054552439479093766,0.8674743945660556,0.057078860821134426,0.8321326862671887,0.06725411241691523,0.21321988480395795,0.051734910397504705,0.21321988480395795,0.051734910397504705,0.0805155042682045,0.05703393505370877,0.006414450404084631,0.051979099392658754,0.24891896892373896,0.06114003116368471,0.19774223209967284,0.05885103753933806,0.4100524703439786,0.06342024850954518,0.06437135799374667,0.01
2026-06-26,0.01,0.01,0.6989243624582913,0.07311920857215828,0.6989243624582913,0.07311920857215828,0.629860286757839,0.07610346672805414,0.008772664748430178,0.054552439479093766,0.8674743945660556,0.057078860821134426,0.8321326862671887,0.06725411241691523,0.21321988480395795,0.051734910397504705,0.21321988480395795,0.051734910397504705,0.0805155042682045,0.05703393505370877,0.006414450404084631,0.051979099392658754,0.24891896892373896,0.06114003116368471,0.19774223209967284,0.05885103753933806,0.4100524703439786,0.06342024850954518,0.06437135799374667,0.01
2026-06-29,0.01,0.01,0.6989243624582913,0.07311920857215828,0.6989243624582913,0.07311920857215828,0.629860286757839,0.07610346672805414,0.008772664748430178,0.054552439479093766,0.8674743945660556,0.057078860821134426,0.8321326862671887,0.06725411241691523,0.21321988480395795,0.051734910397504705,0.21321988480395795,0.051734910397504705,0.0805155042682045,0.05703393505370877,0.006414450404084631,0.051979099392658754,0.24891896892373896,0.06114003116368471,0.19774223209967284,0.05885103753933806,0.4100524703439786,0.06342024850954518,0.06437135799374667,0.01
2026-06-30,0.01,0.01,0.6989243624582913,0.07311920857215828,0.6989243624582913,0.07311920857215828,0.629860286757839,0.07610346672805414,0.008772664748430178,0.054552439479093766,0.8674743945660556,0.057078860821134426,0.8321326862671887,0.06725411241691523,0.21321988480395795,0.051734910397504705,0.21321988480395795,0.051734910397504705,0.0805155042682045,0.05703393505370877,0.006414450404084631,0.051979099392658754,0.24891896892373896,0.06114003116368471,0.19774223209967284,0.05885103753933806,0.4100524703439786,0.06342024850954518,0.06437135799374667,0.01
2026-07-01,0.01,0.01,0.6989243624582913,0.07311920857215828,0.6989243624582913,0.07311920857215828,0.629860286757839,0.07610346672805414,0.008772664748430178,0.054552439479093766,0.8674743945660556,0.057078860821134426,0.8321326862671887,0.06725411241691523,0.21321988480395795,0.051734910397504705,0.21321988480395795,0.051734910397504705,0.0805155042682045,0.05703393505370877,0.006414450404084631,0.051979099392658754,0.24891896892373896,0.06114003116368471,0.19774223209967284,0.05885103753933806,0.4100524703439786,0.06342024850954518,0.06437135799374667,0.01
2026-07-02,0.01,0.01,0.6989243624582913,0.07311920857215828,0.6989243624582913,0.07311920857215828,0.629860286757839,0.07610346672805414,0.008772664748430178,0.054552439479093766,0.8674743945660556,0.057078860821134426,0.8321326862671887,0.06725411241691523,0.21321988480395795,0.051734910397504705,0.21321988480395795,0.051734910397504705,0.0805155042682045,0.05703393505370877,0.006414450404084631,0.051979099392658754,0.24891896892373896,0.06114003116368471,0.19774223209967284,0.05885103753933806,0.4100524703439786,0.06342024850954518,0.06437135799374667,0.01
2026-07-06,0.01,0.01,0.6989243624582913,0.07311920857215828,0.6989243624582913,0.07311920857215828,0.629860286757839,0.07610346672805414,0.008772664748430178,0.054552439479093766,0.8674743945660556,0.057078860821134426,0.8321326862671887,0.06725411241691523,0.21321988480395795,0.051734910397504705,0.21321988480395795,0.051734910397504705,0.0805155042682045,0.05703393505370877,0.006414450404084631,0.051979099392658754,0.24891896892373896,0.06114003116368471,0.19774223209967284,0.05885103753933806,0.4100524703439786,0.06342024850954518,0.06437135799374667,0.01
2026-07-07,0.01,0.01,0.6989243624582913,0.07311920857215828,0.6989243624582913,0.07311920857215828,0.629860286757839,0.07610346672805414,0.008772664748430178,0.054552439479093766,0.8674743945660556,0.057078860821134426,0.8321326862671887,0.06725411241691523,0.21321988480395795,0.051734910397504705,0.21321988480395795,0.051734910397504705,0.0805155042682045,0.05703393505370877,0.006414450404084631,0.051979099392658754,0.24891896892373896,0.06114003116368471,0.19774223209967284,0.05885103753933806,0.4100524703439786,0.06342024850954518,0.06437135799374667,0.01
2026-07-08,0.01,0.01,0.6989243624582913,0.07311920857215828,0.6989243624582913,0.07311920857215828,0.629860286757839,0.07610346672805414,0.008772664748430178,0.054552439479093766,0.8674743945660556,0.057078860821134426,0.8321326862671887,0.06725411241691523,0.21321988480395795,0.051734910397504705,0.21321988480395795,0.051734910397504705,0.0805155042682045,0.05703393505370877,0.006414450404084631,0.051979099392658754,0.24891896892373896,0.06114003116368471,0.19774223209967284,0.05885103753933806,0.4100524703439786,0.06342024850954518,0.06437135799374667,0.01
2026-07-09,0.01,0.01,0.6989243624582913,0.07311920857215828,0.6989243624582913,0.07311920857215828,0.629860286757839,0.07610346672805414,0.008772664748430178,0.054552439479093766,0.8674743945660556,0.057078860821134426,0.8321326862671887,0.06725411241691523,0.21321988480395795,0.051734910397504705,0.21321988480395795,0.051734910397504705,0.0805155042682045,0.05703393505370877,0.006414450404084631,0.051979099392658754,0.24891896892373896,0.06114003116368471,0.19774223209967284,0.05885103753933806,0.4100524703439786,0.06342024850954518,0.06437135799374667,0.01
2026-07-10,0.01,0.01,0.6989243624582913,0.07311920857215828,0.6989243624582913,0.07311920857215828,0.629860286757839,0.07610346672805414,0.008772664748430178,0.054552439479093766,0.8674743945660556,0.057078860821134426,0.8321326862671887,0.06725411241691523,0.21321988480395795,0.051734910397504705,0.21321988480395795,0.051734910397504705,0.0805155042682045,0.05703393505370877,0.006414450404084631,0.051979099392658754,0.24891896892373896,0.06114003116368471,0.19774223209967284,0.05885103753933806,0.4100524703439786,0.06342024850954518,0.06437135799374667,0.01
2026-07-13,0.01,0.01,0.6989243624582913,0.07311920857215828,0.6989243624582913,0.07311920857215828,0.629860286757839,0.07610346672805414,0.008772664748430178,0.054552439479093766,0.8674743945660556,0.057078860821134426,0.8321326862671887,0.06725411241691523,0.21321988480395795,0.051734910397504705,0.21321988480395795,0.051734910397504705,0.0805155042682045,0.05703393505370877,0.006414450404084631,0.051979099392658754,0.24891896892373896,0.06114003116368471,0.19774223209967284,0.05885103753933806,0.4100524703439786,0.06342024850954518,0.06437135799374667,0.01
2026-07-14,0.01,0.01,0.6989243624582913,0.07311920857215828,0.6989243624582913,0.07311920857215828,0.629860286757839,0.07610346672805414,0.008772664748430178,0.054552439479093766,0.8674743945660556,0.057078860821134426,0.8321326862671887,0.06725411241691523,0.21321988480395795,0.051734910397504705,0.21321988480395795,0.051734910397504705,0.0805155042682045,0.05703393505370877,0.006414450404084631,0.051979099392658754,0.24891896892373896,0.06114003116368471,0.19774223209967284,0.05885103753933806,0.4100524703439786,0.06342024850954518,0.06437135799374667,0.01
2026-07-15,0.01,0.01,0.6989243624582913,0.07311920857215828,0.6989243624582913,0.07311920857215828,0.629860286757839,0.07610346672805414,0.008772664748430178,0.054552439479093766,0.8674743945660556,0.057078860821134426,0.8321326862671887,0.06725411241691523,0.21321988480395795,0.051734910397504705,0.21321988480395795,0.051734910397504705,0.0805155042682045,0.05703393505370877,0.006414450404084631,0.051979099392658754,0.24891896892373896,0.06114003116368471,0.19774223209967284,0.05885103753933806,0.4100524703439786,0.06342024850954518,0.06437135799374667,0.01
2026-07-16,0.01,0.01,0.6989243624582913,0.07311920857215828,0.6989243624582913,0.07311920857215828,0.629860286757839,0.07610346672805414,0.008772664748430178,0.054552439479093766,0.8674743945660556,0.057078860821134426,0.8321326862671887,0.06725411241691523,0.21321988480395795,0.051734910397504705,0.21321988480395795,0.051734910397504705,0.0805155042682045,0.05703393505370877,0.006414450404084631,0.051979099392658754,0.24891896892373896,0.06114003116368471,0.19774223209967284,0.05885103753933806,0.4100524703439786,0.06342024850954518,0.06437135799374667,0.01
2026-07-17,0.01,0.01,0.6989243624582913,0.07311920857215828,0.6989243624582913,0.07311920857215828,0.629860286757839,0.07610346672805414,0.008772664748430178,0.054552439479093766,0.8674743945660556,0.057078860821134426,0.8321326862671887,0.06725411241691523,0.21321988480395795,0.051734910397504705,0.21321988480395795,0.051734910397504705,0.0805155042682045,0.05703393505370877,0.006414450404084631,0.051979099392658754,0.24891896892373896,0.06114003116368471,0.19774223209967284,0.05885103753933806,0.4100524703439786,0.06342024850954518,0.06437135799374667,0.01
2026-07-20,0.01,0.01,0.6989243624582913,0.07311920857215828,0.6989243624582913,0.07311920857215828,0.629860286757839,0.07610346672805414,0.008772664748430178,0.054552439479093766,0.8674743945660556,0.057078860821134426,0.8321326862671887,0.06725411241691523,0.21321988480395795,0.051734910397504705,0.21321988480395795,0.051734910397504705,0.0805155042682045,0.05703393505370877,0.006414450404084631,0.051979099392658754,0.24891896892373896,0.06114003116368471,0.19774223209967284,0.05885103753933806,0.4100524703439786,0.06342024850954518,0.06437135799374667,0.01
2026-07-21,0.01,0.01,0.6989243624582913,0.07311920857215828,0.6989243624582913,0.07311920857215828,0.629860286757839,0.07610346672805414,0.008772664748430178,0.054552439479093766,0.8674743945660556,0.057078860821134426,0.8321326862671887,0.06725411241691523,0.21321988480395795,0.051734910397504705,0.21321988480395795,0.051734910397504705,0.0805155042682045,0.05703393505370877,0.006414450404084631,0.051979099392658754,0.24891896892373896,0.06114003116368471,0.19774223209967284,0.05885103753933806,0.4100524703439786,0.06342024850954518,0.06437135799374667,0.01
2026-07-22,0.01,0.01,0.6989243624582913,0.07311920857215828,0.6989243624582913,0.07311920857215828,0.629860286757839,0.07610346672805414,0.008772664748430178,0.054552439479093766,0.8674743945660556,0.057078860821134426,0.8321326862671887,0.06725411241691523,0.21321988480395795,0.051734910397504705,0.21321988480395795,0.051734910397504705,0.0805155042682045,0.05703393505370877,0.006414450404084631,0.051979099392658754,0.24891896892373896,0.06114003116368471,0.19774223209967284,0.05885103753933806,0.4100524703439786,0.06342024850954518,0.06437135799374667,0.01
2026-07-23,0.01,0.01,0.6989243624582913,0.07311920857215828,0.6989243624582913,0.07311920857215828,0.629860286757839,0.07610346672805414,0.008772664748430178,0.054552439479093766,0.8674743945660556,0.057078860821134426,0.8321326862671887,0.06725411241691523,0.21321988480395795,0.051734910397504705,0.21321988480395795,0.051734910397504705,0.0805155042682045,0.05703393505370877,0.006414450404084631,0.051979099392658754,0.24891896892373896,0.06114003116368471,0.19774223209967284,0.05885103753933806,0.4100524703439786,0.06342024850954518,0.06437135799374667,0.01
