fold,model,feature,training_correlation,absolute_training_correlation,minimum_absolute_correlation,meets_correlation_threshold,subperiod_sign_agreement,sign_stable,stability_required,orientation_supported,orientation_sign,transformation,orientation_training_observations,orientation_source,training_subperiod_1_correlation,training_subperiod_2_correlation,training_subperiod_3_correlation
0,Choquistic 1-additive [balanced],average_equity_correlation_60d,-0.16528416302076915,0.16528416302076915,0.2,False,0.6666666666666666,False,False,False,1.0,unchanged (below absolute correlation threshold),360,training only (frozen before validation refit),0.0,-0.3902459574993019,-0.04849214028975754
0,Choquistic 1-additive [balanced],baa_credit_spread_pct,0.099667934207796,0.099667934207796,0.2,False,0.3333333333333333,False,False,False,1.0,unchanged (below absolute correlation threshold),360,training only (frozen before validation refit),0.0,-0.26898618238761646,0.06830284171553287
0,Choquistic 1-additive [balanced],drawdown_severity,-0.10030803727635805,0.10030803727635805,0.2,False,0.6666666666666666,False,False,False,1.0,unchanged (below absolute correlation threshold),360,training only (frozen before validation refit),0.0,-0.20499090876325055,-0.10408700255937148
0,Choquistic 1-additive [balanced],lagged_portfolio_loss_1d,0.010749598543441458,0.010749598543441458,0.2,False,0.3333333333333333,False,False,False,1.0,unchanged (below absolute correlation threshold),360,training only (frozen before validation refit),0.0,-0.013486493541442768,0.054310811439349495
0,Choquistic 1-additive [balanced],liquidity_stress_20d,0.03219645929201803,0.03219645929201803,0.2,False,0.3333333333333333,False,False,False,1.0,unchanged (below absolute correlation threshold),360,training only (frozen before validation refit),0.0,-0.05298276531251758,0.22038157236547518
0,Choquistic 1-additive [balanced],market_loss_1d,0.03474802081014579,0.03474802081014579,0.2,False,0.3333333333333333,False,False,False,1.0,unchanged (below absolute correlation threshold),360,training only (frozen before validation refit),0.0,-0.02978466880552995,0.13108127998808738
0,Choquistic 1-additive [balanced],negative_momentum_21d,0.04173954850333348,0.04173954850333348,0.2,False,0.3333333333333333,False,False,False,1.0,unchanged (below absolute correlation threshold),360,training only (frozen before validation refit),0.0,-0.012837908810441575,0.11732264587993098
0,Choquistic 1-additive [balanced],realized_volatility_20d,-0.0637447858431451,0.0637447858431451,0.2,False,0.3333333333333333,False,False,False,1.0,unchanged (below absolute correlation threshold),360,training only (frozen before validation refit),0.0,-0.2709040871327536,0.09558676047162838
0,Choquistic 1-additive [balanced],term_spread_10y_2y_pct,0.020711233832408617,0.020711233832408617,0.2,False,0.3333333333333333,False,False,False,1.0,unchanged (below absolute correlation threshold),360,training only (frozen before validation refit),0.0,-0.0008650557871269317,0.4922570581962778
0,Choquistic 1-additive [balanced],vix,-0.07161941947198026,0.07161941947198026,0.2,False,0.3333333333333333,False,False,False,1.0,unchanged (below absolute correlation threshold),360,training only (frozen before validation refit),0.0,-0.25885395882276724,0.01646888385298691
0,Choquistic 1-additive [unweighted],average_equity_correlation_60d,-0.16528416302076915,0.16528416302076915,0.2,False,0.6666666666666666,False,False,False,1.0,unchanged (below absolute correlation threshold),360,training only (frozen before validation refit),0.0,-0.3902459574993019,-0.04849214028975754
0,Choquistic 1-additive [unweighted],baa_credit_spread_pct,0.099667934207796,0.099667934207796,0.2,False,0.3333333333333333,False,False,False,1.0,unchanged (below absolute correlation threshold),360,training only (frozen before validation refit),0.0,-0.26898618238761646,0.06830284171553287
0,Choquistic 1-additive [unweighted],drawdown_severity,-0.10030803727635805,0.10030803727635805,0.2,False,0.6666666666666666,False,False,False,1.0,unchanged (below absolute correlation threshold),360,training only (frozen before validation refit),0.0,-0.20499090876325055,-0.10408700255937148
0,Choquistic 1-additive [unweighted],lagged_portfolio_loss_1d,0.010749598543441458,0.010749598543441458,0.2,False,0.3333333333333333,False,False,False,1.0,unchanged (below absolute correlation threshold),360,training only (frozen before validation refit),0.0,-0.013486493541442768,0.054310811439349495
0,Choquistic 1-additive [unweighted],liquidity_stress_20d,0.03219645929201803,0.03219645929201803,0.2,False,0.3333333333333333,False,False,False,1.0,unchanged (below absolute correlation threshold),360,training only (frozen before validation refit),0.0,-0.05298276531251758,0.22038157236547518
0,Choquistic 1-additive [unweighted],market_loss_1d,0.03474802081014579,0.03474802081014579,0.2,False,0.3333333333333333,False,False,False,1.0,unchanged (below absolute correlation threshold),360,training only (frozen before validation refit),0.0,-0.02978466880552995,0.13108127998808738
0,Choquistic 1-additive [unweighted],negative_momentum_21d,0.04173954850333348,0.04173954850333348,0.2,False,0.3333333333333333,False,False,False,1.0,unchanged (below absolute correlation threshold),360,training only (frozen before validation refit),0.0,-0.012837908810441575,0.11732264587993098
0,Choquistic 1-additive [unweighted],realized_volatility_20d,-0.0637447858431451,0.0637447858431451,0.2,False,0.3333333333333333,False,False,False,1.0,unchanged (below absolute correlation threshold),360,training only (frozen before validation refit),0.0,-0.2709040871327536,0.09558676047162838
0,Choquistic 1-additive [unweighted],term_spread_10y_2y_pct,0.020711233832408617,0.020711233832408617,0.2,False,0.3333333333333333,False,False,False,1.0,unchanged (below absolute correlation threshold),360,training only (frozen before validation refit),0.0,-0.0008650557871269317,0.4922570581962778
0,Choquistic 1-additive [unweighted],vix,-0.07161941947198026,0.07161941947198026,0.2,False,0.3333333333333333,False,False,False,1.0,unchanged (below absolute correlation threshold),360,training only (frozen before validation refit),0.0,-0.25885395882276724,0.01646888385298691
0,Choquistic 2-additive [balanced],average_equity_correlation_60d,-0.16528416302076915,0.16528416302076915,0.2,False,0.6666666666666666,False,False,False,1.0,unchanged (below absolute correlation threshold),360,training only (frozen before validation refit),0.0,-0.3902459574993019,-0.04849214028975754
0,Choquistic 2-additive [balanced],baa_credit_spread_pct,0.099667934207796,0.099667934207796,0.2,False,0.3333333333333333,False,False,False,1.0,unchanged (below absolute correlation threshold),360,training only (frozen before validation refit),0.0,-0.26898618238761646,0.06830284171553287
0,Choquistic 2-additive [balanced],drawdown_severity,-0.10030803727635805,0.10030803727635805,0.2,False,0.6666666666666666,False,False,False,1.0,unchanged (below absolute correlation threshold),360,training only (frozen before validation refit),0.0,-0.20499090876325055,-0.10408700255937148
0,Choquistic 2-additive [balanced],lagged_portfolio_loss_1d,0.010749598543441458,0.010749598543441458,0.2,False,0.3333333333333333,False,False,False,1.0,unchanged (below absolute correlation threshold),360,training only (frozen before validation refit),0.0,-0.013486493541442768,0.054310811439349495
0,Choquistic 2-additive [balanced],liquidity_stress_20d,0.03219645929201803,0.03219645929201803,0.2,False,0.3333333333333333,False,False,False,1.0,unchanged (below absolute correlation threshold),360,training only (frozen before validation refit),0.0,-0.05298276531251758,0.22038157236547518
0,Choquistic 2-additive [balanced],market_loss_1d,0.03474802081014579,0.03474802081014579,0.2,False,0.3333333333333333,False,False,False,1.0,unchanged (below absolute correlation threshold),360,training only (frozen before validation refit),0.0,-0.02978466880552995,0.13108127998808738
0,Choquistic 2-additive [balanced],negative_momentum_21d,0.04173954850333348,0.04173954850333348,0.2,False,0.3333333333333333,False,False,False,1.0,unchanged (below absolute correlation threshold),360,training only (frozen before validation refit),0.0,-0.012837908810441575,0.11732264587993098
0,Choquistic 2-additive [balanced],realized_volatility_20d,-0.0637447858431451,0.0637447858431451,0.2,False,0.3333333333333333,False,False,False,1.0,unchanged (below absolute correlation threshold),360,training only (frozen before validation refit),0.0,-0.2709040871327536,0.09558676047162838
0,Choquistic 2-additive [balanced],term_spread_10y_2y_pct,0.020711233832408617,0.020711233832408617,0.2,False,0.3333333333333333,False,False,False,1.0,unchanged (below absolute correlation threshold),360,training only (frozen before validation refit),0.0,-0.0008650557871269317,0.4922570581962778
0,Choquistic 2-additive [balanced],vix,-0.07161941947198026,0.07161941947198026,0.2,False,0.3333333333333333,False,False,False,1.0,unchanged (below absolute correlation threshold),360,training only (frozen before validation refit),0.0,-0.25885395882276724,0.01646888385298691
0,Choquistic 2-additive [unweighted],average_equity_correlation_60d,-0.16528416302076915,0.16528416302076915,0.2,False,0.6666666666666666,False,False,False,1.0,unchanged (below absolute correlation threshold),360,training only (frozen before validation refit),0.0,-0.3902459574993019,-0.04849214028975754
0,Choquistic 2-additive [unweighted],baa_credit_spread_pct,0.099667934207796,0.099667934207796,0.2,False,0.3333333333333333,False,False,False,1.0,unchanged (below absolute correlation threshold),360,training only (frozen before validation refit),0.0,-0.26898618238761646,0.06830284171553287
0,Choquistic 2-additive [unweighted],drawdown_severity,-0.10030803727635805,0.10030803727635805,0.2,False,0.6666666666666666,False,False,False,1.0,unchanged (below absolute correlation threshold),360,training only (frozen before validation refit),0.0,-0.20499090876325055,-0.10408700255937148
0,Choquistic 2-additive [unweighted],lagged_portfolio_loss_1d,0.010749598543441458,0.010749598543441458,0.2,False,0.3333333333333333,False,False,False,1.0,unchanged (below absolute correlation threshold),360,training only (frozen before validation refit),0.0,-0.013486493541442768,0.054310811439349495
0,Choquistic 2-additive [unweighted],liquidity_stress_20d,0.03219645929201803,0.03219645929201803,0.2,False,0.3333333333333333,False,False,False,1.0,unchanged (below absolute correlation threshold),360,training only (frozen before validation refit),0.0,-0.05298276531251758,0.22038157236547518
0,Choquistic 2-additive [unweighted],market_loss_1d,0.03474802081014579,0.03474802081014579,0.2,False,0.3333333333333333,False,False,False,1.0,unchanged (below absolute correlation threshold),360,training only (frozen before validation refit),0.0,-0.02978466880552995,0.13108127998808738
0,Choquistic 2-additive [unweighted],negative_momentum_21d,0.04173954850333348,0.04173954850333348,0.2,False,0.3333333333333333,False,False,False,1.0,unchanged (below absolute correlation threshold),360,training only (frozen before validation refit),0.0,-0.012837908810441575,0.11732264587993098
0,Choquistic 2-additive [unweighted],realized_volatility_20d,-0.0637447858431451,0.0637447858431451,0.2,False,0.3333333333333333,False,False,False,1.0,unchanged (below absolute correlation threshold),360,training only (frozen before validation refit),0.0,-0.2709040871327536,0.09558676047162838
0,Choquistic 2-additive [unweighted],term_spread_10y_2y_pct,0.020711233832408617,0.020711233832408617,0.2,False,0.3333333333333333,False,False,False,1.0,unchanged (below absolute correlation threshold),360,training only (frozen before validation refit),0.0,-0.0008650557871269317,0.4922570581962778
0,Choquistic 2-additive [unweighted],vix,-0.07161941947198026,0.07161941947198026,0.2,False,0.3333333333333333,False,False,False,1.0,unchanged (below absolute correlation threshold),360,training only (frozen before validation refit),0.0,-0.25885395882276724,0.01646888385298691
0,Logistic oriented [balanced],average_equity_correlation_60d,-0.16528416302076915,0.16528416302076915,0.2,False,0.6666666666666666,False,False,False,1.0,unchanged (below absolute correlation threshold),360,training only (frozen before validation refit),0.0,-0.3902459574993019,-0.04849214028975754
0,Logistic oriented [balanced],baa_credit_spread_pct,0.099667934207796,0.099667934207796,0.2,False,0.3333333333333333,False,False,False,1.0,unchanged (below absolute correlation threshold),360,training only (frozen before validation refit),0.0,-0.26898618238761646,0.06830284171553287
0,Logistic oriented [balanced],drawdown_severity,-0.10030803727635805,0.10030803727635805,0.2,False,0.6666666666666666,False,False,False,1.0,unchanged (below absolute correlation threshold),360,training only (frozen before validation refit),0.0,-0.20499090876325055,-0.10408700255937148
0,Logistic oriented [balanced],lagged_portfolio_loss_1d,0.010749598543441458,0.010749598543441458,0.2,False,0.3333333333333333,False,False,False,1.0,unchanged (below absolute correlation threshold),360,training only (frozen before validation refit),0.0,-0.013486493541442768,0.054310811439349495
0,Logistic oriented [balanced],liquidity_stress_20d,0.03219645929201803,0.03219645929201803,0.2,False,0.3333333333333333,False,False,False,1.0,unchanged (below absolute correlation threshold),360,training only (frozen before validation refit),0.0,-0.05298276531251758,0.22038157236547518
0,Logistic oriented [balanced],market_loss_1d,0.03474802081014579,0.03474802081014579,0.2,False,0.3333333333333333,False,False,False,1.0,unchanged (below absolute correlation threshold),360,training only (frozen before validation refit),0.0,-0.02978466880552995,0.13108127998808738
0,Logistic oriented [balanced],negative_momentum_21d,0.04173954850333348,0.04173954850333348,0.2,False,0.3333333333333333,False,False,False,1.0,unchanged (below absolute correlation threshold),360,training only (frozen before validation refit),0.0,-0.012837908810441575,0.11732264587993098
0,Logistic oriented [balanced],realized_volatility_20d,-0.0637447858431451,0.0637447858431451,0.2,False,0.3333333333333333,False,False,False,1.0,unchanged (below absolute correlation threshold),360,training only (frozen before validation refit),0.0,-0.2709040871327536,0.09558676047162838
0,Logistic oriented [balanced],term_spread_10y_2y_pct,0.020711233832408617,0.020711233832408617,0.2,False,0.3333333333333333,False,False,False,1.0,unchanged (below absolute correlation threshold),360,training only (frozen before validation refit),0.0,-0.0008650557871269317,0.4922570581962778
0,Logistic oriented [balanced],vix,-0.07161941947198026,0.07161941947198026,0.2,False,0.3333333333333333,False,False,False,1.0,unchanged (below absolute correlation threshold),360,training only (frozen before validation refit),0.0,-0.25885395882276724,0.01646888385298691
0,Logistic oriented [unweighted],average_equity_correlation_60d,-0.16528416302076915,0.16528416302076915,0.2,False,0.6666666666666666,False,False,False,1.0,unchanged (below absolute correlation threshold),360,training only (frozen before validation refit),0.0,-0.3902459574993019,-0.04849214028975754
0,Logistic oriented [unweighted],baa_credit_spread_pct,0.099667934207796,0.099667934207796,0.2,False,0.3333333333333333,False,False,False,1.0,unchanged (below absolute correlation threshold),360,training only (frozen before validation refit),0.0,-0.26898618238761646,0.06830284171553287
0,Logistic oriented [unweighted],drawdown_severity,-0.10030803727635805,0.10030803727635805,0.2,False,0.6666666666666666,False,False,False,1.0,unchanged (below absolute correlation threshold),360,training only (frozen before validation refit),0.0,-0.20499090876325055,-0.10408700255937148
0,Logistic oriented [unweighted],lagged_portfolio_loss_1d,0.010749598543441458,0.010749598543441458,0.2,False,0.3333333333333333,False,False,False,1.0,unchanged (below absolute correlation threshold),360,training only (frozen before validation refit),0.0,-0.013486493541442768,0.054310811439349495
0,Logistic oriented [unweighted],liquidity_stress_20d,0.03219645929201803,0.03219645929201803,0.2,False,0.3333333333333333,False,False,False,1.0,unchanged (below absolute correlation threshold),360,training only (frozen before validation refit),0.0,-0.05298276531251758,0.22038157236547518
0,Logistic oriented [unweighted],market_loss_1d,0.03474802081014579,0.03474802081014579,0.2,False,0.3333333333333333,False,False,False,1.0,unchanged (below absolute correlation threshold),360,training only (frozen before validation refit),0.0,-0.02978466880552995,0.13108127998808738
0,Logistic oriented [unweighted],negative_momentum_21d,0.04173954850333348,0.04173954850333348,0.2,False,0.3333333333333333,False,False,False,1.0,unchanged (below absolute correlation threshold),360,training only (frozen before validation refit),0.0,-0.012837908810441575,0.11732264587993098
0,Logistic oriented [unweighted],realized_volatility_20d,-0.0637447858431451,0.0637447858431451,0.2,False,0.3333333333333333,False,False,False,1.0,unchanged (below absolute correlation threshold),360,training only (frozen before validation refit),0.0,-0.2709040871327536,0.09558676047162838
0,Logistic oriented [unweighted],term_spread_10y_2y_pct,0.020711233832408617,0.020711233832408617,0.2,False,0.3333333333333333,False,False,False,1.0,unchanged (below absolute correlation threshold),360,training only (frozen before validation refit),0.0,-0.0008650557871269317,0.4922570581962778
0,Logistic oriented [unweighted],vix,-0.07161941947198026,0.07161941947198026,0.2,False,0.3333333333333333,False,False,False,1.0,unchanged (below absolute correlation threshold),360,training only (frozen before validation refit),0.0,-0.25885395882276724,0.01646888385298691
1,Choquistic 1-additive [balanced],average_equity_correlation_60d,0.04810381007880007,0.04810381007880007,0.2,False,0.0,False,False,False,1.0,unchanged (below absolute correlation threshold),367,training only (frozen before validation refit),-0.010063482445600307,0.0,0.0
1,Choquistic 1-additive [balanced],baa_credit_spread_pct,0.12815875484997852,0.12815875484997852,0.2,False,0.3333333333333333,False,False,False,1.0,unchanged (below absolute correlation threshold),367,training only (frozen before validation refit),0.061294878342863186,0.0,0.0
1,Choquistic 1-additive [balanced],drawdown_severity,0.07738514952507772,0.07738514952507772,0.2,False,0.3333333333333333,False,False,False,1.0,unchanged (below absolute correlation threshold),367,training only (frozen before validation refit),0.012330536536894919,0.0,0.0
1,Choquistic 1-additive [balanced],lagged_portfolio_loss_1d,0.10494727280659626,0.10494727280659626,0.2,False,0.3333333333333333,False,False,False,1.0,unchanged (below absolute correlation threshold),367,training only (frozen before validation refit),0.12932632179101505,0.0,0.0
1,Choquistic 1-additive [balanced],liquidity_stress_20d,0.16892200014477543,0.16892200014477543,0.2,False,0.3333333333333333,False,False,False,1.0,unchanged (below absolute correlation threshold),367,training only (frozen before validation refit),0.14711508459616265,0.0,0.0
1,Choquistic 1-additive [balanced],market_loss_1d,0.11190587623999664,0.11190587623999664,0.2,False,0.3333333333333333,False,False,False,1.0,unchanged (below absolute correlation threshold),367,training only (frozen before validation refit),0.13230611583151947,0.0,0.0
1,Choquistic 1-additive [balanced],negative_momentum_21d,0.13011522924443847,0.13011522924443847,0.2,False,0.3333333333333333,False,False,False,1.0,unchanged (below absolute correlation threshold),367,training only (frozen before validation refit),0.13045684038503244,0.0,0.0
1,Choquistic 1-additive [balanced],realized_volatility_20d,0.1009003144540277,0.1009003144540277,0.2,False,0.3333333333333333,False,False,False,1.0,unchanged (below absolute correlation threshold),367,training only (frozen before validation refit),0.06230404606762468,0.0,0.0
1,Choquistic 1-additive [balanced],term_spread_10y_2y_pct,0.10315821197140691,0.10315821197140691,0.2,False,0.3333333333333333,False,False,False,1.0,unchanged (below absolute correlation threshold),367,training only (frozen before validation refit),0.31660078645438455,0.0,0.0
1,Choquistic 1-additive [balanced],vix,0.13298668543245862,0.13298668543245862,0.2,False,0.3333333333333333,False,False,False,1.0,unchanged (below absolute correlation threshold),367,training only (frozen before validation refit),0.08029176831225451,0.0,0.0
1,Choquistic 1-additive [unweighted],average_equity_correlation_60d,0.04810381007880007,0.04810381007880007,0.2,False,0.0,False,False,False,1.0,unchanged (below absolute correlation threshold),367,training only (frozen before validation refit),-0.010063482445600307,0.0,0.0
1,Choquistic 1-additive [unweighted],baa_credit_spread_pct,0.12815875484997852,0.12815875484997852,0.2,False,0.3333333333333333,False,False,False,1.0,unchanged (below absolute correlation threshold),367,training only (frozen before validation refit),0.061294878342863186,0.0,0.0
1,Choquistic 1-additive [unweighted],drawdown_severity,0.07738514952507772,0.07738514952507772,0.2,False,0.3333333333333333,False,False,False,1.0,unchanged (below absolute correlation threshold),367,training only (frozen before validation refit),0.012330536536894919,0.0,0.0
1,Choquistic 1-additive [unweighted],lagged_portfolio_loss_1d,0.10494727280659626,0.10494727280659626,0.2,False,0.3333333333333333,False,False,False,1.0,unchanged (below absolute correlation threshold),367,training only (frozen before validation refit),0.12932632179101505,0.0,0.0
1,Choquistic 1-additive [unweighted],liquidity_stress_20d,0.16892200014477543,0.16892200014477543,0.2,False,0.3333333333333333,False,False,False,1.0,unchanged (below absolute correlation threshold),367,training only (frozen before validation refit),0.14711508459616265,0.0,0.0
1,Choquistic 1-additive [unweighted],market_loss_1d,0.11190587623999664,0.11190587623999664,0.2,False,0.3333333333333333,False,False,False,1.0,unchanged (below absolute correlation threshold),367,training only (frozen before validation refit),0.13230611583151947,0.0,0.0
1,Choquistic 1-additive [unweighted],negative_momentum_21d,0.13011522924443847,0.13011522924443847,0.2,False,0.3333333333333333,False,False,False,1.0,unchanged (below absolute correlation threshold),367,training only (frozen before validation refit),0.13045684038503244,0.0,0.0
1,Choquistic 1-additive [unweighted],realized_volatility_20d,0.1009003144540277,0.1009003144540277,0.2,False,0.3333333333333333,False,False,False,1.0,unchanged (below absolute correlation threshold),367,training only (frozen before validation refit),0.06230404606762468,0.0,0.0
1,Choquistic 1-additive [unweighted],term_spread_10y_2y_pct,0.10315821197140691,0.10315821197140691,0.2,False,0.3333333333333333,False,False,False,1.0,unchanged (below absolute correlation threshold),367,training only (frozen before validation refit),0.31660078645438455,0.0,0.0
1,Choquistic 1-additive [unweighted],vix,0.13298668543245862,0.13298668543245862,0.2,False,0.3333333333333333,False,False,False,1.0,unchanged (below absolute correlation threshold),367,training only (frozen before validation refit),0.08029176831225451,0.0,0.0
1,Choquistic 2-additive [balanced],average_equity_correlation_60d,0.04810381007880007,0.04810381007880007,0.2,False,0.0,False,False,False,1.0,unchanged (below absolute correlation threshold),367,training only (frozen before validation refit),-0.010063482445600307,0.0,0.0
1,Choquistic 2-additive [balanced],baa_credit_spread_pct,0.12815875484997852,0.12815875484997852,0.2,False,0.3333333333333333,False,False,False,1.0,unchanged (below absolute correlation threshold),367,training only (frozen before validation refit),0.061294878342863186,0.0,0.0
1,Choquistic 2-additive [balanced],drawdown_severity,0.07738514952507772,0.07738514952507772,0.2,False,0.3333333333333333,False,False,False,1.0,unchanged (below absolute correlation threshold),367,training only (frozen before validation refit),0.012330536536894919,0.0,0.0
1,Choquistic 2-additive [balanced],lagged_portfolio_loss_1d,0.10494727280659626,0.10494727280659626,0.2,False,0.3333333333333333,False,False,False,1.0,unchanged (below absolute correlation threshold),367,training only (frozen before validation refit),0.12932632179101505,0.0,0.0
1,Choquistic 2-additive [balanced],liquidity_stress_20d,0.16892200014477543,0.16892200014477543,0.2,False,0.3333333333333333,False,False,False,1.0,unchanged (below absolute correlation threshold),367,training only (frozen before validation refit),0.14711508459616265,0.0,0.0
1,Choquistic 2-additive [balanced],market_loss_1d,0.11190587623999664,0.11190587623999664,0.2,False,0.3333333333333333,False,False,False,1.0,unchanged (below absolute correlation threshold),367,training only (frozen before validation refit),0.13230611583151947,0.0,0.0
1,Choquistic 2-additive [balanced],negative_momentum_21d,0.13011522924443847,0.13011522924443847,0.2,False,0.3333333333333333,False,False,False,1.0,unchanged (below absolute correlation threshold),367,training only (frozen before validation refit),0.13045684038503244,0.0,0.0
1,Choquistic 2-additive [balanced],realized_volatility_20d,0.1009003144540277,0.1009003144540277,0.2,False,0.3333333333333333,False,False,False,1.0,unchanged (below absolute correlation threshold),367,training only (frozen before validation refit),0.06230404606762468,0.0,0.0
1,Choquistic 2-additive [balanced],term_spread_10y_2y_pct,0.10315821197140691,0.10315821197140691,0.2,False,0.3333333333333333,False,False,False,1.0,unchanged (below absolute correlation threshold),367,training only (frozen before validation refit),0.31660078645438455,0.0,0.0
1,Choquistic 2-additive [balanced],vix,0.13298668543245862,0.13298668543245862,0.2,False,0.3333333333333333,False,False,False,1.0,unchanged (below absolute correlation threshold),367,training only (frozen before validation refit),0.08029176831225451,0.0,0.0
1,Choquistic 2-additive [unweighted],average_equity_correlation_60d,0.04810381007880007,0.04810381007880007,0.2,False,0.0,False,False,False,1.0,unchanged (below absolute correlation threshold),367,training only (frozen before validation refit),-0.010063482445600307,0.0,0.0
1,Choquistic 2-additive [unweighted],baa_credit_spread_pct,0.12815875484997852,0.12815875484997852,0.2,False,0.3333333333333333,False,False,False,1.0,unchanged (below absolute correlation threshold),367,training only (frozen before validation refit),0.061294878342863186,0.0,0.0
1,Choquistic 2-additive [unweighted],drawdown_severity,0.07738514952507772,0.07738514952507772,0.2,False,0.3333333333333333,False,False,False,1.0,unchanged (below absolute correlation threshold),367,training only (frozen before validation refit),0.012330536536894919,0.0,0.0
1,Choquistic 2-additive [unweighted],lagged_portfolio_loss_1d,0.10494727280659626,0.10494727280659626,0.2,False,0.3333333333333333,False,False,False,1.0,unchanged (below absolute correlation threshold),367,training only (frozen before validation refit),0.12932632179101505,0.0,0.0
1,Choquistic 2-additive [unweighted],liquidity_stress_20d,0.16892200014477543,0.16892200014477543,0.2,False,0.3333333333333333,False,False,False,1.0,unchanged (below absolute correlation threshold),367,training only (frozen before validation refit),0.14711508459616265,0.0,0.0
1,Choquistic 2-additive [unweighted],market_loss_1d,0.11190587623999664,0.11190587623999664,0.2,False,0.3333333333333333,False,False,False,1.0,unchanged (below absolute correlation threshold),367,training only (frozen before validation refit),0.13230611583151947,0.0,0.0
1,Choquistic 2-additive [unweighted],negative_momentum_21d,0.13011522924443847,0.13011522924443847,0.2,False,0.3333333333333333,False,False,False,1.0,unchanged (below absolute correlation threshold),367,training only (frozen before validation refit),0.13045684038503244,0.0,0.0
1,Choquistic 2-additive [unweighted],realized_volatility_20d,0.1009003144540277,0.1009003144540277,0.2,False,0.3333333333333333,False,False,False,1.0,unchanged (below absolute correlation threshold),367,training only (frozen before validation refit),0.06230404606762468,0.0,0.0
1,Choquistic 2-additive [unweighted],term_spread_10y_2y_pct,0.10315821197140691,0.10315821197140691,0.2,False,0.3333333333333333,False,False,False,1.0,unchanged (below absolute correlation threshold),367,training only (frozen before validation refit),0.31660078645438455,0.0,0.0
1,Choquistic 2-additive [unweighted],vix,0.13298668543245862,0.13298668543245862,0.2,False,0.3333333333333333,False,False,False,1.0,unchanged (below absolute correlation threshold),367,training only (frozen before validation refit),0.08029176831225451,0.0,0.0
1,Logistic oriented [balanced],average_equity_correlation_60d,0.04810381007880007,0.04810381007880007,0.2,False,0.0,False,False,False,1.0,unchanged (below absolute correlation threshold),367,training only (frozen before validation refit),-0.010063482445600307,0.0,0.0
1,Logistic oriented [balanced],baa_credit_spread_pct,0.12815875484997852,0.12815875484997852,0.2,False,0.3333333333333333,False,False,False,1.0,unchanged (below absolute correlation threshold),367,training only (frozen before validation refit),0.061294878342863186,0.0,0.0
1,Logistic oriented [balanced],drawdown_severity,0.07738514952507772,0.07738514952507772,0.2,False,0.3333333333333333,False,False,False,1.0,unchanged (below absolute correlation threshold),367,training only (frozen before validation refit),0.012330536536894919,0.0,0.0
1,Logistic oriented [balanced],lagged_portfolio_loss_1d,0.10494727280659626,0.10494727280659626,0.2,False,0.3333333333333333,False,False,False,1.0,unchanged (below absolute correlation threshold),367,training only (frozen before validation refit),0.12932632179101505,0.0,0.0
1,Logistic oriented [balanced],liquidity_stress_20d,0.16892200014477543,0.16892200014477543,0.2,False,0.3333333333333333,False,False,False,1.0,unchanged (below absolute correlation threshold),367,training only (frozen before validation refit),0.14711508459616265,0.0,0.0
1,Logistic oriented [balanced],market_loss_1d,0.11190587623999664,0.11190587623999664,0.2,False,0.3333333333333333,False,False,False,1.0,unchanged (below absolute correlation threshold),367,training only (frozen before validation refit),0.13230611583151947,0.0,0.0
1,Logistic oriented [balanced],negative_momentum_21d,0.13011522924443847,0.13011522924443847,0.2,False,0.3333333333333333,False,False,False,1.0,unchanged (below absolute correlation threshold),367,training only (frozen before validation refit),0.13045684038503244,0.0,0.0
1,Logistic oriented [balanced],realized_volatility_20d,0.1009003144540277,0.1009003144540277,0.2,False,0.3333333333333333,False,False,False,1.0,unchanged (below absolute correlation threshold),367,training only (frozen before validation refit),0.06230404606762468,0.0,0.0
1,Logistic oriented [balanced],term_spread_10y_2y_pct,0.10315821197140691,0.10315821197140691,0.2,False,0.3333333333333333,False,False,False,1.0,unchanged (below absolute correlation threshold),367,training only (frozen before validation refit),0.31660078645438455,0.0,0.0
1,Logistic oriented [balanced],vix,0.13298668543245862,0.13298668543245862,0.2,False,0.3333333333333333,False,False,False,1.0,unchanged (below absolute correlation threshold),367,training only (frozen before validation refit),0.08029176831225451,0.0,0.0
1,Logistic oriented [unweighted],average_equity_correlation_60d,0.04810381007880007,0.04810381007880007,0.2,False,0.0,False,False,False,1.0,unchanged (below absolute correlation threshold),367,training only (frozen before validation refit),-0.010063482445600307,0.0,0.0
1,Logistic oriented [unweighted],baa_credit_spread_pct,0.12815875484997852,0.12815875484997852,0.2,False,0.3333333333333333,False,False,False,1.0,unchanged (below absolute correlation threshold),367,training only (frozen before validation refit),0.061294878342863186,0.0,0.0
1,Logistic oriented [unweighted],drawdown_severity,0.07738514952507772,0.07738514952507772,0.2,False,0.3333333333333333,False,False,False,1.0,unchanged (below absolute correlation threshold),367,training only (frozen before validation refit),0.012330536536894919,0.0,0.0
1,Logistic oriented [unweighted],lagged_portfolio_loss_1d,0.10494727280659626,0.10494727280659626,0.2,False,0.3333333333333333,False,False,False,1.0,unchanged (below absolute correlation threshold),367,training only (frozen before validation refit),0.12932632179101505,0.0,0.0
1,Logistic oriented [unweighted],liquidity_stress_20d,0.16892200014477543,0.16892200014477543,0.2,False,0.3333333333333333,False,False,False,1.0,unchanged (below absolute correlation threshold),367,training only (frozen before validation refit),0.14711508459616265,0.0,0.0
1,Logistic oriented [unweighted],market_loss_1d,0.11190587623999664,0.11190587623999664,0.2,False,0.3333333333333333,False,False,False,1.0,unchanged (below absolute correlation threshold),367,training only (frozen before validation refit),0.13230611583151947,0.0,0.0
1,Logistic oriented [unweighted],negative_momentum_21d,0.13011522924443847,0.13011522924443847,0.2,False,0.3333333333333333,False,False,False,1.0,unchanged (below absolute correlation threshold),367,training only (frozen before validation refit),0.13045684038503244,0.0,0.0
1,Logistic oriented [unweighted],realized_volatility_20d,0.1009003144540277,0.1009003144540277,0.2,False,0.3333333333333333,False,False,False,1.0,unchanged (below absolute correlation threshold),367,training only (frozen before validation refit),0.06230404606762468,0.0,0.0
1,Logistic oriented [unweighted],term_spread_10y_2y_pct,0.10315821197140691,0.10315821197140691,0.2,False,0.3333333333333333,False,False,False,1.0,unchanged (below absolute correlation threshold),367,training only (frozen before validation refit),0.31660078645438455,0.0,0.0
1,Logistic oriented [unweighted],vix,0.13298668543245862,0.13298668543245862,0.2,False,0.3333333333333333,False,False,False,1.0,unchanged (below absolute correlation threshold),367,training only (frozen before validation refit),0.08029176831225451,0.0,0.0
2,Choquistic 1-additive [balanced],average_equity_correlation_60d,0.0015173438027405249,0.0015173438027405249,0.2,False,0.3333333333333333,False,False,False,1.0,unchanged (below absolute correlation threshold),366,training only (frozen before validation refit),0.05119377406925577,-0.1240070296508775,-0.30466421576848796
2,Choquistic 1-additive [balanced],baa_credit_spread_pct,-0.25641905998160625,0.25641905998160625,0.2,True,0.6666666666666666,False,False,True,-1.0,multiplied by -1,366,training only (frozen before validation refit),-0.2352765058275765,0.05729743590846419,-0.41153746656588874
2,Choquistic 1-additive [balanced],drawdown_severity,-0.03882386592070547,0.03882386592070547,0.2,False,1.0,True,False,False,1.0,unchanged (below absolute correlation threshold),366,training only (frozen before validation refit),-0.0033194196789279734,-0.09931443708479863,-0.24220460199899307
2,Choquistic 1-additive [balanced],lagged_portfolio_loss_1d,-0.007648258325485157,0.007648258325485157,0.2,False,0.3333333333333333,False,False,False,1.0,unchanged (below absolute correlation threshold),366,training only (frozen before validation refit),0.09447748318487491,0.009526331480564658,-0.03967899626521912
2,Choquistic 1-additive [balanced],liquidity_stress_20d,-0.050566615187067905,0.050566615187067905,0.2,False,0.6666666666666666,False,False,False,1.0,unchanged (below absolute correlation threshold),366,training only (frozen before validation refit),0.010278066417341431,-0.2159823539193895,-0.3740802863775489
2,Choquistic 1-additive [balanced],market_loss_1d,-0.02115736465940975,0.02115736465940975,0.2,False,1.0,True,False,False,1.0,unchanged (below absolute correlation threshold),366,training only (frozen before validation refit),-0.09782145650862331,-0.028465805163498118,-0.015510417008415822
2,Choquistic 1-additive [balanced],negative_momentum_21d,-0.2925551658530258,0.2925551658530258,0.2,True,1.0,True,False,True,-1.0,multiplied by -1,366,training only (frozen before validation refit),-0.03476059643210949,-0.11720561638670834,-0.4748750463959194
2,Choquistic 1-additive [balanced],realized_volatility_20d,-0.019052876240678515,0.019052876240678515,0.2,False,0.6666666666666666,False,False,False,1.0,unchanged (below absolute correlation threshold),366,training only (frozen before validation refit),0.010784938080302025,-0.2185883570383072,-0.2195754906089194
2,Choquistic 1-additive [balanced],term_spread_10y_2y_pct,-0.14078938014841808,0.14078938014841808,0.2,False,0.3333333333333333,False,False,False,1.0,unchanged (below absolute correlation threshold),366,training only (frozen before validation refit),-0.24880474548582843,0.11250046507570272,0.15931852909807623
2,Choquistic 1-additive [balanced],vix,-0.00016103539712174016,0.00016103539712174016,0.2,False,1.0,True,False,False,1.0,unchanged (below absolute correlation threshold),366,training only (frozen before validation refit),-0.09854482208860767,-0.07106124635019422,-0.17146188663124842
2,Choquistic 1-additive [unweighted],average_equity_correlation_60d,0.0015173438027405249,0.0015173438027405249,0.2,False,0.3333333333333333,False,False,False,1.0,unchanged (below absolute correlation threshold),366,training only (frozen before validation refit),0.05119377406925577,-0.1240070296508775,-0.30466421576848796
2,Choquistic 1-additive [unweighted],baa_credit_spread_pct,-0.25641905998160625,0.25641905998160625,0.2,True,0.6666666666666666,False,False,True,-1.0,multiplied by -1,366,training only (frozen before validation refit),-0.2352765058275765,0.05729743590846419,-0.41153746656588874
2,Choquistic 1-additive [unweighted],drawdown_severity,-0.03882386592070547,0.03882386592070547,0.2,False,1.0,True,False,False,1.0,unchanged (below absolute correlation threshold),366,training only (frozen before validation refit),-0.0033194196789279734,-0.09931443708479863,-0.24220460199899307
2,Choquistic 1-additive [unweighted],lagged_portfolio_loss_1d,-0.007648258325485157,0.007648258325485157,0.2,False,0.3333333333333333,False,False,False,1.0,unchanged (below absolute correlation threshold),366,training only (frozen before validation refit),0.09447748318487491,0.009526331480564658,-0.03967899626521912
2,Choquistic 1-additive [unweighted],liquidity_stress_20d,-0.050566615187067905,0.050566615187067905,0.2,False,0.6666666666666666,False,False,False,1.0,unchanged (below absolute correlation threshold),366,training only (frozen before validation refit),0.010278066417341431,-0.2159823539193895,-0.3740802863775489
2,Choquistic 1-additive [unweighted],market_loss_1d,-0.02115736465940975,0.02115736465940975,0.2,False,1.0,True,False,False,1.0,unchanged (below absolute correlation threshold),366,training only (frozen before validation refit),-0.09782145650862331,-0.028465805163498118,-0.015510417008415822
2,Choquistic 1-additive [unweighted],negative_momentum_21d,-0.2925551658530258,0.2925551658530258,0.2,True,1.0,True,False,True,-1.0,multiplied by -1,366,training only (frozen before validation refit),-0.03476059643210949,-0.11720561638670834,-0.4748750463959194
2,Choquistic 1-additive [unweighted],realized_volatility_20d,-0.019052876240678515,0.019052876240678515,0.2,False,0.6666666666666666,False,False,False,1.0,unchanged (below absolute correlation threshold),366,training only (frozen before validation refit),0.010784938080302025,-0.2185883570383072,-0.2195754906089194
2,Choquistic 1-additive [unweighted],term_spread_10y_2y_pct,-0.14078938014841808,0.14078938014841808,0.2,False,0.3333333333333333,False,False,False,1.0,unchanged (below absolute correlation threshold),366,training only (frozen before validation refit),-0.24880474548582843,0.11250046507570272,0.15931852909807623
2,Choquistic 1-additive [unweighted],vix,-0.00016103539712174016,0.00016103539712174016,0.2,False,1.0,True,False,False,1.0,unchanged (below absolute correlation threshold),366,training only (frozen before validation refit),-0.09854482208860767,-0.07106124635019422,-0.17146188663124842
2,Choquistic 2-additive [balanced],average_equity_correlation_60d,0.0015173438027405249,0.0015173438027405249,0.2,False,0.3333333333333333,False,False,False,1.0,unchanged (below absolute correlation threshold),366,training only (frozen before validation refit),0.05119377406925577,-0.1240070296508775,-0.30466421576848796
2,Choquistic 2-additive [balanced],baa_credit_spread_pct,-0.25641905998160625,0.25641905998160625,0.2,True,0.6666666666666666,False,False,True,-1.0,multiplied by -1,366,training only (frozen before validation refit),-0.2352765058275765,0.05729743590846419,-0.41153746656588874
2,Choquistic 2-additive [balanced],drawdown_severity,-0.03882386592070547,0.03882386592070547,0.2,False,1.0,True,False,False,1.0,unchanged (below absolute correlation threshold),366,training only (frozen before validation refit),-0.0033194196789279734,-0.09931443708479863,-0.24220460199899307
2,Choquistic 2-additive [balanced],lagged_portfolio_loss_1d,-0.007648258325485157,0.007648258325485157,0.2,False,0.3333333333333333,False,False,False,1.0,unchanged (below absolute correlation threshold),366,training only (frozen before validation refit),0.09447748318487491,0.009526331480564658,-0.03967899626521912
2,Choquistic 2-additive [balanced],liquidity_stress_20d,-0.050566615187067905,0.050566615187067905,0.2,False,0.6666666666666666,False,False,False,1.0,unchanged (below absolute correlation threshold),366,training only (frozen before validation refit),0.010278066417341431,-0.2159823539193895,-0.3740802863775489
2,Choquistic 2-additive [balanced],market_loss_1d,-0.02115736465940975,0.02115736465940975,0.2,False,1.0,True,False,False,1.0,unchanged (below absolute correlation threshold),366,training only (frozen before validation refit),-0.09782145650862331,-0.028465805163498118,-0.015510417008415822
2,Choquistic 2-additive [balanced],negative_momentum_21d,-0.2925551658530258,0.2925551658530258,0.2,True,1.0,True,False,True,-1.0,multiplied by -1,366,training only (frozen before validation refit),-0.03476059643210949,-0.11720561638670834,-0.4748750463959194
2,Choquistic 2-additive [balanced],realized_volatility_20d,-0.019052876240678515,0.019052876240678515,0.2,False,0.6666666666666666,False,False,False,1.0,unchanged (below absolute correlation threshold),366,training only (frozen before validation refit),0.010784938080302025,-0.2185883570383072,-0.2195754906089194
2,Choquistic 2-additive [balanced],term_spread_10y_2y_pct,-0.14078938014841808,0.14078938014841808,0.2,False,0.3333333333333333,False,False,False,1.0,unchanged (below absolute correlation threshold),366,training only (frozen before validation refit),-0.24880474548582843,0.11250046507570272,0.15931852909807623
2,Choquistic 2-additive [balanced],vix,-0.00016103539712174016,0.00016103539712174016,0.2,False,1.0,True,False,False,1.0,unchanged (below absolute correlation threshold),366,training only (frozen before validation refit),-0.09854482208860767,-0.07106124635019422,-0.17146188663124842
2,Choquistic 2-additive [unweighted],average_equity_correlation_60d,0.0015173438027405249,0.0015173438027405249,0.2,False,0.3333333333333333,False,False,False,1.0,unchanged (below absolute correlation threshold),366,training only (frozen before validation refit),0.05119377406925577,-0.1240070296508775,-0.30466421576848796
2,Choquistic 2-additive [unweighted],baa_credit_spread_pct,-0.25641905998160625,0.25641905998160625,0.2,True,0.6666666666666666,False,False,True,-1.0,multiplied by -1,366,training only (frozen before validation refit),-0.2352765058275765,0.05729743590846419,-0.41153746656588874
2,Choquistic 2-additive [unweighted],drawdown_severity,-0.03882386592070547,0.03882386592070547,0.2,False,1.0,True,False,False,1.0,unchanged (below absolute correlation threshold),366,training only (frozen before validation refit),-0.0033194196789279734,-0.09931443708479863,-0.24220460199899307
2,Choquistic 2-additive [unweighted],lagged_portfolio_loss_1d,-0.007648258325485157,0.007648258325485157,0.2,False,0.3333333333333333,False,False,False,1.0,unchanged (below absolute correlation threshold),366,training only (frozen before validation refit),0.09447748318487491,0.009526331480564658,-0.03967899626521912
2,Choquistic 2-additive [unweighted],liquidity_stress_20d,-0.050566615187067905,0.050566615187067905,0.2,False,0.6666666666666666,False,False,False,1.0,unchanged (below absolute correlation threshold),366,training only (frozen before validation refit),0.010278066417341431,-0.2159823539193895,-0.3740802863775489
2,Choquistic 2-additive [unweighted],market_loss_1d,-0.02115736465940975,0.02115736465940975,0.2,False,1.0,True,False,False,1.0,unchanged (below absolute correlation threshold),366,training only (frozen before validation refit),-0.09782145650862331,-0.028465805163498118,-0.015510417008415822
2,Choquistic 2-additive [unweighted],negative_momentum_21d,-0.2925551658530258,0.2925551658530258,0.2,True,1.0,True,False,True,-1.0,multiplied by -1,366,training only (frozen before validation refit),-0.03476059643210949,-0.11720561638670834,-0.4748750463959194
2,Choquistic 2-additive [unweighted],realized_volatility_20d,-0.019052876240678515,0.019052876240678515,0.2,False,0.6666666666666666,False,False,False,1.0,unchanged (below absolute correlation threshold),366,training only (frozen before validation refit),0.010784938080302025,-0.2185883570383072,-0.2195754906089194
2,Choquistic 2-additive [unweighted],term_spread_10y_2y_pct,-0.14078938014841808,0.14078938014841808,0.2,False,0.3333333333333333,False,False,False,1.0,unchanged (below absolute correlation threshold),366,training only (frozen before validation refit),-0.24880474548582843,0.11250046507570272,0.15931852909807623
2,Choquistic 2-additive [unweighted],vix,-0.00016103539712174016,0.00016103539712174016,0.2,False,1.0,True,False,False,1.0,unchanged (below absolute correlation threshold),366,training only (frozen before validation refit),-0.09854482208860767,-0.07106124635019422,-0.17146188663124842
2,Logistic oriented [balanced],average_equity_correlation_60d,0.0015173438027405249,0.0015173438027405249,0.2,False,0.3333333333333333,False,False,False,1.0,unchanged (below absolute correlation threshold),366,training only (frozen before validation refit),0.05119377406925577,-0.1240070296508775,-0.30466421576848796
2,Logistic oriented [balanced],baa_credit_spread_pct,-0.25641905998160625,0.25641905998160625,0.2,True,0.6666666666666666,False,False,True,-1.0,multiplied by -1,366,training only (frozen before validation refit),-0.2352765058275765,0.05729743590846419,-0.41153746656588874
2,Logistic oriented [balanced],drawdown_severity,-0.03882386592070547,0.03882386592070547,0.2,False,1.0,True,False,False,1.0,unchanged (below absolute correlation threshold),366,training only (frozen before validation refit),-0.0033194196789279734,-0.09931443708479863,-0.24220460199899307
2,Logistic oriented [balanced],lagged_portfolio_loss_1d,-0.007648258325485157,0.007648258325485157,0.2,False,0.3333333333333333,False,False,False,1.0,unchanged (below absolute correlation threshold),366,training only (frozen before validation refit),0.09447748318487491,0.009526331480564658,-0.03967899626521912
2,Logistic oriented [balanced],liquidity_stress_20d,-0.050566615187067905,0.050566615187067905,0.2,False,0.6666666666666666,False,False,False,1.0,unchanged (below absolute correlation threshold),366,training only (frozen before validation refit),0.010278066417341431,-0.2159823539193895,-0.3740802863775489
2,Logistic oriented [balanced],market_loss_1d,-0.02115736465940975,0.02115736465940975,0.2,False,1.0,True,False,False,1.0,unchanged (below absolute correlation threshold),366,training only (frozen before validation refit),-0.09782145650862331,-0.028465805163498118,-0.015510417008415822
2,Logistic oriented [balanced],negative_momentum_21d,-0.2925551658530258,0.2925551658530258,0.2,True,1.0,True,False,True,-1.0,multiplied by -1,366,training only (frozen before validation refit),-0.03476059643210949,-0.11720561638670834,-0.4748750463959194
2,Logistic oriented [balanced],realized_volatility_20d,-0.019052876240678515,0.019052876240678515,0.2,False,0.6666666666666666,False,False,False,1.0,unchanged (below absolute correlation threshold),366,training only (frozen before validation refit),0.010784938080302025,-0.2185883570383072,-0.2195754906089194
2,Logistic oriented [balanced],term_spread_10y_2y_pct,-0.14078938014841808,0.14078938014841808,0.2,False,0.3333333333333333,False,False,False,1.0,unchanged (below absolute correlation threshold),366,training only (frozen before validation refit),-0.24880474548582843,0.11250046507570272,0.15931852909807623
2,Logistic oriented [balanced],vix,-0.00016103539712174016,0.00016103539712174016,0.2,False,1.0,True,False,False,1.0,unchanged (below absolute correlation threshold),366,training only (frozen before validation refit),-0.09854482208860767,-0.07106124635019422,-0.17146188663124842
2,Logistic oriented [unweighted],average_equity_correlation_60d,0.0015173438027405249,0.0015173438027405249,0.2,False,0.3333333333333333,False,False,False,1.0,unchanged (below absolute correlation threshold),366,training only (frozen before validation refit),0.05119377406925577,-0.1240070296508775,-0.30466421576848796
2,Logistic oriented [unweighted],baa_credit_spread_pct,-0.25641905998160625,0.25641905998160625,0.2,True,0.6666666666666666,False,False,True,-1.0,multiplied by -1,366,training only (frozen before validation refit),-0.2352765058275765,0.05729743590846419,-0.41153746656588874
2,Logistic oriented [unweighted],drawdown_severity,-0.03882386592070547,0.03882386592070547,0.2,False,1.0,True,False,False,1.0,unchanged (below absolute correlation threshold),366,training only (frozen before validation refit),-0.0033194196789279734,-0.09931443708479863,-0.24220460199899307
2,Logistic oriented [unweighted],lagged_portfolio_loss_1d,-0.007648258325485157,0.007648258325485157,0.2,False,0.3333333333333333,False,False,False,1.0,unchanged (below absolute correlation threshold),366,training only (frozen before validation refit),0.09447748318487491,0.009526331480564658,-0.03967899626521912
2,Logistic oriented [unweighted],liquidity_stress_20d,-0.050566615187067905,0.050566615187067905,0.2,False,0.6666666666666666,False,False,False,1.0,unchanged (below absolute correlation threshold),366,training only (frozen before validation refit),0.010278066417341431,-0.2159823539193895,-0.3740802863775489
2,Logistic oriented [unweighted],market_loss_1d,-0.02115736465940975,0.02115736465940975,0.2,False,1.0,True,False,False,1.0,unchanged (below absolute correlation threshold),366,training only (frozen before validation refit),-0.09782145650862331,-0.028465805163498118,-0.015510417008415822
2,Logistic oriented [unweighted],negative_momentum_21d,-0.2925551658530258,0.2925551658530258,0.2,True,1.0,True,False,True,-1.0,multiplied by -1,366,training only (frozen before validation refit),-0.03476059643210949,-0.11720561638670834,-0.4748750463959194
2,Logistic oriented [unweighted],realized_volatility_20d,-0.019052876240678515,0.019052876240678515,0.2,False,0.6666666666666666,False,False,False,1.0,unchanged (below absolute correlation threshold),366,training only (frozen before validation refit),0.010784938080302025,-0.2185883570383072,-0.2195754906089194
2,Logistic oriented [unweighted],term_spread_10y_2y_pct,-0.14078938014841808,0.14078938014841808,0.2,False,0.3333333333333333,False,False,False,1.0,unchanged (below absolute correlation threshold),366,training only (frozen before validation refit),-0.24880474548582843,0.11250046507570272,0.15931852909807623
2,Logistic oriented [unweighted],vix,-0.00016103539712174016,0.00016103539712174016,0.2,False,1.0,True,False,False,1.0,unchanged (below absolute correlation threshold),366,training only (frozen before validation refit),-0.09854482208860767,-0.07106124635019422,-0.17146188663124842
3,Choquistic 1-additive [balanced],average_equity_correlation_60d,-0.0657465142749145,0.0657465142749145,0.2,False,0.3333333333333333,False,False,False,1.0,unchanged (below absolute correlation threshold),365,training only (frozen before validation refit),-0.3734597161976341,0.36878112519004547,0.0
3,Choquistic 1-additive [balanced],baa_credit_spread_pct,-0.1204104179068544,0.1204104179068544,0.2,False,0.3333333333333333,False,False,False,1.0,unchanged (below absolute correlation threshold),365,training only (frozen before validation refit),-0.4065193735035466,0.4067871462839887,0.0
3,Choquistic 1-additive [balanced],drawdown_severity,-0.0583566581192365,0.0583566581192365,0.2,False,0.3333333333333333,False,False,False,1.0,unchanged (below absolute correlation threshold),365,training only (frozen before validation refit),-0.2537323696356249,0.30794025594403496,0.0
3,Choquistic 1-additive [balanced],lagged_portfolio_loss_1d,0.0051699012295803185,0.0051699012295803185,0.2,False,0.3333333333333333,False,False,False,1.0,unchanged (below absolute correlation threshold),365,training only (frozen before validation refit),-0.04599305821082725,0.030093764591179874,0.0
3,Choquistic 1-additive [balanced],liquidity_stress_20d,-0.0642990943633939,0.0642990943633939,0.2,False,0.3333333333333333,False,False,False,1.0,unchanged (below absolute correlation threshold),365,training only (frozen before validation refit),-0.4375204677723002,0.42853548589678325,0.0
3,Choquistic 1-additive [balanced],market_loss_1d,0.0034350989614026902,0.0034350989614026902,0.2,False,0.0,False,False,False,1.0,unchanged (below absolute correlation threshold),365,training only (frozen before validation refit),-0.020499338317592593,-0.010826678091442702,0.0
3,Choquistic 1-additive [balanced],negative_momentum_21d,-0.010867650119838642,0.010867650119838642,0.2,False,0.3333333333333333,False,False,False,1.0,unchanged (below absolute correlation threshold),365,training only (frozen before validation refit),-0.4735055523966911,0.2686702484024504,0.0
3,Choquistic 1-additive [balanced],realized_volatility_20d,0.09861281453496111,0.09861281453496111,0.2,False,0.3333333333333333,False,False,False,1.0,unchanged (below absolute correlation threshold),365,training only (frozen before validation refit),-0.22332481539032828,0.39613050346567524,0.0
3,Choquistic 1-additive [balanced],term_spread_10y_2y_pct,0.08093426687230429,0.08093426687230429,0.2,False,0.3333333333333333,False,False,False,1.0,unchanged (below absolute correlation threshold),365,training only (frozen before validation refit),0.18578903136530456,-0.40759573556342354,0.0
3,Choquistic 1-additive [balanced],vix,0.0020567002883001406,0.0020567002883001406,0.2,False,0.3333333333333333,False,False,False,1.0,unchanged (below absolute correlation threshold),365,training only (frozen before validation refit),-0.1940172506184939,0.2300028206178228,0.0
3,Choquistic 1-additive [unweighted],average_equity_correlation_60d,-0.0657465142749145,0.0657465142749145,0.2,False,0.3333333333333333,False,False,False,1.0,unchanged (below absolute correlation threshold),365,training only (frozen before validation refit),-0.3734597161976341,0.36878112519004547,0.0
3,Choquistic 1-additive [unweighted],baa_credit_spread_pct,-0.1204104179068544,0.1204104179068544,0.2,False,0.3333333333333333,False,False,False,1.0,unchanged (below absolute correlation threshold),365,training only (frozen before validation refit),-0.4065193735035466,0.4067871462839887,0.0
3,Choquistic 1-additive [unweighted],drawdown_severity,-0.0583566581192365,0.0583566581192365,0.2,False,0.3333333333333333,False,False,False,1.0,unchanged (below absolute correlation threshold),365,training only (frozen before validation refit),-0.2537323696356249,0.30794025594403496,0.0
3,Choquistic 1-additive [unweighted],lagged_portfolio_loss_1d,0.0051699012295803185,0.0051699012295803185,0.2,False,0.3333333333333333,False,False,False,1.0,unchanged (below absolute correlation threshold),365,training only (frozen before validation refit),-0.04599305821082725,0.030093764591179874,0.0
3,Choquistic 1-additive [unweighted],liquidity_stress_20d,-0.0642990943633939,0.0642990943633939,0.2,False,0.3333333333333333,False,False,False,1.0,unchanged (below absolute correlation threshold),365,training only (frozen before validation refit),-0.4375204677723002,0.42853548589678325,0.0
3,Choquistic 1-additive [unweighted],market_loss_1d,0.0034350989614026902,0.0034350989614026902,0.2,False,0.0,False,False,False,1.0,unchanged (below absolute correlation threshold),365,training only (frozen before validation refit),-0.020499338317592593,-0.010826678091442702,0.0
3,Choquistic 1-additive [unweighted],negative_momentum_21d,-0.010867650119838642,0.010867650119838642,0.2,False,0.3333333333333333,False,False,False,1.0,unchanged (below absolute correlation threshold),365,training only (frozen before validation refit),-0.4735055523966911,0.2686702484024504,0.0
3,Choquistic 1-additive [unweighted],realized_volatility_20d,0.09861281453496111,0.09861281453496111,0.2,False,0.3333333333333333,False,False,False,1.0,unchanged (below absolute correlation threshold),365,training only (frozen before validation refit),-0.22332481539032828,0.39613050346567524,0.0
3,Choquistic 1-additive [unweighted],term_spread_10y_2y_pct,0.08093426687230429,0.08093426687230429,0.2,False,0.3333333333333333,False,False,False,1.0,unchanged (below absolute correlation threshold),365,training only (frozen before validation refit),0.18578903136530456,-0.40759573556342354,0.0
3,Choquistic 1-additive [unweighted],vix,0.0020567002883001406,0.0020567002883001406,0.2,False,0.3333333333333333,False,False,False,1.0,unchanged (below absolute correlation threshold),365,training only (frozen before validation refit),-0.1940172506184939,0.2300028206178228,0.0
3,Choquistic 2-additive [balanced],average_equity_correlation_60d,-0.0657465142749145,0.0657465142749145,0.2,False,0.3333333333333333,False,False,False,1.0,unchanged (below absolute correlation threshold),365,training only (frozen before validation refit),-0.3734597161976341,0.36878112519004547,0.0
3,Choquistic 2-additive [balanced],baa_credit_spread_pct,-0.1204104179068544,0.1204104179068544,0.2,False,0.3333333333333333,False,False,False,1.0,unchanged (below absolute correlation threshold),365,training only (frozen before validation refit),-0.4065193735035466,0.4067871462839887,0.0
3,Choquistic 2-additive [balanced],drawdown_severity,-0.0583566581192365,0.0583566581192365,0.2,False,0.3333333333333333,False,False,False,1.0,unchanged (below absolute correlation threshold),365,training only (frozen before validation refit),-0.2537323696356249,0.30794025594403496,0.0
3,Choquistic 2-additive [balanced],lagged_portfolio_loss_1d,0.0051699012295803185,0.0051699012295803185,0.2,False,0.3333333333333333,False,False,False,1.0,unchanged (below absolute correlation threshold),365,training only (frozen before validation refit),-0.04599305821082725,0.030093764591179874,0.0
3,Choquistic 2-additive [balanced],liquidity_stress_20d,-0.0642990943633939,0.0642990943633939,0.2,False,0.3333333333333333,False,False,False,1.0,unchanged (below absolute correlation threshold),365,training only (frozen before validation refit),-0.4375204677723002,0.42853548589678325,0.0
3,Choquistic 2-additive [balanced],market_loss_1d,0.0034350989614026902,0.0034350989614026902,0.2,False,0.0,False,False,False,1.0,unchanged (below absolute correlation threshold),365,training only (frozen before validation refit),-0.020499338317592593,-0.010826678091442702,0.0
3,Choquistic 2-additive [balanced],negative_momentum_21d,-0.010867650119838642,0.010867650119838642,0.2,False,0.3333333333333333,False,False,False,1.0,unchanged (below absolute correlation threshold),365,training only (frozen before validation refit),-0.4735055523966911,0.2686702484024504,0.0
3,Choquistic 2-additive [balanced],realized_volatility_20d,0.09861281453496111,0.09861281453496111,0.2,False,0.3333333333333333,False,False,False,1.0,unchanged (below absolute correlation threshold),365,training only (frozen before validation refit),-0.22332481539032828,0.39613050346567524,0.0
3,Choquistic 2-additive [balanced],term_spread_10y_2y_pct,0.08093426687230429,0.08093426687230429,0.2,False,0.3333333333333333,False,False,False,1.0,unchanged (below absolute correlation threshold),365,training only (frozen before validation refit),0.18578903136530456,-0.40759573556342354,0.0
3,Choquistic 2-additive [balanced],vix,0.0020567002883001406,0.0020567002883001406,0.2,False,0.3333333333333333,False,False,False,1.0,unchanged (below absolute correlation threshold),365,training only (frozen before validation refit),-0.1940172506184939,0.2300028206178228,0.0
3,Choquistic 2-additive [unweighted],average_equity_correlation_60d,-0.0657465142749145,0.0657465142749145,0.2,False,0.3333333333333333,False,False,False,1.0,unchanged (below absolute correlation threshold),365,training only (frozen before validation refit),-0.3734597161976341,0.36878112519004547,0.0
3,Choquistic 2-additive [unweighted],baa_credit_spread_pct,-0.1204104179068544,0.1204104179068544,0.2,False,0.3333333333333333,False,False,False,1.0,unchanged (below absolute correlation threshold),365,training only (frozen before validation refit),-0.4065193735035466,0.4067871462839887,0.0
3,Choquistic 2-additive [unweighted],drawdown_severity,-0.0583566581192365,0.0583566581192365,0.2,False,0.3333333333333333,False,False,False,1.0,unchanged (below absolute correlation threshold),365,training only (frozen before validation refit),-0.2537323696356249,0.30794025594403496,0.0
3,Choquistic 2-additive [unweighted],lagged_portfolio_loss_1d,0.0051699012295803185,0.0051699012295803185,0.2,False,0.3333333333333333,False,False,False,1.0,unchanged (below absolute correlation threshold),365,training only (frozen before validation refit),-0.04599305821082725,0.030093764591179874,0.0
3,Choquistic 2-additive [unweighted],liquidity_stress_20d,-0.0642990943633939,0.0642990943633939,0.2,False,0.3333333333333333,False,False,False,1.0,unchanged (below absolute correlation threshold),365,training only (frozen before validation refit),-0.4375204677723002,0.42853548589678325,0.0
3,Choquistic 2-additive [unweighted],market_loss_1d,0.0034350989614026902,0.0034350989614026902,0.2,False,0.0,False,False,False,1.0,unchanged (below absolute correlation threshold),365,training only (frozen before validation refit),-0.020499338317592593,-0.010826678091442702,0.0
3,Choquistic 2-additive [unweighted],negative_momentum_21d,-0.010867650119838642,0.010867650119838642,0.2,False,0.3333333333333333,False,False,False,1.0,unchanged (below absolute correlation threshold),365,training only (frozen before validation refit),-0.4735055523966911,0.2686702484024504,0.0
3,Choquistic 2-additive [unweighted],realized_volatility_20d,0.09861281453496111,0.09861281453496111,0.2,False,0.3333333333333333,False,False,False,1.0,unchanged (below absolute correlation threshold),365,training only (frozen before validation refit),-0.22332481539032828,0.39613050346567524,0.0
3,Choquistic 2-additive [unweighted],term_spread_10y_2y_pct,0.08093426687230429,0.08093426687230429,0.2,False,0.3333333333333333,False,False,False,1.0,unchanged (below absolute correlation threshold),365,training only (frozen before validation refit),0.18578903136530456,-0.40759573556342354,0.0
3,Choquistic 2-additive [unweighted],vix,0.0020567002883001406,0.0020567002883001406,0.2,False,0.3333333333333333,False,False,False,1.0,unchanged (below absolute correlation threshold),365,training only (frozen before validation refit),-0.1940172506184939,0.2300028206178228,0.0
3,Logistic oriented [balanced],average_equity_correlation_60d,-0.0657465142749145,0.0657465142749145,0.2,False,0.3333333333333333,False,False,False,1.0,unchanged (below absolute correlation threshold),365,training only (frozen before validation refit),-0.3734597161976341,0.36878112519004547,0.0
3,Logistic oriented [balanced],baa_credit_spread_pct,-0.1204104179068544,0.1204104179068544,0.2,False,0.3333333333333333,False,False,False,1.0,unchanged (below absolute correlation threshold),365,training only (frozen before validation refit),-0.4065193735035466,0.4067871462839887,0.0
3,Logistic oriented [balanced],drawdown_severity,-0.0583566581192365,0.0583566581192365,0.2,False,0.3333333333333333,False,False,False,1.0,unchanged (below absolute correlation threshold),365,training only (frozen before validation refit),-0.2537323696356249,0.30794025594403496,0.0
3,Logistic oriented [balanced],lagged_portfolio_loss_1d,0.0051699012295803185,0.0051699012295803185,0.2,False,0.3333333333333333,False,False,False,1.0,unchanged (below absolute correlation threshold),365,training only (frozen before validation refit),-0.04599305821082725,0.030093764591179874,0.0
3,Logistic oriented [balanced],liquidity_stress_20d,-0.0642990943633939,0.0642990943633939,0.2,False,0.3333333333333333,False,False,False,1.0,unchanged (below absolute correlation threshold),365,training only (frozen before validation refit),-0.4375204677723002,0.42853548589678325,0.0
3,Logistic oriented [balanced],market_loss_1d,0.0034350989614026902,0.0034350989614026902,0.2,False,0.0,False,False,False,1.0,unchanged (below absolute correlation threshold),365,training only (frozen before validation refit),-0.020499338317592593,-0.010826678091442702,0.0
3,Logistic oriented [balanced],negative_momentum_21d,-0.010867650119838642,0.010867650119838642,0.2,False,0.3333333333333333,False,False,False,1.0,unchanged (below absolute correlation threshold),365,training only (frozen before validation refit),-0.4735055523966911,0.2686702484024504,0.0
3,Logistic oriented [balanced],realized_volatility_20d,0.09861281453496111,0.09861281453496111,0.2,False,0.3333333333333333,False,False,False,1.0,unchanged (below absolute correlation threshold),365,training only (frozen before validation refit),-0.22332481539032828,0.39613050346567524,0.0
3,Logistic oriented [balanced],term_spread_10y_2y_pct,0.08093426687230429,0.08093426687230429,0.2,False,0.3333333333333333,False,False,False,1.0,unchanged (below absolute correlation threshold),365,training only (frozen before validation refit),0.18578903136530456,-0.40759573556342354,0.0
3,Logistic oriented [balanced],vix,0.0020567002883001406,0.0020567002883001406,0.2,False,0.3333333333333333,False,False,False,1.0,unchanged (below absolute correlation threshold),365,training only (frozen before validation refit),-0.1940172506184939,0.2300028206178228,0.0
3,Logistic oriented [unweighted],average_equity_correlation_60d,-0.0657465142749145,0.0657465142749145,0.2,False,0.3333333333333333,False,False,False,1.0,unchanged (below absolute correlation threshold),365,training only (frozen before validation refit),-0.3734597161976341,0.36878112519004547,0.0
3,Logistic oriented [unweighted],baa_credit_spread_pct,-0.1204104179068544,0.1204104179068544,0.2,False,0.3333333333333333,False,False,False,1.0,unchanged (below absolute correlation threshold),365,training only (frozen before validation refit),-0.4065193735035466,0.4067871462839887,0.0
3,Logistic oriented [unweighted],drawdown_severity,-0.0583566581192365,0.0583566581192365,0.2,False,0.3333333333333333,False,False,False,1.0,unchanged (below absolute correlation threshold),365,training only (frozen before validation refit),-0.2537323696356249,0.30794025594403496,0.0
3,Logistic oriented [unweighted],lagged_portfolio_loss_1d,0.0051699012295803185,0.0051699012295803185,0.2,False,0.3333333333333333,False,False,False,1.0,unchanged (below absolute correlation threshold),365,training only (frozen before validation refit),-0.04599305821082725,0.030093764591179874,0.0
3,Logistic oriented [unweighted],liquidity_stress_20d,-0.0642990943633939,0.0642990943633939,0.2,False,0.3333333333333333,False,False,False,1.0,unchanged (below absolute correlation threshold),365,training only (frozen before validation refit),-0.4375204677723002,0.42853548589678325,0.0
3,Logistic oriented [unweighted],market_loss_1d,0.0034350989614026902,0.0034350989614026902,0.2,False,0.0,False,False,False,1.0,unchanged (below absolute correlation threshold),365,training only (frozen before validation refit),-0.020499338317592593,-0.010826678091442702,0.0
3,Logistic oriented [unweighted],negative_momentum_21d,-0.010867650119838642,0.010867650119838642,0.2,False,0.3333333333333333,False,False,False,1.0,unchanged (below absolute correlation threshold),365,training only (frozen before validation refit),-0.4735055523966911,0.2686702484024504,0.0
3,Logistic oriented [unweighted],realized_volatility_20d,0.09861281453496111,0.09861281453496111,0.2,False,0.3333333333333333,False,False,False,1.0,unchanged (below absolute correlation threshold),365,training only (frozen before validation refit),-0.22332481539032828,0.39613050346567524,0.0
3,Logistic oriented [unweighted],term_spread_10y_2y_pct,0.08093426687230429,0.08093426687230429,0.2,False,0.3333333333333333,False,False,False,1.0,unchanged (below absolute correlation threshold),365,training only (frozen before validation refit),0.18578903136530456,-0.40759573556342354,0.0
3,Logistic oriented [unweighted],vix,0.0020567002883001406,0.0020567002883001406,0.2,False,0.3333333333333333,False,False,False,1.0,unchanged (below absolute correlation threshold),365,training only (frozen before validation refit),-0.1940172506184939,0.2300028206178228,0.0
4,Choquistic 1-additive [balanced],average_equity_correlation_60d,-0.03536619020196318,0.03536619020196318,0.2,False,0.3333333333333333,False,False,False,1.0,unchanged (below absolute correlation threshold),367,training only (frozen before validation refit),0.0,0.0,-0.22784292104196543
4,Choquistic 1-additive [balanced],baa_credit_spread_pct,-0.07385251946846409,0.07385251946846409,0.2,False,0.3333333333333333,False,False,False,1.0,unchanged (below absolute correlation threshold),367,training only (frozen before validation refit),0.0,0.0,-0.3427325366021866
4,Choquistic 1-additive [balanced],drawdown_severity,-0.03185703401324981,0.03185703401324981,0.2,False,0.3333333333333333,False,False,False,1.0,unchanged (below absolute correlation threshold),367,training only (frozen before validation refit),0.0,0.0,-0.12166655327296992
4,Choquistic 1-additive [balanced],lagged_portfolio_loss_1d,0.08748272861813945,0.08748272861813945,0.2,False,0.3333333333333333,False,False,False,1.0,unchanged (below absolute correlation threshold),367,training only (frozen before validation refit),0.0,0.0,0.09332361200915243
4,Choquistic 1-additive [balanced],liquidity_stress_20d,0.01897961618228129,0.01897961618228129,0.2,False,0.0,False,False,False,1.0,unchanged (below absolute correlation threshold),367,training only (frozen before validation refit),0.0,0.0,-0.2012652677039591
4,Choquistic 1-additive [balanced],market_loss_1d,0.10295481157441687,0.10295481157441687,0.2,False,0.3333333333333333,False,False,False,1.0,unchanged (below absolute correlation threshold),367,training only (frozen before validation refit),0.0,0.0,0.10548887531919911
4,Choquistic 1-additive [balanced],negative_momentum_21d,0.10171223833872134,0.10171223833872134,0.2,False,0.3333333333333333,False,False,False,1.0,unchanged (below absolute correlation threshold),367,training only (frozen before validation refit),0.0,0.0,0.09692867084472631
4,Choquistic 1-additive [balanced],realized_volatility_20d,0.05838268190864939,0.05838268190864939,0.2,False,0.0,False,False,False,1.0,unchanged (below absolute correlation threshold),367,training only (frozen before validation refit),0.0,0.0,-0.14112020498004482
4,Choquistic 1-additive [balanced],term_spread_10y_2y_pct,-0.06820348173020041,0.06820348173020041,0.2,False,0.3333333333333333,False,False,False,1.0,unchanged (below absolute correlation threshold),367,training only (frozen before validation refit),0.0,0.0,-0.5285040043534639
4,Choquistic 1-additive [balanced],vix,0.11482449399594107,0.11482449399594107,0.2,False,0.0,False,False,False,1.0,unchanged (below absolute correlation threshold),367,training only (frozen before validation refit),0.0,0.0,-0.12442517168193691
4,Choquistic 1-additive [unweighted],average_equity_correlation_60d,-0.03536619020196318,0.03536619020196318,0.2,False,0.3333333333333333,False,False,False,1.0,unchanged (below absolute correlation threshold),367,training only (frozen before validation refit),0.0,0.0,-0.22784292104196543
4,Choquistic 1-additive [unweighted],baa_credit_spread_pct,-0.07385251946846409,0.07385251946846409,0.2,False,0.3333333333333333,False,False,False,1.0,unchanged (below absolute correlation threshold),367,training only (frozen before validation refit),0.0,0.0,-0.3427325366021866
4,Choquistic 1-additive [unweighted],drawdown_severity,-0.03185703401324981,0.03185703401324981,0.2,False,0.3333333333333333,False,False,False,1.0,unchanged (below absolute correlation threshold),367,training only (frozen before validation refit),0.0,0.0,-0.12166655327296992
4,Choquistic 1-additive [unweighted],lagged_portfolio_loss_1d,0.08748272861813945,0.08748272861813945,0.2,False,0.3333333333333333,False,False,False,1.0,unchanged (below absolute correlation threshold),367,training only (frozen before validation refit),0.0,0.0,0.09332361200915243
4,Choquistic 1-additive [unweighted],liquidity_stress_20d,0.01897961618228129,0.01897961618228129,0.2,False,0.0,False,False,False,1.0,unchanged (below absolute correlation threshold),367,training only (frozen before validation refit),0.0,0.0,-0.2012652677039591
4,Choquistic 1-additive [unweighted],market_loss_1d,0.10295481157441687,0.10295481157441687,0.2,False,0.3333333333333333,False,False,False,1.0,unchanged (below absolute correlation threshold),367,training only (frozen before validation refit),0.0,0.0,0.10548887531919911
4,Choquistic 1-additive [unweighted],negative_momentum_21d,0.10171223833872134,0.10171223833872134,0.2,False,0.3333333333333333,False,False,False,1.0,unchanged (below absolute correlation threshold),367,training only (frozen before validation refit),0.0,0.0,0.09692867084472631
4,Choquistic 1-additive [unweighted],realized_volatility_20d,0.05838268190864939,0.05838268190864939,0.2,False,0.0,False,False,False,1.0,unchanged (below absolute correlation threshold),367,training only (frozen before validation refit),0.0,0.0,-0.14112020498004482
4,Choquistic 1-additive [unweighted],term_spread_10y_2y_pct,-0.06820348173020041,0.06820348173020041,0.2,False,0.3333333333333333,False,False,False,1.0,unchanged (below absolute correlation threshold),367,training only (frozen before validation refit),0.0,0.0,-0.5285040043534639
4,Choquistic 1-additive [unweighted],vix,0.11482449399594107,0.11482449399594107,0.2,False,0.0,False,False,False,1.0,unchanged (below absolute correlation threshold),367,training only (frozen before validation refit),0.0,0.0,-0.12442517168193691
4,Choquistic 2-additive [balanced],average_equity_correlation_60d,-0.03536619020196318,0.03536619020196318,0.2,False,0.3333333333333333,False,False,False,1.0,unchanged (below absolute correlation threshold),367,training only (frozen before validation refit),0.0,0.0,-0.22784292104196543
4,Choquistic 2-additive [balanced],baa_credit_spread_pct,-0.07385251946846409,0.07385251946846409,0.2,False,0.3333333333333333,False,False,False,1.0,unchanged (below absolute correlation threshold),367,training only (frozen before validation refit),0.0,0.0,-0.3427325366021866
4,Choquistic 2-additive [balanced],drawdown_severity,-0.03185703401324981,0.03185703401324981,0.2,False,0.3333333333333333,False,False,False,1.0,unchanged (below absolute correlation threshold),367,training only (frozen before validation refit),0.0,0.0,-0.12166655327296992
4,Choquistic 2-additive [balanced],lagged_portfolio_loss_1d,0.08748272861813945,0.08748272861813945,0.2,False,0.3333333333333333,False,False,False,1.0,unchanged (below absolute correlation threshold),367,training only (frozen before validation refit),0.0,0.0,0.09332361200915243
4,Choquistic 2-additive [balanced],liquidity_stress_20d,0.01897961618228129,0.01897961618228129,0.2,False,0.0,False,False,False,1.0,unchanged (below absolute correlation threshold),367,training only (frozen before validation refit),0.0,0.0,-0.2012652677039591
4,Choquistic 2-additive [balanced],market_loss_1d,0.10295481157441687,0.10295481157441687,0.2,False,0.3333333333333333,False,False,False,1.0,unchanged (below absolute correlation threshold),367,training only (frozen before validation refit),0.0,0.0,0.10548887531919911
4,Choquistic 2-additive [balanced],negative_momentum_21d,0.10171223833872134,0.10171223833872134,0.2,False,0.3333333333333333,False,False,False,1.0,unchanged (below absolute correlation threshold),367,training only (frozen before validation refit),0.0,0.0,0.09692867084472631
4,Choquistic 2-additive [balanced],realized_volatility_20d,0.05838268190864939,0.05838268190864939,0.2,False,0.0,False,False,False,1.0,unchanged (below absolute correlation threshold),367,training only (frozen before validation refit),0.0,0.0,-0.14112020498004482
4,Choquistic 2-additive [balanced],term_spread_10y_2y_pct,-0.06820348173020041,0.06820348173020041,0.2,False,0.3333333333333333,False,False,False,1.0,unchanged (below absolute correlation threshold),367,training only (frozen before validation refit),0.0,0.0,-0.5285040043534639
4,Choquistic 2-additive [balanced],vix,0.11482449399594107,0.11482449399594107,0.2,False,0.0,False,False,False,1.0,unchanged (below absolute correlation threshold),367,training only (frozen before validation refit),0.0,0.0,-0.12442517168193691
4,Choquistic 2-additive [unweighted],average_equity_correlation_60d,-0.03536619020196318,0.03536619020196318,0.2,False,0.3333333333333333,False,False,False,1.0,unchanged (below absolute correlation threshold),367,training only (frozen before validation refit),0.0,0.0,-0.22784292104196543
4,Choquistic 2-additive [unweighted],baa_credit_spread_pct,-0.07385251946846409,0.07385251946846409,0.2,False,0.3333333333333333,False,False,False,1.0,unchanged (below absolute correlation threshold),367,training only (frozen before validation refit),0.0,0.0,-0.3427325366021866
4,Choquistic 2-additive [unweighted],drawdown_severity,-0.03185703401324981,0.03185703401324981,0.2,False,0.3333333333333333,False,False,False,1.0,unchanged (below absolute correlation threshold),367,training only (frozen before validation refit),0.0,0.0,-0.12166655327296992
4,Choquistic 2-additive [unweighted],lagged_portfolio_loss_1d,0.08748272861813945,0.08748272861813945,0.2,False,0.3333333333333333,False,False,False,1.0,unchanged (below absolute correlation threshold),367,training only (frozen before validation refit),0.0,0.0,0.09332361200915243
4,Choquistic 2-additive [unweighted],liquidity_stress_20d,0.01897961618228129,0.01897961618228129,0.2,False,0.0,False,False,False,1.0,unchanged (below absolute correlation threshold),367,training only (frozen before validation refit),0.0,0.0,-0.2012652677039591
4,Choquistic 2-additive [unweighted],market_loss_1d,0.10295481157441687,0.10295481157441687,0.2,False,0.3333333333333333,False,False,False,1.0,unchanged (below absolute correlation threshold),367,training only (frozen before validation refit),0.0,0.0,0.10548887531919911
4,Choquistic 2-additive [unweighted],negative_momentum_21d,0.10171223833872134,0.10171223833872134,0.2,False,0.3333333333333333,False,False,False,1.0,unchanged (below absolute correlation threshold),367,training only (frozen before validation refit),0.0,0.0,0.09692867084472631
4,Choquistic 2-additive [unweighted],realized_volatility_20d,0.05838268190864939,0.05838268190864939,0.2,False,0.0,False,False,False,1.0,unchanged (below absolute correlation threshold),367,training only (frozen before validation refit),0.0,0.0,-0.14112020498004482
4,Choquistic 2-additive [unweighted],term_spread_10y_2y_pct,-0.06820348173020041,0.06820348173020041,0.2,False,0.3333333333333333,False,False,False,1.0,unchanged (below absolute correlation threshold),367,training only (frozen before validation refit),0.0,0.0,-0.5285040043534639
4,Choquistic 2-additive [unweighted],vix,0.11482449399594107,0.11482449399594107,0.2,False,0.0,False,False,False,1.0,unchanged (below absolute correlation threshold),367,training only (frozen before validation refit),0.0,0.0,-0.12442517168193691
4,Logistic oriented [balanced],average_equity_correlation_60d,-0.03536619020196318,0.03536619020196318,0.2,False,0.3333333333333333,False,False,False,1.0,unchanged (below absolute correlation threshold),367,training only (frozen before validation refit),0.0,0.0,-0.22784292104196543
4,Logistic oriented [balanced],baa_credit_spread_pct,-0.07385251946846409,0.07385251946846409,0.2,False,0.3333333333333333,False,False,False,1.0,unchanged (below absolute correlation threshold),367,training only (frozen before validation refit),0.0,0.0,-0.3427325366021866
4,Logistic oriented [balanced],drawdown_severity,-0.03185703401324981,0.03185703401324981,0.2,False,0.3333333333333333,False,False,False,1.0,unchanged (below absolute correlation threshold),367,training only (frozen before validation refit),0.0,0.0,-0.12166655327296992
4,Logistic oriented [balanced],lagged_portfolio_loss_1d,0.08748272861813945,0.08748272861813945,0.2,False,0.3333333333333333,False,False,False,1.0,unchanged (below absolute correlation threshold),367,training only (frozen before validation refit),0.0,0.0,0.09332361200915243
4,Logistic oriented [balanced],liquidity_stress_20d,0.01897961618228129,0.01897961618228129,0.2,False,0.0,False,False,False,1.0,unchanged (below absolute correlation threshold),367,training only (frozen before validation refit),0.0,0.0,-0.2012652677039591
4,Logistic oriented [balanced],market_loss_1d,0.10295481157441687,0.10295481157441687,0.2,False,0.3333333333333333,False,False,False,1.0,unchanged (below absolute correlation threshold),367,training only (frozen before validation refit),0.0,0.0,0.10548887531919911
4,Logistic oriented [balanced],negative_momentum_21d,0.10171223833872134,0.10171223833872134,0.2,False,0.3333333333333333,False,False,False,1.0,unchanged (below absolute correlation threshold),367,training only (frozen before validation refit),0.0,0.0,0.09692867084472631
4,Logistic oriented [balanced],realized_volatility_20d,0.05838268190864939,0.05838268190864939,0.2,False,0.0,False,False,False,1.0,unchanged (below absolute correlation threshold),367,training only (frozen before validation refit),0.0,0.0,-0.14112020498004482
4,Logistic oriented [balanced],term_spread_10y_2y_pct,-0.06820348173020041,0.06820348173020041,0.2,False,0.3333333333333333,False,False,False,1.0,unchanged (below absolute correlation threshold),367,training only (frozen before validation refit),0.0,0.0,-0.5285040043534639
4,Logistic oriented [balanced],vix,0.11482449399594107,0.11482449399594107,0.2,False,0.0,False,False,False,1.0,unchanged (below absolute correlation threshold),367,training only (frozen before validation refit),0.0,0.0,-0.12442517168193691
4,Logistic oriented [unweighted],average_equity_correlation_60d,-0.03536619020196318,0.03536619020196318,0.2,False,0.3333333333333333,False,False,False,1.0,unchanged (below absolute correlation threshold),367,training only (frozen before validation refit),0.0,0.0,-0.22784292104196543
4,Logistic oriented [unweighted],baa_credit_spread_pct,-0.07385251946846409,0.07385251946846409,0.2,False,0.3333333333333333,False,False,False,1.0,unchanged (below absolute correlation threshold),367,training only (frozen before validation refit),0.0,0.0,-0.3427325366021866
4,Logistic oriented [unweighted],drawdown_severity,-0.03185703401324981,0.03185703401324981,0.2,False,0.3333333333333333,False,False,False,1.0,unchanged (below absolute correlation threshold),367,training only (frozen before validation refit),0.0,0.0,-0.12166655327296992
4,Logistic oriented [unweighted],lagged_portfolio_loss_1d,0.08748272861813945,0.08748272861813945,0.2,False,0.3333333333333333,False,False,False,1.0,unchanged (below absolute correlation threshold),367,training only (frozen before validation refit),0.0,0.0,0.09332361200915243
4,Logistic oriented [unweighted],liquidity_stress_20d,0.01897961618228129,0.01897961618228129,0.2,False,0.0,False,False,False,1.0,unchanged (below absolute correlation threshold),367,training only (frozen before validation refit),0.0,0.0,-0.2012652677039591
4,Logistic oriented [unweighted],market_loss_1d,0.10295481157441687,0.10295481157441687,0.2,False,0.3333333333333333,False,False,False,1.0,unchanged (below absolute correlation threshold),367,training only (frozen before validation refit),0.0,0.0,0.10548887531919911
4,Logistic oriented [unweighted],negative_momentum_21d,0.10171223833872134,0.10171223833872134,0.2,False,0.3333333333333333,False,False,False,1.0,unchanged (below absolute correlation threshold),367,training only (frozen before validation refit),0.0,0.0,0.09692867084472631
4,Logistic oriented [unweighted],realized_volatility_20d,0.05838268190864939,0.05838268190864939,0.2,False,0.0,False,False,False,1.0,unchanged (below absolute correlation threshold),367,training only (frozen before validation refit),0.0,0.0,-0.14112020498004482
4,Logistic oriented [unweighted],term_spread_10y_2y_pct,-0.06820348173020041,0.06820348173020041,0.2,False,0.3333333333333333,False,False,False,1.0,unchanged (below absolute correlation threshold),367,training only (frozen before validation refit),0.0,0.0,-0.5285040043534639
4,Logistic oriented [unweighted],vix,0.11482449399594107,0.11482449399594107,0.2,False,0.0,False,False,False,1.0,unchanged (below absolute correlation threshold),367,training only (frozen before validation refit),0.0,0.0,-0.12442517168193691
5,Choquistic 1-additive [balanced],average_equity_correlation_60d,0.05564223076458454,0.05564223076458454,0.2,False,0.0,False,False,False,1.0,unchanged (below absolute correlation threshold),367,training only (frozen before validation refit),-0.26364288766140703,0.0,0.0
5,Choquistic 1-additive [balanced],baa_credit_spread_pct,-0.10787192908815717,0.10787192908815717,0.2,False,0.3333333333333333,False,False,False,1.0,unchanged (below absolute correlation threshold),367,training only (frozen before validation refit),-0.3935360877347593,0.0,0.0
5,Choquistic 1-additive [balanced],drawdown_severity,0.08214525795768372,0.08214525795768372,0.2,False,0.0,False,False,False,1.0,unchanged (below absolute correlation threshold),367,training only (frozen before validation refit),-0.1314515582475104,0.0,0.0
5,Choquistic 1-additive [balanced],lagged_portfolio_loss_1d,0.08570717623146193,0.08570717623146193,0.2,False,0.3333333333333333,False,False,False,1.0,unchanged (below absolute correlation threshold),367,training only (frozen before validation refit),0.09325444171735855,0.0,0.0
5,Choquistic 1-additive [balanced],liquidity_stress_20d,0.013254133961736083,0.013254133961736083,0.2,False,0.0,False,False,False,1.0,unchanged (below absolute correlation threshold),367,training only (frozen before validation refit),-0.22797093619573155,0.0,0.0
5,Choquistic 1-additive [balanced],market_loss_1d,0.10093358146792346,0.10093358146792346,0.2,False,0.3333333333333333,False,False,False,1.0,unchanged (below absolute correlation threshold),367,training only (frozen before validation refit),0.09893913867897408,0.0,0.0
5,Choquistic 1-additive [balanced],negative_momentum_21d,0.12253851400581875,0.12253851400581875,0.2,False,0.3333333333333333,False,False,False,1.0,unchanged (below absolute correlation threshold),367,training only (frozen before validation refit),0.09655032713558469,0.0,0.0
5,Choquistic 1-additive [balanced],realized_volatility_20d,0.03783639037798039,0.03783639037798039,0.2,False,0.0,False,False,False,1.0,unchanged (below absolute correlation threshold),367,training only (frozen before validation refit),-0.15865146979086195,0.0,0.0
5,Choquistic 1-additive [balanced],term_spread_10y_2y_pct,-0.3178072714114061,0.3178072714114061,0.2,True,0.3333333333333333,False,False,True,-1.0,multiplied by -1,367,training only (frozen before validation refit),-0.5592210345031676,0.0,0.0
5,Choquistic 1-additive [balanced],vix,0.0061911114617582445,0.0061911114617582445,0.2,False,0.0,False,False,False,1.0,unchanged (below absolute correlation threshold),367,training only (frozen before validation refit),-0.15976905287918186,0.0,0.0
5,Choquistic 1-additive [unweighted],average_equity_correlation_60d,0.05564223076458454,0.05564223076458454,0.2,False,0.0,False,False,False,1.0,unchanged (below absolute correlation threshold),367,training only (frozen before validation refit),-0.26364288766140703,0.0,0.0
5,Choquistic 1-additive [unweighted],baa_credit_spread_pct,-0.10787192908815717,0.10787192908815717,0.2,False,0.3333333333333333,False,False,False,1.0,unchanged (below absolute correlation threshold),367,training only (frozen before validation refit),-0.3935360877347593,0.0,0.0
5,Choquistic 1-additive [unweighted],drawdown_severity,0.08214525795768372,0.08214525795768372,0.2,False,0.0,False,False,False,1.0,unchanged (below absolute correlation threshold),367,training only (frozen before validation refit),-0.1314515582475104,0.0,0.0
5,Choquistic 1-additive [unweighted],lagged_portfolio_loss_1d,0.08570717623146193,0.08570717623146193,0.2,False,0.3333333333333333,False,False,False,1.0,unchanged (below absolute correlation threshold),367,training only (frozen before validation refit),0.09325444171735855,0.0,0.0
5,Choquistic 1-additive [unweighted],liquidity_stress_20d,0.013254133961736083,0.013254133961736083,0.2,False,0.0,False,False,False,1.0,unchanged (below absolute correlation threshold),367,training only (frozen before validation refit),-0.22797093619573155,0.0,0.0
5,Choquistic 1-additive [unweighted],market_loss_1d,0.10093358146792346,0.10093358146792346,0.2,False,0.3333333333333333,False,False,False,1.0,unchanged (below absolute correlation threshold),367,training only (frozen before validation refit),0.09893913867897408,0.0,0.0
5,Choquistic 1-additive [unweighted],negative_momentum_21d,0.12253851400581875,0.12253851400581875,0.2,False,0.3333333333333333,False,False,False,1.0,unchanged (below absolute correlation threshold),367,training only (frozen before validation refit),0.09655032713558469,0.0,0.0
5,Choquistic 1-additive [unweighted],realized_volatility_20d,0.03783639037798039,0.03783639037798039,0.2,False,0.0,False,False,False,1.0,unchanged (below absolute correlation threshold),367,training only (frozen before validation refit),-0.15865146979086195,0.0,0.0
5,Choquistic 1-additive [unweighted],term_spread_10y_2y_pct,-0.3178072714114061,0.3178072714114061,0.2,True,0.3333333333333333,False,False,True,-1.0,multiplied by -1,367,training only (frozen before validation refit),-0.5592210345031676,0.0,0.0
5,Choquistic 1-additive [unweighted],vix,0.0061911114617582445,0.0061911114617582445,0.2,False,0.0,False,False,False,1.0,unchanged (below absolute correlation threshold),367,training only (frozen before validation refit),-0.15976905287918186,0.0,0.0
5,Choquistic 2-additive [balanced],average_equity_correlation_60d,0.05564223076458454,0.05564223076458454,0.2,False,0.0,False,False,False,1.0,unchanged (below absolute correlation threshold),367,training only (frozen before validation refit),-0.26364288766140703,0.0,0.0
5,Choquistic 2-additive [balanced],baa_credit_spread_pct,-0.10787192908815717,0.10787192908815717,0.2,False,0.3333333333333333,False,False,False,1.0,unchanged (below absolute correlation threshold),367,training only (frozen before validation refit),-0.3935360877347593,0.0,0.0
5,Choquistic 2-additive [balanced],drawdown_severity,0.08214525795768372,0.08214525795768372,0.2,False,0.0,False,False,False,1.0,unchanged (below absolute correlation threshold),367,training only (frozen before validation refit),-0.1314515582475104,0.0,0.0
5,Choquistic 2-additive [balanced],lagged_portfolio_loss_1d,0.08570717623146193,0.08570717623146193,0.2,False,0.3333333333333333,False,False,False,1.0,unchanged (below absolute correlation threshold),367,training only (frozen before validation refit),0.09325444171735855,0.0,0.0
5,Choquistic 2-additive [balanced],liquidity_stress_20d,0.013254133961736083,0.013254133961736083,0.2,False,0.0,False,False,False,1.0,unchanged (below absolute correlation threshold),367,training only (frozen before validation refit),-0.22797093619573155,0.0,0.0
5,Choquistic 2-additive [balanced],market_loss_1d,0.10093358146792346,0.10093358146792346,0.2,False,0.3333333333333333,False,False,False,1.0,unchanged (below absolute correlation threshold),367,training only (frozen before validation refit),0.09893913867897408,0.0,0.0
5,Choquistic 2-additive [balanced],negative_momentum_21d,0.12253851400581875,0.12253851400581875,0.2,False,0.3333333333333333,False,False,False,1.0,unchanged (below absolute correlation threshold),367,training only (frozen before validation refit),0.09655032713558469,0.0,0.0
5,Choquistic 2-additive [balanced],realized_volatility_20d,0.03783639037798039,0.03783639037798039,0.2,False,0.0,False,False,False,1.0,unchanged (below absolute correlation threshold),367,training only (frozen before validation refit),-0.15865146979086195,0.0,0.0
5,Choquistic 2-additive [balanced],term_spread_10y_2y_pct,-0.3178072714114061,0.3178072714114061,0.2,True,0.3333333333333333,False,False,True,-1.0,multiplied by -1,367,training only (frozen before validation refit),-0.5592210345031676,0.0,0.0
5,Choquistic 2-additive [balanced],vix,0.0061911114617582445,0.0061911114617582445,0.2,False,0.0,False,False,False,1.0,unchanged (below absolute correlation threshold),367,training only (frozen before validation refit),-0.15976905287918186,0.0,0.0
5,Choquistic 2-additive [unweighted],average_equity_correlation_60d,0.05564223076458454,0.05564223076458454,0.2,False,0.0,False,False,False,1.0,unchanged (below absolute correlation threshold),367,training only (frozen before validation refit),-0.26364288766140703,0.0,0.0
5,Choquistic 2-additive [unweighted],baa_credit_spread_pct,-0.10787192908815717,0.10787192908815717,0.2,False,0.3333333333333333,False,False,False,1.0,unchanged (below absolute correlation threshold),367,training only (frozen before validation refit),-0.3935360877347593,0.0,0.0
5,Choquistic 2-additive [unweighted],drawdown_severity,0.08214525795768372,0.08214525795768372,0.2,False,0.0,False,False,False,1.0,unchanged (below absolute correlation threshold),367,training only (frozen before validation refit),-0.1314515582475104,0.0,0.0
5,Choquistic 2-additive [unweighted],lagged_portfolio_loss_1d,0.08570717623146193,0.08570717623146193,0.2,False,0.3333333333333333,False,False,False,1.0,unchanged (below absolute correlation threshold),367,training only (frozen before validation refit),0.09325444171735855,0.0,0.0
5,Choquistic 2-additive [unweighted],liquidity_stress_20d,0.013254133961736083,0.013254133961736083,0.2,False,0.0,False,False,False,1.0,unchanged (below absolute correlation threshold),367,training only (frozen before validation refit),-0.22797093619573155,0.0,0.0
5,Choquistic 2-additive [unweighted],market_loss_1d,0.10093358146792346,0.10093358146792346,0.2,False,0.3333333333333333,False,False,False,1.0,unchanged (below absolute correlation threshold),367,training only (frozen before validation refit),0.09893913867897408,0.0,0.0
5,Choquistic 2-additive [unweighted],negative_momentum_21d,0.12253851400581875,0.12253851400581875,0.2,False,0.3333333333333333,False,False,False,1.0,unchanged (below absolute correlation threshold),367,training only (frozen before validation refit),0.09655032713558469,0.0,0.0
5,Choquistic 2-additive [unweighted],realized_volatility_20d,0.03783639037798039,0.03783639037798039,0.2,False,0.0,False,False,False,1.0,unchanged (below absolute correlation threshold),367,training only (frozen before validation refit),-0.15865146979086195,0.0,0.0
5,Choquistic 2-additive [unweighted],term_spread_10y_2y_pct,-0.3178072714114061,0.3178072714114061,0.2,True,0.3333333333333333,False,False,True,-1.0,multiplied by -1,367,training only (frozen before validation refit),-0.5592210345031676,0.0,0.0
5,Choquistic 2-additive [unweighted],vix,0.0061911114617582445,0.0061911114617582445,0.2,False,0.0,False,False,False,1.0,unchanged (below absolute correlation threshold),367,training only (frozen before validation refit),-0.15976905287918186,0.0,0.0
5,Logistic oriented [balanced],average_equity_correlation_60d,0.05564223076458454,0.05564223076458454,0.2,False,0.0,False,False,False,1.0,unchanged (below absolute correlation threshold),367,training only (frozen before validation refit),-0.26364288766140703,0.0,0.0
5,Logistic oriented [balanced],baa_credit_spread_pct,-0.10787192908815717,0.10787192908815717,0.2,False,0.3333333333333333,False,False,False,1.0,unchanged (below absolute correlation threshold),367,training only (frozen before validation refit),-0.3935360877347593,0.0,0.0
5,Logistic oriented [balanced],drawdown_severity,0.08214525795768372,0.08214525795768372,0.2,False,0.0,False,False,False,1.0,unchanged (below absolute correlation threshold),367,training only (frozen before validation refit),-0.1314515582475104,0.0,0.0
5,Logistic oriented [balanced],lagged_portfolio_loss_1d,0.08570717623146193,0.08570717623146193,0.2,False,0.3333333333333333,False,False,False,1.0,unchanged (below absolute correlation threshold),367,training only (frozen before validation refit),0.09325444171735855,0.0,0.0
5,Logistic oriented [balanced],liquidity_stress_20d,0.013254133961736083,0.013254133961736083,0.2,False,0.0,False,False,False,1.0,unchanged (below absolute correlation threshold),367,training only (frozen before validation refit),-0.22797093619573155,0.0,0.0
5,Logistic oriented [balanced],market_loss_1d,0.10093358146792346,0.10093358146792346,0.2,False,0.3333333333333333,False,False,False,1.0,unchanged (below absolute correlation threshold),367,training only (frozen before validation refit),0.09893913867897408,0.0,0.0
5,Logistic oriented [balanced],negative_momentum_21d,0.12253851400581875,0.12253851400581875,0.2,False,0.3333333333333333,False,False,False,1.0,unchanged (below absolute correlation threshold),367,training only (frozen before validation refit),0.09655032713558469,0.0,0.0
5,Logistic oriented [balanced],realized_volatility_20d,0.03783639037798039,0.03783639037798039,0.2,False,0.0,False,False,False,1.0,unchanged (below absolute correlation threshold),367,training only (frozen before validation refit),-0.15865146979086195,0.0,0.0
5,Logistic oriented [balanced],term_spread_10y_2y_pct,-0.3178072714114061,0.3178072714114061,0.2,True,0.3333333333333333,False,False,True,-1.0,multiplied by -1,367,training only (frozen before validation refit),-0.5592210345031676,0.0,0.0
5,Logistic oriented [balanced],vix,0.0061911114617582445,0.0061911114617582445,0.2,False,0.0,False,False,False,1.0,unchanged (below absolute correlation threshold),367,training only (frozen before validation refit),-0.15976905287918186,0.0,0.0
5,Logistic oriented [unweighted],average_equity_correlation_60d,0.05564223076458454,0.05564223076458454,0.2,False,0.0,False,False,False,1.0,unchanged (below absolute correlation threshold),367,training only (frozen before validation refit),-0.26364288766140703,0.0,0.0
5,Logistic oriented [unweighted],baa_credit_spread_pct,-0.10787192908815717,0.10787192908815717,0.2,False,0.3333333333333333,False,False,False,1.0,unchanged (below absolute correlation threshold),367,training only (frozen before validation refit),-0.3935360877347593,0.0,0.0
5,Logistic oriented [unweighted],drawdown_severity,0.08214525795768372,0.08214525795768372,0.2,False,0.0,False,False,False,1.0,unchanged (below absolute correlation threshold),367,training only (frozen before validation refit),-0.1314515582475104,0.0,0.0
5,Logistic oriented [unweighted],lagged_portfolio_loss_1d,0.08570717623146193,0.08570717623146193,0.2,False,0.3333333333333333,False,False,False,1.0,unchanged (below absolute correlation threshold),367,training only (frozen before validation refit),0.09325444171735855,0.0,0.0
5,Logistic oriented [unweighted],liquidity_stress_20d,0.013254133961736083,0.013254133961736083,0.2,False,0.0,False,False,False,1.0,unchanged (below absolute correlation threshold),367,training only (frozen before validation refit),-0.22797093619573155,0.0,0.0
5,Logistic oriented [unweighted],market_loss_1d,0.10093358146792346,0.10093358146792346,0.2,False,0.3333333333333333,False,False,False,1.0,unchanged (below absolute correlation threshold),367,training only (frozen before validation refit),0.09893913867897408,0.0,0.0
5,Logistic oriented [unweighted],negative_momentum_21d,0.12253851400581875,0.12253851400581875,0.2,False,0.3333333333333333,False,False,False,1.0,unchanged (below absolute correlation threshold),367,training only (frozen before validation refit),0.09655032713558469,0.0,0.0
5,Logistic oriented [unweighted],realized_volatility_20d,0.03783639037798039,0.03783639037798039,0.2,False,0.0,False,False,False,1.0,unchanged (below absolute correlation threshold),367,training only (frozen before validation refit),-0.15865146979086195,0.0,0.0
5,Logistic oriented [unweighted],term_spread_10y_2y_pct,-0.3178072714114061,0.3178072714114061,0.2,True,0.3333333333333333,False,False,True,-1.0,multiplied by -1,367,training only (frozen before validation refit),-0.5592210345031676,0.0,0.0
5,Logistic oriented [unweighted],vix,0.0061911114617582445,0.0061911114617582445,0.2,False,0.0,False,False,False,1.0,unchanged (below absolute correlation threshold),367,training only (frozen before validation refit),-0.15976905287918186,0.0,0.0
6,Choquistic 1-additive [balanced],average_equity_correlation_60d,0.2133439695577919,0.2133439695577919,0.2,True,0.6666666666666666,False,False,True,1.0,unchanged (positive training correlation),366,training only (frozen before validation refit),0.0,0.042746237668085024,0.04510834125683563
6,Choquistic 1-additive [balanced],baa_credit_spread_pct,-0.06142470068416281,0.06142470068416281,0.2,False,0.6666666666666666,False,False,False,1.0,unchanged (below absolute correlation threshold),366,training only (frozen before validation refit),0.0,-0.11192696936141086,-0.2296627447975678
6,Choquistic 1-additive [balanced],drawdown_severity,0.1823429594557152,0.1823429594557152,0.2,False,0.0,False,False,False,1.0,unchanged (below absolute correlation threshold),366,training only (frozen before validation refit),0.0,-0.06281764415008814,-0.10637612039913694
6,Choquistic 1-additive [balanced],lagged_portfolio_loss_1d,0.004014203648118613,0.004014203648118613,0.2,False,0.3333333333333333,False,False,False,1.0,unchanged (below absolute correlation threshold),366,training only (frozen before validation refit),0.0,0.06035033563712669,-0.05912930276253909
6,Choquistic 1-additive [balanced],liquidity_stress_20d,0.0014911854393354102,0.0014911854393354102,0.2,False,0.0,False,False,False,1.0,unchanged (below absolute correlation threshold),366,training only (frozen before validation refit),0.0,-0.1166118035416902,-0.030973701019145986
6,Choquistic 1-additive [balanced],market_loss_1d,-0.035486265091975326,0.035486265091975326,0.2,False,0.6666666666666666,False,False,False,1.0,unchanged (below absolute correlation threshold),366,training only (frozen before validation refit),0.0,-0.033154248903035435,-0.1006229209253857
6,Choquistic 1-additive [balanced],negative_momentum_21d,0.14310717611977786,0.14310717611977786,0.2,False,0.0,False,False,False,1.0,unchanged (below absolute correlation threshold),366,training only (frozen before validation refit),0.0,-0.10376584513161578,-0.05718067615536466
6,Choquistic 1-additive [balanced],realized_volatility_20d,0.2486673321747847,0.2486673321747847,0.2,True,0.0,False,False,True,1.0,unchanged (positive training correlation),366,training only (frozen before validation refit),0.0,-0.022537459573581612,-0.06781733700389743
6,Choquistic 1-additive [balanced],term_spread_10y_2y_pct,-0.2828691980627182,0.2828691980627182,0.2,True,0.3333333333333333,False,False,True,-1.0,multiplied by -1,366,training only (frozen before validation refit),0.0,-0.0027505462324849527,0.198025158344073
6,Choquistic 1-additive [balanced],vix,0.07088080007904984,0.07088080007904984,0.2,False,0.0,False,False,False,1.0,unchanged (below absolute correlation threshold),366,training only (frozen before validation refit),0.0,-0.03369227571095847,-0.2756919937749325
6,Choquistic 1-additive [unweighted],average_equity_correlation_60d,0.2133439695577919,0.2133439695577919,0.2,True,0.6666666666666666,False,False,True,1.0,unchanged (positive training correlation),366,training only (frozen before validation refit),0.0,0.042746237668085024,0.04510834125683563
6,Choquistic 1-additive [unweighted],baa_credit_spread_pct,-0.06142470068416281,0.06142470068416281,0.2,False,0.6666666666666666,False,False,False,1.0,unchanged (below absolute correlation threshold),366,training only (frozen before validation refit),0.0,-0.11192696936141086,-0.2296627447975678
6,Choquistic 1-additive [unweighted],drawdown_severity,0.1823429594557152,0.1823429594557152,0.2,False,0.0,False,False,False,1.0,unchanged (below absolute correlation threshold),366,training only (frozen before validation refit),0.0,-0.06281764415008814,-0.10637612039913694
6,Choquistic 1-additive [unweighted],lagged_portfolio_loss_1d,0.004014203648118613,0.004014203648118613,0.2,False,0.3333333333333333,False,False,False,1.0,unchanged (below absolute correlation threshold),366,training only (frozen before validation refit),0.0,0.06035033563712669,-0.05912930276253909
6,Choquistic 1-additive [unweighted],liquidity_stress_20d,0.0014911854393354102,0.0014911854393354102,0.2,False,0.0,False,False,False,1.0,unchanged (below absolute correlation threshold),366,training only (frozen before validation refit),0.0,-0.1166118035416902,-0.030973701019145986
6,Choquistic 1-additive [unweighted],market_loss_1d,-0.035486265091975326,0.035486265091975326,0.2,False,0.6666666666666666,False,False,False,1.0,unchanged (below absolute correlation threshold),366,training only (frozen before validation refit),0.0,-0.033154248903035435,-0.1006229209253857
6,Choquistic 1-additive [unweighted],negative_momentum_21d,0.14310717611977786,0.14310717611977786,0.2,False,0.0,False,False,False,1.0,unchanged (below absolute correlation threshold),366,training only (frozen before validation refit),0.0,-0.10376584513161578,-0.05718067615536466
6,Choquistic 1-additive [unweighted],realized_volatility_20d,0.2486673321747847,0.2486673321747847,0.2,True,0.0,False,False,True,1.0,unchanged (positive training correlation),366,training only (frozen before validation refit),0.0,-0.022537459573581612,-0.06781733700389743
6,Choquistic 1-additive [unweighted],term_spread_10y_2y_pct,-0.2828691980627182,0.2828691980627182,0.2,True,0.3333333333333333,False,False,True,-1.0,multiplied by -1,366,training only (frozen before validation refit),0.0,-0.0027505462324849527,0.198025158344073
6,Choquistic 1-additive [unweighted],vix,0.07088080007904984,0.07088080007904984,0.2,False,0.0,False,False,False,1.0,unchanged (below absolute correlation threshold),366,training only (frozen before validation refit),0.0,-0.03369227571095847,-0.2756919937749325
6,Choquistic 2-additive [balanced],average_equity_correlation_60d,0.2133439695577919,0.2133439695577919,0.2,True,0.6666666666666666,False,False,True,1.0,unchanged (positive training correlation),366,training only (frozen before validation refit),0.0,0.042746237668085024,0.04510834125683563
6,Choquistic 2-additive [balanced],baa_credit_spread_pct,-0.06142470068416281,0.06142470068416281,0.2,False,0.6666666666666666,False,False,False,1.0,unchanged (below absolute correlation threshold),366,training only (frozen before validation refit),0.0,-0.11192696936141086,-0.2296627447975678
6,Choquistic 2-additive [balanced],drawdown_severity,0.1823429594557152,0.1823429594557152,0.2,False,0.0,False,False,False,1.0,unchanged (below absolute correlation threshold),366,training only (frozen before validation refit),0.0,-0.06281764415008814,-0.10637612039913694
6,Choquistic 2-additive [balanced],lagged_portfolio_loss_1d,0.004014203648118613,0.004014203648118613,0.2,False,0.3333333333333333,False,False,False,1.0,unchanged (below absolute correlation threshold),366,training only (frozen before validation refit),0.0,0.06035033563712669,-0.05912930276253909
6,Choquistic 2-additive [balanced],liquidity_stress_20d,0.0014911854393354102,0.0014911854393354102,0.2,False,0.0,False,False,False,1.0,unchanged (below absolute correlation threshold),366,training only (frozen before validation refit),0.0,-0.1166118035416902,-0.030973701019145986
6,Choquistic 2-additive [balanced],market_loss_1d,-0.035486265091975326,0.035486265091975326,0.2,False,0.6666666666666666,False,False,False,1.0,unchanged (below absolute correlation threshold),366,training only (frozen before validation refit),0.0,-0.033154248903035435,-0.1006229209253857
6,Choquistic 2-additive [balanced],negative_momentum_21d,0.14310717611977786,0.14310717611977786,0.2,False,0.0,False,False,False,1.0,unchanged (below absolute correlation threshold),366,training only (frozen before validation refit),0.0,-0.10376584513161578,-0.05718067615536466
6,Choquistic 2-additive [balanced],realized_volatility_20d,0.2486673321747847,0.2486673321747847,0.2,True,0.0,False,False,True,1.0,unchanged (positive training correlation),366,training only (frozen before validation refit),0.0,-0.022537459573581612,-0.06781733700389743
6,Choquistic 2-additive [balanced],term_spread_10y_2y_pct,-0.2828691980627182,0.2828691980627182,0.2,True,0.3333333333333333,False,False,True,-1.0,multiplied by -1,366,training only (frozen before validation refit),0.0,-0.0027505462324849527,0.198025158344073
6,Choquistic 2-additive [balanced],vix,0.07088080007904984,0.07088080007904984,0.2,False,0.0,False,False,False,1.0,unchanged (below absolute correlation threshold),366,training only (frozen before validation refit),0.0,-0.03369227571095847,-0.2756919937749325
6,Choquistic 2-additive [unweighted],average_equity_correlation_60d,0.2133439695577919,0.2133439695577919,0.2,True,0.6666666666666666,False,False,True,1.0,unchanged (positive training correlation),366,training only (frozen before validation refit),0.0,0.042746237668085024,0.04510834125683563
6,Choquistic 2-additive [unweighted],baa_credit_spread_pct,-0.06142470068416281,0.06142470068416281,0.2,False,0.6666666666666666,False,False,False,1.0,unchanged (below absolute correlation threshold),366,training only (frozen before validation refit),0.0,-0.11192696936141086,-0.2296627447975678
6,Choquistic 2-additive [unweighted],drawdown_severity,0.1823429594557152,0.1823429594557152,0.2,False,0.0,False,False,False,1.0,unchanged (below absolute correlation threshold),366,training only (frozen before validation refit),0.0,-0.06281764415008814,-0.10637612039913694
6,Choquistic 2-additive [unweighted],lagged_portfolio_loss_1d,0.004014203648118613,0.004014203648118613,0.2,False,0.3333333333333333,False,False,False,1.0,unchanged (below absolute correlation threshold),366,training only (frozen before validation refit),0.0,0.06035033563712669,-0.05912930276253909
6,Choquistic 2-additive [unweighted],liquidity_stress_20d,0.0014911854393354102,0.0014911854393354102,0.2,False,0.0,False,False,False,1.0,unchanged (below absolute correlation threshold),366,training only (frozen before validation refit),0.0,-0.1166118035416902,-0.030973701019145986
6,Choquistic 2-additive [unweighted],market_loss_1d,-0.035486265091975326,0.035486265091975326,0.2,False,0.6666666666666666,False,False,False,1.0,unchanged (below absolute correlation threshold),366,training only (frozen before validation refit),0.0,-0.033154248903035435,-0.1006229209253857
6,Choquistic 2-additive [unweighted],negative_momentum_21d,0.14310717611977786,0.14310717611977786,0.2,False,0.0,False,False,False,1.0,unchanged (below absolute correlation threshold),366,training only (frozen before validation refit),0.0,-0.10376584513161578,-0.05718067615536466
6,Choquistic 2-additive [unweighted],realized_volatility_20d,0.2486673321747847,0.2486673321747847,0.2,True,0.0,False,False,True,1.0,unchanged (positive training correlation),366,training only (frozen before validation refit),0.0,-0.022537459573581612,-0.06781733700389743
6,Choquistic 2-additive [unweighted],term_spread_10y_2y_pct,-0.2828691980627182,0.2828691980627182,0.2,True,0.3333333333333333,False,False,True,-1.0,multiplied by -1,366,training only (frozen before validation refit),0.0,-0.0027505462324849527,0.198025158344073
6,Choquistic 2-additive [unweighted],vix,0.07088080007904984,0.07088080007904984,0.2,False,0.0,False,False,False,1.0,unchanged (below absolute correlation threshold),366,training only (frozen before validation refit),0.0,-0.03369227571095847,-0.2756919937749325
6,Logistic oriented [balanced],average_equity_correlation_60d,0.2133439695577919,0.2133439695577919,0.2,True,0.6666666666666666,False,False,True,1.0,unchanged (positive training correlation),366,training only (frozen before validation refit),0.0,0.042746237668085024,0.04510834125683563
6,Logistic oriented [balanced],baa_credit_spread_pct,-0.06142470068416281,0.06142470068416281,0.2,False,0.6666666666666666,False,False,False,1.0,unchanged (below absolute correlation threshold),366,training only (frozen before validation refit),0.0,-0.11192696936141086,-0.2296627447975678
6,Logistic oriented [balanced],drawdown_severity,0.1823429594557152,0.1823429594557152,0.2,False,0.0,False,False,False,1.0,unchanged (below absolute correlation threshold),366,training only (frozen before validation refit),0.0,-0.06281764415008814,-0.10637612039913694
6,Logistic oriented [balanced],lagged_portfolio_loss_1d,0.004014203648118613,0.004014203648118613,0.2,False,0.3333333333333333,False,False,False,1.0,unchanged (below absolute correlation threshold),366,training only (frozen before validation refit),0.0,0.06035033563712669,-0.05912930276253909
6,Logistic oriented [balanced],liquidity_stress_20d,0.0014911854393354102,0.0014911854393354102,0.2,False,0.0,False,False,False,1.0,unchanged (below absolute correlation threshold),366,training only (frozen before validation refit),0.0,-0.1166118035416902,-0.030973701019145986
6,Logistic oriented [balanced],market_loss_1d,-0.035486265091975326,0.035486265091975326,0.2,False,0.6666666666666666,False,False,False,1.0,unchanged (below absolute correlation threshold),366,training only (frozen before validation refit),0.0,-0.033154248903035435,-0.1006229209253857
6,Logistic oriented [balanced],negative_momentum_21d,0.14310717611977786,0.14310717611977786,0.2,False,0.0,False,False,False,1.0,unchanged (below absolute correlation threshold),366,training only (frozen before validation refit),0.0,-0.10376584513161578,-0.05718067615536466
6,Logistic oriented [balanced],realized_volatility_20d,0.2486673321747847,0.2486673321747847,0.2,True,0.0,False,False,True,1.0,unchanged (positive training correlation),366,training only (frozen before validation refit),0.0,-0.022537459573581612,-0.06781733700389743
6,Logistic oriented [balanced],term_spread_10y_2y_pct,-0.2828691980627182,0.2828691980627182,0.2,True,0.3333333333333333,False,False,True,-1.0,multiplied by -1,366,training only (frozen before validation refit),0.0,-0.0027505462324849527,0.198025158344073
6,Logistic oriented [balanced],vix,0.07088080007904984,0.07088080007904984,0.2,False,0.0,False,False,False,1.0,unchanged (below absolute correlation threshold),366,training only (frozen before validation refit),0.0,-0.03369227571095847,-0.2756919937749325
6,Logistic oriented [unweighted],average_equity_correlation_60d,0.2133439695577919,0.2133439695577919,0.2,True,0.6666666666666666,False,False,True,1.0,unchanged (positive training correlation),366,training only (frozen before validation refit),0.0,0.042746237668085024,0.04510834125683563
6,Logistic oriented [unweighted],baa_credit_spread_pct,-0.06142470068416281,0.06142470068416281,0.2,False,0.6666666666666666,False,False,False,1.0,unchanged (below absolute correlation threshold),366,training only (frozen before validation refit),0.0,-0.11192696936141086,-0.2296627447975678
6,Logistic oriented [unweighted],drawdown_severity,0.1823429594557152,0.1823429594557152,0.2,False,0.0,False,False,False,1.0,unchanged (below absolute correlation threshold),366,training only (frozen before validation refit),0.0,-0.06281764415008814,-0.10637612039913694
6,Logistic oriented [unweighted],lagged_portfolio_loss_1d,0.004014203648118613,0.004014203648118613,0.2,False,0.3333333333333333,False,False,False,1.0,unchanged (below absolute correlation threshold),366,training only (frozen before validation refit),0.0,0.06035033563712669,-0.05912930276253909
6,Logistic oriented [unweighted],liquidity_stress_20d,0.0014911854393354102,0.0014911854393354102,0.2,False,0.0,False,False,False,1.0,unchanged (below absolute correlation threshold),366,training only (frozen before validation refit),0.0,-0.1166118035416902,-0.030973701019145986
6,Logistic oriented [unweighted],market_loss_1d,-0.035486265091975326,0.035486265091975326,0.2,False,0.6666666666666666,False,False,False,1.0,unchanged (below absolute correlation threshold),366,training only (frozen before validation refit),0.0,-0.033154248903035435,-0.1006229209253857
6,Logistic oriented [unweighted],negative_momentum_21d,0.14310717611977786,0.14310717611977786,0.2,False,0.0,False,False,False,1.0,unchanged (below absolute correlation threshold),366,training only (frozen before validation refit),0.0,-0.10376584513161578,-0.05718067615536466
6,Logistic oriented [unweighted],realized_volatility_20d,0.2486673321747847,0.2486673321747847,0.2,True,0.0,False,False,True,1.0,unchanged (positive training correlation),366,training only (frozen before validation refit),0.0,-0.022537459573581612,-0.06781733700389743
6,Logistic oriented [unweighted],term_spread_10y_2y_pct,-0.2828691980627182,0.2828691980627182,0.2,True,0.3333333333333333,False,False,True,-1.0,multiplied by -1,366,training only (frozen before validation refit),0.0,-0.0027505462324849527,0.198025158344073
6,Logistic oriented [unweighted],vix,0.07088080007904984,0.07088080007904984,0.2,False,0.0,False,False,False,1.0,unchanged (below absolute correlation threshold),366,training only (frozen before validation refit),0.0,-0.03369227571095847,-0.2756919937749325
