fold,model,feature,training_correlation,absolute_training_correlation,minimum_absolute_correlation,meets_correlation_threshold,subperiod_sign_agreement,sign_stable,stability_required,orientation_supported,orientation_sign,transformation,orientation_training_observations,orientation_source,training_subperiod_1_correlation,training_subperiod_2_correlation,training_subperiod_3_correlation
0,Choquistic 1-additive [balanced],average_equity_correlation_60d,-0.06675304591080801,0.06675304591080801,0.2,False,0.3333333333333333,False,False,False,1.0,unchanged (below absolute correlation threshold),370,training only (frozen before validation refit),0.007015439202308411,-0.1801821295739427,0.008096705718896438
0,Choquistic 1-additive [balanced],baa_credit_spread_pct,0.10121270330396592,0.10121270330396592,0.2,False,0.3333333333333333,False,False,False,1.0,unchanged (below absolute correlation threshold),370,training only (frozen before validation refit),-0.05553619665444524,-0.12897507366489785,0.11200617184171914
0,Choquistic 1-additive [balanced],drawdown_severity,-0.04048158446434254,0.04048158446434254,0.2,False,1.0,True,False,False,1.0,unchanged (below absolute correlation threshold),370,training only (frozen before validation refit),-0.006688417485750473,-0.14681317652084747,-0.03274606800583155
0,Choquistic 1-additive [balanced],lagged_portfolio_loss_1d,-0.01126752475370455,0.01126752475370455,0.2,False,0.6666666666666666,False,False,False,1.0,unchanged (below absolute correlation threshold),370,training only (frozen before validation refit),-0.10099863239028105,-0.003439395700355564,0.013391085689074815
0,Choquistic 1-additive [balanced],liquidity_stress_20d,0.03800938956644759,0.03800938956644759,0.2,False,0.6666666666666666,False,False,False,1.0,unchanged (below absolute correlation threshold),370,training only (frozen before validation refit),0.17176077284243232,-0.12202926896608687,0.22773943865774746
0,Choquistic 1-additive [balanced],market_loss_1d,0.02945814494479946,0.02945814494479946,0.2,False,0.6666666666666666,False,False,False,1.0,unchanged (below absolute correlation threshold),370,training only (frozen before validation refit),-0.2094264623570459,0.007872312460499967,0.12838993327156611
0,Choquistic 1-additive [balanced],negative_momentum_21d,0.07169392338349596,0.07169392338349596,0.2,False,0.6666666666666666,False,False,False,1.0,unchanged (below absolute correlation threshold),370,training only (frozen before validation refit),0.02347373633117699,-0.02364517318207458,0.16543541647998594
0,Choquistic 1-additive [balanced],realized_volatility_20d,0.009660683791150836,0.009660683791150836,0.2,False,0.6666666666666666,False,False,False,1.0,unchanged (below absolute correlation threshold),370,training only (frozen before validation refit),0.1667092997810511,-0.18264993035874297,0.14625143381258315
0,Choquistic 1-additive [balanced],term_spread_10y_2y_pct,0.0004504546696983525,0.0004504546696983525,0.2,False,0.6666666666666666,False,False,False,1.0,unchanged (below absolute correlation threshold),370,training only (frozen before validation refit),-0.03530943864833828,0.014469820408183997,0.46259569548834856
0,Choquistic 1-additive [balanced],vix,-0.011878642315999565,0.011878642315999565,0.2,False,0.3333333333333333,False,False,False,1.0,unchanged (below absolute correlation threshold),370,training only (frozen before validation refit),0.07394409444665158,-0.17098605181015267,0.05711859573046735
0,Choquistic 1-additive [unweighted],average_equity_correlation_60d,-0.06675304591080801,0.06675304591080801,0.2,False,0.3333333333333333,False,False,False,1.0,unchanged (below absolute correlation threshold),370,training only (frozen before validation refit),0.007015439202308411,-0.1801821295739427,0.008096705718896438
0,Choquistic 1-additive [unweighted],baa_credit_spread_pct,0.10121270330396592,0.10121270330396592,0.2,False,0.3333333333333333,False,False,False,1.0,unchanged (below absolute correlation threshold),370,training only (frozen before validation refit),-0.05553619665444524,-0.12897507366489785,0.11200617184171914
0,Choquistic 1-additive [unweighted],drawdown_severity,-0.04048158446434254,0.04048158446434254,0.2,False,1.0,True,False,False,1.0,unchanged (below absolute correlation threshold),370,training only (frozen before validation refit),-0.006688417485750473,-0.14681317652084747,-0.03274606800583155
0,Choquistic 1-additive [unweighted],lagged_portfolio_loss_1d,-0.01126752475370455,0.01126752475370455,0.2,False,0.6666666666666666,False,False,False,1.0,unchanged (below absolute correlation threshold),370,training only (frozen before validation refit),-0.10099863239028105,-0.003439395700355564,0.013391085689074815
0,Choquistic 1-additive [unweighted],liquidity_stress_20d,0.03800938956644759,0.03800938956644759,0.2,False,0.6666666666666666,False,False,False,1.0,unchanged (below absolute correlation threshold),370,training only (frozen before validation refit),0.17176077284243232,-0.12202926896608687,0.22773943865774746
0,Choquistic 1-additive [unweighted],market_loss_1d,0.02945814494479946,0.02945814494479946,0.2,False,0.6666666666666666,False,False,False,1.0,unchanged (below absolute correlation threshold),370,training only (frozen before validation refit),-0.2094264623570459,0.007872312460499967,0.12838993327156611
0,Choquistic 1-additive [unweighted],negative_momentum_21d,0.07169392338349596,0.07169392338349596,0.2,False,0.6666666666666666,False,False,False,1.0,unchanged (below absolute correlation threshold),370,training only (frozen before validation refit),0.02347373633117699,-0.02364517318207458,0.16543541647998594
0,Choquistic 1-additive [unweighted],realized_volatility_20d,0.009660683791150836,0.009660683791150836,0.2,False,0.6666666666666666,False,False,False,1.0,unchanged (below absolute correlation threshold),370,training only (frozen before validation refit),0.1667092997810511,-0.18264993035874297,0.14625143381258315
0,Choquistic 1-additive [unweighted],term_spread_10y_2y_pct,0.0004504546696983525,0.0004504546696983525,0.2,False,0.6666666666666666,False,False,False,1.0,unchanged (below absolute correlation threshold),370,training only (frozen before validation refit),-0.03530943864833828,0.014469820408183997,0.46259569548834856
0,Choquistic 1-additive [unweighted],vix,-0.011878642315999565,0.011878642315999565,0.2,False,0.3333333333333333,False,False,False,1.0,unchanged (below absolute correlation threshold),370,training only (frozen before validation refit),0.07394409444665158,-0.17098605181015267,0.05711859573046735
0,Choquistic 2-additive [balanced],average_equity_correlation_60d,-0.06675304591080801,0.06675304591080801,0.2,False,0.3333333333333333,False,False,False,1.0,unchanged (below absolute correlation threshold),370,training only (frozen before validation refit),0.007015439202308411,-0.1801821295739427,0.008096705718896438
0,Choquistic 2-additive [balanced],baa_credit_spread_pct,0.10121270330396592,0.10121270330396592,0.2,False,0.3333333333333333,False,False,False,1.0,unchanged (below absolute correlation threshold),370,training only (frozen before validation refit),-0.05553619665444524,-0.12897507366489785,0.11200617184171914
0,Choquistic 2-additive [balanced],drawdown_severity,-0.04048158446434254,0.04048158446434254,0.2,False,1.0,True,False,False,1.0,unchanged (below absolute correlation threshold),370,training only (frozen before validation refit),-0.006688417485750473,-0.14681317652084747,-0.03274606800583155
0,Choquistic 2-additive [balanced],lagged_portfolio_loss_1d,-0.01126752475370455,0.01126752475370455,0.2,False,0.6666666666666666,False,False,False,1.0,unchanged (below absolute correlation threshold),370,training only (frozen before validation refit),-0.10099863239028105,-0.003439395700355564,0.013391085689074815
0,Choquistic 2-additive [balanced],liquidity_stress_20d,0.03800938956644759,0.03800938956644759,0.2,False,0.6666666666666666,False,False,False,1.0,unchanged (below absolute correlation threshold),370,training only (frozen before validation refit),0.17176077284243232,-0.12202926896608687,0.22773943865774746
0,Choquistic 2-additive [balanced],market_loss_1d,0.02945814494479946,0.02945814494479946,0.2,False,0.6666666666666666,False,False,False,1.0,unchanged (below absolute correlation threshold),370,training only (frozen before validation refit),-0.2094264623570459,0.007872312460499967,0.12838993327156611
0,Choquistic 2-additive [balanced],negative_momentum_21d,0.07169392338349596,0.07169392338349596,0.2,False,0.6666666666666666,False,False,False,1.0,unchanged (below absolute correlation threshold),370,training only (frozen before validation refit),0.02347373633117699,-0.02364517318207458,0.16543541647998594
0,Choquistic 2-additive [balanced],realized_volatility_20d,0.009660683791150836,0.009660683791150836,0.2,False,0.6666666666666666,False,False,False,1.0,unchanged (below absolute correlation threshold),370,training only (frozen before validation refit),0.1667092997810511,-0.18264993035874297,0.14625143381258315
0,Choquistic 2-additive [balanced],term_spread_10y_2y_pct,0.0004504546696983525,0.0004504546696983525,0.2,False,0.6666666666666666,False,False,False,1.0,unchanged (below absolute correlation threshold),370,training only (frozen before validation refit),-0.03530943864833828,0.014469820408183997,0.46259569548834856
0,Choquistic 2-additive [balanced],vix,-0.011878642315999565,0.011878642315999565,0.2,False,0.3333333333333333,False,False,False,1.0,unchanged (below absolute correlation threshold),370,training only (frozen before validation refit),0.07394409444665158,-0.17098605181015267,0.05711859573046735
0,Choquistic 2-additive [unweighted],average_equity_correlation_60d,-0.06675304591080801,0.06675304591080801,0.2,False,0.3333333333333333,False,False,False,1.0,unchanged (below absolute correlation threshold),370,training only (frozen before validation refit),0.007015439202308411,-0.1801821295739427,0.008096705718896438
0,Choquistic 2-additive [unweighted],baa_credit_spread_pct,0.10121270330396592,0.10121270330396592,0.2,False,0.3333333333333333,False,False,False,1.0,unchanged (below absolute correlation threshold),370,training only (frozen before validation refit),-0.05553619665444524,-0.12897507366489785,0.11200617184171914
0,Choquistic 2-additive [unweighted],drawdown_severity,-0.04048158446434254,0.04048158446434254,0.2,False,1.0,True,False,False,1.0,unchanged (below absolute correlation threshold),370,training only (frozen before validation refit),-0.006688417485750473,-0.14681317652084747,-0.03274606800583155
0,Choquistic 2-additive [unweighted],lagged_portfolio_loss_1d,-0.01126752475370455,0.01126752475370455,0.2,False,0.6666666666666666,False,False,False,1.0,unchanged (below absolute correlation threshold),370,training only (frozen before validation refit),-0.10099863239028105,-0.003439395700355564,0.013391085689074815
0,Choquistic 2-additive [unweighted],liquidity_stress_20d,0.03800938956644759,0.03800938956644759,0.2,False,0.6666666666666666,False,False,False,1.0,unchanged (below absolute correlation threshold),370,training only (frozen before validation refit),0.17176077284243232,-0.12202926896608687,0.22773943865774746
0,Choquistic 2-additive [unweighted],market_loss_1d,0.02945814494479946,0.02945814494479946,0.2,False,0.6666666666666666,False,False,False,1.0,unchanged (below absolute correlation threshold),370,training only (frozen before validation refit),-0.2094264623570459,0.007872312460499967,0.12838993327156611
0,Choquistic 2-additive [unweighted],negative_momentum_21d,0.07169392338349596,0.07169392338349596,0.2,False,0.6666666666666666,False,False,False,1.0,unchanged (below absolute correlation threshold),370,training only (frozen before validation refit),0.02347373633117699,-0.02364517318207458,0.16543541647998594
0,Choquistic 2-additive [unweighted],realized_volatility_20d,0.009660683791150836,0.009660683791150836,0.2,False,0.6666666666666666,False,False,False,1.0,unchanged (below absolute correlation threshold),370,training only (frozen before validation refit),0.1667092997810511,-0.18264993035874297,0.14625143381258315
0,Choquistic 2-additive [unweighted],term_spread_10y_2y_pct,0.0004504546696983525,0.0004504546696983525,0.2,False,0.6666666666666666,False,False,False,1.0,unchanged (below absolute correlation threshold),370,training only (frozen before validation refit),-0.03530943864833828,0.014469820408183997,0.46259569548834856
0,Choquistic 2-additive [unweighted],vix,-0.011878642315999565,0.011878642315999565,0.2,False,0.3333333333333333,False,False,False,1.0,unchanged (below absolute correlation threshold),370,training only (frozen before validation refit),0.07394409444665158,-0.17098605181015267,0.05711859573046735
0,Logistic oriented [balanced],average_equity_correlation_60d,-0.06675304591080801,0.06675304591080801,0.2,False,0.3333333333333333,False,False,False,1.0,unchanged (below absolute correlation threshold),370,training only (frozen before validation refit),0.007015439202308411,-0.1801821295739427,0.008096705718896438
0,Logistic oriented [balanced],baa_credit_spread_pct,0.10121270330396592,0.10121270330396592,0.2,False,0.3333333333333333,False,False,False,1.0,unchanged (below absolute correlation threshold),370,training only (frozen before validation refit),-0.05553619665444524,-0.12897507366489785,0.11200617184171914
0,Logistic oriented [balanced],drawdown_severity,-0.04048158446434254,0.04048158446434254,0.2,False,1.0,True,False,False,1.0,unchanged (below absolute correlation threshold),370,training only (frozen before validation refit),-0.006688417485750473,-0.14681317652084747,-0.03274606800583155
0,Logistic oriented [balanced],lagged_portfolio_loss_1d,-0.01126752475370455,0.01126752475370455,0.2,False,0.6666666666666666,False,False,False,1.0,unchanged (below absolute correlation threshold),370,training only (frozen before validation refit),-0.10099863239028105,-0.003439395700355564,0.013391085689074815
0,Logistic oriented [balanced],liquidity_stress_20d,0.03800938956644759,0.03800938956644759,0.2,False,0.6666666666666666,False,False,False,1.0,unchanged (below absolute correlation threshold),370,training only (frozen before validation refit),0.17176077284243232,-0.12202926896608687,0.22773943865774746
0,Logistic oriented [balanced],market_loss_1d,0.02945814494479946,0.02945814494479946,0.2,False,0.6666666666666666,False,False,False,1.0,unchanged (below absolute correlation threshold),370,training only (frozen before validation refit),-0.2094264623570459,0.007872312460499967,0.12838993327156611
0,Logistic oriented [balanced],negative_momentum_21d,0.07169392338349596,0.07169392338349596,0.2,False,0.6666666666666666,False,False,False,1.0,unchanged (below absolute correlation threshold),370,training only (frozen before validation refit),0.02347373633117699,-0.02364517318207458,0.16543541647998594
0,Logistic oriented [balanced],realized_volatility_20d,0.009660683791150836,0.009660683791150836,0.2,False,0.6666666666666666,False,False,False,1.0,unchanged (below absolute correlation threshold),370,training only (frozen before validation refit),0.1667092997810511,-0.18264993035874297,0.14625143381258315
0,Logistic oriented [balanced],term_spread_10y_2y_pct,0.0004504546696983525,0.0004504546696983525,0.2,False,0.6666666666666666,False,False,False,1.0,unchanged (below absolute correlation threshold),370,training only (frozen before validation refit),-0.03530943864833828,0.014469820408183997,0.46259569548834856
0,Logistic oriented [balanced],vix,-0.011878642315999565,0.011878642315999565,0.2,False,0.3333333333333333,False,False,False,1.0,unchanged (below absolute correlation threshold),370,training only (frozen before validation refit),0.07394409444665158,-0.17098605181015267,0.05711859573046735
0,Logistic oriented [unweighted],average_equity_correlation_60d,-0.06675304591080801,0.06675304591080801,0.2,False,0.3333333333333333,False,False,False,1.0,unchanged (below absolute correlation threshold),370,training only (frozen before validation refit),0.007015439202308411,-0.1801821295739427,0.008096705718896438
0,Logistic oriented [unweighted],baa_credit_spread_pct,0.10121270330396592,0.10121270330396592,0.2,False,0.3333333333333333,False,False,False,1.0,unchanged (below absolute correlation threshold),370,training only (frozen before validation refit),-0.05553619665444524,-0.12897507366489785,0.11200617184171914
0,Logistic oriented [unweighted],drawdown_severity,-0.04048158446434254,0.04048158446434254,0.2,False,1.0,True,False,False,1.0,unchanged (below absolute correlation threshold),370,training only (frozen before validation refit),-0.006688417485750473,-0.14681317652084747,-0.03274606800583155
0,Logistic oriented [unweighted],lagged_portfolio_loss_1d,-0.01126752475370455,0.01126752475370455,0.2,False,0.6666666666666666,False,False,False,1.0,unchanged (below absolute correlation threshold),370,training only (frozen before validation refit),-0.10099863239028105,-0.003439395700355564,0.013391085689074815
0,Logistic oriented [unweighted],liquidity_stress_20d,0.03800938956644759,0.03800938956644759,0.2,False,0.6666666666666666,False,False,False,1.0,unchanged (below absolute correlation threshold),370,training only (frozen before validation refit),0.17176077284243232,-0.12202926896608687,0.22773943865774746
0,Logistic oriented [unweighted],market_loss_1d,0.02945814494479946,0.02945814494479946,0.2,False,0.6666666666666666,False,False,False,1.0,unchanged (below absolute correlation threshold),370,training only (frozen before validation refit),-0.2094264623570459,0.007872312460499967,0.12838993327156611
0,Logistic oriented [unweighted],negative_momentum_21d,0.07169392338349596,0.07169392338349596,0.2,False,0.6666666666666666,False,False,False,1.0,unchanged (below absolute correlation threshold),370,training only (frozen before validation refit),0.02347373633117699,-0.02364517318207458,0.16543541647998594
0,Logistic oriented [unweighted],realized_volatility_20d,0.009660683791150836,0.009660683791150836,0.2,False,0.6666666666666666,False,False,False,1.0,unchanged (below absolute correlation threshold),370,training only (frozen before validation refit),0.1667092997810511,-0.18264993035874297,0.14625143381258315
0,Logistic oriented [unweighted],term_spread_10y_2y_pct,0.0004504546696983525,0.0004504546696983525,0.2,False,0.6666666666666666,False,False,False,1.0,unchanged (below absolute correlation threshold),370,training only (frozen before validation refit),-0.03530943864833828,0.014469820408183997,0.46259569548834856
0,Logistic oriented [unweighted],vix,-0.011878642315999565,0.011878642315999565,0.2,False,0.3333333333333333,False,False,False,1.0,unchanged (below absolute correlation threshold),370,training only (frozen before validation refit),0.07394409444665158,-0.17098605181015267,0.05711859573046735
1,Choquistic 1-additive [balanced],average_equity_correlation_60d,0.08114621591371725,0.08114621591371725,0.2,False,0.3333333333333333,False,False,False,1.0,unchanged (below absolute correlation threshold),372,training only (frozen before validation refit),0.03483093692425963,0.0,0.0
1,Choquistic 1-additive [balanced],baa_credit_spread_pct,0.16354057932582722,0.16354057932582722,0.2,False,0.3333333333333333,False,False,False,1.0,unchanged (below absolute correlation threshold),372,training only (frozen before validation refit),0.11275107378899323,0.0,0.0
1,Choquistic 1-additive [balanced],drawdown_severity,0.1197765440024653,0.1197765440024653,0.2,False,0.3333333333333333,False,False,False,1.0,unchanged (below absolute correlation threshold),372,training only (frozen before validation refit),0.052501085951576536,0.0,0.0
1,Choquistic 1-additive [balanced],lagged_portfolio_loss_1d,0.030905295961530133,0.030905295961530133,0.2,False,0.3333333333333333,False,False,False,1.0,unchanged (below absolute correlation threshold),372,training only (frozen before validation refit),0.03040547301172849,0.0,0.0
1,Choquistic 1-additive [balanced],liquidity_stress_20d,0.20048754339401273,0.20048754339401273,0.2,True,0.3333333333333333,False,False,True,1.0,unchanged (positive training correlation),372,training only (frozen before validation refit),0.18229337766743176,0.0,0.0
1,Choquistic 1-additive [balanced],market_loss_1d,0.10005709924291831,0.10005709924291831,0.2,False,0.3333333333333333,False,False,False,1.0,unchanged (below absolute correlation threshold),372,training only (frozen before validation refit),0.11811910662913588,0.0,0.0
1,Choquistic 1-additive [balanced],negative_momentum_21d,0.17674896383572597,0.17674896383572597,0.2,False,0.3333333333333333,False,False,False,1.0,unchanged (below absolute correlation threshold),372,training only (frozen before validation refit),0.18288724239934942,0.0,0.0
1,Choquistic 1-additive [balanced],realized_volatility_20d,0.15524714492972397,0.15524714492972397,0.2,False,0.3333333333333333,False,False,False,1.0,unchanged (below absolute correlation threshold),372,training only (frozen before validation refit),0.13077466458021267,0.0,0.0
1,Choquistic 1-additive [balanced],term_spread_10y_2y_pct,0.1116173860782762,0.1116173860782762,0.2,False,0.3333333333333333,False,False,False,1.0,unchanged (below absolute correlation threshold),372,training only (frozen before validation refit),0.3414935661829716,0.0,0.0
1,Choquistic 1-additive [balanced],vix,0.15256839043524328,0.15256839043524328,0.2,False,0.3333333333333333,False,False,False,1.0,unchanged (below absolute correlation threshold),372,training only (frozen before validation refit),0.09105799800286911,0.0,0.0
1,Choquistic 1-additive [unweighted],average_equity_correlation_60d,0.08114621591371725,0.08114621591371725,0.2,False,0.3333333333333333,False,False,False,1.0,unchanged (below absolute correlation threshold),372,training only (frozen before validation refit),0.03483093692425963,0.0,0.0
1,Choquistic 1-additive [unweighted],baa_credit_spread_pct,0.16354057932582722,0.16354057932582722,0.2,False,0.3333333333333333,False,False,False,1.0,unchanged (below absolute correlation threshold),372,training only (frozen before validation refit),0.11275107378899323,0.0,0.0
1,Choquistic 1-additive [unweighted],drawdown_severity,0.1197765440024653,0.1197765440024653,0.2,False,0.3333333333333333,False,False,False,1.0,unchanged (below absolute correlation threshold),372,training only (frozen before validation refit),0.052501085951576536,0.0,0.0
1,Choquistic 1-additive [unweighted],lagged_portfolio_loss_1d,0.030905295961530133,0.030905295961530133,0.2,False,0.3333333333333333,False,False,False,1.0,unchanged (below absolute correlation threshold),372,training only (frozen before validation refit),0.03040547301172849,0.0,0.0
1,Choquistic 1-additive [unweighted],liquidity_stress_20d,0.20048754339401273,0.20048754339401273,0.2,True,0.3333333333333333,False,False,True,1.0,unchanged (positive training correlation),372,training only (frozen before validation refit),0.18229337766743176,0.0,0.0
1,Choquistic 1-additive [unweighted],market_loss_1d,0.10005709924291831,0.10005709924291831,0.2,False,0.3333333333333333,False,False,False,1.0,unchanged (below absolute correlation threshold),372,training only (frozen before validation refit),0.11811910662913588,0.0,0.0
1,Choquistic 1-additive [unweighted],negative_momentum_21d,0.17674896383572597,0.17674896383572597,0.2,False,0.3333333333333333,False,False,False,1.0,unchanged (below absolute correlation threshold),372,training only (frozen before validation refit),0.18288724239934942,0.0,0.0
1,Choquistic 1-additive [unweighted],realized_volatility_20d,0.15524714492972397,0.15524714492972397,0.2,False,0.3333333333333333,False,False,False,1.0,unchanged (below absolute correlation threshold),372,training only (frozen before validation refit),0.13077466458021267,0.0,0.0
1,Choquistic 1-additive [unweighted],term_spread_10y_2y_pct,0.1116173860782762,0.1116173860782762,0.2,False,0.3333333333333333,False,False,False,1.0,unchanged (below absolute correlation threshold),372,training only (frozen before validation refit),0.3414935661829716,0.0,0.0
1,Choquistic 1-additive [unweighted],vix,0.15256839043524328,0.15256839043524328,0.2,False,0.3333333333333333,False,False,False,1.0,unchanged (below absolute correlation threshold),372,training only (frozen before validation refit),0.09105799800286911,0.0,0.0
1,Choquistic 2-additive [balanced],average_equity_correlation_60d,0.08114621591371725,0.08114621591371725,0.2,False,0.3333333333333333,False,False,False,1.0,unchanged (below absolute correlation threshold),372,training only (frozen before validation refit),0.03483093692425963,0.0,0.0
1,Choquistic 2-additive [balanced],baa_credit_spread_pct,0.16354057932582722,0.16354057932582722,0.2,False,0.3333333333333333,False,False,False,1.0,unchanged (below absolute correlation threshold),372,training only (frozen before validation refit),0.11275107378899323,0.0,0.0
1,Choquistic 2-additive [balanced],drawdown_severity,0.1197765440024653,0.1197765440024653,0.2,False,0.3333333333333333,False,False,False,1.0,unchanged (below absolute correlation threshold),372,training only (frozen before validation refit),0.052501085951576536,0.0,0.0
1,Choquistic 2-additive [balanced],lagged_portfolio_loss_1d,0.030905295961530133,0.030905295961530133,0.2,False,0.3333333333333333,False,False,False,1.0,unchanged (below absolute correlation threshold),372,training only (frozen before validation refit),0.03040547301172849,0.0,0.0
1,Choquistic 2-additive [balanced],liquidity_stress_20d,0.20048754339401273,0.20048754339401273,0.2,True,0.3333333333333333,False,False,True,1.0,unchanged (positive training correlation),372,training only (frozen before validation refit),0.18229337766743176,0.0,0.0
1,Choquistic 2-additive [balanced],market_loss_1d,0.10005709924291831,0.10005709924291831,0.2,False,0.3333333333333333,False,False,False,1.0,unchanged (below absolute correlation threshold),372,training only (frozen before validation refit),0.11811910662913588,0.0,0.0
1,Choquistic 2-additive [balanced],negative_momentum_21d,0.17674896383572597,0.17674896383572597,0.2,False,0.3333333333333333,False,False,False,1.0,unchanged (below absolute correlation threshold),372,training only (frozen before validation refit),0.18288724239934942,0.0,0.0
1,Choquistic 2-additive [balanced],realized_volatility_20d,0.15524714492972397,0.15524714492972397,0.2,False,0.3333333333333333,False,False,False,1.0,unchanged (below absolute correlation threshold),372,training only (frozen before validation refit),0.13077466458021267,0.0,0.0
1,Choquistic 2-additive [balanced],term_spread_10y_2y_pct,0.1116173860782762,0.1116173860782762,0.2,False,0.3333333333333333,False,False,False,1.0,unchanged (below absolute correlation threshold),372,training only (frozen before validation refit),0.3414935661829716,0.0,0.0
1,Choquistic 2-additive [balanced],vix,0.15256839043524328,0.15256839043524328,0.2,False,0.3333333333333333,False,False,False,1.0,unchanged (below absolute correlation threshold),372,training only (frozen before validation refit),0.09105799800286911,0.0,0.0
1,Choquistic 2-additive [unweighted],average_equity_correlation_60d,0.08114621591371725,0.08114621591371725,0.2,False,0.3333333333333333,False,False,False,1.0,unchanged (below absolute correlation threshold),372,training only (frozen before validation refit),0.03483093692425963,0.0,0.0
1,Choquistic 2-additive [unweighted],baa_credit_spread_pct,0.16354057932582722,0.16354057932582722,0.2,False,0.3333333333333333,False,False,False,1.0,unchanged (below absolute correlation threshold),372,training only (frozen before validation refit),0.11275107378899323,0.0,0.0
1,Choquistic 2-additive [unweighted],drawdown_severity,0.1197765440024653,0.1197765440024653,0.2,False,0.3333333333333333,False,False,False,1.0,unchanged (below absolute correlation threshold),372,training only (frozen before validation refit),0.052501085951576536,0.0,0.0
1,Choquistic 2-additive [unweighted],lagged_portfolio_loss_1d,0.030905295961530133,0.030905295961530133,0.2,False,0.3333333333333333,False,False,False,1.0,unchanged (below absolute correlation threshold),372,training only (frozen before validation refit),0.03040547301172849,0.0,0.0
1,Choquistic 2-additive [unweighted],liquidity_stress_20d,0.20048754339401273,0.20048754339401273,0.2,True,0.3333333333333333,False,False,True,1.0,unchanged (positive training correlation),372,training only (frozen before validation refit),0.18229337766743176,0.0,0.0
1,Choquistic 2-additive [unweighted],market_loss_1d,0.10005709924291831,0.10005709924291831,0.2,False,0.3333333333333333,False,False,False,1.0,unchanged (below absolute correlation threshold),372,training only (frozen before validation refit),0.11811910662913588,0.0,0.0
1,Choquistic 2-additive [unweighted],negative_momentum_21d,0.17674896383572597,0.17674896383572597,0.2,False,0.3333333333333333,False,False,False,1.0,unchanged (below absolute correlation threshold),372,training only (frozen before validation refit),0.18288724239934942,0.0,0.0
1,Choquistic 2-additive [unweighted],realized_volatility_20d,0.15524714492972397,0.15524714492972397,0.2,False,0.3333333333333333,False,False,False,1.0,unchanged (below absolute correlation threshold),372,training only (frozen before validation refit),0.13077466458021267,0.0,0.0
1,Choquistic 2-additive [unweighted],term_spread_10y_2y_pct,0.1116173860782762,0.1116173860782762,0.2,False,0.3333333333333333,False,False,False,1.0,unchanged (below absolute correlation threshold),372,training only (frozen before validation refit),0.3414935661829716,0.0,0.0
1,Choquistic 2-additive [unweighted],vix,0.15256839043524328,0.15256839043524328,0.2,False,0.3333333333333333,False,False,False,1.0,unchanged (below absolute correlation threshold),372,training only (frozen before validation refit),0.09105799800286911,0.0,0.0
1,Logistic oriented [balanced],average_equity_correlation_60d,0.08114621591371725,0.08114621591371725,0.2,False,0.3333333333333333,False,False,False,1.0,unchanged (below absolute correlation threshold),372,training only (frozen before validation refit),0.03483093692425963,0.0,0.0
1,Logistic oriented [balanced],baa_credit_spread_pct,0.16354057932582722,0.16354057932582722,0.2,False,0.3333333333333333,False,False,False,1.0,unchanged (below absolute correlation threshold),372,training only (frozen before validation refit),0.11275107378899323,0.0,0.0
1,Logistic oriented [balanced],drawdown_severity,0.1197765440024653,0.1197765440024653,0.2,False,0.3333333333333333,False,False,False,1.0,unchanged (below absolute correlation threshold),372,training only (frozen before validation refit),0.052501085951576536,0.0,0.0
1,Logistic oriented [balanced],lagged_portfolio_loss_1d,0.030905295961530133,0.030905295961530133,0.2,False,0.3333333333333333,False,False,False,1.0,unchanged (below absolute correlation threshold),372,training only (frozen before validation refit),0.03040547301172849,0.0,0.0
1,Logistic oriented [balanced],liquidity_stress_20d,0.20048754339401273,0.20048754339401273,0.2,True,0.3333333333333333,False,False,True,1.0,unchanged (positive training correlation),372,training only (frozen before validation refit),0.18229337766743176,0.0,0.0
1,Logistic oriented [balanced],market_loss_1d,0.10005709924291831,0.10005709924291831,0.2,False,0.3333333333333333,False,False,False,1.0,unchanged (below absolute correlation threshold),372,training only (frozen before validation refit),0.11811910662913588,0.0,0.0
1,Logistic oriented [balanced],negative_momentum_21d,0.17674896383572597,0.17674896383572597,0.2,False,0.3333333333333333,False,False,False,1.0,unchanged (below absolute correlation threshold),372,training only (frozen before validation refit),0.18288724239934942,0.0,0.0
1,Logistic oriented [balanced],realized_volatility_20d,0.15524714492972397,0.15524714492972397,0.2,False,0.3333333333333333,False,False,False,1.0,unchanged (below absolute correlation threshold),372,training only (frozen before validation refit),0.13077466458021267,0.0,0.0
1,Logistic oriented [balanced],term_spread_10y_2y_pct,0.1116173860782762,0.1116173860782762,0.2,False,0.3333333333333333,False,False,False,1.0,unchanged (below absolute correlation threshold),372,training only (frozen before validation refit),0.3414935661829716,0.0,0.0
1,Logistic oriented [balanced],vix,0.15256839043524328,0.15256839043524328,0.2,False,0.3333333333333333,False,False,False,1.0,unchanged (below absolute correlation threshold),372,training only (frozen before validation refit),0.09105799800286911,0.0,0.0
1,Logistic oriented [unweighted],average_equity_correlation_60d,0.08114621591371725,0.08114621591371725,0.2,False,0.3333333333333333,False,False,False,1.0,unchanged (below absolute correlation threshold),372,training only (frozen before validation refit),0.03483093692425963,0.0,0.0
1,Logistic oriented [unweighted],baa_credit_spread_pct,0.16354057932582722,0.16354057932582722,0.2,False,0.3333333333333333,False,False,False,1.0,unchanged (below absolute correlation threshold),372,training only (frozen before validation refit),0.11275107378899323,0.0,0.0
1,Logistic oriented [unweighted],drawdown_severity,0.1197765440024653,0.1197765440024653,0.2,False,0.3333333333333333,False,False,False,1.0,unchanged (below absolute correlation threshold),372,training only (frozen before validation refit),0.052501085951576536,0.0,0.0
1,Logistic oriented [unweighted],lagged_portfolio_loss_1d,0.030905295961530133,0.030905295961530133,0.2,False,0.3333333333333333,False,False,False,1.0,unchanged (below absolute correlation threshold),372,training only (frozen before validation refit),0.03040547301172849,0.0,0.0
1,Logistic oriented [unweighted],liquidity_stress_20d,0.20048754339401273,0.20048754339401273,0.2,True,0.3333333333333333,False,False,True,1.0,unchanged (positive training correlation),372,training only (frozen before validation refit),0.18229337766743176,0.0,0.0
1,Logistic oriented [unweighted],market_loss_1d,0.10005709924291831,0.10005709924291831,0.2,False,0.3333333333333333,False,False,False,1.0,unchanged (below absolute correlation threshold),372,training only (frozen before validation refit),0.11811910662913588,0.0,0.0
1,Logistic oriented [unweighted],negative_momentum_21d,0.17674896383572597,0.17674896383572597,0.2,False,0.3333333333333333,False,False,False,1.0,unchanged (below absolute correlation threshold),372,training only (frozen before validation refit),0.18288724239934942,0.0,0.0
1,Logistic oriented [unweighted],realized_volatility_20d,0.15524714492972397,0.15524714492972397,0.2,False,0.3333333333333333,False,False,False,1.0,unchanged (below absolute correlation threshold),372,training only (frozen before validation refit),0.13077466458021267,0.0,0.0
1,Logistic oriented [unweighted],term_spread_10y_2y_pct,0.1116173860782762,0.1116173860782762,0.2,False,0.3333333333333333,False,False,False,1.0,unchanged (below absolute correlation threshold),372,training only (frozen before validation refit),0.3414935661829716,0.0,0.0
1,Logistic oriented [unweighted],vix,0.15256839043524328,0.15256839043524328,0.2,False,0.3333333333333333,False,False,False,1.0,unchanged (below absolute correlation threshold),372,training only (frozen before validation refit),0.09105799800286911,0.0,0.0
2,Choquistic 1-additive [balanced],average_equity_correlation_60d,0.04954238113022692,0.04954238113022692,0.2,False,0.3333333333333333,False,False,False,1.0,unchanged (below absolute correlation threshold),371,training only (frozen before validation refit),0.0,0.09985858569283569,-0.20855178716494802
2,Choquistic 1-additive [balanced],baa_credit_spread_pct,-0.22069521911381607,0.22069521911381607,0.2,True,0.3333333333333333,False,False,True,-1.0,multiplied by -1,371,training only (frozen before validation refit),0.0,0.07484710632495623,-0.33030993250753854
2,Choquistic 1-additive [balanced],drawdown_severity,0.020445733733077776,0.020445733733077776,0.2,False,0.0,False,False,False,1.0,unchanged (below absolute correlation threshold),371,training only (frozen before validation refit),0.0,-0.11595318173106584,-0.10330018466907398
2,Choquistic 1-additive [balanced],lagged_portfolio_loss_1d,0.04386063180206615,0.04386063180206615,0.2,False,0.6666666666666666,False,False,False,1.0,unchanged (below absolute correlation threshold),371,training only (frozen before validation refit),0.0,0.034237100331381866,0.04864880685232531
2,Choquistic 1-additive [balanced],liquidity_stress_20d,-0.030226906775671695,0.030226906775671695,0.2,False,0.6666666666666666,False,False,False,1.0,unchanged (below absolute correlation threshold),371,training only (frozen before validation refit),0.0,-0.03811452164868038,-0.33945794065994694
2,Choquistic 1-additive [balanced],market_loss_1d,0.03162371075604939,0.03162371075604939,0.2,False,0.3333333333333333,False,False,False,1.0,unchanged (below absolute correlation threshold),371,training only (frozen before validation refit),0.0,-0.20629039408339708,0.08977647728416255
2,Choquistic 1-additive [balanced],negative_momentum_21d,-0.15016518997470624,0.15016518997470624,0.2,False,0.6666666666666666,False,False,False,1.0,unchanged (below absolute correlation threshold),371,training only (frozen before validation refit),0.0,-0.03270818859583742,-0.26791526098585167
2,Choquistic 1-additive [balanced],realized_volatility_20d,-0.0018611107875684664,0.0018611107875684664,0.2,False,0.6666666666666666,False,False,False,1.0,unchanged (below absolute correlation threshold),371,training only (frozen before validation refit),0.0,-0.0574538594264007,-0.1732716175028704
2,Choquistic 1-additive [balanced],term_spread_10y_2y_pct,-0.11939306597729135,0.11939306597729135,0.2,False,0.0,False,False,False,1.0,unchanged (below absolute correlation threshold),371,training only (frozen before validation refit),0.0,0.018758247709924212,0.17187579975789505
2,Choquistic 1-additive [balanced],vix,0.06371687393265658,0.06371687393265658,0.2,False,0.3333333333333333,False,False,False,1.0,unchanged (below absolute correlation threshold),371,training only (frozen before validation refit),0.0,0.052455124309488024,-0.05437426398773907
2,Choquistic 1-additive [unweighted],average_equity_correlation_60d,0.04954238113022692,0.04954238113022692,0.2,False,0.3333333333333333,False,False,False,1.0,unchanged (below absolute correlation threshold),371,training only (frozen before validation refit),0.0,0.09985858569283569,-0.20855178716494802
2,Choquistic 1-additive [unweighted],baa_credit_spread_pct,-0.22069521911381607,0.22069521911381607,0.2,True,0.3333333333333333,False,False,True,-1.0,multiplied by -1,371,training only (frozen before validation refit),0.0,0.07484710632495623,-0.33030993250753854
2,Choquistic 1-additive [unweighted],drawdown_severity,0.020445733733077776,0.020445733733077776,0.2,False,0.0,False,False,False,1.0,unchanged (below absolute correlation threshold),371,training only (frozen before validation refit),0.0,-0.11595318173106584,-0.10330018466907398
2,Choquistic 1-additive [unweighted],lagged_portfolio_loss_1d,0.04386063180206615,0.04386063180206615,0.2,False,0.6666666666666666,False,False,False,1.0,unchanged (below absolute correlation threshold),371,training only (frozen before validation refit),0.0,0.034237100331381866,0.04864880685232531
2,Choquistic 1-additive [unweighted],liquidity_stress_20d,-0.030226906775671695,0.030226906775671695,0.2,False,0.6666666666666666,False,False,False,1.0,unchanged (below absolute correlation threshold),371,training only (frozen before validation refit),0.0,-0.03811452164868038,-0.33945794065994694
2,Choquistic 1-additive [unweighted],market_loss_1d,0.03162371075604939,0.03162371075604939,0.2,False,0.3333333333333333,False,False,False,1.0,unchanged (below absolute correlation threshold),371,training only (frozen before validation refit),0.0,-0.20629039408339708,0.08977647728416255
2,Choquistic 1-additive [unweighted],negative_momentum_21d,-0.15016518997470624,0.15016518997470624,0.2,False,0.6666666666666666,False,False,False,1.0,unchanged (below absolute correlation threshold),371,training only (frozen before validation refit),0.0,-0.03270818859583742,-0.26791526098585167
2,Choquistic 1-additive [unweighted],realized_volatility_20d,-0.0018611107875684664,0.0018611107875684664,0.2,False,0.6666666666666666,False,False,False,1.0,unchanged (below absolute correlation threshold),371,training only (frozen before validation refit),0.0,-0.0574538594264007,-0.1732716175028704
2,Choquistic 1-additive [unweighted],term_spread_10y_2y_pct,-0.11939306597729135,0.11939306597729135,0.2,False,0.0,False,False,False,1.0,unchanged (below absolute correlation threshold),371,training only (frozen before validation refit),0.0,0.018758247709924212,0.17187579975789505
2,Choquistic 1-additive [unweighted],vix,0.06371687393265658,0.06371687393265658,0.2,False,0.3333333333333333,False,False,False,1.0,unchanged (below absolute correlation threshold),371,training only (frozen before validation refit),0.0,0.052455124309488024,-0.05437426398773907
2,Choquistic 2-additive [balanced],average_equity_correlation_60d,0.04954238113022692,0.04954238113022692,0.2,False,0.3333333333333333,False,False,False,1.0,unchanged (below absolute correlation threshold),371,training only (frozen before validation refit),0.0,0.09985858569283569,-0.20855178716494802
2,Choquistic 2-additive [balanced],baa_credit_spread_pct,-0.22069521911381607,0.22069521911381607,0.2,True,0.3333333333333333,False,False,True,-1.0,multiplied by -1,371,training only (frozen before validation refit),0.0,0.07484710632495623,-0.33030993250753854
2,Choquistic 2-additive [balanced],drawdown_severity,0.020445733733077776,0.020445733733077776,0.2,False,0.0,False,False,False,1.0,unchanged (below absolute correlation threshold),371,training only (frozen before validation refit),0.0,-0.11595318173106584,-0.10330018466907398
2,Choquistic 2-additive [balanced],lagged_portfolio_loss_1d,0.04386063180206615,0.04386063180206615,0.2,False,0.6666666666666666,False,False,False,1.0,unchanged (below absolute correlation threshold),371,training only (frozen before validation refit),0.0,0.034237100331381866,0.04864880685232531
2,Choquistic 2-additive [balanced],liquidity_stress_20d,-0.030226906775671695,0.030226906775671695,0.2,False,0.6666666666666666,False,False,False,1.0,unchanged (below absolute correlation threshold),371,training only (frozen before validation refit),0.0,-0.03811452164868038,-0.33945794065994694
2,Choquistic 2-additive [balanced],market_loss_1d,0.03162371075604939,0.03162371075604939,0.2,False,0.3333333333333333,False,False,False,1.0,unchanged (below absolute correlation threshold),371,training only (frozen before validation refit),0.0,-0.20629039408339708,0.08977647728416255
2,Choquistic 2-additive [balanced],negative_momentum_21d,-0.15016518997470624,0.15016518997470624,0.2,False,0.6666666666666666,False,False,False,1.0,unchanged (below absolute correlation threshold),371,training only (frozen before validation refit),0.0,-0.03270818859583742,-0.26791526098585167
2,Choquistic 2-additive [balanced],realized_volatility_20d,-0.0018611107875684664,0.0018611107875684664,0.2,False,0.6666666666666666,False,False,False,1.0,unchanged (below absolute correlation threshold),371,training only (frozen before validation refit),0.0,-0.0574538594264007,-0.1732716175028704
2,Choquistic 2-additive [balanced],term_spread_10y_2y_pct,-0.11939306597729135,0.11939306597729135,0.2,False,0.0,False,False,False,1.0,unchanged (below absolute correlation threshold),371,training only (frozen before validation refit),0.0,0.018758247709924212,0.17187579975789505
2,Choquistic 2-additive [balanced],vix,0.06371687393265658,0.06371687393265658,0.2,False,0.3333333333333333,False,False,False,1.0,unchanged (below absolute correlation threshold),371,training only (frozen before validation refit),0.0,0.052455124309488024,-0.05437426398773907
2,Choquistic 2-additive [unweighted],average_equity_correlation_60d,0.04954238113022692,0.04954238113022692,0.2,False,0.3333333333333333,False,False,False,1.0,unchanged (below absolute correlation threshold),371,training only (frozen before validation refit),0.0,0.09985858569283569,-0.20855178716494802
2,Choquistic 2-additive [unweighted],baa_credit_spread_pct,-0.22069521911381607,0.22069521911381607,0.2,True,0.3333333333333333,False,False,True,-1.0,multiplied by -1,371,training only (frozen before validation refit),0.0,0.07484710632495623,-0.33030993250753854
2,Choquistic 2-additive [unweighted],drawdown_severity,0.020445733733077776,0.020445733733077776,0.2,False,0.0,False,False,False,1.0,unchanged (below absolute correlation threshold),371,training only (frozen before validation refit),0.0,-0.11595318173106584,-0.10330018466907398
2,Choquistic 2-additive [unweighted],lagged_portfolio_loss_1d,0.04386063180206615,0.04386063180206615,0.2,False,0.6666666666666666,False,False,False,1.0,unchanged (below absolute correlation threshold),371,training only (frozen before validation refit),0.0,0.034237100331381866,0.04864880685232531
2,Choquistic 2-additive [unweighted],liquidity_stress_20d,-0.030226906775671695,0.030226906775671695,0.2,False,0.6666666666666666,False,False,False,1.0,unchanged (below absolute correlation threshold),371,training only (frozen before validation refit),0.0,-0.03811452164868038,-0.33945794065994694
2,Choquistic 2-additive [unweighted],market_loss_1d,0.03162371075604939,0.03162371075604939,0.2,False,0.3333333333333333,False,False,False,1.0,unchanged (below absolute correlation threshold),371,training only (frozen before validation refit),0.0,-0.20629039408339708,0.08977647728416255
2,Choquistic 2-additive [unweighted],negative_momentum_21d,-0.15016518997470624,0.15016518997470624,0.2,False,0.6666666666666666,False,False,False,1.0,unchanged (below absolute correlation threshold),371,training only (frozen before validation refit),0.0,-0.03270818859583742,-0.26791526098585167
2,Choquistic 2-additive [unweighted],realized_volatility_20d,-0.0018611107875684664,0.0018611107875684664,0.2,False,0.6666666666666666,False,False,False,1.0,unchanged (below absolute correlation threshold),371,training only (frozen before validation refit),0.0,-0.0574538594264007,-0.1732716175028704
2,Choquistic 2-additive [unweighted],term_spread_10y_2y_pct,-0.11939306597729135,0.11939306597729135,0.2,False,0.0,False,False,False,1.0,unchanged (below absolute correlation threshold),371,training only (frozen before validation refit),0.0,0.018758247709924212,0.17187579975789505
2,Choquistic 2-additive [unweighted],vix,0.06371687393265658,0.06371687393265658,0.2,False,0.3333333333333333,False,False,False,1.0,unchanged (below absolute correlation threshold),371,training only (frozen before validation refit),0.0,0.052455124309488024,-0.05437426398773907
2,Logistic oriented [balanced],average_equity_correlation_60d,0.04954238113022692,0.04954238113022692,0.2,False,0.3333333333333333,False,False,False,1.0,unchanged (below absolute correlation threshold),371,training only (frozen before validation refit),0.0,0.09985858569283569,-0.20855178716494802
2,Logistic oriented [balanced],baa_credit_spread_pct,-0.22069521911381607,0.22069521911381607,0.2,True,0.3333333333333333,False,False,True,-1.0,multiplied by -1,371,training only (frozen before validation refit),0.0,0.07484710632495623,-0.33030993250753854
2,Logistic oriented [balanced],drawdown_severity,0.020445733733077776,0.020445733733077776,0.2,False,0.0,False,False,False,1.0,unchanged (below absolute correlation threshold),371,training only (frozen before validation refit),0.0,-0.11595318173106584,-0.10330018466907398
2,Logistic oriented [balanced],lagged_portfolio_loss_1d,0.04386063180206615,0.04386063180206615,0.2,False,0.6666666666666666,False,False,False,1.0,unchanged (below absolute correlation threshold),371,training only (frozen before validation refit),0.0,0.034237100331381866,0.04864880685232531
2,Logistic oriented [balanced],liquidity_stress_20d,-0.030226906775671695,0.030226906775671695,0.2,False,0.6666666666666666,False,False,False,1.0,unchanged (below absolute correlation threshold),371,training only (frozen before validation refit),0.0,-0.03811452164868038,-0.33945794065994694
2,Logistic oriented [balanced],market_loss_1d,0.03162371075604939,0.03162371075604939,0.2,False,0.3333333333333333,False,False,False,1.0,unchanged (below absolute correlation threshold),371,training only (frozen before validation refit),0.0,-0.20629039408339708,0.08977647728416255
2,Logistic oriented [balanced],negative_momentum_21d,-0.15016518997470624,0.15016518997470624,0.2,False,0.6666666666666666,False,False,False,1.0,unchanged (below absolute correlation threshold),371,training only (frozen before validation refit),0.0,-0.03270818859583742,-0.26791526098585167
2,Logistic oriented [balanced],realized_volatility_20d,-0.0018611107875684664,0.0018611107875684664,0.2,False,0.6666666666666666,False,False,False,1.0,unchanged (below absolute correlation threshold),371,training only (frozen before validation refit),0.0,-0.0574538594264007,-0.1732716175028704
2,Logistic oriented [balanced],term_spread_10y_2y_pct,-0.11939306597729135,0.11939306597729135,0.2,False,0.0,False,False,False,1.0,unchanged (below absolute correlation threshold),371,training only (frozen before validation refit),0.0,0.018758247709924212,0.17187579975789505
2,Logistic oriented [balanced],vix,0.06371687393265658,0.06371687393265658,0.2,False,0.3333333333333333,False,False,False,1.0,unchanged (below absolute correlation threshold),371,training only (frozen before validation refit),0.0,0.052455124309488024,-0.05437426398773907
2,Logistic oriented [unweighted],average_equity_correlation_60d,0.04954238113022692,0.04954238113022692,0.2,False,0.3333333333333333,False,False,False,1.0,unchanged (below absolute correlation threshold),371,training only (frozen before validation refit),0.0,0.09985858569283569,-0.20855178716494802
2,Logistic oriented [unweighted],baa_credit_spread_pct,-0.22069521911381607,0.22069521911381607,0.2,True,0.3333333333333333,False,False,True,-1.0,multiplied by -1,371,training only (frozen before validation refit),0.0,0.07484710632495623,-0.33030993250753854
2,Logistic oriented [unweighted],drawdown_severity,0.020445733733077776,0.020445733733077776,0.2,False,0.0,False,False,False,1.0,unchanged (below absolute correlation threshold),371,training only (frozen before validation refit),0.0,-0.11595318173106584,-0.10330018466907398
2,Logistic oriented [unweighted],lagged_portfolio_loss_1d,0.04386063180206615,0.04386063180206615,0.2,False,0.6666666666666666,False,False,False,1.0,unchanged (below absolute correlation threshold),371,training only (frozen before validation refit),0.0,0.034237100331381866,0.04864880685232531
2,Logistic oriented [unweighted],liquidity_stress_20d,-0.030226906775671695,0.030226906775671695,0.2,False,0.6666666666666666,False,False,False,1.0,unchanged (below absolute correlation threshold),371,training only (frozen before validation refit),0.0,-0.03811452164868038,-0.33945794065994694
2,Logistic oriented [unweighted],market_loss_1d,0.03162371075604939,0.03162371075604939,0.2,False,0.3333333333333333,False,False,False,1.0,unchanged (below absolute correlation threshold),371,training only (frozen before validation refit),0.0,-0.20629039408339708,0.08977647728416255
2,Logistic oriented [unweighted],negative_momentum_21d,-0.15016518997470624,0.15016518997470624,0.2,False,0.6666666666666666,False,False,False,1.0,unchanged (below absolute correlation threshold),371,training only (frozen before validation refit),0.0,-0.03270818859583742,-0.26791526098585167
2,Logistic oriented [unweighted],realized_volatility_20d,-0.0018611107875684664,0.0018611107875684664,0.2,False,0.6666666666666666,False,False,False,1.0,unchanged (below absolute correlation threshold),371,training only (frozen before validation refit),0.0,-0.0574538594264007,-0.1732716175028704
2,Logistic oriented [unweighted],term_spread_10y_2y_pct,-0.11939306597729135,0.11939306597729135,0.2,False,0.0,False,False,False,1.0,unchanged (below absolute correlation threshold),371,training only (frozen before validation refit),0.0,0.018758247709924212,0.17187579975789505
2,Logistic oriented [unweighted],vix,0.06371687393265658,0.06371687393265658,0.2,False,0.3333333333333333,False,False,False,1.0,unchanged (below absolute correlation threshold),371,training only (frozen before validation refit),0.0,0.052455124309488024,-0.05437426398773907
3,Choquistic 1-additive [balanced],average_equity_correlation_60d,-0.05503616691570817,0.05503616691570817,0.2,False,0.3333333333333333,False,False,False,1.0,unchanged (below absolute correlation threshold),370,training only (frozen before validation refit),-0.22604689696896765,0.19753757989494045,0.0
3,Choquistic 1-additive [balanced],baa_credit_spread_pct,-0.14518855466872183,0.14518855466872183,0.2,False,0.3333333333333333,False,False,False,1.0,unchanged (below absolute correlation threshold),370,training only (frozen before validation refit),-0.32779076742336233,0.15412589146891228,0.0
3,Choquistic 1-additive [balanced],drawdown_severity,-0.04892207919218066,0.04892207919218066,0.2,False,0.3333333333333333,False,False,False,1.0,unchanged (below absolute correlation threshold),370,training only (frozen before validation refit),-0.1100046336533782,0.16362457828249188,0.0
3,Choquistic 1-additive [balanced],lagged_portfolio_loss_1d,0.04588799380811899,0.04588799380811899,0.2,False,0.6666666666666666,False,False,False,1.0,unchanged (below absolute correlation threshold),370,training only (frozen before validation refit),0.04330740905796117,0.030999519937282873,0.0
3,Choquistic 1-additive [balanced],liquidity_stress_20d,-0.10974630168178251,0.10974630168178251,0.2,False,0.3333333333333333,False,False,False,1.0,unchanged (below absolute correlation threshold),370,training only (frozen before validation refit),-0.3668795608456111,0.19013780255863238,0.0
3,Choquistic 1-additive [balanced],market_loss_1d,0.05674732922946133,0.05674732922946133,0.2,False,0.6666666666666666,False,False,False,1.0,unchanged (below absolute correlation threshold),370,training only (frozen before validation refit),0.08578732904644915,0.0005425971670039115,0.0
3,Choquistic 1-additive [balanced],negative_momentum_21d,0.018554551815377962,0.018554551815377962,0.2,False,0.3333333333333333,False,False,False,1.0,unchanged (below absolute correlation threshold),370,training only (frozen before validation refit),-0.2694456879936589,0.16920309549051663,0.0
3,Choquistic 1-additive [balanced],realized_volatility_20d,0.04021984560540396,0.04021984560540396,0.2,False,0.3333333333333333,False,False,False,1.0,unchanged (below absolute correlation threshold),370,training only (frozen before validation refit),-0.1725914262275271,0.21388325889782225,0.0
3,Choquistic 1-additive [balanced],term_spread_10y_2y_pct,0.11536014652742158,0.11536014652742158,0.2,False,0.3333333333333333,False,False,False,1.0,unchanged (below absolute correlation threshold),370,training only (frozen before validation refit),0.17930772161139927,-0.03279076943940456,0.0
3,Choquistic 1-additive [balanced],vix,0.038448066558888584,0.038448066558888584,0.2,False,0.3333333333333333,False,False,False,1.0,unchanged (below absolute correlation threshold),370,training only (frozen before validation refit),-0.06502028913342628,0.13048256074699383,0.0
3,Choquistic 1-additive [unweighted],average_equity_correlation_60d,-0.05503616691570817,0.05503616691570817,0.2,False,0.3333333333333333,False,False,False,1.0,unchanged (below absolute correlation threshold),370,training only (frozen before validation refit),-0.22604689696896765,0.19753757989494045,0.0
3,Choquistic 1-additive [unweighted],baa_credit_spread_pct,-0.14518855466872183,0.14518855466872183,0.2,False,0.3333333333333333,False,False,False,1.0,unchanged (below absolute correlation threshold),370,training only (frozen before validation refit),-0.32779076742336233,0.15412589146891228,0.0
3,Choquistic 1-additive [unweighted],drawdown_severity,-0.04892207919218066,0.04892207919218066,0.2,False,0.3333333333333333,False,False,False,1.0,unchanged (below absolute correlation threshold),370,training only (frozen before validation refit),-0.1100046336533782,0.16362457828249188,0.0
3,Choquistic 1-additive [unweighted],lagged_portfolio_loss_1d,0.04588799380811899,0.04588799380811899,0.2,False,0.6666666666666666,False,False,False,1.0,unchanged (below absolute correlation threshold),370,training only (frozen before validation refit),0.04330740905796117,0.030999519937282873,0.0
3,Choquistic 1-additive [unweighted],liquidity_stress_20d,-0.10974630168178251,0.10974630168178251,0.2,False,0.3333333333333333,False,False,False,1.0,unchanged (below absolute correlation threshold),370,training only (frozen before validation refit),-0.3668795608456111,0.19013780255863238,0.0
3,Choquistic 1-additive [unweighted],market_loss_1d,0.05674732922946133,0.05674732922946133,0.2,False,0.6666666666666666,False,False,False,1.0,unchanged (below absolute correlation threshold),370,training only (frozen before validation refit),0.08578732904644915,0.0005425971670039115,0.0
3,Choquistic 1-additive [unweighted],negative_momentum_21d,0.018554551815377962,0.018554551815377962,0.2,False,0.3333333333333333,False,False,False,1.0,unchanged (below absolute correlation threshold),370,training only (frozen before validation refit),-0.2694456879936589,0.16920309549051663,0.0
3,Choquistic 1-additive [unweighted],realized_volatility_20d,0.04021984560540396,0.04021984560540396,0.2,False,0.3333333333333333,False,False,False,1.0,unchanged (below absolute correlation threshold),370,training only (frozen before validation refit),-0.1725914262275271,0.21388325889782225,0.0
3,Choquistic 1-additive [unweighted],term_spread_10y_2y_pct,0.11536014652742158,0.11536014652742158,0.2,False,0.3333333333333333,False,False,False,1.0,unchanged (below absolute correlation threshold),370,training only (frozen before validation refit),0.17930772161139927,-0.03279076943940456,0.0
3,Choquistic 1-additive [unweighted],vix,0.038448066558888584,0.038448066558888584,0.2,False,0.3333333333333333,False,False,False,1.0,unchanged (below absolute correlation threshold),370,training only (frozen before validation refit),-0.06502028913342628,0.13048256074699383,0.0
3,Choquistic 2-additive [balanced],average_equity_correlation_60d,-0.05503616691570817,0.05503616691570817,0.2,False,0.3333333333333333,False,False,False,1.0,unchanged (below absolute correlation threshold),370,training only (frozen before validation refit),-0.22604689696896765,0.19753757989494045,0.0
3,Choquistic 2-additive [balanced],baa_credit_spread_pct,-0.14518855466872183,0.14518855466872183,0.2,False,0.3333333333333333,False,False,False,1.0,unchanged (below absolute correlation threshold),370,training only (frozen before validation refit),-0.32779076742336233,0.15412589146891228,0.0
3,Choquistic 2-additive [balanced],drawdown_severity,-0.04892207919218066,0.04892207919218066,0.2,False,0.3333333333333333,False,False,False,1.0,unchanged (below absolute correlation threshold),370,training only (frozen before validation refit),-0.1100046336533782,0.16362457828249188,0.0
3,Choquistic 2-additive [balanced],lagged_portfolio_loss_1d,0.04588799380811899,0.04588799380811899,0.2,False,0.6666666666666666,False,False,False,1.0,unchanged (below absolute correlation threshold),370,training only (frozen before validation refit),0.04330740905796117,0.030999519937282873,0.0
3,Choquistic 2-additive [balanced],liquidity_stress_20d,-0.10974630168178251,0.10974630168178251,0.2,False,0.3333333333333333,False,False,False,1.0,unchanged (below absolute correlation threshold),370,training only (frozen before validation refit),-0.3668795608456111,0.19013780255863238,0.0
3,Choquistic 2-additive [balanced],market_loss_1d,0.05674732922946133,0.05674732922946133,0.2,False,0.6666666666666666,False,False,False,1.0,unchanged (below absolute correlation threshold),370,training only (frozen before validation refit),0.08578732904644915,0.0005425971670039115,0.0
3,Choquistic 2-additive [balanced],negative_momentum_21d,0.018554551815377962,0.018554551815377962,0.2,False,0.3333333333333333,False,False,False,1.0,unchanged (below absolute correlation threshold),370,training only (frozen before validation refit),-0.2694456879936589,0.16920309549051663,0.0
3,Choquistic 2-additive [balanced],realized_volatility_20d,0.04021984560540396,0.04021984560540396,0.2,False,0.3333333333333333,False,False,False,1.0,unchanged (below absolute correlation threshold),370,training only (frozen before validation refit),-0.1725914262275271,0.21388325889782225,0.0
3,Choquistic 2-additive [balanced],term_spread_10y_2y_pct,0.11536014652742158,0.11536014652742158,0.2,False,0.3333333333333333,False,False,False,1.0,unchanged (below absolute correlation threshold),370,training only (frozen before validation refit),0.17930772161139927,-0.03279076943940456,0.0
3,Choquistic 2-additive [balanced],vix,0.038448066558888584,0.038448066558888584,0.2,False,0.3333333333333333,False,False,False,1.0,unchanged (below absolute correlation threshold),370,training only (frozen before validation refit),-0.06502028913342628,0.13048256074699383,0.0
3,Choquistic 2-additive [unweighted],average_equity_correlation_60d,-0.05503616691570817,0.05503616691570817,0.2,False,0.3333333333333333,False,False,False,1.0,unchanged (below absolute correlation threshold),370,training only (frozen before validation refit),-0.22604689696896765,0.19753757989494045,0.0
3,Choquistic 2-additive [unweighted],baa_credit_spread_pct,-0.14518855466872183,0.14518855466872183,0.2,False,0.3333333333333333,False,False,False,1.0,unchanged (below absolute correlation threshold),370,training only (frozen before validation refit),-0.32779076742336233,0.15412589146891228,0.0
3,Choquistic 2-additive [unweighted],drawdown_severity,-0.04892207919218066,0.04892207919218066,0.2,False,0.3333333333333333,False,False,False,1.0,unchanged (below absolute correlation threshold),370,training only (frozen before validation refit),-0.1100046336533782,0.16362457828249188,0.0
3,Choquistic 2-additive [unweighted],lagged_portfolio_loss_1d,0.04588799380811899,0.04588799380811899,0.2,False,0.6666666666666666,False,False,False,1.0,unchanged (below absolute correlation threshold),370,training only (frozen before validation refit),0.04330740905796117,0.030999519937282873,0.0
3,Choquistic 2-additive [unweighted],liquidity_stress_20d,-0.10974630168178251,0.10974630168178251,0.2,False,0.3333333333333333,False,False,False,1.0,unchanged (below absolute correlation threshold),370,training only (frozen before validation refit),-0.3668795608456111,0.19013780255863238,0.0
3,Choquistic 2-additive [unweighted],market_loss_1d,0.05674732922946133,0.05674732922946133,0.2,False,0.6666666666666666,False,False,False,1.0,unchanged (below absolute correlation threshold),370,training only (frozen before validation refit),0.08578732904644915,0.0005425971670039115,0.0
3,Choquistic 2-additive [unweighted],negative_momentum_21d,0.018554551815377962,0.018554551815377962,0.2,False,0.3333333333333333,False,False,False,1.0,unchanged (below absolute correlation threshold),370,training only (frozen before validation refit),-0.2694456879936589,0.16920309549051663,0.0
3,Choquistic 2-additive [unweighted],realized_volatility_20d,0.04021984560540396,0.04021984560540396,0.2,False,0.3333333333333333,False,False,False,1.0,unchanged (below absolute correlation threshold),370,training only (frozen before validation refit),-0.1725914262275271,0.21388325889782225,0.0
3,Choquistic 2-additive [unweighted],term_spread_10y_2y_pct,0.11536014652742158,0.11536014652742158,0.2,False,0.3333333333333333,False,False,False,1.0,unchanged (below absolute correlation threshold),370,training only (frozen before validation refit),0.17930772161139927,-0.03279076943940456,0.0
3,Choquistic 2-additive [unweighted],vix,0.038448066558888584,0.038448066558888584,0.2,False,0.3333333333333333,False,False,False,1.0,unchanged (below absolute correlation threshold),370,training only (frozen before validation refit),-0.06502028913342628,0.13048256074699383,0.0
3,Logistic oriented [balanced],average_equity_correlation_60d,-0.05503616691570817,0.05503616691570817,0.2,False,0.3333333333333333,False,False,False,1.0,unchanged (below absolute correlation threshold),370,training only (frozen before validation refit),-0.22604689696896765,0.19753757989494045,0.0
3,Logistic oriented [balanced],baa_credit_spread_pct,-0.14518855466872183,0.14518855466872183,0.2,False,0.3333333333333333,False,False,False,1.0,unchanged (below absolute correlation threshold),370,training only (frozen before validation refit),-0.32779076742336233,0.15412589146891228,0.0
3,Logistic oriented [balanced],drawdown_severity,-0.04892207919218066,0.04892207919218066,0.2,False,0.3333333333333333,False,False,False,1.0,unchanged (below absolute correlation threshold),370,training only (frozen before validation refit),-0.1100046336533782,0.16362457828249188,0.0
3,Logistic oriented [balanced],lagged_portfolio_loss_1d,0.04588799380811899,0.04588799380811899,0.2,False,0.6666666666666666,False,False,False,1.0,unchanged (below absolute correlation threshold),370,training only (frozen before validation refit),0.04330740905796117,0.030999519937282873,0.0
3,Logistic oriented [balanced],liquidity_stress_20d,-0.10974630168178251,0.10974630168178251,0.2,False,0.3333333333333333,False,False,False,1.0,unchanged (below absolute correlation threshold),370,training only (frozen before validation refit),-0.3668795608456111,0.19013780255863238,0.0
3,Logistic oriented [balanced],market_loss_1d,0.05674732922946133,0.05674732922946133,0.2,False,0.6666666666666666,False,False,False,1.0,unchanged (below absolute correlation threshold),370,training only (frozen before validation refit),0.08578732904644915,0.0005425971670039115,0.0
3,Logistic oriented [balanced],negative_momentum_21d,0.018554551815377962,0.018554551815377962,0.2,False,0.3333333333333333,False,False,False,1.0,unchanged (below absolute correlation threshold),370,training only (frozen before validation refit),-0.2694456879936589,0.16920309549051663,0.0
3,Logistic oriented [balanced],realized_volatility_20d,0.04021984560540396,0.04021984560540396,0.2,False,0.3333333333333333,False,False,False,1.0,unchanged (below absolute correlation threshold),370,training only (frozen before validation refit),-0.1725914262275271,0.21388325889782225,0.0
3,Logistic oriented [balanced],term_spread_10y_2y_pct,0.11536014652742158,0.11536014652742158,0.2,False,0.3333333333333333,False,False,False,1.0,unchanged (below absolute correlation threshold),370,training only (frozen before validation refit),0.17930772161139927,-0.03279076943940456,0.0
3,Logistic oriented [balanced],vix,0.038448066558888584,0.038448066558888584,0.2,False,0.3333333333333333,False,False,False,1.0,unchanged (below absolute correlation threshold),370,training only (frozen before validation refit),-0.06502028913342628,0.13048256074699383,0.0
3,Logistic oriented [unweighted],average_equity_correlation_60d,-0.05503616691570817,0.05503616691570817,0.2,False,0.3333333333333333,False,False,False,1.0,unchanged (below absolute correlation threshold),370,training only (frozen before validation refit),-0.22604689696896765,0.19753757989494045,0.0
3,Logistic oriented [unweighted],baa_credit_spread_pct,-0.14518855466872183,0.14518855466872183,0.2,False,0.3333333333333333,False,False,False,1.0,unchanged (below absolute correlation threshold),370,training only (frozen before validation refit),-0.32779076742336233,0.15412589146891228,0.0
3,Logistic oriented [unweighted],drawdown_severity,-0.04892207919218066,0.04892207919218066,0.2,False,0.3333333333333333,False,False,False,1.0,unchanged (below absolute correlation threshold),370,training only (frozen before validation refit),-0.1100046336533782,0.16362457828249188,0.0
3,Logistic oriented [unweighted],lagged_portfolio_loss_1d,0.04588799380811899,0.04588799380811899,0.2,False,0.6666666666666666,False,False,False,1.0,unchanged (below absolute correlation threshold),370,training only (frozen before validation refit),0.04330740905796117,0.030999519937282873,0.0
3,Logistic oriented [unweighted],liquidity_stress_20d,-0.10974630168178251,0.10974630168178251,0.2,False,0.3333333333333333,False,False,False,1.0,unchanged (below absolute correlation threshold),370,training only (frozen before validation refit),-0.3668795608456111,0.19013780255863238,0.0
3,Logistic oriented [unweighted],market_loss_1d,0.05674732922946133,0.05674732922946133,0.2,False,0.6666666666666666,False,False,False,1.0,unchanged (below absolute correlation threshold),370,training only (frozen before validation refit),0.08578732904644915,0.0005425971670039115,0.0
3,Logistic oriented [unweighted],negative_momentum_21d,0.018554551815377962,0.018554551815377962,0.2,False,0.3333333333333333,False,False,False,1.0,unchanged (below absolute correlation threshold),370,training only (frozen before validation refit),-0.2694456879936589,0.16920309549051663,0.0
3,Logistic oriented [unweighted],realized_volatility_20d,0.04021984560540396,0.04021984560540396,0.2,False,0.3333333333333333,False,False,False,1.0,unchanged (below absolute correlation threshold),370,training only (frozen before validation refit),-0.1725914262275271,0.21388325889782225,0.0
3,Logistic oriented [unweighted],term_spread_10y_2y_pct,0.11536014652742158,0.11536014652742158,0.2,False,0.3333333333333333,False,False,False,1.0,unchanged (below absolute correlation threshold),370,training only (frozen before validation refit),0.17930772161139927,-0.03279076943940456,0.0
3,Logistic oriented [unweighted],vix,0.038448066558888584,0.038448066558888584,0.2,False,0.3333333333333333,False,False,False,1.0,unchanged (below absolute correlation threshold),370,training only (frozen before validation refit),-0.06502028913342628,0.13048256074699383,0.0
4,Choquistic 1-additive [balanced],average_equity_correlation_60d,0.041751228485416535,0.041751228485416535,0.2,False,0.0,False,False,False,1.0,unchanged (below absolute correlation threshold),372,training only (frozen before validation refit),0.0,-0.04983205969844339,-0.07560765542766161
4,Choquistic 1-additive [balanced],baa_credit_spread_pct,0.01078724069790716,0.01078724069790716,0.2,False,0.0,False,False,False,1.0,unchanged (below absolute correlation threshold),372,training only (frozen before validation refit),0.0,-0.05642429463771082,-0.1775601032624818
4,Choquistic 1-additive [balanced],drawdown_severity,0.029321021675895096,0.029321021675895096,0.2,False,0.3333333333333333,False,False,False,1.0,unchanged (below absolute correlation threshold),372,training only (frozen before validation refit),0.0,-0.030286950360365574,0.0005033829584049536
4,Choquistic 1-additive [balanced],lagged_portfolio_loss_1d,0.1245989573669711,0.1245989573669711,0.2,False,0.3333333333333333,False,False,False,1.0,unchanged (below absolute correlation threshold),372,training only (frozen before validation refit),0.0,-0.04525679000546082,0.14510624198166341
4,Choquistic 1-additive [balanced],liquidity_stress_20d,0.06588505415971059,0.06588505415971059,0.2,False,0.0,False,False,False,1.0,unchanged (below absolute correlation threshold),372,training only (frozen before validation refit),0.0,-0.07024035062431853,-0.07884130554708205
4,Choquistic 1-additive [balanced],market_loss_1d,-0.009967788423234028,0.009967788423234028,0.2,False,0.3333333333333333,False,False,False,1.0,unchanged (below absolute correlation threshold),372,training only (frozen before validation refit),0.0,0.030047162408137554,-0.02394454790483147
4,Choquistic 1-additive [balanced],negative_momentum_21d,0.15387666851027126,0.15387666851027126,0.2,False,0.3333333333333333,False,False,False,1.0,unchanged (below absolute correlation threshold),372,training only (frozen before validation refit),0.0,-0.028720472347679413,0.17252058089317182
4,Choquistic 1-additive [balanced],realized_volatility_20d,0.11871635349225793,0.11871635349225793,0.2,False,0.0,False,False,False,1.0,unchanged (below absolute correlation threshold),372,training only (frozen before validation refit),0.0,-0.0629018808113301,-0.004892638349131766
4,Choquistic 1-additive [balanced],term_spread_10y_2y_pct,-0.008736532272952202,0.008736532272952202,0.2,False,0.3333333333333333,False,False,False,1.0,unchanged (below absolute correlation threshold),372,training only (frozen before validation refit),0.0,0.06131739239180613,-0.3339507128888325
4,Choquistic 1-additive [balanced],vix,0.17193143680746106,0.17193143680746106,0.2,False,0.3333333333333333,False,False,False,1.0,unchanged (below absolute correlation threshold),372,training only (frozen before validation refit),0.0,-0.07307485858776148,0.02607099790133598
4,Choquistic 1-additive [unweighted],average_equity_correlation_60d,0.041751228485416535,0.041751228485416535,0.2,False,0.0,False,False,False,1.0,unchanged (below absolute correlation threshold),372,training only (frozen before validation refit),0.0,-0.04983205969844339,-0.07560765542766161
4,Choquistic 1-additive [unweighted],baa_credit_spread_pct,0.01078724069790716,0.01078724069790716,0.2,False,0.0,False,False,False,1.0,unchanged (below absolute correlation threshold),372,training only (frozen before validation refit),0.0,-0.05642429463771082,-0.1775601032624818
4,Choquistic 1-additive [unweighted],drawdown_severity,0.029321021675895096,0.029321021675895096,0.2,False,0.3333333333333333,False,False,False,1.0,unchanged (below absolute correlation threshold),372,training only (frozen before validation refit),0.0,-0.030286950360365574,0.0005033829584049536
4,Choquistic 1-additive [unweighted],lagged_portfolio_loss_1d,0.1245989573669711,0.1245989573669711,0.2,False,0.3333333333333333,False,False,False,1.0,unchanged (below absolute correlation threshold),372,training only (frozen before validation refit),0.0,-0.04525679000546082,0.14510624198166341
4,Choquistic 1-additive [unweighted],liquidity_stress_20d,0.06588505415971059,0.06588505415971059,0.2,False,0.0,False,False,False,1.0,unchanged (below absolute correlation threshold),372,training only (frozen before validation refit),0.0,-0.07024035062431853,-0.07884130554708205
4,Choquistic 1-additive [unweighted],market_loss_1d,-0.009967788423234028,0.009967788423234028,0.2,False,0.3333333333333333,False,False,False,1.0,unchanged (below absolute correlation threshold),372,training only (frozen before validation refit),0.0,0.030047162408137554,-0.02394454790483147
4,Choquistic 1-additive [unweighted],negative_momentum_21d,0.15387666851027126,0.15387666851027126,0.2,False,0.3333333333333333,False,False,False,1.0,unchanged (below absolute correlation threshold),372,training only (frozen before validation refit),0.0,-0.028720472347679413,0.17252058089317182
4,Choquistic 1-additive [unweighted],realized_volatility_20d,0.11871635349225793,0.11871635349225793,0.2,False,0.0,False,False,False,1.0,unchanged (below absolute correlation threshold),372,training only (frozen before validation refit),0.0,-0.0629018808113301,-0.004892638349131766
4,Choquistic 1-additive [unweighted],term_spread_10y_2y_pct,-0.008736532272952202,0.008736532272952202,0.2,False,0.3333333333333333,False,False,False,1.0,unchanged (below absolute correlation threshold),372,training only (frozen before validation refit),0.0,0.06131739239180613,-0.3339507128888325
4,Choquistic 1-additive [unweighted],vix,0.17193143680746106,0.17193143680746106,0.2,False,0.3333333333333333,False,False,False,1.0,unchanged (below absolute correlation threshold),372,training only (frozen before validation refit),0.0,-0.07307485858776148,0.02607099790133598
4,Choquistic 2-additive [balanced],average_equity_correlation_60d,0.041751228485416535,0.041751228485416535,0.2,False,0.0,False,False,False,1.0,unchanged (below absolute correlation threshold),372,training only (frozen before validation refit),0.0,-0.04983205969844339,-0.07560765542766161
4,Choquistic 2-additive [balanced],baa_credit_spread_pct,0.01078724069790716,0.01078724069790716,0.2,False,0.0,False,False,False,1.0,unchanged (below absolute correlation threshold),372,training only (frozen before validation refit),0.0,-0.05642429463771082,-0.1775601032624818
4,Choquistic 2-additive [balanced],drawdown_severity,0.029321021675895096,0.029321021675895096,0.2,False,0.3333333333333333,False,False,False,1.0,unchanged (below absolute correlation threshold),372,training only (frozen before validation refit),0.0,-0.030286950360365574,0.0005033829584049536
4,Choquistic 2-additive [balanced],lagged_portfolio_loss_1d,0.1245989573669711,0.1245989573669711,0.2,False,0.3333333333333333,False,False,False,1.0,unchanged (below absolute correlation threshold),372,training only (frozen before validation refit),0.0,-0.04525679000546082,0.14510624198166341
4,Choquistic 2-additive [balanced],liquidity_stress_20d,0.06588505415971059,0.06588505415971059,0.2,False,0.0,False,False,False,1.0,unchanged (below absolute correlation threshold),372,training only (frozen before validation refit),0.0,-0.07024035062431853,-0.07884130554708205
4,Choquistic 2-additive [balanced],market_loss_1d,-0.009967788423234028,0.009967788423234028,0.2,False,0.3333333333333333,False,False,False,1.0,unchanged (below absolute correlation threshold),372,training only (frozen before validation refit),0.0,0.030047162408137554,-0.02394454790483147
4,Choquistic 2-additive [balanced],negative_momentum_21d,0.15387666851027126,0.15387666851027126,0.2,False,0.3333333333333333,False,False,False,1.0,unchanged (below absolute correlation threshold),372,training only (frozen before validation refit),0.0,-0.028720472347679413,0.17252058089317182
4,Choquistic 2-additive [balanced],realized_volatility_20d,0.11871635349225793,0.11871635349225793,0.2,False,0.0,False,False,False,1.0,unchanged (below absolute correlation threshold),372,training only (frozen before validation refit),0.0,-0.0629018808113301,-0.004892638349131766
4,Choquistic 2-additive [balanced],term_spread_10y_2y_pct,-0.008736532272952202,0.008736532272952202,0.2,False,0.3333333333333333,False,False,False,1.0,unchanged (below absolute correlation threshold),372,training only (frozen before validation refit),0.0,0.06131739239180613,-0.3339507128888325
4,Choquistic 2-additive [balanced],vix,0.17193143680746106,0.17193143680746106,0.2,False,0.3333333333333333,False,False,False,1.0,unchanged (below absolute correlation threshold),372,training only (frozen before validation refit),0.0,-0.07307485858776148,0.02607099790133598
4,Choquistic 2-additive [unweighted],average_equity_correlation_60d,0.041751228485416535,0.041751228485416535,0.2,False,0.0,False,False,False,1.0,unchanged (below absolute correlation threshold),372,training only (frozen before validation refit),0.0,-0.04983205969844339,-0.07560765542766161
4,Choquistic 2-additive [unweighted],baa_credit_spread_pct,0.01078724069790716,0.01078724069790716,0.2,False,0.0,False,False,False,1.0,unchanged (below absolute correlation threshold),372,training only (frozen before validation refit),0.0,-0.05642429463771082,-0.1775601032624818
4,Choquistic 2-additive [unweighted],drawdown_severity,0.029321021675895096,0.029321021675895096,0.2,False,0.3333333333333333,False,False,False,1.0,unchanged (below absolute correlation threshold),372,training only (frozen before validation refit),0.0,-0.030286950360365574,0.0005033829584049536
4,Choquistic 2-additive [unweighted],lagged_portfolio_loss_1d,0.1245989573669711,0.1245989573669711,0.2,False,0.3333333333333333,False,False,False,1.0,unchanged (below absolute correlation threshold),372,training only (frozen before validation refit),0.0,-0.04525679000546082,0.14510624198166341
4,Choquistic 2-additive [unweighted],liquidity_stress_20d,0.06588505415971059,0.06588505415971059,0.2,False,0.0,False,False,False,1.0,unchanged (below absolute correlation threshold),372,training only (frozen before validation refit),0.0,-0.07024035062431853,-0.07884130554708205
4,Choquistic 2-additive [unweighted],market_loss_1d,-0.009967788423234028,0.009967788423234028,0.2,False,0.3333333333333333,False,False,False,1.0,unchanged (below absolute correlation threshold),372,training only (frozen before validation refit),0.0,0.030047162408137554,-0.02394454790483147
4,Choquistic 2-additive [unweighted],negative_momentum_21d,0.15387666851027126,0.15387666851027126,0.2,False,0.3333333333333333,False,False,False,1.0,unchanged (below absolute correlation threshold),372,training only (frozen before validation refit),0.0,-0.028720472347679413,0.17252058089317182
4,Choquistic 2-additive [unweighted],realized_volatility_20d,0.11871635349225793,0.11871635349225793,0.2,False,0.0,False,False,False,1.0,unchanged (below absolute correlation threshold),372,training only (frozen before validation refit),0.0,-0.0629018808113301,-0.004892638349131766
4,Choquistic 2-additive [unweighted],term_spread_10y_2y_pct,-0.008736532272952202,0.008736532272952202,0.2,False,0.3333333333333333,False,False,False,1.0,unchanged (below absolute correlation threshold),372,training only (frozen before validation refit),0.0,0.06131739239180613,-0.3339507128888325
4,Choquistic 2-additive [unweighted],vix,0.17193143680746106,0.17193143680746106,0.2,False,0.3333333333333333,False,False,False,1.0,unchanged (below absolute correlation threshold),372,training only (frozen before validation refit),0.0,-0.07307485858776148,0.02607099790133598
4,Logistic oriented [balanced],average_equity_correlation_60d,0.041751228485416535,0.041751228485416535,0.2,False,0.0,False,False,False,1.0,unchanged (below absolute correlation threshold),372,training only (frozen before validation refit),0.0,-0.04983205969844339,-0.07560765542766161
4,Logistic oriented [balanced],baa_credit_spread_pct,0.01078724069790716,0.01078724069790716,0.2,False,0.0,False,False,False,1.0,unchanged (below absolute correlation threshold),372,training only (frozen before validation refit),0.0,-0.05642429463771082,-0.1775601032624818
4,Logistic oriented [balanced],drawdown_severity,0.029321021675895096,0.029321021675895096,0.2,False,0.3333333333333333,False,False,False,1.0,unchanged (below absolute correlation threshold),372,training only (frozen before validation refit),0.0,-0.030286950360365574,0.0005033829584049536
4,Logistic oriented [balanced],lagged_portfolio_loss_1d,0.1245989573669711,0.1245989573669711,0.2,False,0.3333333333333333,False,False,False,1.0,unchanged (below absolute correlation threshold),372,training only (frozen before validation refit),0.0,-0.04525679000546082,0.14510624198166341
4,Logistic oriented [balanced],liquidity_stress_20d,0.06588505415971059,0.06588505415971059,0.2,False,0.0,False,False,False,1.0,unchanged (below absolute correlation threshold),372,training only (frozen before validation refit),0.0,-0.07024035062431853,-0.07884130554708205
4,Logistic oriented [balanced],market_loss_1d,-0.009967788423234028,0.009967788423234028,0.2,False,0.3333333333333333,False,False,False,1.0,unchanged (below absolute correlation threshold),372,training only (frozen before validation refit),0.0,0.030047162408137554,-0.02394454790483147
4,Logistic oriented [balanced],negative_momentum_21d,0.15387666851027126,0.15387666851027126,0.2,False,0.3333333333333333,False,False,False,1.0,unchanged (below absolute correlation threshold),372,training only (frozen before validation refit),0.0,-0.028720472347679413,0.17252058089317182
4,Logistic oriented [balanced],realized_volatility_20d,0.11871635349225793,0.11871635349225793,0.2,False,0.0,False,False,False,1.0,unchanged (below absolute correlation threshold),372,training only (frozen before validation refit),0.0,-0.0629018808113301,-0.004892638349131766
4,Logistic oriented [balanced],term_spread_10y_2y_pct,-0.008736532272952202,0.008736532272952202,0.2,False,0.3333333333333333,False,False,False,1.0,unchanged (below absolute correlation threshold),372,training only (frozen before validation refit),0.0,0.06131739239180613,-0.3339507128888325
4,Logistic oriented [balanced],vix,0.17193143680746106,0.17193143680746106,0.2,False,0.3333333333333333,False,False,False,1.0,unchanged (below absolute correlation threshold),372,training only (frozen before validation refit),0.0,-0.07307485858776148,0.02607099790133598
4,Logistic oriented [unweighted],average_equity_correlation_60d,0.041751228485416535,0.041751228485416535,0.2,False,0.0,False,False,False,1.0,unchanged (below absolute correlation threshold),372,training only (frozen before validation refit),0.0,-0.04983205969844339,-0.07560765542766161
4,Logistic oriented [unweighted],baa_credit_spread_pct,0.01078724069790716,0.01078724069790716,0.2,False,0.0,False,False,False,1.0,unchanged (below absolute correlation threshold),372,training only (frozen before validation refit),0.0,-0.05642429463771082,-0.1775601032624818
4,Logistic oriented [unweighted],drawdown_severity,0.029321021675895096,0.029321021675895096,0.2,False,0.3333333333333333,False,False,False,1.0,unchanged (below absolute correlation threshold),372,training only (frozen before validation refit),0.0,-0.030286950360365574,0.0005033829584049536
4,Logistic oriented [unweighted],lagged_portfolio_loss_1d,0.1245989573669711,0.1245989573669711,0.2,False,0.3333333333333333,False,False,False,1.0,unchanged (below absolute correlation threshold),372,training only (frozen before validation refit),0.0,-0.04525679000546082,0.14510624198166341
4,Logistic oriented [unweighted],liquidity_stress_20d,0.06588505415971059,0.06588505415971059,0.2,False,0.0,False,False,False,1.0,unchanged (below absolute correlation threshold),372,training only (frozen before validation refit),0.0,-0.07024035062431853,-0.07884130554708205
4,Logistic oriented [unweighted],market_loss_1d,-0.009967788423234028,0.009967788423234028,0.2,False,0.3333333333333333,False,False,False,1.0,unchanged (below absolute correlation threshold),372,training only (frozen before validation refit),0.0,0.030047162408137554,-0.02394454790483147
4,Logistic oriented [unweighted],negative_momentum_21d,0.15387666851027126,0.15387666851027126,0.2,False,0.3333333333333333,False,False,False,1.0,unchanged (below absolute correlation threshold),372,training only (frozen before validation refit),0.0,-0.028720472347679413,0.17252058089317182
4,Logistic oriented [unweighted],realized_volatility_20d,0.11871635349225793,0.11871635349225793,0.2,False,0.0,False,False,False,1.0,unchanged (below absolute correlation threshold),372,training only (frozen before validation refit),0.0,-0.0629018808113301,-0.004892638349131766
4,Logistic oriented [unweighted],term_spread_10y_2y_pct,-0.008736532272952202,0.008736532272952202,0.2,False,0.3333333333333333,False,False,False,1.0,unchanged (below absolute correlation threshold),372,training only (frozen before validation refit),0.0,0.06131739239180613,-0.3339507128888325
4,Logistic oriented [unweighted],vix,0.17193143680746106,0.17193143680746106,0.2,False,0.3333333333333333,False,False,False,1.0,unchanged (below absolute correlation threshold),372,training only (frozen before validation refit),0.0,-0.07307485858776148,0.02607099790133598
5,Choquistic 1-additive [balanced],average_equity_correlation_60d,0.1203391871535317,0.1203391871535317,0.2,False,0.0,False,False,False,1.0,unchanged (below absolute correlation threshold),372,training only (frozen before validation refit),-0.08969453044754776,0.0,0.0
5,Choquistic 1-additive [balanced],baa_credit_spread_pct,-0.004766248712257554,0.004766248712257554,0.2,False,0.3333333333333333,False,False,False,1.0,unchanged (below absolute correlation threshold),372,training only (frozen before validation refit),-0.1982559264493336,0.0,0.0
5,Choquistic 1-additive [balanced],drawdown_severity,0.1380973759328099,0.1380973759328099,0.2,False,0.0,False,False,False,1.0,unchanged (below absolute correlation threshold),372,training only (frozen before validation refit),-0.004973268687406594,0.0,0.0
5,Choquistic 1-additive [balanced],lagged_portfolio_loss_1d,0.1291629323901829,0.1291629323901829,0.2,False,0.3333333333333333,False,False,False,1.0,unchanged (below absolute correlation threshold),372,training only (frozen before validation refit),0.1406729161138546,0.0,0.0
5,Choquistic 1-additive [balanced],liquidity_stress_20d,0.07485487009003647,0.07485487009003647,0.2,False,0.0,False,False,False,1.0,unchanged (below absolute correlation threshold),372,training only (frozen before validation refit),-0.09081807084197333,0.0,0.0
5,Choquistic 1-additive [balanced],market_loss_1d,-0.010665601311658725,0.010665601311658725,0.2,False,0.3333333333333333,False,False,False,1.0,unchanged (below absolute correlation threshold),372,training only (frozen before validation refit),-0.026356916657567144,0.0,0.0
5,Choquistic 1-additive [balanced],negative_momentum_21d,0.18252842437973463,0.18252842437973463,0.2,False,0.3333333333333333,False,False,False,1.0,unchanged (below absolute correlation threshold),372,training only (frozen before validation refit),0.17063954774488171,0.0,0.0
5,Choquistic 1-additive [balanced],realized_volatility_20d,0.12143102840088281,0.12143102840088281,0.2,False,0.0,False,False,False,1.0,unchanged (below absolute correlation threshold),372,training only (frozen before validation refit),-0.012526433963482944,0.0,0.0
5,Choquistic 1-additive [balanced],term_spread_10y_2y_pct,-0.2365691465463319,0.2365691465463319,0.2,True,0.3333333333333333,False,False,True,-1.0,multiplied by -1,372,training only (frozen before validation refit),-0.34698499487190204,0.0,0.0
5,Choquistic 1-additive [balanced],vix,0.11998004788867628,0.11998004788867628,0.2,False,0.3333333333333333,False,False,False,1.0,unchanged (below absolute correlation threshold),372,training only (frozen before validation refit),0.01349683687771069,0.0,0.0
5,Choquistic 1-additive [unweighted],average_equity_correlation_60d,0.1203391871535317,0.1203391871535317,0.2,False,0.0,False,False,False,1.0,unchanged (below absolute correlation threshold),372,training only (frozen before validation refit),-0.08969453044754776,0.0,0.0
5,Choquistic 1-additive [unweighted],baa_credit_spread_pct,-0.004766248712257554,0.004766248712257554,0.2,False,0.3333333333333333,False,False,False,1.0,unchanged (below absolute correlation threshold),372,training only (frozen before validation refit),-0.1982559264493336,0.0,0.0
5,Choquistic 1-additive [unweighted],drawdown_severity,0.1380973759328099,0.1380973759328099,0.2,False,0.0,False,False,False,1.0,unchanged (below absolute correlation threshold),372,training only (frozen before validation refit),-0.004973268687406594,0.0,0.0
5,Choquistic 1-additive [unweighted],lagged_portfolio_loss_1d,0.1291629323901829,0.1291629323901829,0.2,False,0.3333333333333333,False,False,False,1.0,unchanged (below absolute correlation threshold),372,training only (frozen before validation refit),0.1406729161138546,0.0,0.0
5,Choquistic 1-additive [unweighted],liquidity_stress_20d,0.07485487009003647,0.07485487009003647,0.2,False,0.0,False,False,False,1.0,unchanged (below absolute correlation threshold),372,training only (frozen before validation refit),-0.09081807084197333,0.0,0.0
5,Choquistic 1-additive [unweighted],market_loss_1d,-0.010665601311658725,0.010665601311658725,0.2,False,0.3333333333333333,False,False,False,1.0,unchanged (below absolute correlation threshold),372,training only (frozen before validation refit),-0.026356916657567144,0.0,0.0
5,Choquistic 1-additive [unweighted],negative_momentum_21d,0.18252842437973463,0.18252842437973463,0.2,False,0.3333333333333333,False,False,False,1.0,unchanged (below absolute correlation threshold),372,training only (frozen before validation refit),0.17063954774488171,0.0,0.0
5,Choquistic 1-additive [unweighted],realized_volatility_20d,0.12143102840088281,0.12143102840088281,0.2,False,0.0,False,False,False,1.0,unchanged (below absolute correlation threshold),372,training only (frozen before validation refit),-0.012526433963482944,0.0,0.0
5,Choquistic 1-additive [unweighted],term_spread_10y_2y_pct,-0.2365691465463319,0.2365691465463319,0.2,True,0.3333333333333333,False,False,True,-1.0,multiplied by -1,372,training only (frozen before validation refit),-0.34698499487190204,0.0,0.0
5,Choquistic 1-additive [unweighted],vix,0.11998004788867628,0.11998004788867628,0.2,False,0.3333333333333333,False,False,False,1.0,unchanged (below absolute correlation threshold),372,training only (frozen before validation refit),0.01349683687771069,0.0,0.0
5,Choquistic 2-additive [balanced],average_equity_correlation_60d,0.1203391871535317,0.1203391871535317,0.2,False,0.0,False,False,False,1.0,unchanged (below absolute correlation threshold),372,training only (frozen before validation refit),-0.08969453044754776,0.0,0.0
5,Choquistic 2-additive [balanced],baa_credit_spread_pct,-0.004766248712257554,0.004766248712257554,0.2,False,0.3333333333333333,False,False,False,1.0,unchanged (below absolute correlation threshold),372,training only (frozen before validation refit),-0.1982559264493336,0.0,0.0
5,Choquistic 2-additive [balanced],drawdown_severity,0.1380973759328099,0.1380973759328099,0.2,False,0.0,False,False,False,1.0,unchanged (below absolute correlation threshold),372,training only (frozen before validation refit),-0.004973268687406594,0.0,0.0
5,Choquistic 2-additive [balanced],lagged_portfolio_loss_1d,0.1291629323901829,0.1291629323901829,0.2,False,0.3333333333333333,False,False,False,1.0,unchanged (below absolute correlation threshold),372,training only (frozen before validation refit),0.1406729161138546,0.0,0.0
5,Choquistic 2-additive [balanced],liquidity_stress_20d,0.07485487009003647,0.07485487009003647,0.2,False,0.0,False,False,False,1.0,unchanged (below absolute correlation threshold),372,training only (frozen before validation refit),-0.09081807084197333,0.0,0.0
5,Choquistic 2-additive [balanced],market_loss_1d,-0.010665601311658725,0.010665601311658725,0.2,False,0.3333333333333333,False,False,False,1.0,unchanged (below absolute correlation threshold),372,training only (frozen before validation refit),-0.026356916657567144,0.0,0.0
5,Choquistic 2-additive [balanced],negative_momentum_21d,0.18252842437973463,0.18252842437973463,0.2,False,0.3333333333333333,False,False,False,1.0,unchanged (below absolute correlation threshold),372,training only (frozen before validation refit),0.17063954774488171,0.0,0.0
5,Choquistic 2-additive [balanced],realized_volatility_20d,0.12143102840088281,0.12143102840088281,0.2,False,0.0,False,False,False,1.0,unchanged (below absolute correlation threshold),372,training only (frozen before validation refit),-0.012526433963482944,0.0,0.0
5,Choquistic 2-additive [balanced],term_spread_10y_2y_pct,-0.2365691465463319,0.2365691465463319,0.2,True,0.3333333333333333,False,False,True,-1.0,multiplied by -1,372,training only (frozen before validation refit),-0.34698499487190204,0.0,0.0
5,Choquistic 2-additive [balanced],vix,0.11998004788867628,0.11998004788867628,0.2,False,0.3333333333333333,False,False,False,1.0,unchanged (below absolute correlation threshold),372,training only (frozen before validation refit),0.01349683687771069,0.0,0.0
5,Choquistic 2-additive [unweighted],average_equity_correlation_60d,0.1203391871535317,0.1203391871535317,0.2,False,0.0,False,False,False,1.0,unchanged (below absolute correlation threshold),372,training only (frozen before validation refit),-0.08969453044754776,0.0,0.0
5,Choquistic 2-additive [unweighted],baa_credit_spread_pct,-0.004766248712257554,0.004766248712257554,0.2,False,0.3333333333333333,False,False,False,1.0,unchanged (below absolute correlation threshold),372,training only (frozen before validation refit),-0.1982559264493336,0.0,0.0
5,Choquistic 2-additive [unweighted],drawdown_severity,0.1380973759328099,0.1380973759328099,0.2,False,0.0,False,False,False,1.0,unchanged (below absolute correlation threshold),372,training only (frozen before validation refit),-0.004973268687406594,0.0,0.0
5,Choquistic 2-additive [unweighted],lagged_portfolio_loss_1d,0.1291629323901829,0.1291629323901829,0.2,False,0.3333333333333333,False,False,False,1.0,unchanged (below absolute correlation threshold),372,training only (frozen before validation refit),0.1406729161138546,0.0,0.0
5,Choquistic 2-additive [unweighted],liquidity_stress_20d,0.07485487009003647,0.07485487009003647,0.2,False,0.0,False,False,False,1.0,unchanged (below absolute correlation threshold),372,training only (frozen before validation refit),-0.09081807084197333,0.0,0.0
5,Choquistic 2-additive [unweighted],market_loss_1d,-0.010665601311658725,0.010665601311658725,0.2,False,0.3333333333333333,False,False,False,1.0,unchanged (below absolute correlation threshold),372,training only (frozen before validation refit),-0.026356916657567144,0.0,0.0
5,Choquistic 2-additive [unweighted],negative_momentum_21d,0.18252842437973463,0.18252842437973463,0.2,False,0.3333333333333333,False,False,False,1.0,unchanged (below absolute correlation threshold),372,training only (frozen before validation refit),0.17063954774488171,0.0,0.0
5,Choquistic 2-additive [unweighted],realized_volatility_20d,0.12143102840088281,0.12143102840088281,0.2,False,0.0,False,False,False,1.0,unchanged (below absolute correlation threshold),372,training only (frozen before validation refit),-0.012526433963482944,0.0,0.0
5,Choquistic 2-additive [unweighted],term_spread_10y_2y_pct,-0.2365691465463319,0.2365691465463319,0.2,True,0.3333333333333333,False,False,True,-1.0,multiplied by -1,372,training only (frozen before validation refit),-0.34698499487190204,0.0,0.0
5,Choquistic 2-additive [unweighted],vix,0.11998004788867628,0.11998004788867628,0.2,False,0.3333333333333333,False,False,False,1.0,unchanged (below absolute correlation threshold),372,training only (frozen before validation refit),0.01349683687771069,0.0,0.0
5,Logistic oriented [balanced],average_equity_correlation_60d,0.1203391871535317,0.1203391871535317,0.2,False,0.0,False,False,False,1.0,unchanged (below absolute correlation threshold),372,training only (frozen before validation refit),-0.08969453044754776,0.0,0.0
5,Logistic oriented [balanced],baa_credit_spread_pct,-0.004766248712257554,0.004766248712257554,0.2,False,0.3333333333333333,False,False,False,1.0,unchanged (below absolute correlation threshold),372,training only (frozen before validation refit),-0.1982559264493336,0.0,0.0
5,Logistic oriented [balanced],drawdown_severity,0.1380973759328099,0.1380973759328099,0.2,False,0.0,False,False,False,1.0,unchanged (below absolute correlation threshold),372,training only (frozen before validation refit),-0.004973268687406594,0.0,0.0
5,Logistic oriented [balanced],lagged_portfolio_loss_1d,0.1291629323901829,0.1291629323901829,0.2,False,0.3333333333333333,False,False,False,1.0,unchanged (below absolute correlation threshold),372,training only (frozen before validation refit),0.1406729161138546,0.0,0.0
5,Logistic oriented [balanced],liquidity_stress_20d,0.07485487009003647,0.07485487009003647,0.2,False,0.0,False,False,False,1.0,unchanged (below absolute correlation threshold),372,training only (frozen before validation refit),-0.09081807084197333,0.0,0.0
5,Logistic oriented [balanced],market_loss_1d,-0.010665601311658725,0.010665601311658725,0.2,False,0.3333333333333333,False,False,False,1.0,unchanged (below absolute correlation threshold),372,training only (frozen before validation refit),-0.026356916657567144,0.0,0.0
5,Logistic oriented [balanced],negative_momentum_21d,0.18252842437973463,0.18252842437973463,0.2,False,0.3333333333333333,False,False,False,1.0,unchanged (below absolute correlation threshold),372,training only (frozen before validation refit),0.17063954774488171,0.0,0.0
5,Logistic oriented [balanced],realized_volatility_20d,0.12143102840088281,0.12143102840088281,0.2,False,0.0,False,False,False,1.0,unchanged (below absolute correlation threshold),372,training only (frozen before validation refit),-0.012526433963482944,0.0,0.0
5,Logistic oriented [balanced],term_spread_10y_2y_pct,-0.2365691465463319,0.2365691465463319,0.2,True,0.3333333333333333,False,False,True,-1.0,multiplied by -1,372,training only (frozen before validation refit),-0.34698499487190204,0.0,0.0
5,Logistic oriented [balanced],vix,0.11998004788867628,0.11998004788867628,0.2,False,0.3333333333333333,False,False,False,1.0,unchanged (below absolute correlation threshold),372,training only (frozen before validation refit),0.01349683687771069,0.0,0.0
5,Logistic oriented [unweighted],average_equity_correlation_60d,0.1203391871535317,0.1203391871535317,0.2,False,0.0,False,False,False,1.0,unchanged (below absolute correlation threshold),372,training only (frozen before validation refit),-0.08969453044754776,0.0,0.0
5,Logistic oriented [unweighted],baa_credit_spread_pct,-0.004766248712257554,0.004766248712257554,0.2,False,0.3333333333333333,False,False,False,1.0,unchanged (below absolute correlation threshold),372,training only (frozen before validation refit),-0.1982559264493336,0.0,0.0
5,Logistic oriented [unweighted],drawdown_severity,0.1380973759328099,0.1380973759328099,0.2,False,0.0,False,False,False,1.0,unchanged (below absolute correlation threshold),372,training only (frozen before validation refit),-0.004973268687406594,0.0,0.0
5,Logistic oriented [unweighted],lagged_portfolio_loss_1d,0.1291629323901829,0.1291629323901829,0.2,False,0.3333333333333333,False,False,False,1.0,unchanged (below absolute correlation threshold),372,training only (frozen before validation refit),0.1406729161138546,0.0,0.0
5,Logistic oriented [unweighted],liquidity_stress_20d,0.07485487009003647,0.07485487009003647,0.2,False,0.0,False,False,False,1.0,unchanged (below absolute correlation threshold),372,training only (frozen before validation refit),-0.09081807084197333,0.0,0.0
5,Logistic oriented [unweighted],market_loss_1d,-0.010665601311658725,0.010665601311658725,0.2,False,0.3333333333333333,False,False,False,1.0,unchanged (below absolute correlation threshold),372,training only (frozen before validation refit),-0.026356916657567144,0.0,0.0
5,Logistic oriented [unweighted],negative_momentum_21d,0.18252842437973463,0.18252842437973463,0.2,False,0.3333333333333333,False,False,False,1.0,unchanged (below absolute correlation threshold),372,training only (frozen before validation refit),0.17063954774488171,0.0,0.0
5,Logistic oriented [unweighted],realized_volatility_20d,0.12143102840088281,0.12143102840088281,0.2,False,0.0,False,False,False,1.0,unchanged (below absolute correlation threshold),372,training only (frozen before validation refit),-0.012526433963482944,0.0,0.0
5,Logistic oriented [unweighted],term_spread_10y_2y_pct,-0.2365691465463319,0.2365691465463319,0.2,True,0.3333333333333333,False,False,True,-1.0,multiplied by -1,372,training only (frozen before validation refit),-0.34698499487190204,0.0,0.0
5,Logistic oriented [unweighted],vix,0.11998004788867628,0.11998004788867628,0.2,False,0.3333333333333333,False,False,False,1.0,unchanged (below absolute correlation threshold),372,training only (frozen before validation refit),0.01349683687771069,0.0,0.0
6,Choquistic 1-additive [balanced],average_equity_correlation_60d,0.18103116481855802,0.18103116481855802,0.2,False,0.3333333333333333,False,False,False,1.0,unchanged (below absolute correlation threshold),371,training only (frozen before validation refit),0.0,-0.0023087267957057176,0.06124852964884086
6,Choquistic 1-additive [balanced],baa_credit_spread_pct,-0.09046719326393936,0.09046719326393936,0.2,False,0.6666666666666666,False,False,False,1.0,unchanged (below absolute correlation threshold),371,training only (frozen before validation refit),0.0,-0.1246043196056857,-0.23354209827656552
6,Choquistic 1-additive [balanced],drawdown_severity,0.13782881829934027,0.13782881829934027,0.2,False,0.0,False,False,False,1.0,unchanged (below absolute correlation threshold),371,training only (frozen before validation refit),0.0,-0.026372167294188446,-0.08028797038085808
6,Choquistic 1-additive [balanced],lagged_portfolio_loss_1d,-0.0028137597450046477,0.0028137597450046477,0.2,False,0.3333333333333333,False,False,False,1.0,unchanged (below absolute correlation threshold),371,training only (frozen before validation refit),0.0,0.025323385752676984,-0.05130994155393227
6,Choquistic 1-additive [balanced],liquidity_stress_20d,-0.0009665966140465198,0.0009665966140465198,0.2,False,0.6666666666666666,False,False,False,1.0,unchanged (below absolute correlation threshold),371,training only (frozen before validation refit),0.0,-0.09196957958393696,-0.03268566337845831
6,Choquistic 1-additive [balanced],market_loss_1d,0.05327681807042703,0.05327681807042703,0.2,False,0.6666666666666666,False,False,False,1.0,unchanged (below absolute correlation threshold),371,training only (frozen before validation refit),0.0,0.02731942015653446,0.02083570358497521
6,Choquistic 1-additive [balanced],negative_momentum_21d,0.06584988669987019,0.06584988669987019,0.2,False,0.0,False,False,False,1.0,unchanged (below absolute correlation threshold),371,training only (frozen before validation refit),0.0,-0.020992303717743757,-0.11337901059098295
6,Choquistic 1-additive [balanced],realized_volatility_20d,0.1583656839438654,0.1583656839438654,0.2,False,0.0,False,False,False,1.0,unchanged (below absolute correlation threshold),371,training only (frozen before validation refit),0.0,-0.046722954277903364,-0.08828135966883023
6,Choquistic 1-additive [balanced],term_spread_10y_2y_pct,-0.21584661220551457,0.21584661220551457,0.2,True,0.0,False,False,True,-1.0,multiplied by -1,371,training only (frozen before validation refit),0.0,0.05582469764958221,0.12772578898183182
6,Choquistic 1-additive [balanced],vix,0.04321546793628656,0.04321546793628656,0.2,False,0.3333333333333333,False,False,False,1.0,unchanged (below absolute correlation threshold),371,training only (frozen before validation refit),0.0,0.009648190828011419,-0.24442380138250913
6,Choquistic 1-additive [unweighted],average_equity_correlation_60d,0.18103116481855802,0.18103116481855802,0.2,False,0.3333333333333333,False,False,False,1.0,unchanged (below absolute correlation threshold),371,training only (frozen before validation refit),0.0,-0.0023087267957057176,0.06124852964884086
6,Choquistic 1-additive [unweighted],baa_credit_spread_pct,-0.09046719326393936,0.09046719326393936,0.2,False,0.6666666666666666,False,False,False,1.0,unchanged (below absolute correlation threshold),371,training only (frozen before validation refit),0.0,-0.1246043196056857,-0.23354209827656552
6,Choquistic 1-additive [unweighted],drawdown_severity,0.13782881829934027,0.13782881829934027,0.2,False,0.0,False,False,False,1.0,unchanged (below absolute correlation threshold),371,training only (frozen before validation refit),0.0,-0.026372167294188446,-0.08028797038085808
6,Choquistic 1-additive [unweighted],lagged_portfolio_loss_1d,-0.0028137597450046477,0.0028137597450046477,0.2,False,0.3333333333333333,False,False,False,1.0,unchanged (below absolute correlation threshold),371,training only (frozen before validation refit),0.0,0.025323385752676984,-0.05130994155393227
6,Choquistic 1-additive [unweighted],liquidity_stress_20d,-0.0009665966140465198,0.0009665966140465198,0.2,False,0.6666666666666666,False,False,False,1.0,unchanged (below absolute correlation threshold),371,training only (frozen before validation refit),0.0,-0.09196957958393696,-0.03268566337845831
6,Choquistic 1-additive [unweighted],market_loss_1d,0.05327681807042703,0.05327681807042703,0.2,False,0.6666666666666666,False,False,False,1.0,unchanged (below absolute correlation threshold),371,training only (frozen before validation refit),0.0,0.02731942015653446,0.02083570358497521
6,Choquistic 1-additive [unweighted],negative_momentum_21d,0.06584988669987019,0.06584988669987019,0.2,False,0.0,False,False,False,1.0,unchanged (below absolute correlation threshold),371,training only (frozen before validation refit),0.0,-0.020992303717743757,-0.11337901059098295
6,Choquistic 1-additive [unweighted],realized_volatility_20d,0.1583656839438654,0.1583656839438654,0.2,False,0.0,False,False,False,1.0,unchanged (below absolute correlation threshold),371,training only (frozen before validation refit),0.0,-0.046722954277903364,-0.08828135966883023
6,Choquistic 1-additive [unweighted],term_spread_10y_2y_pct,-0.21584661220551457,0.21584661220551457,0.2,True,0.0,False,False,True,-1.0,multiplied by -1,371,training only (frozen before validation refit),0.0,0.05582469764958221,0.12772578898183182
6,Choquistic 1-additive [unweighted],vix,0.04321546793628656,0.04321546793628656,0.2,False,0.3333333333333333,False,False,False,1.0,unchanged (below absolute correlation threshold),371,training only (frozen before validation refit),0.0,0.009648190828011419,-0.24442380138250913
6,Choquistic 2-additive [balanced],average_equity_correlation_60d,0.18103116481855802,0.18103116481855802,0.2,False,0.3333333333333333,False,False,False,1.0,unchanged (below absolute correlation threshold),371,training only (frozen before validation refit),0.0,-0.0023087267957057176,0.06124852964884086
6,Choquistic 2-additive [balanced],baa_credit_spread_pct,-0.09046719326393936,0.09046719326393936,0.2,False,0.6666666666666666,False,False,False,1.0,unchanged (below absolute correlation threshold),371,training only (frozen before validation refit),0.0,-0.1246043196056857,-0.23354209827656552
6,Choquistic 2-additive [balanced],drawdown_severity,0.13782881829934027,0.13782881829934027,0.2,False,0.0,False,False,False,1.0,unchanged (below absolute correlation threshold),371,training only (frozen before validation refit),0.0,-0.026372167294188446,-0.08028797038085808
6,Choquistic 2-additive [balanced],lagged_portfolio_loss_1d,-0.0028137597450046477,0.0028137597450046477,0.2,False,0.3333333333333333,False,False,False,1.0,unchanged (below absolute correlation threshold),371,training only (frozen before validation refit),0.0,0.025323385752676984,-0.05130994155393227
6,Choquistic 2-additive [balanced],liquidity_stress_20d,-0.0009665966140465198,0.0009665966140465198,0.2,False,0.6666666666666666,False,False,False,1.0,unchanged (below absolute correlation threshold),371,training only (frozen before validation refit),0.0,-0.09196957958393696,-0.03268566337845831
6,Choquistic 2-additive [balanced],market_loss_1d,0.05327681807042703,0.05327681807042703,0.2,False,0.6666666666666666,False,False,False,1.0,unchanged (below absolute correlation threshold),371,training only (frozen before validation refit),0.0,0.02731942015653446,0.02083570358497521
6,Choquistic 2-additive [balanced],negative_momentum_21d,0.06584988669987019,0.06584988669987019,0.2,False,0.0,False,False,False,1.0,unchanged (below absolute correlation threshold),371,training only (frozen before validation refit),0.0,-0.020992303717743757,-0.11337901059098295
6,Choquistic 2-additive [balanced],realized_volatility_20d,0.1583656839438654,0.1583656839438654,0.2,False,0.0,False,False,False,1.0,unchanged (below absolute correlation threshold),371,training only (frozen before validation refit),0.0,-0.046722954277903364,-0.08828135966883023
6,Choquistic 2-additive [balanced],term_spread_10y_2y_pct,-0.21584661220551457,0.21584661220551457,0.2,True,0.0,False,False,True,-1.0,multiplied by -1,371,training only (frozen before validation refit),0.0,0.05582469764958221,0.12772578898183182
6,Choquistic 2-additive [balanced],vix,0.04321546793628656,0.04321546793628656,0.2,False,0.3333333333333333,False,False,False,1.0,unchanged (below absolute correlation threshold),371,training only (frozen before validation refit),0.0,0.009648190828011419,-0.24442380138250913
6,Choquistic 2-additive [unweighted],average_equity_correlation_60d,0.18103116481855802,0.18103116481855802,0.2,False,0.3333333333333333,False,False,False,1.0,unchanged (below absolute correlation threshold),371,training only (frozen before validation refit),0.0,-0.0023087267957057176,0.06124852964884086
6,Choquistic 2-additive [unweighted],baa_credit_spread_pct,-0.09046719326393936,0.09046719326393936,0.2,False,0.6666666666666666,False,False,False,1.0,unchanged (below absolute correlation threshold),371,training only (frozen before validation refit),0.0,-0.1246043196056857,-0.23354209827656552
6,Choquistic 2-additive [unweighted],drawdown_severity,0.13782881829934027,0.13782881829934027,0.2,False,0.0,False,False,False,1.0,unchanged (below absolute correlation threshold),371,training only (frozen before validation refit),0.0,-0.026372167294188446,-0.08028797038085808
6,Choquistic 2-additive [unweighted],lagged_portfolio_loss_1d,-0.0028137597450046477,0.0028137597450046477,0.2,False,0.3333333333333333,False,False,False,1.0,unchanged (below absolute correlation threshold),371,training only (frozen before validation refit),0.0,0.025323385752676984,-0.05130994155393227
6,Choquistic 2-additive [unweighted],liquidity_stress_20d,-0.0009665966140465198,0.0009665966140465198,0.2,False,0.6666666666666666,False,False,False,1.0,unchanged (below absolute correlation threshold),371,training only (frozen before validation refit),0.0,-0.09196957958393696,-0.03268566337845831
6,Choquistic 2-additive [unweighted],market_loss_1d,0.05327681807042703,0.05327681807042703,0.2,False,0.6666666666666666,False,False,False,1.0,unchanged (below absolute correlation threshold),371,training only (frozen before validation refit),0.0,0.02731942015653446,0.02083570358497521
6,Choquistic 2-additive [unweighted],negative_momentum_21d,0.06584988669987019,0.06584988669987019,0.2,False,0.0,False,False,False,1.0,unchanged (below absolute correlation threshold),371,training only (frozen before validation refit),0.0,-0.020992303717743757,-0.11337901059098295
6,Choquistic 2-additive [unweighted],realized_volatility_20d,0.1583656839438654,0.1583656839438654,0.2,False,0.0,False,False,False,1.0,unchanged (below absolute correlation threshold),371,training only (frozen before validation refit),0.0,-0.046722954277903364,-0.08828135966883023
6,Choquistic 2-additive [unweighted],term_spread_10y_2y_pct,-0.21584661220551457,0.21584661220551457,0.2,True,0.0,False,False,True,-1.0,multiplied by -1,371,training only (frozen before validation refit),0.0,0.05582469764958221,0.12772578898183182
6,Choquistic 2-additive [unweighted],vix,0.04321546793628656,0.04321546793628656,0.2,False,0.3333333333333333,False,False,False,1.0,unchanged (below absolute correlation threshold),371,training only (frozen before validation refit),0.0,0.009648190828011419,-0.24442380138250913
6,Logistic oriented [balanced],average_equity_correlation_60d,0.18103116481855802,0.18103116481855802,0.2,False,0.3333333333333333,False,False,False,1.0,unchanged (below absolute correlation threshold),371,training only (frozen before validation refit),0.0,-0.0023087267957057176,0.06124852964884086
6,Logistic oriented [balanced],baa_credit_spread_pct,-0.09046719326393936,0.09046719326393936,0.2,False,0.6666666666666666,False,False,False,1.0,unchanged (below absolute correlation threshold),371,training only (frozen before validation refit),0.0,-0.1246043196056857,-0.23354209827656552
6,Logistic oriented [balanced],drawdown_severity,0.13782881829934027,0.13782881829934027,0.2,False,0.0,False,False,False,1.0,unchanged (below absolute correlation threshold),371,training only (frozen before validation refit),0.0,-0.026372167294188446,-0.08028797038085808
6,Logistic oriented [balanced],lagged_portfolio_loss_1d,-0.0028137597450046477,0.0028137597450046477,0.2,False,0.3333333333333333,False,False,False,1.0,unchanged (below absolute correlation threshold),371,training only (frozen before validation refit),0.0,0.025323385752676984,-0.05130994155393227
6,Logistic oriented [balanced],liquidity_stress_20d,-0.0009665966140465198,0.0009665966140465198,0.2,False,0.6666666666666666,False,False,False,1.0,unchanged (below absolute correlation threshold),371,training only (frozen before validation refit),0.0,-0.09196957958393696,-0.03268566337845831
6,Logistic oriented [balanced],market_loss_1d,0.05327681807042703,0.05327681807042703,0.2,False,0.6666666666666666,False,False,False,1.0,unchanged (below absolute correlation threshold),371,training only (frozen before validation refit),0.0,0.02731942015653446,0.02083570358497521
6,Logistic oriented [balanced],negative_momentum_21d,0.06584988669987019,0.06584988669987019,0.2,False,0.0,False,False,False,1.0,unchanged (below absolute correlation threshold),371,training only (frozen before validation refit),0.0,-0.020992303717743757,-0.11337901059098295
6,Logistic oriented [balanced],realized_volatility_20d,0.1583656839438654,0.1583656839438654,0.2,False,0.0,False,False,False,1.0,unchanged (below absolute correlation threshold),371,training only (frozen before validation refit),0.0,-0.046722954277903364,-0.08828135966883023
6,Logistic oriented [balanced],term_spread_10y_2y_pct,-0.21584661220551457,0.21584661220551457,0.2,True,0.0,False,False,True,-1.0,multiplied by -1,371,training only (frozen before validation refit),0.0,0.05582469764958221,0.12772578898183182
6,Logistic oriented [balanced],vix,0.04321546793628656,0.04321546793628656,0.2,False,0.3333333333333333,False,False,False,1.0,unchanged (below absolute correlation threshold),371,training only (frozen before validation refit),0.0,0.009648190828011419,-0.24442380138250913
6,Logistic oriented [unweighted],average_equity_correlation_60d,0.18103116481855802,0.18103116481855802,0.2,False,0.3333333333333333,False,False,False,1.0,unchanged (below absolute correlation threshold),371,training only (frozen before validation refit),0.0,-0.0023087267957057176,0.06124852964884086
6,Logistic oriented [unweighted],baa_credit_spread_pct,-0.09046719326393936,0.09046719326393936,0.2,False,0.6666666666666666,False,False,False,1.0,unchanged (below absolute correlation threshold),371,training only (frozen before validation refit),0.0,-0.1246043196056857,-0.23354209827656552
6,Logistic oriented [unweighted],drawdown_severity,0.13782881829934027,0.13782881829934027,0.2,False,0.0,False,False,False,1.0,unchanged (below absolute correlation threshold),371,training only (frozen before validation refit),0.0,-0.026372167294188446,-0.08028797038085808
6,Logistic oriented [unweighted],lagged_portfolio_loss_1d,-0.0028137597450046477,0.0028137597450046477,0.2,False,0.3333333333333333,False,False,False,1.0,unchanged (below absolute correlation threshold),371,training only (frozen before validation refit),0.0,0.025323385752676984,-0.05130994155393227
6,Logistic oriented [unweighted],liquidity_stress_20d,-0.0009665966140465198,0.0009665966140465198,0.2,False,0.6666666666666666,False,False,False,1.0,unchanged (below absolute correlation threshold),371,training only (frozen before validation refit),0.0,-0.09196957958393696,-0.03268566337845831
6,Logistic oriented [unweighted],market_loss_1d,0.05327681807042703,0.05327681807042703,0.2,False,0.6666666666666666,False,False,False,1.0,unchanged (below absolute correlation threshold),371,training only (frozen before validation refit),0.0,0.02731942015653446,0.02083570358497521
6,Logistic oriented [unweighted],negative_momentum_21d,0.06584988669987019,0.06584988669987019,0.2,False,0.0,False,False,False,1.0,unchanged (below absolute correlation threshold),371,training only (frozen before validation refit),0.0,-0.020992303717743757,-0.11337901059098295
6,Logistic oriented [unweighted],realized_volatility_20d,0.1583656839438654,0.1583656839438654,0.2,False,0.0,False,False,False,1.0,unchanged (below absolute correlation threshold),371,training only (frozen before validation refit),0.0,-0.046722954277903364,-0.08828135966883023
6,Logistic oriented [unweighted],term_spread_10y_2y_pct,-0.21584661220551457,0.21584661220551457,0.2,True,0.0,False,False,True,-1.0,multiplied by -1,371,training only (frozen before validation refit),0.0,0.05582469764958221,0.12772578898183182
6,Logistic oriented [unweighted],vix,0.04321546793628656,0.04321546793628656,0.2,False,0.3333333333333333,False,False,False,1.0,unchanged (below absolute correlation threshold),371,training only (frozen before validation refit),0.0,0.009648190828011419,-0.24442380138250913
